# HideBags backpack, generated by tools/make_bag.py
# units metres, right-handed, +Y up, -Z = front (flap side, away from the wearer's back)
# origin at the centre of the body's bounding box, CCW winding, normals outward
# 736 vertices, 801 uvs, 516 normals, 1452 triangles
o HideBag
v -0.12000 -0.18000 -0.04000
v -0.11951 -0.18000 -0.04309
v -0.11809 -0.18000 -0.04588
v -0.11588 -0.18000 -0.04809
v -0.11309 -0.18000 -0.04951
v -0.11000 -0.18000 -0.05000
v 0.11000 -0.18000 -0.05000
v 0.11309 -0.18000 -0.04951
v 0.11588 -0.18000 -0.04809
v 0.11809 -0.18000 -0.04588
v 0.11951 -0.18000 -0.04309
v 0.12000 -0.18000 -0.04000
v 0.12000 -0.18000 0.04600
v 0.11980 -0.18000 0.04724
v 0.11924 -0.18000 0.04835
v 0.11835 -0.18000 0.04924
v 0.11724 -0.18000 0.04980
v 0.11600 -0.18000 0.05000
v -0.11600 -0.18000 0.05000
v -0.11724 -0.18000 0.04980
v -0.11835 -0.18000 0.04924
v -0.11924 -0.18000 0.04835
v -0.11980 -0.18000 0.04724
v -0.12000 -0.18000 0.04600
v -0.13478 -0.17598 -0.03995
v -0.13355 -0.17598 -0.04767
v -0.13000 -0.17598 -0.05464
v -0.12447 -0.17598 -0.06017
v -0.11750 -0.17598 -0.06373
v -0.10978 -0.17598 -0.06495
v 0.10978 -0.17598 -0.06495
v 0.11750 -0.17598 -0.06373
v 0.12447 -0.17598 -0.06017
v 0.13000 -0.17598 -0.05464
v 0.13355 -0.17598 -0.04767
v 0.13478 -0.17598 -0.03995
v 0.13478 -0.17598 0.05795
v 0.13443 -0.17598 0.06011
v 0.13344 -0.17598 0.06206
v 0.13189 -0.17598 0.06361
v 0.12994 -0.17598 0.06461
v 0.12778 -0.17598 0.06495
v -0.12778 -0.17598 0.06495
v -0.12994 -0.17598 0.06461
v -0.13189 -0.17598 0.06361
v -0.13344 -0.17598 0.06206
v -0.13443 -0.17598 0.06011
v -0.13478 -0.17598 0.05795
v -0.14515 -0.16500 -0.03981
v -0.14339 -0.16500 -0.05093
v -0.13828 -0.16500 -0.06096
v -0.13032 -0.16500 -0.06892
v -0.12029 -0.16500 -0.07403
v -0.10917 -0.16500 -0.07579
v 0.10917 -0.16500 -0.07579
v 0.12029 -0.16500 -0.07403
v 0.13032 -0.16500 -0.06892
v 0.13828 -0.16500 -0.06096
v 0.14339 -0.16500 -0.05093
v 0.14515 -0.16500 -0.03981
v 0.14515 -0.16500 0.05781
v 0.14427 -0.16500 0.06336
v 0.14171 -0.16500 0.06838
v 0.13774 -0.16500 0.07235
v 0.13272 -0.16500 0.07491
v 0.12717 -0.16500 0.07579
v -0.12717 -0.16500 0.07579
v -0.13272 -0.16500 0.07491
v -0.13774 -0.16500 0.07235
v -0.14171 -0.16500 0.06838
v -0.14427 -0.16500 0.06336
v -0.14515 -0.16500 0.05781
v -0.14833 -0.15000 -0.03961
v -0.14638 -0.15000 -0.05197
v -0.14069 -0.15000 -0.06312
v -0.13184 -0.15000 -0.07197
v -0.12069 -0.15000 -0.07765
v -0.10833 -0.15000 -0.07961
v 0.10833 -0.15000 -0.07961
v 0.12069 -0.15000 -0.07765
v 0.13184 -0.15000 -0.07197
v 0.14069 -0.15000 -0.06312
v 0.14638 -0.15000 -0.05197
v 0.14833 -0.15000 -0.03961
v 0.14833 -0.15000 0.05761
v 0.14726 -0.15000 0.06441
v 0.14413 -0.15000 0.07054
v 0.13926 -0.15000 0.07541
v 0.13313 -0.15000 0.07853
v 0.12633 -0.15000 0.07961
v -0.12633 -0.15000 0.07961
v -0.13313 -0.15000 0.07853
v -0.13926 -0.15000 0.07541
v -0.14413 -0.15000 0.07054
v -0.14726 -0.15000 0.06441
v -0.14833 -0.15000 0.05761
v -0.14417 -0.07500 -0.03830
v -0.14221 -0.07500 -0.05066
v -0.13653 -0.07500 -0.06181
v -0.12768 -0.07500 -0.07066
v -0.11653 -0.07500 -0.07634
v -0.10417 -0.07500 -0.07830
v 0.10417 -0.07500 -0.07830
v 0.11653 -0.07500 -0.07634
v 0.12768 -0.07500 -0.07066
v 0.13653 -0.07500 -0.06181
v 0.14221 -0.07500 -0.05066
v 0.14417 -0.07500 -0.03830
v 0.14417 -0.07500 0.05630
v 0.14309 -0.07500 0.06310
v 0.13997 -0.07500 0.06923
v 0.13510 -0.07500 0.07410
v 0.12897 -0.07500 0.07722
v 0.12217 -0.07500 0.07830
v -0.12217 -0.07500 0.07830
v -0.12897 -0.07500 0.07722
v -0.13510 -0.07500 0.07410
v -0.13997 -0.07500 0.06923
v -0.14309 -0.07500 0.06310
v -0.14417 -0.07500 0.05630
v -0.14000 0.00000 -0.03600
v -0.13804 0.00000 -0.04836
v -0.13236 0.00000 -0.05951
v -0.12351 0.00000 -0.06836
v -0.11236 0.00000 -0.07404
v -0.10000 0.00000 -0.07600
v 0.10000 0.00000 -0.07600
v 0.11236 0.00000 -0.07404
v 0.12351 0.00000 -0.06836
v 0.13236 0.00000 -0.05951
v 0.13804 0.00000 -0.04836
v 0.14000 0.00000 -0.03600
v 0.14000 0.00000 0.05400
v 0.13892 0.00000 0.06080
v 0.13580 0.00000 0.06693
v 0.13093 0.00000 0.07180
v 0.12480 0.00000 0.07492
v 0.11800 0.00000 0.07600
v -0.11800 0.00000 0.07600
v -0.12480 0.00000 0.07492
v -0.13093 0.00000 0.07180
v -0.13580 0.00000 0.06693
v -0.13892 0.00000 0.06080
v -0.14000 0.00000 0.05400
v -0.13583 0.07500 -0.03246
v -0.13388 0.07500 -0.04482
v -0.12819 0.07500 -0.05597
v -0.11934 0.07500 -0.06482
v -0.10819 0.07500 -0.07051
v -0.09583 0.07500 -0.07246
v 0.09583 0.07500 -0.07246
v 0.10819 0.07500 -0.07051
v 0.11934 0.07500 -0.06482
v 0.12819 0.07500 -0.05597
v 0.13388 0.07500 -0.04482
v 0.13583 0.07500 -0.03246
v 0.13583 0.07500 0.05046
v 0.13476 0.07500 0.05726
v 0.13163 0.07500 0.06339
v 0.12676 0.07500 0.06826
v 0.12063 0.07500 0.07139
v 0.11383 0.07500 0.07246
v -0.11383 0.07500 0.07246
v -0.12063 0.07500 0.07139
v -0.12676 0.07500 0.06826
v -0.13163 0.07500 0.06339
v -0.13476 0.07500 0.05726
v -0.13583 0.07500 0.05046
v -0.13167 0.15000 -0.02794
v -0.12971 0.15000 -0.04030
v -0.12403 0.15000 -0.05145
v -0.11518 0.15000 -0.06030
v -0.10403 0.15000 -0.06599
v -0.09167 0.15000 -0.06794
v 0.09167 0.15000 -0.06794
v 0.10403 0.15000 -0.06599
v 0.11518 0.15000 -0.06030
v 0.12403 0.15000 -0.05145
v 0.12971 0.15000 -0.04030
v 0.13167 0.15000 -0.02794
v 0.13167 0.15000 0.04594
v 0.13059 0.15000 0.05274
v 0.12747 0.15000 0.05887
v 0.12260 0.15000 0.06374
v 0.11647 0.15000 0.06687
v 0.10967 0.15000 0.06794
v -0.10967 0.15000 0.06794
v -0.11647 0.15000 0.06687
v -0.12260 0.15000 0.06374
v -0.12747 0.15000 0.05887
v -0.13059 0.15000 0.05274
v -0.13167 0.15000 0.04594
v -0.12681 0.16500 -0.02697
v -0.12505 0.16500 -0.03809
v -0.11994 0.16500 -0.04812
v -0.11198 0.16500 -0.05608
v -0.10195 0.16500 -0.06119
v -0.09083 0.16500 -0.06296
v 0.09083 0.16500 -0.06296
v 0.10195 0.16500 -0.06119
v 0.11198 0.16500 -0.05608
v 0.11994 0.16500 -0.04812
v 0.12505 0.16500 -0.03809
v 0.12681 0.16500 -0.02697
v 0.12681 0.16500 0.04497
v 0.12593 0.16500 0.05053
v 0.12338 0.16500 0.05554
v 0.11940 0.16500 0.05952
v 0.11439 0.16500 0.06208
v 0.10883 0.16500 0.06296
v -0.10883 0.16500 0.06296
v -0.11439 0.16500 0.06208
v -0.11940 0.16500 0.05952
v -0.12338 0.16500 0.05554
v -0.12593 0.16500 0.05053
v -0.12681 0.16500 0.04497
v -0.11522 0.17598 -0.02626
v -0.11400 0.17598 -0.03399
v -0.11045 0.17598 -0.04096
v -0.10492 0.17598 -0.04649
v -0.09795 0.17598 -0.05004
v -0.09022 0.17598 -0.05126
v 0.09022 0.17598 -0.05126
v 0.09795 0.17598 -0.05004
v 0.10492 0.17598 -0.04649
v 0.11045 0.17598 -0.04096
v 0.11400 0.17598 -0.03399
v 0.11522 0.17598 -0.02626
v 0.11522 0.17598 0.04426
v 0.11488 0.17598 0.04642
v 0.11389 0.17598 0.04838
v 0.11234 0.17598 0.04992
v 0.11039 0.17598 0.05092
v 0.10822 0.17598 0.05126
v -0.10822 0.17598 0.05126
v -0.11039 0.17598 0.05092
v -0.11234 0.17598 0.04992
v -0.11389 0.17598 0.04838
v -0.11488 0.17598 0.04642
v -0.11522 0.17598 0.04426
v -0.10000 0.18000 -0.02600
v -0.09951 0.18000 -0.02909
v -0.09809 0.18000 -0.03188
v -0.09588 0.18000 -0.03409
v -0.09309 0.18000 -0.03551
v -0.09000 0.18000 -0.03600
v 0.09000 0.18000 -0.03600
v 0.09309 0.18000 -0.03551
v 0.09588 0.18000 -0.03409
v 0.09809 0.18000 -0.03188
v 0.09951 0.18000 -0.02909
v 0.10000 0.18000 -0.02600
v 0.10000 0.18000 0.03200
v 0.09980 0.18000 0.03324
v 0.09924 0.18000 0.03435
v 0.09835 0.18000 0.03524
v 0.09724 0.18000 0.03580
v 0.09600 0.18000 0.03600
v -0.09600 0.18000 0.03600
v -0.09724 0.18000 0.03580
v -0.09835 0.18000 0.03524
v -0.09924 0.18000 0.03435
v -0.09980 0.18000 0.03324
v -0.10000 0.18000 0.03200
v -0.00000 -0.18000 -0.00000
v -0.00000 0.18000 -0.00000
v 0.15000 0.19800 0.02500
v 0.10000 0.19800 0.02500
v 0.05000 0.19800 0.02500
v -0.00000 0.19800 0.02500
v -0.05000 0.19800 0.02500
v -0.10000 0.19800 0.02500
v -0.15000 0.19800 0.02500
v 0.15000 0.19800 -0.00550
v 0.10000 0.19800 -0.00550
v 0.05000 0.19800 -0.00550
v -0.00000 0.19800 -0.00550
v -0.05000 0.19800 -0.00550
v -0.10000 0.19800 -0.00550
v -0.15000 0.19800 -0.00550
v 0.15000 0.19800 -0.03600
v 0.10000 0.19800 -0.03600
v 0.05000 0.19800 -0.03600
v -0.00000 0.19800 -0.03600
v -0.05000 0.19800 -0.03600
v -0.10000 0.19800 -0.03600
v -0.15000 0.19800 -0.03600
v 0.15000 0.19654 -0.04775
v 0.10000 0.19654 -0.04775
v 0.05000 0.19654 -0.04775
v -0.00000 0.19654 -0.04775
v -0.05000 0.19654 -0.04775
v -0.10000 0.19654 -0.04775
v -0.15000 0.19654 -0.04775
v 0.15000 0.19225 -0.05878
v 0.10000 0.19225 -0.05878
v 0.05000 0.19225 -0.05878
v -0.00000 0.19225 -0.05878
v -0.05000 0.19225 -0.05878
v -0.10000 0.19225 -0.05878
v -0.15000 0.19225 -0.05878
v 0.15000 0.18539 -0.06843
v 0.10000 0.18539 -0.06843
v 0.05000 0.18539 -0.06843
v -0.00000 0.18539 -0.06843
v -0.05000 0.18539 -0.06843
v -0.10000 0.18539 -0.06843
v -0.15000 0.18539 -0.06843
v 0.15000 0.17638 -0.07610
v 0.10000 0.17638 -0.07610
v 0.05000 0.17638 -0.07610
v -0.00000 0.17638 -0.07610
v -0.05000 0.17638 -0.07610
v -0.10000 0.17638 -0.07610
v -0.15000 0.17638 -0.07610
v 0.15000 0.16576 -0.08134
v 0.10000 0.16576 -0.08134
v 0.05000 0.16576 -0.08134
v -0.00000 0.16576 -0.08134
v -0.05000 0.16576 -0.08134
v -0.10000 0.16576 -0.08134
v -0.15000 0.16576 -0.08134
v 0.15000 0.15418 -0.08382
v 0.10000 0.15418 -0.08382
v 0.05000 0.15418 -0.08382
v -0.00000 0.15418 -0.08382
v -0.05000 0.15418 -0.08382
v -0.10000 0.15418 -0.08382
v -0.15000 0.15418 -0.08382
v 0.15000 0.11296 -0.08742
v 0.10000 0.11296 -0.08742
v 0.05000 0.11296 -0.08742
v -0.00000 0.11296 -0.08742
v -0.05000 0.11296 -0.08742
v -0.10000 0.11296 -0.08742
v -0.15000 0.11296 -0.08742
v 0.15000 0.07174 -0.09103
v 0.10000 0.07174 -0.09103
v 0.05000 0.07174 -0.09103
v -0.00000 0.07174 -0.09103
v -0.05000 0.07174 -0.09103
v -0.10000 0.07174 -0.09103
v -0.15000 0.07174 -0.09103
v 0.15000 0.06539 -0.09159
v 0.10000 0.06539 -0.09159
v 0.05000 0.06539 -0.09159
v -0.00000 0.06539 -0.09159
v -0.05000 0.06539 -0.09159
v -0.10000 0.06539 -0.09159
v -0.15000 0.06539 -0.09159
v 0.14672 0.05065 -0.09287
v 0.09781 0.05065 -0.09287
v 0.04891 0.05065 -0.09287
v -0.00000 0.05065 -0.09287
v -0.04891 0.05065 -0.09287
v -0.09781 0.05065 -0.09287
v -0.14672 0.05065 -0.09287
v 0.13750 0.03868 -0.09392
v 0.09167 0.03868 -0.09392
v 0.04583 0.03868 -0.09392
v -0.00000 0.03868 -0.09392
v -0.04583 0.03868 -0.09392
v -0.09167 0.03868 -0.09392
v -0.13750 0.03868 -0.09392
v 0.12582 0.03223 -0.09449
v 0.08388 0.03223 -0.09449
v 0.04194 0.03223 -0.09449
v -0.00000 0.03223 -0.09449
v -0.04194 0.03223 -0.09449
v -0.08388 0.03223 -0.09449
v -0.12582 0.03223 -0.09449
v 0.11500 0.03052 -0.09464
v 0.07667 0.03052 -0.09464
v 0.03833 0.03052 -0.09464
v -0.00000 0.03052 -0.09464
v -0.03833 0.03052 -0.09464
v -0.07667 0.03052 -0.09464
v -0.11500 0.03052 -0.09464
v 0.15000 0.18600 0.02500
v 0.10000 0.18600 0.02500
v 0.05000 0.18600 0.02500
v -0.00000 0.18600 0.02500
v -0.05000 0.18600 0.02500
v -0.10000 0.18600 0.02500
v -0.15000 0.18600 0.02500
v 0.15000 0.18600 -0.00550
v 0.10000 0.18600 -0.00550
v 0.05000 0.18600 -0.00550
v -0.00000 0.18600 -0.00550
v -0.05000 0.18600 -0.00550
v -0.10000 0.18600 -0.00550
v -0.15000 0.18600 -0.00550
v 0.15000 0.18600 -0.03600
v 0.10000 0.18600 -0.03600
v 0.05000 0.18600 -0.03600
v -0.00000 0.18600 -0.03600
v -0.05000 0.18600 -0.03600
v -0.10000 0.18600 -0.03600
v -0.15000 0.18600 -0.03600
v 0.15000 0.18491 -0.04481
v 0.10000 0.18491 -0.04481
v 0.05000 0.18491 -0.04481
v -0.00000 0.18491 -0.04481
v -0.05000 0.18491 -0.04481
v -0.10000 0.18491 -0.04481
v -0.15000 0.18491 -0.04481
v 0.15000 0.18169 -0.05309
v 0.10000 0.18169 -0.05309
v 0.05000 0.18169 -0.05309
v -0.00000 0.18169 -0.05309
v -0.05000 0.18169 -0.05309
v -0.10000 0.18169 -0.05309
v -0.15000 0.18169 -0.05309
v 0.15000 0.17654 -0.06032
v 0.10000 0.17654 -0.06032
v 0.05000 0.17654 -0.06032
v -0.00000 0.17654 -0.06032
v -0.05000 0.17654 -0.06032
v -0.10000 0.17654 -0.06032
v -0.15000 0.17654 -0.06032
v 0.15000 0.16978 -0.06608
v 0.10000 0.16978 -0.06608
v 0.05000 0.16978 -0.06608
v -0.00000 0.16978 -0.06608
v -0.05000 0.16978 -0.06608
v -0.10000 0.16978 -0.06608
v -0.15000 0.16978 -0.06608
v 0.15000 0.16182 -0.07000
v 0.10000 0.16182 -0.07000
v 0.05000 0.16182 -0.07000
v -0.00000 0.16182 -0.07000
v -0.05000 0.16182 -0.07000
v -0.10000 0.16182 -0.07000
v -0.15000 0.16182 -0.07000
v 0.15000 0.15314 -0.07186
v 0.10000 0.15314 -0.07186
v 0.05000 0.15314 -0.07186
v -0.00000 0.15314 -0.07186
v -0.05000 0.15314 -0.07186
v -0.10000 0.15314 -0.07186
v -0.15000 0.15314 -0.07186
v 0.15000 0.11192 -0.07547
v 0.10000 0.11192 -0.07547
v 0.05000 0.11192 -0.07547
v -0.00000 0.11192 -0.07547
v -0.05000 0.11192 -0.07547
v -0.10000 0.11192 -0.07547
v -0.15000 0.11192 -0.07547
v 0.15000 0.07070 -0.07908
v 0.10000 0.07070 -0.07908
v 0.05000 0.07070 -0.07908
v -0.00000 0.07070 -0.07908
v -0.05000 0.07070 -0.07908
v -0.10000 0.07070 -0.07908
v -0.15000 0.07070 -0.07908
v 0.15000 0.06434 -0.07963
v 0.10000 0.06434 -0.07963
v 0.05000 0.06434 -0.07963
v -0.00000 0.06434 -0.07963
v -0.05000 0.06434 -0.07963
v -0.10000 0.06434 -0.07963
v -0.15000 0.06434 -0.07963
v 0.14672 0.04961 -0.08092
v 0.09781 0.04961 -0.08092
v 0.04891 0.04961 -0.08092
v -0.00000 0.04961 -0.08092
v -0.04891 0.04961 -0.08092
v -0.09781 0.04961 -0.08092
v -0.14672 0.04961 -0.08092
v 0.13750 0.03763 -0.08197
v 0.09167 0.03763 -0.08197
v 0.04583 0.03763 -0.08197
v -0.00000 0.03763 -0.08197
v -0.04583 0.03763 -0.08197
v -0.09167 0.03763 -0.08197
v -0.13750 0.03763 -0.08197
v 0.12582 0.03118 -0.08253
v 0.08388 0.03118 -0.08253
v 0.04194 0.03118 -0.08253
v -0.00000 0.03118 -0.08253
v -0.04194 0.03118 -0.08253
v -0.08388 0.03118 -0.08253
v -0.12582 0.03118 -0.08253
v 0.11500 0.02948 -0.08268
v 0.07667 0.02948 -0.08268
v 0.03833 0.02948 -0.08268
v -0.00000 0.02948 -0.08268
v -0.03833 0.02948 -0.08268
v -0.07667 0.02948 -0.08268
v -0.11500 0.02948 -0.08268
v 0.14934 0.22236 0.01200
v 0.14934 0.22110 0.00732
v 0.14934 0.21768 0.00390
v 0.14934 0.21300 0.00264
v 0.14934 0.20832 0.00390
v 0.14934 0.20490 0.00732
v 0.14934 0.20364 0.01200
v 0.14934 0.20490 0.01668
v 0.14934 0.20832 0.02010
v 0.14934 0.21300 0.02136
v 0.14934 0.21768 0.02010
v 0.14934 0.22110 0.01668
v 0.14598 0.23550 0.01200
v 0.14598 0.23249 0.00075
v 0.14598 0.22425 -0.00749
v 0.14598 0.21300 -0.01050
v 0.14598 0.20175 -0.00749
v 0.14598 0.19351 0.00075
v 0.14598 0.19050 0.01200
v 0.14598 0.19351 0.02325
v 0.14598 0.20175 0.03149
v 0.14598 0.21300 0.03450
v 0.14598 0.22425 0.03149
v 0.14598 0.23249 0.02325
v 0.13721 0.24986 0.01200
v 0.13721 0.24492 -0.00643
v 0.13721 0.23143 -0.01992
v 0.13721 0.21300 -0.02486
v 0.13721 0.19457 -0.01992
v 0.13721 0.18108 -0.00643
v 0.13721 0.17614 0.01200
v 0.13721 0.18108 0.03043
v 0.13721 0.19457 0.04392
v 0.13721 0.21300 0.04886
v 0.13721 0.23143 0.04392
v 0.13721 0.24492 0.03043
v 0.12000 0.25800 0.01200
v 0.12000 0.25197 -0.01050
v 0.12000 0.23550 -0.02697
v 0.12000 0.21300 -0.03300
v 0.12000 0.19050 -0.02697
v 0.12000 0.17403 -0.01050
v 0.12000 0.16800 0.01200
v 0.12000 0.17403 0.03450
v 0.12000 0.19050 0.05097
v 0.12000 0.21300 0.05700
v 0.12000 0.23550 0.05097
v 0.12000 0.25197 0.03450
v 0.10000 0.25800 0.01200
v 0.10000 0.25197 -0.01050
v 0.10000 0.23550 -0.02697
v 0.10000 0.21300 -0.03300
v 0.10000 0.19050 -0.02697
v 0.10000 0.17403 -0.01050
v 0.10000 0.16800 0.01200
v 0.10000 0.17403 0.03450
v 0.10000 0.19050 0.05097
v 0.10000 0.21300 0.05700
v 0.10000 0.23550 0.05097
v 0.10000 0.25197 0.03450
v 0.08700 0.25793 0.01200
v 0.08700 0.25191 -0.01046
v 0.08700 0.23546 -0.02691
v 0.08700 0.21300 -0.03293
v 0.08700 0.19054 -0.02691
v 0.08700 0.17409 -0.01046
v 0.08700 0.16807 0.01200
v 0.08700 0.17409 0.03446
v 0.08700 0.19054 0.05091
v 0.08700 0.21300 0.05693
v 0.08700 0.23546 0.05091
v 0.08700 0.25191 0.03446
v 0.07500 0.25300 0.01200
v 0.07500 0.24764 -0.00800
v 0.07500 0.23300 -0.02264
v 0.07500 0.21300 -0.02800
v 0.07500 0.19300 -0.02264
v 0.07500 0.17836 -0.00800
v 0.07500 0.17300 0.01200
v 0.07500 0.17836 0.03200
v 0.07500 0.19300 0.04664
v 0.07500 0.21300 0.05200
v 0.07500 0.23300 0.04664
v 0.07500 0.24764 0.03200
v 0.06300 0.25793 0.01200
v 0.06300 0.25191 -0.01046
v 0.06300 0.23546 -0.02691
v 0.06300 0.21300 -0.03293
v 0.06300 0.19054 -0.02691
v 0.06300 0.17409 -0.01046
v 0.06300 0.16807 0.01200
v 0.06300 0.17409 0.03446
v 0.06300 0.19054 0.05091
v 0.06300 0.21300 0.05693
v 0.06300 0.23546 0.05091
v 0.06300 0.25191 0.03446
v 0.05000 0.25800 0.01200
v 0.05000 0.25197 -0.01050
v 0.05000 0.23550 -0.02697
v 0.05000 0.21300 -0.03300
v 0.05000 0.19050 -0.02697
v 0.05000 0.17403 -0.01050
v 0.05000 0.16800 0.01200
v 0.05000 0.17403 0.03450
v 0.05000 0.19050 0.05097
v 0.05000 0.21300 0.05700
v 0.05000 0.23550 0.05097
v 0.05000 0.25197 0.03450
v -0.00000 0.25800 0.01200
v -0.00000 0.25197 -0.01050
v -0.00000 0.23550 -0.02697
v -0.00000 0.21300 -0.03300
v -0.00000 0.19050 -0.02697
v -0.00000 0.17403 -0.01050
v -0.00000 0.16800 0.01200
v -0.00000 0.17403 0.03450
v -0.00000 0.19050 0.05097
v -0.00000 0.21300 0.05700
v -0.00000 0.23550 0.05097
v -0.00000 0.25197 0.03450
v -0.05000 0.25800 0.01200
v -0.05000 0.25197 -0.01050
v -0.05000 0.23550 -0.02697
v -0.05000 0.21300 -0.03300
v -0.05000 0.19050 -0.02697
v -0.05000 0.17403 -0.01050
v -0.05000 0.16800 0.01200
v -0.05000 0.17403 0.03450
v -0.05000 0.19050 0.05097
v -0.05000 0.21300 0.05700
v -0.05000 0.23550 0.05097
v -0.05000 0.25197 0.03450
v -0.06300 0.25793 0.01200
v -0.06300 0.25191 -0.01046
v -0.06300 0.23546 -0.02691
v -0.06300 0.21300 -0.03293
v -0.06300 0.19054 -0.02691
v -0.06300 0.17409 -0.01046
v -0.06300 0.16807 0.01200
v -0.06300 0.17409 0.03446
v -0.06300 0.19054 0.05091
v -0.06300 0.21300 0.05693
v -0.06300 0.23546 0.05091
v -0.06300 0.25191 0.03446
v -0.07500 0.25300 0.01200
v -0.07500 0.24764 -0.00800
v -0.07500 0.23300 -0.02264
v -0.07500 0.21300 -0.02800
v -0.07500 0.19300 -0.02264
v -0.07500 0.17836 -0.00800
v -0.07500 0.17300 0.01200
v -0.07500 0.17836 0.03200
v -0.07500 0.19300 0.04664
v -0.07500 0.21300 0.05200
v -0.07500 0.23300 0.04664
v -0.07500 0.24764 0.03200
v -0.08700 0.25793 0.01200
v -0.08700 0.25191 -0.01046
v -0.08700 0.23546 -0.02691
v -0.08700 0.21300 -0.03293
v -0.08700 0.19054 -0.02691
v -0.08700 0.17409 -0.01046
v -0.08700 0.16807 0.01200
v -0.08700 0.17409 0.03446
v -0.08700 0.19054 0.05091
v -0.08700 0.21300 0.05693
v -0.08700 0.23546 0.05091
v -0.08700 0.25191 0.03446
v -0.10000 0.25800 0.01200
v -0.10000 0.25197 -0.01050
v -0.10000 0.23550 -0.02697
v -0.10000 0.21300 -0.03300
v -0.10000 0.19050 -0.02697
v -0.10000 0.17403 -0.01050
v -0.10000 0.16800 0.01200
v -0.10000 0.17403 0.03450
v -0.10000 0.19050 0.05097
v -0.10000 0.21300 0.05700
v -0.10000 0.23550 0.05097
v -0.10000 0.25197 0.03450
v -0.12000 0.25800 0.01200
v -0.12000 0.25197 -0.01050
v -0.12000 0.23550 -0.02697
v -0.12000 0.21300 -0.03300
v -0.12000 0.19050 -0.02697
v -0.12000 0.17403 -0.01050
v -0.12000 0.16800 0.01200
v -0.12000 0.17403 0.03450
v -0.12000 0.19050 0.05097
v -0.12000 0.21300 0.05700
v -0.12000 0.23550 0.05097
v -0.12000 0.25197 0.03450
v -0.13721 0.24986 0.01200
v -0.13721 0.24492 -0.00643
v -0.13721 0.23143 -0.01992
v -0.13721 0.21300 -0.02486
v -0.13721 0.19457 -0.01992
v -0.13721 0.18108 -0.00643
v -0.13721 0.17614 0.01200
v -0.13721 0.18108 0.03043
v -0.13721 0.19457 0.04392
v -0.13721 0.21300 0.04886
v -0.13721 0.23143 0.04392
v -0.13721 0.24492 0.03043
v -0.14598 0.23550 0.01200
v -0.14598 0.23249 0.00075
v -0.14598 0.22425 -0.00749
v -0.14598 0.21300 -0.01050
v -0.14598 0.20175 -0.00749
v -0.14598 0.19351 0.00075
v -0.14598 0.19050 0.01200
v -0.14598 0.19351 0.02325
v -0.14598 0.20175 0.03149
v -0.14598 0.21300 0.03450
v -0.14598 0.22425 0.03149
v -0.14598 0.23249 0.02325
v -0.14934 0.22236 0.01200
v -0.14934 0.22110 0.00732
v -0.14934 0.21768 0.00390
v -0.14934 0.21300 0.00264
v -0.14934 0.20832 0.00390
v -0.14934 0.20490 0.00732
v -0.14934 0.20364 0.01200
v -0.14934 0.20490 0.01668
v -0.14934 0.20832 0.02010
v -0.14934 0.21300 0.02136
v -0.14934 0.21768 0.02010
v -0.14934 0.22110 0.01668
v 0.15000 0.21300 0.01200
v -0.15000 0.21300 0.01200
v 0.01800 0.04986 -0.09094
v 0.01800 0.05073 -0.10090
v 0.01800 0.12955 -0.08396
v 0.01800 0.13043 -0.09393
v -0.01800 0.04986 -0.09094
v -0.01800 0.05073 -0.10090
v -0.01800 0.12955 -0.08396
v -0.01800 0.13043 -0.09393
v 0.02500 0.05484 -0.09050
v 0.02500 0.05606 -0.10445
v 0.02500 0.07476 -0.08876
v 0.02500 0.07598 -0.10270
v -0.02500 0.05484 -0.09050
v -0.02500 0.05606 -0.10445
v -0.02500 0.07476 -0.08876
v -0.02500 0.07598 -0.10270
vt 0.00000 0.08224
vt 0.00000 0.10075
vt 0.00000 0.10426
vt 0.00000 0.11727
vt 0.00000 0.12945
vt 0.00000 0.13616
vt 0.00000 0.15627
vt 0.00000 0.22591
vt 0.00000 0.29554
vt 0.00000 0.53895
vt 0.00000 0.55786
vt 0.00000 0.56025
vt 0.00000 0.57237
vt 0.00000 0.57476
vt 0.00000 0.66648
vt 0.00000 0.66887
vt 0.00000 0.76059
vt 0.00000 0.76298
vt 0.00000 0.78041
vt 0.00000 0.78940
vt 0.00000 0.79859
vt 0.00000 0.81364
vt 0.00000 0.81402
vt 0.00000 0.83422
vt 0.00000 0.83562
vt 0.00000 0.86301
vt 0.00398 0.58444
vt 0.00749 0.52422
vt 0.00749 0.52661
vt 0.00810 0.52678
vt 0.01309 0.38313
vt 0.01510 0.12219
vt 0.01892 0.39458
vt 0.02402 0.70873
vt 0.02403 0.49927
vt 0.02451 0.06849
vt 0.02642 0.52661
vt 0.02677 0.03425
vt 0.02677 0.09929
vt 0.02800 0.03425
vt 0.02800 0.40366
vt 0.02854 0.02403
vt 0.02854 0.05132
vt 0.02854 0.49688
vt 0.02854 0.49927
vt 0.02921 0.22378
vt 0.02921 0.26586
vt 0.02921 0.30794
vt 0.02921 0.33875
vt 0.02921 0.82438
vt 0.02921 0.85518
vt 0.02921 0.89726
vt 0.02921 0.93934
vt 0.02921 0.97014
vt 0.02937 0.56025
vt 0.03063 0.57476
vt 0.03076 0.23973
vt 0.03085 0.52479
vt 0.03184 0.53616
vt 0.03402 0.23973
vt 0.03476 0.14726
vt 0.03476 0.37077
vt 0.03554 0.37571
vt 0.03582 0.58165
vt 0.03755 0.12962
vt 0.03781 0.38016
vt 0.03851 0.06849
vt 0.03887 0.66887
vt 0.03945 0.03425
vt 0.03945 0.40949
vt 0.04027 0.41096
vt 0.04134 0.38370
vt 0.04145 0.06849
vt 0.04354 0.41096
vt 0.04494 0.03425
vt 0.04494 0.08112
vt 0.04566 0.11371
vt 0.04580 0.00918
vt 0.04580 0.38597
vt 0.04677 0.70674
vt 0.04710 0.76298
vt 0.04803 0.23973
vt 0.04979 0.58219
vt 0.05074 0.00918
vt 0.05074 0.38675
vt 0.05096 0.23973
vt 0.05132 0.49688
vt 0.05213 0.03425
vt 0.05276 0.78940
vt 0.05294 0.17688
vt 0.05294 0.34115
vt 0.05305 0.58219
vt 0.05372 0.52422
vt 0.05403 0.06849
vt 0.05495 0.35383
vt 0.05522 0.02274
vt 0.05522 0.05004
vt 0.05522 0.48215
vt 0.05522 0.48454
vt 0.05666 0.55786
vt 0.05696 0.15149
vt 0.05754 0.41096
vt 0.05793 0.57237
vt 0.05828 0.10108
vt 0.05930 0.75342
vt 0.06048 0.41096
vt 0.06078 0.36528
vt 0.06256 0.75342
vt 0.06355 0.23973
vt 0.06471 0.81364
vt 0.06616 0.66648
vt 0.06691 0.06849
vt 0.06705 0.58219
vt 0.06784 0.03425
vt 0.06784 0.06945
vt 0.06849 0.14714
vt 0.06849 0.17689
vt 0.06849 0.21449
vt 0.06849 0.26586
vt 0.06849 0.31723
vt 0.06849 0.34349
vt 0.06849 0.35484
vt 0.06849 0.84589
vt 0.06849 0.89726
vt 0.06849 0.94863
vt 0.06849 0.98624
vt 0.06862 0.12859
vt 0.06894 0.34631
vt 0.06961 0.14009
vt 0.06986 0.37436
vt 0.06986 0.78767
vt 0.06999 0.58219
vt 0.07024 0.34886
vt 0.07226 0.35088
vt 0.07285 0.13372
vt 0.07306 0.41096
vt 0.07415 0.06849
vt 0.07420 0.00918
vt 0.07420 0.09297
vt 0.07439 0.76059
vt 0.07480 0.35217
vt 0.07642 0.23973
vt 0.07656 0.75342
vt 0.07715 0.23973
vt 0.07763 0.35262
vt 0.07790 0.12867
vt 0.07864 0.78041
vt 0.07940 0.17851
vt 0.07940 0.33952
vt 0.07950 0.75342
vt 0.07991 0.02240
vt 0.07991 0.04969
vt 0.07991 0.47826
vt 0.07991 0.48065
vt 0.08018 0.34446
vt 0.08130 0.38019
vt 0.08130 0.78767
vt 0.08219 0.16087
vt 0.08224 0.83422
vt 0.08239 0.41096
vt 0.08245 0.34891
vt 0.08257 0.58219
vt 0.08427 0.12543
vt 0.08593 0.41096
vt 0.08599 0.35245
vt 0.08680 0.11042
vt 0.08680 0.78767
vt 0.08760 0.79859
vt 0.09030 0.14496
vt 0.09044 0.35472
vt 0.09132 0.12431
vt 0.09183 0.00918
vt 0.09183 0.09018
vt 0.09209 0.75342
vt 0.09323 0.03425
vt 0.09399 0.38220
vt 0.09399 0.78767
vt 0.09435 0.06849
vt 0.09513 0.06849
vt 0.09538 0.35550
vt 0.09545 0.58219
vt 0.09735 0.23973
vt 0.09929 0.03425
vt 0.10075 0.81402
vt 0.10259 0.41096
vt 0.10293 0.13233
vt 0.10426 0.84989
vt 0.10464 0.23973
vt 0.10496 0.75342
vt 0.10970 0.09875
vt 0.10970 0.78767
vt 0.11042 0.78767
vt 0.11067 0.58219
vt 0.11416 0.08224
vt 0.11416 0.10075
vt 0.11416 0.10426
vt 0.11416 0.11727
vt 0.11416 0.12945
vt 0.11416 0.13616
vt 0.11416 0.15627
vt 0.11416 0.17689
vt 0.11416 0.17910
vt 0.11416 0.21449
vt 0.11416 0.22591
vt 0.11416 0.26586
vt 0.11416 0.29554
vt 0.11416 0.31153
vt 0.11416 0.31723
vt 0.11416 0.35484
vt 0.11416 0.41096
vt 0.11416 0.55786
vt 0.11416 0.56025
vt 0.11416 0.57237
vt 0.11416 0.57476
vt 0.11416 0.66648
vt 0.11416 0.66887
vt 0.11416 0.76059
vt 0.11416 0.76298
vt 0.11416 0.78041
vt 0.11416 0.78940
vt 0.11416 0.79859
vt 0.11416 0.81364
vt 0.11416 0.81402
vt 0.11416 0.83422
vt 0.11416 0.83562
vt 0.11416 0.84589
vt 0.11416 0.86301
vt 0.11416 0.89726
vt 0.11416 0.94863
vt 0.11416 0.98624
vt 0.11460 0.31435
vt 0.11527 0.17205
vt 0.11590 0.31689
vt 0.11727 0.82577
vt 0.11792 0.31891
vt 0.11852 0.16569
vt 0.11884 0.12422
vt 0.11915 0.52422
vt 0.11915 0.52661
vt 0.11981 0.06849
vt 0.12047 0.32021
vt 0.12099 0.75342
vt 0.12219 0.03425
vt 0.12281 0.23973
vt 0.12329 0.32066
vt 0.12357 0.16063
vt 0.12367 0.58219
vt 0.12805 0.41096
vt 0.12859 0.78767
vt 0.12945 0.85968
vt 0.12962 0.00918
vt 0.12993 0.15739
vt 0.13318 0.49688
vt 0.13318 0.49927
vt 0.13318 0.75342
vt 0.13508 0.09473
vt 0.13508 0.78767
vt 0.13613 0.58219
vt 0.13616 0.83312
vt 0.13648 0.12143
vt 0.13699 0.15627
vt 0.14384 0.17703
vt 0.14384 0.21458
vt 0.14384 0.26586
vt 0.14384 0.31715
vt 0.14384 0.35469
vt 0.14384 0.80843
vt 0.14384 0.84597
vt 0.14384 0.89726
vt 0.14384 0.94855
vt 0.14384 0.98609
vt 0.14645 0.75342
vt 0.14726 0.00918
vt 0.14758 0.03425
vt 0.14803 0.06849
vt 0.15097 0.48215
vt 0.15097 0.48454
vt 0.15103 0.23973
vt 0.15149 0.78767
vt 0.15627 0.41096
vt 0.15627 0.83562
vt 0.15627 0.86301
vt 0.16435 0.58219
vt 0.16743 0.02240
vt 0.16743 0.04969
vt 0.16743 0.47826
vt 0.16743 0.48065
vt 0.17123 0.18677
vt 0.17123 0.22020
vt 0.17123 0.26586
vt 0.17123 0.31153
vt 0.17123 0.34495
vt 0.17123 0.81817
vt 0.17123 0.85160
vt 0.17123 0.89726
vt 0.17123 0.94292
vt 0.17123 0.97635
vt 0.17467 0.75342
vt 0.17688 0.78767
vt 0.18170 0.89726
vt 0.19298 0.85518
vt 0.19298 0.93934
vt 0.19863 0.17703
vt 0.19863 0.21458
vt 0.19863 0.26586
vt 0.19863 0.31715
vt 0.19863 0.35469
vt 0.19863 0.84597
vt 0.19863 0.89726
vt 0.19863 0.94855
vt 0.19863 0.98609
vt 0.21449 0.89726
vt 0.22138 0.87158
vt 0.22138 0.92295
vt 0.22378 0.82438
vt 0.22378 0.97014
vt 0.22591 0.83562
vt 0.22591 0.86301
vt 0.22831 0.08224
vt 0.22831 0.10075
vt 0.22831 0.10426
vt 0.22831 0.11727
vt 0.22831 0.12945
vt 0.22831 0.13616
vt 0.22831 0.15627
vt 0.22831 0.17689
vt 0.22831 0.21449
vt 0.22831 0.22591
vt 0.22831 0.26586
vt 0.22831 0.29554
vt 0.22831 0.31723
vt 0.22831 0.35484
vt 0.22831 0.55786
vt 0.22831 0.56025
vt 0.22831 0.57237
vt 0.22831 0.57476
vt 0.22831 0.66648
vt 0.22831 0.66887
vt 0.22831 0.76059
vt 0.22831 0.76298
vt 0.22831 0.78041
vt 0.22831 0.78940
vt 0.22831 0.79859
vt 0.22831 0.81364
vt 0.22831 0.81402
vt 0.22831 0.83422
vt 0.22831 0.83562
vt 0.22831 0.84589
vt 0.22831 0.86301
vt 0.22831 0.89726
vt 0.22831 0.94863
vt 0.22831 0.98624
vt 0.23081 0.52422
vt 0.23081 0.52661
vt 0.23783 0.49688
vt 0.23783 0.49927
vt 0.24018 0.85277
vt 0.24018 0.94175
vt 0.24450 0.89726
vt 0.24672 0.48215
vt 0.24672 0.48454
vt 0.24736 0.88658
vt 0.24736 0.90794
vt 0.25495 0.02240
vt 0.25495 0.04969
vt 0.25495 0.47826
vt 0.25495 0.48065
vt 0.25518 0.87876
vt 0.25518 0.91576
vt 0.26586 0.81310
vt 0.26586 0.84589
vt 0.26586 0.87590
vt 0.26586 0.89726
vt 0.26586 0.91862
vt 0.26586 0.94863
vt 0.26586 0.98142
vt 0.27654 0.87876
vt 0.27654 0.91576
vt 0.28436 0.88658
vt 0.28436 0.90794
vt 0.28539 0.00000
vt 0.28539 0.00398
vt 0.28539 0.03184
vt 0.28539 0.03582
vt 0.28539 0.53616
vt 0.28539 0.53895
vt 0.28539 0.58165
vt 0.28539 0.58444
vt 0.28722 0.89726
vt 0.29155 0.85277
vt 0.29155 0.94175
vt 0.29554 0.83562
vt 0.29554 0.86301
vt 0.30137 0.00810
vt 0.30137 0.02402
vt 0.30137 0.03085
vt 0.30137 0.04677
vt 0.30137 0.52479
vt 0.30137 0.52678
vt 0.30137 0.70674
vt 0.30137 0.70873
vt 0.30794 0.82438
vt 0.30794 0.97014
vt 0.31035 0.87158
vt 0.31035 0.92295
vt 0.31723 0.89726
vt 0.33875 0.85518
vt 0.33875 0.93934
vt 0.34115 0.78767
vt 0.34247 0.02240
vt 0.34247 0.04969
vt 0.34247 0.08224
vt 0.34247 0.10075
vt 0.34247 0.10426
vt 0.34247 0.11727
vt 0.34247 0.12945
vt 0.34247 0.13616
vt 0.34247 0.15627
vt 0.34247 0.17689
vt 0.34247 0.21449
vt 0.34247 0.22591
vt 0.34247 0.23847
vt 0.34247 0.26586
vt 0.34247 0.29554
vt 0.34247 0.31723
vt 0.34247 0.35484
vt 0.34247 0.47826
vt 0.34247 0.48065
vt 0.34247 0.48215
vt 0.34247 0.48454
vt 0.34247 0.49688
vt 0.34247 0.49927
vt 0.34247 0.52422
vt 0.34247 0.52661
vt 0.34247 0.55786
vt 0.34247 0.56025
vt 0.34247 0.57237
vt 0.34247 0.57476
vt 0.34247 0.66648
vt 0.34247 0.66887
vt 0.34247 0.76059
vt 0.34247 0.76298
vt 0.34247 0.78041
vt 0.34247 0.78940
vt 0.34247 0.79859
vt 0.34247 0.81364
vt 0.34247 0.81402
vt 0.34247 0.83422
vt 0.34247 0.83562
vt 0.34247 0.84589
vt 0.34247 0.86301
vt 0.34247 0.89726
vt 0.34247 0.94863
vt 0.34247 0.98624
vt 0.34336 0.75342
vt 0.35002 0.89726
vt 0.35368 0.58219
vt 0.35383 0.78767
vt 0.35888 0.75342
vt 0.36175 0.41096
vt 0.36528 0.78767
vt 0.36700 0.23973
vt 0.36920 0.58219
vt 0.36999 0.06849
vt 0.37045 0.03425
vt 0.37077 0.00918
vt 0.37288 0.75342
vt 0.37436 0.78767
vt 0.37571 0.00918
vt 0.37727 0.41096
vt 0.38252 0.23973
vt 0.38313 0.03425
vt 0.38320 0.58219
vt 0.38356 0.00810
vt 0.38356 0.02402
vt 0.38356 0.03085
vt 0.38356 0.04677
vt 0.38356 0.52479
vt 0.38356 0.52678
vt 0.38356 0.70674
vt 0.38356 0.70873
vt 0.38399 0.75342
vt 0.38552 0.06849
vt 0.39128 0.41096
vt 0.39431 0.58219
vt 0.39458 0.03425
vt 0.39652 0.23973
vt 0.39952 0.06849
vt 0.39954 0.00000
vt 0.39954 0.00398
vt 0.39954 0.03184
vt 0.39954 0.03582
vt 0.39954 0.53616
vt 0.39954 0.53895
vt 0.39954 0.58165
vt 0.39954 0.58444
vt 0.40239 0.41096
vt 0.40366 0.03425
vt 0.40763 0.23973
vt 0.41063 0.06849
vt 0.42998 0.02240
vt 0.42998 0.04969
vt 0.42998 0.47826
vt 0.42998 0.48065
vt 0.43822 0.48215
vt 0.43822 0.48454
vt 0.44711 0.49688
vt 0.44711 0.49927
vt 0.45413 0.52422
vt 0.45413 0.52661
vt 0.45662 0.08224
vt 0.45662 0.10075
vt 0.45662 0.10426
vt 0.45662 0.11727
vt 0.45662 0.12945
vt 0.45662 0.13616
vt 0.45662 0.15627
vt 0.45662 0.17689
vt 0.45662 0.21449
vt 0.45662 0.22591
vt 0.45662 0.26586
vt 0.45662 0.29554
vt 0.45662 0.31723
vt 0.45662 0.35484
vt 0.45662 0.55786
vt 0.45662 0.56025
vt 0.45662 0.57237
vt 0.45662 0.57476
vt 0.45662 0.66648
vt 0.45662 0.66887
vt 0.45662 0.76059
vt 0.45662 0.76298
vt 0.45662 0.78041
vt 0.45662 0.78940
vt 0.45662 0.79859
vt 0.45662 0.81364
vt 0.45662 0.81402
vt 0.45662 0.83422
vt 0.45662 0.83562
vt 0.45662 0.84589
vt 0.45662 0.86301
vt 0.45662 0.89726
vt 0.45662 0.94863
vt 0.45662 0.98624
vt 0.48630 0.17703
vt 0.48630 0.21458
vt 0.48630 0.26586
vt 0.48630 0.31715
vt 0.48630 0.35469
vt 0.48630 0.80843
vt 0.48630 0.84597
vt 0.48630 0.89726
vt 0.48630 0.94855
vt 0.48630 0.98609
vt 0.51370 0.18677
vt 0.51370 0.22020
vt 0.51370 0.26586
vt 0.51370 0.31153
vt 0.51370 0.34495
vt 0.51370 0.81817
vt 0.51370 0.85160
vt 0.51370 0.89726
vt 0.51370 0.94292
vt 0.51370 0.97635
vt 0.51750 0.02240
vt 0.51750 0.04969
vt 0.51750 0.47826
vt 0.51750 0.48065
vt 0.53397 0.48215
vt 0.53397 0.48454
vt 0.54110 0.17703
vt 0.54110 0.21458
vt 0.54110 0.26586
vt 0.54110 0.31715
vt 0.54110 0.35469
vt 0.54110 0.84597
vt 0.54110 0.89726
vt 0.54110 0.94855
vt 0.54110 0.98609
vt 0.54795 0.15627
vt 0.54846 0.12143
vt 0.54985 0.09473
vt 0.54985 0.78767
vt 0.55175 0.49688
vt 0.55175 0.49927
vt 0.55175 0.75342
vt 0.55500 0.15739
vt 0.56126 0.58219
vt 0.56136 0.16063
vt 0.56164 0.32066
vt 0.56447 0.32021
vt 0.56579 0.52422
vt 0.56579 0.52661
vt 0.56609 0.12422
vt 0.56642 0.16569
vt 0.56701 0.31891
vt 0.56903 0.31689
vt 0.56966 0.17205
vt 0.57033 0.31435
vt 0.57078 0.08224
vt 0.57078 0.10075
vt 0.57078 0.10426
vt 0.57078 0.11727
vt 0.57078 0.12945
vt 0.57078 0.13616
vt 0.57078 0.15627
vt 0.57078 0.17689
vt 0.57078 0.17910
vt 0.57078 0.21449
vt 0.57078 0.22591
vt 0.57078 0.26586
vt 0.57078 0.29554
vt 0.57078 0.31153
vt 0.57078 0.31723
vt 0.57078 0.35484
vt 0.57078 0.41096
vt 0.57078 0.55786
vt 0.57078 0.56025
vt 0.57078 0.57237
vt 0.57078 0.57476
vt 0.57078 0.66648
vt 0.57078 0.66887
vt 0.57078 0.76059
vt 0.57078 0.76298
vt 0.57078 0.78041
vt 0.57078 0.78940
vt 0.57078 0.79859
vt 0.57078 0.81364
vt 0.57078 0.81402
vt 0.57078 0.83422
vt 0.57078 0.83562
vt 0.57078 0.84589
vt 0.57078 0.86301
vt 0.57078 0.89726
vt 0.57078 0.94863
vt 0.57078 0.98624
vt 0.57523 0.09875
vt 0.57523 0.78767
vt 0.57997 0.75342
vt 0.58029 0.23973
vt 0.58200 0.13233
vt 0.58948 0.58219
vt 0.58955 0.35550
vt 0.58980 0.06849
vt 0.59094 0.38220
vt 0.59094 0.78767
vt 0.59170 0.03425
vt 0.59285 0.75342
vt 0.59310 0.00918
vt 0.59310 0.09018
vt 0.59361 0.12431
vt 0.59449 0.35472
vt 0.59463 0.14496
vt 0.59813 0.11042
vt 0.59813 0.78767
vt 0.59894 0.35245
vt 0.59900 0.41096
vt 0.60066 0.12543
vt 0.60236 0.58219
vt 0.60248 0.34891
vt 0.60274 0.16087
vt 0.60363 0.38019
vt 0.60363 0.78767
vt 0.60475 0.34446
vt 0.60502 0.02240
vt 0.60502 0.04969
vt 0.60502 0.47826
vt 0.60502 0.48065
vt 0.60543 0.75342
vt 0.60553 0.17851
vt 0.60553 0.33952
vt 0.60703 0.12867
vt 0.60731 0.35262
vt 0.60837 0.75342
vt 0.60851 0.23973
vt 0.61013 0.35217
vt 0.61074 0.00918
vt 0.61074 0.09297
vt 0.61187 0.41096
vt 0.61208 0.13372
vt 0.61267 0.35088
vt 0.61469 0.34886
vt 0.61494 0.58219
vt 0.61507 0.37436
vt 0.61507 0.78767
vt 0.61532 0.14009
vt 0.61599 0.34631
vt 0.61631 0.12859
vt 0.61631 0.78767
vt 0.61644 0.14714
vt 0.61644 0.17689
vt 0.61644 0.21449
vt 0.61644 0.26586
vt 0.61644 0.31723
vt 0.61644 0.34349
vt 0.61644 0.35484
vt 0.61644 0.80829
vt 0.61644 0.84589
vt 0.61644 0.89726
vt 0.61644 0.94863
vt 0.61644 0.98624
vt 0.61709 0.03425
vt 0.61709 0.06945
vt 0.61788 0.58219
vt 0.61802 0.06849
vt 0.62139 0.23973
vt 0.62237 0.75342
vt 0.62416 0.36528
vt 0.62446 0.41096
vt 0.62563 0.75342
vt 0.62665 0.10108
vt 0.62739 0.41096
vt 0.62798 0.15149
vt 0.62972 0.02274
vt 0.62972 0.05004
vt 0.62972 0.48215
vt 0.62972 0.48454
vt 0.62999 0.35383
vt 0.63090 0.06849
vt 0.63188 0.58219
vt 0.63200 0.17688
vt 0.63200 0.34115
vt 0.63280 0.03425
vt 0.63397 0.23973
vt 0.63419 0.00918
vt 0.63419 0.38675
vt 0.63515 0.58219
vt 0.63691 0.23973
vt 0.63913 0.00918
vt 0.63913 0.38597
vt 0.63927 0.11371
vt 0.63999 0.03425
vt 0.63999 0.08112
vt 0.64140 0.41096
vt 0.64348 0.06849
vt 0.64359 0.38370
vt 0.64466 0.41096
vt 0.64549 0.03425
vt 0.64549 0.40949
vt 0.64642 0.06849
vt 0.64712 0.38016
vt 0.64738 0.12962
vt 0.64939 0.37571
vt 0.65018 0.14726
vt 0.65018 0.37077
vt 0.65091 0.23973
vt 0.65251 0.41096
vt 0.65417 0.23973
vt 0.65572 0.19298
vt 0.65572 0.22378
vt 0.65572 0.26586
vt 0.65572 0.30794
vt 0.65572 0.33875
vt 0.65572 0.82438
vt 0.65572 0.85518
vt 0.65572 0.89726
vt 0.65572 0.93934
vt 0.65572 0.97014
vt 0.65639 0.02403
vt 0.65639 0.05132
vt 0.65639 0.49688
vt 0.65639 0.49927
vt 0.65693 0.03425
vt 0.65693 0.40366
vt 0.65816 0.03425
vt 0.65816 0.09929
vt 0.66042 0.06849
vt 0.66202 0.23973
vt 0.66368 0.06849
vt 0.66601 0.03425
vt 0.66601 0.39458
vt 0.66983 0.12219
vt 0.67153 0.06849
vt 0.67184 0.38313
vt 0.67744 0.52422
vt 0.67744 0.52661
vt 0.68493 0.08224
vt 0.68493 0.10075
vt 0.68493 0.10426
vt 0.68493 0.11727
vt 0.68493 0.12945
vt 0.68493 0.13616
vt 0.68493 0.15627
vt 0.68493 0.22591
vt 0.68493 0.29554
vt 0.68493 0.55786
vt 0.68493 0.56025
vt 0.68493 0.57237
vt 0.68493 0.57476
vt 0.68493 0.66648
vt 0.68493 0.66887
vt 0.68493 0.76059
vt 0.68493 0.76298
vt 0.68493 0.78041
vt 0.68493 0.78940
vt 0.68493 0.79859
vt 0.68493 0.81364
vt 0.68493 0.81402
vt 0.68493 0.83422
vt 0.68493 0.83562
vt 0.68493 0.86301
vn -1.0000 -0.0000 0.0000
vn -0.9996 -0.0120 -0.0264
vn -0.9996 0.0290 0.0067
vn -0.9984 0.0557 0.0108
vn -0.9984 0.0559 0.0114
vn -0.9983 0.0559 -0.0181
vn -0.9983 0.0561 0.0124
vn -0.9982 0.0562 -0.0188
vn -0.9982 0.0566 -0.0200
vn -0.9964 0.0838 -0.0143
vn -0.9930 -0.1178 -0.0103
vn -0.9919 0.1251 0.0199
vn -0.9838 -0.1787 -0.0156
vn -0.9782 -0.2059 -0.0277
vn -0.9782 -0.1922 0.0790
vn -0.9782 -0.1645 -0.1269
vn -0.9782 -0.1269 0.1645
vn -0.9782 -0.0790 -0.1922
vn -0.9782 -0.0277 0.2059
vn -0.9782 0.0277 -0.2059
vn -0.9782 0.0790 0.1922
vn -0.9782 0.1269 -0.1645
vn -0.9782 0.1645 0.1269
vn -0.9782 0.1922 -0.0790
vn -0.9782 0.2059 0.0277
vn -0.9618 0.0156 0.2734
vn -0.9555 0.1129 -0.2726
vn -0.9494 0.0598 0.3085
vn -0.9493 0.0605 -0.3085
vn -0.9491 0.0643 0.3084
vn -0.9490 0.0651 -0.3084
vn -0.9488 0.0689 0.3083
vn -0.9488 0.0696 -0.3083
vn -0.9391 0.0146 -0.3433
vn -0.9350 -0.3533 -0.0309
vn -0.9327 0.1147 0.3419
vn -0.9234 -0.3839 0.0059
vn -0.9020 -0.4300 -0.0373
vn -0.9020 -0.3911 0.1827
vn -0.9020 -0.3537 -0.2473
vn -0.9020 -0.2473 0.3537
vn -0.9020 -0.1827 -0.3911
vn -0.9020 -0.0373 0.4300
vn -0.9020 0.0373 -0.4300
vn -0.9020 0.1827 0.3911
vn -0.9020 0.2473 -0.3537
vn -0.9020 0.3537 0.2473
vn -0.9020 0.3911 -0.1827
vn -0.9020 0.4300 0.0373
vn -0.8789 0.4767 -0.0155
vn -0.8727 -0.4864 -0.0426
vn -0.8693 -0.4240 0.2540
vn -0.8503 -0.5261 -0.0156
vn -0.8470 -0.4437 -0.2929
vn -0.8302 0.0131 0.5573
vn -0.8235 0.1226 -0.5539
vn -0.8117 0.5293 -0.2470
vn -0.8076 0.0587 0.5868
vn -0.8076 0.0593 -0.5868
vn -0.8075 0.5141 0.2893
vn -0.8072 0.0673 0.5865
vn -0.8071 0.0680 -0.5864
vn -0.8067 0.0760 0.5861
vn -0.8066 0.0766 -0.5861
vn -0.8053 0.5928 0.0109
vn -0.7871 0.0108 -0.6167
vn -0.7807 0.1227 0.6128
vn -0.7734 0.0000 0.6339
vn -0.7472 -0.4268 0.5095
vn -0.7137 -0.4470 -0.5393
vn -0.7116 -0.6999 -0.0612
vn -0.6923 0.5357 -0.4834
vn -0.6757 0.5200 0.5225
vn -0.6304 -0.7751 -0.0415
vn -0.6304 -0.6920 0.3516
vn -0.6304 -0.6505 -0.4235
vn -0.6304 -0.4235 0.6505
vn -0.6304 -0.3516 -0.6920
vn -0.6304 -0.0415 0.7751
vn -0.6304 0.0415 -0.7751
vn -0.6304 0.3516 0.6920
vn -0.6304 0.4235 -0.6505
vn -0.6304 0.6505 0.4235
vn -0.6304 0.6920 -0.3516
vn -0.6304 0.7751 0.0415
vn -0.6174 0.0052 0.7866
vn -0.6119 0.1247 -0.7810
vn -0.6082 -0.7907 -0.0692
vn -0.5872 -0.8094 0.0013
vn -0.5870 0.0519 0.8079
vn -0.5870 0.0523 -0.8079
vn -0.5866 0.0637 0.8074
vn -0.5866 0.0642 -0.8073
vn -0.5861 0.0757 0.8067
vn -0.5861 0.0761 -0.8067
vn -0.5581 0.0016 -0.8298
vn -0.5531 0.1229 0.8240
vn -0.5526 0.8334 -0.0057
vn -0.5513 -0.4334 0.7129
vn -0.5257 -0.8403 0.1322
vn -0.5194 -0.8316 -0.1964
vn -0.5101 -0.4539 -0.7306
vn -0.5085 0.5373 -0.6729
vn -0.5056 0.8516 -0.1382
vn -0.4809 0.5207 0.7054
vn -0.4789 0.8566 0.1923
vn -0.4527 -0.8916 -0.0083
vn -0.4458 -0.8503 0.2799
vn -0.4359 0.8533 -0.2862
vn -0.4323 -0.8325 -0.3465
vn -0.4306 0.9025 0.0046
vn -0.3943 -0.9155 -0.0801
vn -0.3815 0.8677 0.3187
vn -0.3441 -0.0074 0.9389
vn -0.3409 0.1189 -0.9326
vn -0.3374 -0.8503 0.4038
vn -0.3257 0.8537 -0.4063
vn -0.3088 0.0399 0.9503
vn -0.3088 0.0401 -0.9503
vn -0.3086 0.0539 0.9497
vn -0.3086 0.0542 -0.9497
vn -0.3083 0.0680 0.9489
vn -0.3083 0.0682 -0.9488
vn -0.3026 -0.8342 -0.4609
vn -0.3024 -0.4430 0.8440
vn -0.2917 0.0000 0.9565
vn -0.2849 -0.9549 -0.0835
vn -0.2764 0.5338 -0.7992
vn -0.2743 -0.0119 -0.9616
vn -0.2716 0.1154 0.9555
vn -0.2634 0.8687 0.4195
vn -0.2579 -0.4636 -0.8477
vn -0.2402 0.5163 0.8220
vn -0.2068 -0.9783 -0.0143
vn -0.2068 -0.8543 0.4768
vn -0.2068 -0.8401 -0.5015
vn -0.2068 -0.5015 0.8401
vn -0.2068 -0.4768 -0.8543
vn -0.2068 -0.0143 0.9783
vn -0.2068 0.0143 -0.9783
vn -0.2068 0.4768 0.8543
vn -0.2068 0.5015 -0.8401
vn -0.2068 0.8401 0.5015
vn -0.2068 0.8543 -0.4768
vn -0.2068 0.9783 0.0143
vn -0.2019 -0.8406 0.5027
vn -0.1925 -0.9813 -0.0083
vn -0.1925 -0.8540 0.4834
vn -0.1925 -0.8456 -0.4979
vn -0.1925 -0.4979 0.8456
vn -0.1925 -0.4834 -0.8540
vn -0.1925 -0.0083 0.9813
vn -0.1925 0.0083 -0.9813
vn -0.1925 0.4834 0.8540
vn -0.1925 0.4979 -0.8456
vn -0.1925 0.8456 0.4979
vn -0.1925 0.8540 -0.4834
vn -0.1925 0.9813 0.0083
vn -0.1846 0.8530 -0.4881
vn -0.1444 -0.8366 -0.5284
vn -0.1246 0.8598 0.4952
vn -0.0650 0.9979 -0.0002
vn -0.0640 0.9978 -0.0147
vn -0.0586 0.9977 -0.0352
vn -0.0570 -0.9946 -0.0870
vn -0.0562 -0.9984 0.0001
vn -0.0521 -0.9984 -0.0221
vn -0.0502 0.9971 -0.0576
vn -0.0496 0.9986 0.0203
vn -0.0455 -0.9989 0.0112
vn -0.0439 -0.9983 -0.0382
vn -0.0416 0.9985 0.0352
vn -0.0398 -0.9989 0.0247
vn -0.0364 0.9957 -0.0857
vn -0.0359 0.9994 0.0003
vn -0.0333 -0.9987 0.0393
vn -0.0332 -0.9979 -0.0553
vn -0.0321 0.9981 0.0519
vn -0.0320 -0.9995 -0.0006
vn -0.0241 -0.9980 0.0590
vn -0.0196 -0.9960 -0.0871
vn -0.0184 0.9970 0.0750
vn -0.0176 -0.9969 -0.0763
vn -0.0151 0.1324 -0.9911
vn -0.0097 0.0560 -0.9984
vn -0.0093 0.0417 -0.9991
vn -0.0090 0.0264 -0.9996
vn -0.0084 0.6007 -0.7994
vn -0.0064 -0.0578 0.9983
vn -0.0058 -0.4176 -0.9086
vn -0.0056 -0.0091 -0.9999
vn -0.0045 0.0518 0.9986
vn -0.0044 0.0364 0.9993
vn -0.0043 0.9080 -0.4189
vn -0.0042 0.0222 0.9997
vn -0.0033 -0.5644 0.8255
vn -0.0029 0.0853 0.9963
vn -0.0026 0.4694 0.8830
vn -0.0022 -0.9998 -0.0190
vn -0.0022 -0.8754 0.4835
vn -0.0022 -0.8564 -0.5164
vn -0.0022 -0.5164 0.8564
vn -0.0022 -0.4835 -0.8754
vn -0.0022 -0.0190 0.9998
vn -0.0022 0.0190 -0.9998
vn -0.0022 0.4835 0.8754
vn -0.0022 0.5164 -0.8564
vn -0.0022 0.8564 0.5164
vn -0.0022 0.8754 -0.4835
vn -0.0022 0.9998 0.0190
vn -0.0020 -0.8179 -0.5753
vn -0.0013 -0.9024 0.4308
vn -0.0012 -0.9986 -0.0524
vn -0.0012 -0.8910 0.4539
vn -0.0012 -0.8386 -0.5447
vn -0.0012 -0.5447 0.8386
vn -0.0012 -0.4539 -0.8910
vn -0.0012 -0.0524 0.9986
vn -0.0012 0.0524 -0.9986
vn -0.0012 0.4539 0.8910
vn -0.0012 0.5447 -0.8386
vn -0.0012 0.8386 0.5447
vn -0.0012 0.8910 -0.4539
vn -0.0012 0.9986 0.0524
vn -0.0007 0.9968 -0.0801
vn -0.0006 0.8306 0.5569
vn -0.0001 -0.9981 0.0621
vn -0.0001 -0.9951 -0.0993
vn -0.0001 0.9923 0.1235
vn 0.0000 -1.0000 0.0000
vn 0.0000 -0.9999 0.0157
vn 0.0000 -0.9996 0.0278
vn 0.0000 -0.9990 0.0455
vn 0.0000 -0.9962 -0.0872
vn 0.0000 -0.9947 0.1029
vn 0.0000 -0.9789 0.2044
vn 0.0000 -0.9696 0.2447
vn 0.0000 -0.9586 0.2847
vn 0.0000 -0.8991 0.4378
vn 0.0000 -0.8802 0.4746
vn -0.0000 -0.8660 -0.5000
vn 0.0000 -0.8660 0.5000
vn 0.0000 -0.8598 0.5106
vn 0.0000 -0.7646 0.6445
vn 0.0000 -0.7373 0.6756
vn 0.0000 -0.7087 0.7055
vn 0.0000 -0.5836 0.8120
vn 0.0000 -0.5495 0.8355
vn 0.0000 -0.5145 0.8575
vn -0.0000 -0.5000 -0.8660
vn -0.0000 -0.5000 0.8660
vn 0.0000 -0.3671 0.9302
vn 0.0000 -0.3283 0.9446
vn 0.0000 -0.2889 0.9573
vn 0.0000 -0.1240 0.9923
vn 0.0000 -0.1089 0.9941
vn 0.0000 -0.0991 0.9951
vn 0.0000 -0.0872 0.9962
vn 0.0000 0.0000 -1.0000
vn 0.0000 0.0000 1.0000
vn 0.0000 0.0872 -0.9962
vn 0.0000 0.1025 -0.9947
vn 0.0000 0.1145 -0.9934
vn 0.0000 0.1319 -0.9913
vn 0.0000 0.2889 -0.9573
vn 0.0000 0.3283 -0.9446
vn 0.0000 0.3671 -0.9302
vn -0.0000 0.5000 -0.8660
vn 0.0000 0.5000 0.8660
vn 0.0000 0.5145 -0.8575
vn 0.0000 0.5495 -0.8355
vn 0.0000 0.5836 -0.8120
vn 0.0000 0.7087 -0.7055
vn 0.0000 0.7373 -0.6756
vn 0.0000 0.7646 -0.6445
vn 0.0000 0.8598 -0.5106
vn 0.0000 0.8660 -0.5000
vn 0.0000 0.8660 0.5000
vn 0.0000 0.8802 -0.4746
vn 0.0000 0.8991 -0.4378
vn 0.0000 0.9586 -0.2847
vn 0.0000 0.9696 -0.2447
vn 0.0000 0.9789 -0.2044
vn 0.0000 0.9962 0.0872
vn 0.0000 0.9985 -0.0540
vn 0.0000 0.9994 -0.0345
vn 0.0000 0.9998 -0.0201
vn 0.0000 1.0000 0.0000
vn 0.0002 0.9929 -0.1191
vn 0.0002 0.9969 0.0786
vn 0.0005 -0.9980 -0.0632
vn 0.0005 -0.8166 0.5772
vn 0.0012 -0.9986 0.0524
vn 0.0012 -0.8910 -0.4539
vn 0.0012 -0.8386 0.5447
vn 0.0012 -0.5447 -0.8386
vn 0.0012 -0.4539 0.8910
vn 0.0012 -0.0524 -0.9986
vn 0.0012 0.0524 0.9986
vn 0.0012 0.4539 -0.8910
vn 0.0012 0.5447 0.8386
vn 0.0012 0.8386 -0.5447
vn 0.0012 0.8910 0.4539
vn 0.0012 0.9986 -0.0524
vn 0.0015 0.9077 0.4197
vn 0.0022 -0.9998 0.0190
vn 0.0022 -0.8754 -0.4835
vn 0.0022 -0.8564 0.5164
vn 0.0022 -0.5164 -0.8564
vn 0.0022 -0.4835 0.8754
vn 0.0022 -0.0190 -0.9998
vn 0.0022 0.0190 0.9998
vn 0.0022 0.4835 -0.8754
vn 0.0022 0.5164 0.8564
vn 0.0022 0.8564 -0.5164
vn 0.0022 0.8754 0.4835
vn 0.0022 0.9998 -0.0190
vn 0.0023 -0.4134 0.9105
vn 0.0023 0.8321 -0.5547
vn 0.0026 -0.0083 1.0000
vn 0.0037 -0.9028 -0.4301
vn 0.0038 0.6050 0.7962
vn 0.0043 0.0263 0.9996
vn 0.0045 0.0416 0.9991
vn 0.0046 0.0559 0.9984
vn 0.0063 0.0866 -0.9962
vn 0.0066 0.4741 -0.8804
vn 0.0073 -0.5602 -0.8283
vn 0.0073 0.1346 0.9909
vn 0.0088 0.0225 -0.9997
vn 0.0091 0.0369 -0.9993
vn 0.0095 0.0522 -0.9986
vn 0.0130 -0.0553 -0.9984
vn 0.0154 -0.9979 0.0630
vn 0.0196 -0.9960 -0.0871
vn 0.0209 0.9956 -0.0908
vn 0.0273 -0.9987 0.0440
vn 0.0286 0.9971 0.0699
vn 0.0304 -0.9995 0.0002
vn 0.0307 -0.9969 -0.0721
vn 0.0356 -0.9989 0.0301
vn 0.0385 0.9993 -0.0010
vn 0.0392 0.9982 0.0463
vn 0.0393 0.9971 -0.0655
vn 0.0424 -0.9979 -0.0487
vn 0.0428 -0.9989 0.0175
vn 0.0466 0.9985 0.0288
vn 0.0499 -0.9983 -0.0299
vn 0.0515 0.9977 -0.0448
vn 0.0529 0.9985 0.0130
vn 0.0551 -0.9984 -0.0127
vn 0.0557 -0.9984 -0.0001
vn 0.0570 -0.9946 -0.0870
vn 0.0604 0.9978 -0.0257
vn 0.0658 0.9978 0.0001
vn 0.1304 -0.8452 0.5184
vn 0.1378 0.8526 -0.5041
vn 0.1919 0.8573 0.4777
vn 0.1925 -0.9813 0.0083
vn 0.1925 -0.8540 -0.4834
vn 0.1925 -0.8456 0.4979
vn 0.1925 -0.4979 -0.8456
vn 0.1925 -0.4834 0.8540
vn 0.1925 -0.0083 -0.9813
vn 0.1925 0.0083 0.9813
vn 0.1925 0.4834 -0.8540
vn 0.1925 0.4979 0.8456
vn 0.1925 0.8456 -0.4979
vn 0.1925 0.8540 0.4834
vn 0.1925 0.9813 -0.0083
vn 0.1942 -0.8358 -0.5135
vn 0.2068 -0.9783 0.0143
vn 0.2068 -0.8543 -0.4768
vn 0.2068 -0.8401 0.5015
vn 0.2068 -0.5015 -0.8401
vn 0.2068 -0.4768 0.8543
vn 0.2068 -0.0143 -0.9783
vn 0.2068 0.0143 0.9783
vn 0.2068 0.4768 -0.8543
vn 0.2068 0.5015 0.8401
vn 0.2068 0.8401 -0.5015
vn 0.2068 0.8543 0.4768
vn 0.2068 0.9783 -0.0143
vn 0.2463 0.5330 -0.8095
vn 0.2511 -0.4451 0.8595
vn 0.2725 0.1164 -0.9551
vn 0.2735 -0.0109 0.9618
vn 0.2782 -0.8522 0.4431
vn 0.2849 -0.9549 -0.0835
vn 0.2858 0.8536 -0.4354
vn 0.2886 0.5175 0.8055
vn 0.2898 -0.4623 -0.8380
vn 0.2917 0.0000 0.9565
vn 0.3083 0.0680 -0.9489
vn 0.3083 0.0682 0.9488
vn 0.3086 0.0539 -0.9497
vn 0.3086 0.0542 0.9497
vn 0.3088 0.0399 -0.9503
vn 0.3088 0.0401 0.9503
vn 0.3186 0.8678 0.3813
vn 0.3417 0.1179 0.9324
vn 0.3433 -0.0085 -0.9392
vn 0.3454 -0.8336 -0.4309
vn 0.3943 -0.9155 -0.0801
vn 0.4048 -0.8495 0.3382
vn 0.4066 0.8535 -0.3259
vn 0.4201 0.8683 0.2637
vn 0.4409 0.8975 -0.0109
vn 0.4441 -0.8960 0.0034
vn 0.4636 -0.8322 -0.3043
vn 0.4829 0.5371 -0.6916
vn 0.4893 0.8522 -0.1850
vn 0.4967 0.8589 0.1249
vn 0.5073 -0.4350 0.7440
vn 0.5082 -0.8367 0.2041
vn 0.5221 0.5210 0.6752
vn 0.5358 -0.8316 -0.1464
vn 0.5375 -0.4529 -0.7113
vn 0.5538 0.1240 -0.8234
vn 0.5573 0.0026 0.8303
vn 0.5573 0.8303 0.0018
vn 0.5835 -0.8121 -0.0044
vn 0.5861 0.0757 -0.8067
vn 0.5861 0.0761 0.8067
vn 0.5866 0.0637 -0.8074
vn 0.5866 0.0642 0.8073
vn 0.5870 0.0519 -0.8079
vn 0.5870 0.0523 0.8079
vn 0.6082 -0.7907 -0.0692
vn 0.6127 0.1237 0.7806
vn 0.6167 0.0041 -0.7872
vn 0.6304 -0.7751 0.0415
vn 0.6304 -0.6920 -0.3516
vn 0.6304 -0.6505 0.4235
vn 0.6304 -0.4235 -0.6505
vn 0.6304 -0.3516 0.6920
vn 0.6304 -0.0415 -0.7751
vn 0.6304 0.0415 0.7751
vn 0.6304 0.3516 -0.6920
vn 0.6304 0.4235 0.6505
vn 0.6304 0.6505 -0.4235
vn 0.6304 0.6920 0.3516
vn 0.6304 0.7751 -0.0415
vn 0.6735 0.5362 -0.5089
vn 0.7061 0.5192 0.4815
vn 0.7116 -0.6999 -0.0612
vn 0.7151 -0.4278 0.5529
vn 0.7337 -0.4464 -0.5123
vn 0.7734 0.0000 0.6339
vn 0.7811 0.1237 -0.6120
vn 0.7866 0.0118 0.6174
vn 0.8012 0.5303 -0.2771
vn 0.8066 0.0766 0.5861
vn 0.8067 0.0760 -0.5861
vn 0.8071 0.0680 0.5864
vn 0.8072 0.0673 -0.5865
vn 0.8076 0.0587 -0.5868
vn 0.8076 0.0593 0.5868
vn 0.8110 0.5847 -0.0195
vn 0.8241 0.1216 0.5532
vn 0.8243 0.5124 0.2408
vn 0.8297 0.0121 -0.5580
vn 0.8456 -0.5338 0.0086
vn 0.8525 -0.4242 0.3054
vn 0.8574 -0.4436 -0.2609
vn 0.8727 -0.4864 -0.0426
vn 0.8844 0.4666 0.0075
vn 0.9020 -0.4300 0.0373
vn 0.9020 -0.3911 -0.1827
vn 0.9020 -0.3537 0.2473
vn 0.9020 -0.2473 -0.3537
vn 0.9020 -0.1827 0.3911
vn 0.9020 -0.0373 -0.4300
vn 0.9020 0.0373 0.4300
vn 0.9020 0.1827 -0.3911
vn 0.9020 0.2473 0.3537
vn 0.9020 0.3537 -0.2473
vn 0.9020 0.3911 0.1827
vn 0.9020 0.4300 -0.0373
vn 0.9198 -0.3923 -0.0125
vn 0.9329 0.1156 -0.3410
vn 0.9350 -0.3533 -0.0309
vn 0.9388 0.0157 0.3441
vn 0.9488 0.0689 -0.3083
vn 0.9488 0.0696 0.3083
vn 0.9490 0.0651 0.3084
vn 0.9491 0.0643 -0.3084
vn 0.9493 0.0605 0.3085
vn 0.9494 0.0598 -0.3085
vn 0.9559 0.1118 0.2718
vn 0.9615 0.0146 -0.2743
vn 0.9782 -0.2059 0.0277
vn 0.9782 -0.1922 -0.0790
vn 0.9782 -0.1645 0.1269
vn 0.9782 -0.1269 -0.1645
vn 0.9782 -0.0790 0.1922
vn 0.9782 -0.0277 -0.2059
vn 0.9782 0.0277 0.2059
vn 0.9782 0.0790 -0.1922
vn 0.9782 0.1269 0.1645
vn 0.9782 0.1645 -0.1269
vn 0.9782 0.1922 0.0790
vn 0.9782 0.2059 -0.0277
vn 0.9838 -0.1787 -0.0156
vn 0.9920 0.1217 -0.0328
vn 0.9930 -0.1178 -0.0103
vn 0.9967 0.0813 0.0081
vn 0.9982 0.0562 -0.0195
vn 0.9982 0.0565 -0.0212
vn 0.9983 0.0559 -0.0185
vn 0.9984 0.0557 0.0105
vn 0.9984 0.0559 0.0109
vn 0.9984 0.0561 0.0117
vn 0.9996 0.0274 -0.0118
vn 0.9998 -0.0157 0.0157
vn 1.0000 0.0000 0.0000
f 26/65/101 2/129/167 1/116/179
f 25/61/107 26/65/101 1/116/179
f 27/77/110 3/135/171 2/129/167
f 26/65/101 27/77/110 2/129/167
f 28/104/124 4/146/177 3/135/171
f 27/77/110 28/104/124 3/135/171
f 29/139/160 5/163/183 4/146/177
f 28/104/124 29/139/160 4/146/177
f 30/173/211 6/171/228 5/163/183
f 29/139/160 30/173/211 5/163/183
f 31/650/321 7/651/291 6/171/228
f 30/173/211 31/650/321 6/171/228
f 32/678/371 8/658/340 7/651/291
f 31/650/321 32/678/371 7/651/291
f 33/711/403 9/672/345 8/658/340
f 32/678/371 33/711/403 8/658/340
f 34/731/410 10/680/348 9/672/345
f 33/711/403 34/731/410 9/672/345
f 35/742/417 11/686/351 10/680/348
f 34/731/410 35/742/417 10/680/348
f 36/744/422 12/690/352 11/686/351
f 35/742/417 36/744/422 11/686/351
f 37/745/409 13/695/339 12/690/352
f 36/744/422 37/745/409 12/690/352
f 38/743/415 14/687/346 13/695/339
f 37/745/409 38/743/415 13/695/339
f 39/741/405 15/682/341 14/687/346
f 38/743/415 39/741/405 14/687/346
f 40/736/388 16/681/337 15/682/341
f 39/741/405 40/736/388 15/682/341
f 41/730/356 17/676/334 16/681/337
f 40/736/388 41/730/356 16/681/337
f 42/726/292 18/673/235 17/676/334
f 41/730/356 42/726/292 17/676/334
f 43/85/212 19/145/227 18/673/235
f 42/726/292 43/85/212 18/673/235
f 44/79/146 20/141/180 19/145/227
f 43/85/212 44/79/146 19/145/227
f 45/72/116 21/134/176 20/141/180
f 44/79/146 45/72/116 20/141/180
f 46/66/108 22/133/173 21/134/176
f 45/72/116 46/66/108 21/134/176
f 47/63/100 23/128/170 22/133/173
f 46/66/108 47/63/100 22/133/173
f 48/62/89 24/121/166 23/128/170
f 47/63/100 48/62/89 23/128/170
f 25/61/107 1/116/179 24/121/166
f 48/62/89 25/61/107 24/121/166
f 50/243/54 26/251/101 25/273/107
f 49/274/53 50/243/54 25/273/107
f 51/39/70 27/77/110 26/65/101
f 50/32/54 51/39/70 26/65/101
f 52/76/102 28/104/124 27/77/110
f 51/39/70 52/76/102 27/77/110
f 53/115/132 29/139/160 28/104/124
f 52/76/102 53/115/132 28/104/124
f 54/175/190 30/172/211 29/138/160
f 53/114/132 54/175/190 29/138/160
f 55/647/328 31/649/321 30/172/211
f 54/175/190 55/647/328 30/172/211
f 56/702/392 32/677/371 31/649/321
f 55/647/328 56/702/392 31/649/321
f 57/733/418 33/711/403 32/678/371
f 56/703/392 57/733/418 32/678/371
f 58/766/448 34/731/410 33/711/403
f 57/733/418 58/766/448 33/711/403
f 59/772/465 35/742/417 34/731/410
f 58/766/448 59/772/465 34/731/410
f 60/274/480 36/273/422 35/251/417
f 59/243/465 60/274/480 35/251/417
f 61/465/463 37/466/409 36/273/422
f 60/274/480 61/465/463 36/273/422
f 62/472/464 38/469/415 37/466/409
f 61/465/463 62/472/464 37/466/409
f 63/771/447 39/741/405 38/743/415
f 62/774/464 63/771/447 38/743/415
f 64/764/414 40/736/388 39/741/405
f 63/771/447 64/764/414 39/741/405
f 65/739/385 41/730/356 40/736/388
f 64/764/414 65/739/385 40/736/388
f 66/723/318 42/725/292 41/729/356
f 65/738/385 66/723/318 41/729/356
f 67/88/196 43/84/212 42/725/292
f 66/723/318 67/88/196 42/725/292
f 68/69/125 44/78/146 43/84/212
f 67/88/196 68/69/125 43/84/212
f 69/41/99 45/72/116 44/79/146
f 68/70/125 69/41/99 44/79/146
f 70/33/69 46/66/108 45/72/116
f 69/41/99 70/33/69 45/72/116
f 71/31/52 47/63/100 46/66/108
f 70/33/69 71/31/52 46/66/108
f 72/465/37 48/466/89 47/469/100
f 71/472/52 72/465/37 47/469/100
f 49/274/53 25/273/107 48/466/89
f 72/465/37 49/274/53 48/466/89
f 74/240/34 50/243/54 49/274/53
f 73/275/2 74/240/34 49/274/53
f 75/178/66 51/183/70 50/243/54
f 74/240/34 75/178/66 50/243/54
f 76/73/96 52/75/102 51/38/70
f 75/178/66 76/137/96 51/183/70
f 77/112/129 53/114/132 52/75/102
f 76/73/96 77/112/129 52/75/102
f 78/179/191 54/175/190 53/114/132
f 77/112/129 78/179/191 53/114/132
f 79/644/333 55/647/328 54/175/190
f 78/179/191 79/644/333 54/175/190
f 80/705/402 56/702/392 55/647/328
f 79/644/333 80/705/402 55/647/328
f 81/735/431 57/732/418 56/702/392
f 80/705/402 81/735/431 56/702/392
f 82/769/462 58/765/448 57/732/418
f 81/735/431 82/769/462 57/732/418
f 83/240/491 59/243/465 58/183/448
f 82/178/462 83/240/491 58/183/448
f 84/275/514 60/274/480 59/243/465
f 83/240/491 84/275/514 59/243/465
f 85/464/515 61/465/463 60/274/480
f 84/275/514 85/464/515 60/274/480
f 86/483/483 62/472/464 61/465/463
f 85/464/515 86/483/483 61/465/463
f 87/488/451 63/486/447 62/472/464
f 86/483/483 87/488/451 62/472/464
f 88/500/420 64/498/414 63/486/447
f 87/773/451 88/767/420 63/770/447
f 89/740/387 65/738/385 64/763/414
f 88/767/420 89/740/387 64/763/414
f 90/719/320 66/723/318 65/738/385
f 89/740/387 90/719/320 65/738/385
f 91/94/189 67/88/196 66/723/318
f 90/719/320 91/94/189 66/723/318
f 92/67/114 68/69/125 67/88/196
f 91/94/189 92/67/114 67/88/196
f 93/36/86 69/40/99 68/69/125
f 92/67/114 93/36/86 68/69/125
f 94/488/55 70/486/69 69/498/99
f 93/500/86 94/488/55 69/498/99
f 95/483/26 71/472/52 70/486/69
f 94/488/55 95/483/26 70/486/69
f 96/464/3 72/465/37 71/472/52
f 95/483/26 96/464/3 71/472/52
f 73/275/2 49/274/53 72/465/37
f 96/464/3 73/275/2 72/465/37
f 98/244/29 74/240/34 73/275/2
f 97/278/6 98/244/29 73/275/2
f 99/182/59 75/178/66 74/240/34
f 98/244/29 99/182/59 74/240/34
f 100/144/91 76/137/96 75/178/66
f 99/182/59 100/144/91 75/178/66
f 101/142/119 77/112/129 76/73/96
f 100/86/91 101/142/119 76/73/96
f 102/188/187 78/179/191 77/112/129
f 101/142/119 102/188/187 77/112/129
f 103/640/330 79/644/333 78/179/191
f 102/188/187 103/640/330 78/179/191
f 104/675/398 80/705/402 79/644/333
f 103/640/330 104/675/398 79/644/333
f 105/724/427 81/735/431 80/705/402
f 104/675/398 105/724/427 80/705/402
f 106/748/457 82/769/462 81/735/431
f 105/724/427 106/748/457 81/735/431
f 107/244/489 83/240/491 82/178/462
f 106/182/457 107/244/489 82/178/462
f 108/278/510 84/275/514 83/240/491
f 107/244/489 108/278/510 83/240/491
f 109/462/511 85/464/515 84/275/514
f 108/278/510 109/462/511 84/275/514
f 110/471/488 86/483/483 85/464/515
f 109/462/511 110/471/488 85/464/515
f 111/487/458 87/488/451 86/483/483
f 110/471/488 111/487/458 86/483/483
f 112/746/428 88/767/420 87/773/451
f 111/768/458 112/746/428 87/773/451
f 113/728/399 89/740/387 88/767/420
f 112/746/428 113/728/399 88/767/420
f 114/706/323 90/719/320 89/740/387
f 113/728/399 114/706/323 89/740/387
f 115/109/195 91/94/189 90/719/320
f 114/706/323 115/109/195 90/719/320
f 116/82/118 92/67/114 91/94/189
f 115/109/195 116/82/118 91/94/189
f 117/60/90 93/36/86 92/67/114
f 116/82/118 117/60/90 92/67/114
f 118/487/58 94/488/55 93/500/86
f 117/499/90 118/487/58 93/500/86
f 119/471/28 95/483/26 94/488/55
f 118/487/58 119/471/28 94/488/55
f 120/462/4 96/464/3 95/483/26
f 119/471/28 120/462/4 95/483/26
f 97/278/6 73/275/2 96/464/3
f 120/462/4 97/278/6 96/464/3
f 122/248/31 98/244/29 97/278/6
f 121/280/8 122/248/31 97/278/6
f 123/185/62 99/182/59 98/244/29
f 122/248/31 123/185/62 98/244/29
f 124/160/93 100/144/91 99/182/59
f 123/71/62 124/106/93 99/57/59
f 125/164/121 101/142/119 100/86/91
f 124/106/93 125/164/121 100/86/91
f 126/210/186 102/188/187 101/142/119
f 125/164/121 126/210/186 101/142/119
f 127/616/331 103/640/330 102/188/187
f 126/210/186 127/616/331 102/188/187
f 128/657/396 104/675/398 103/640/330
f 127/616/331 128/657/396 103/640/330
f 129/709/425 105/724/427 104/675/398
f 128/657/396 129/709/425 104/675/398
f 130/737/456 106/748/457 105/724/427
f 129/709/425 130/737/456 105/724/427
f 131/248/487 107/244/489 106/182/457
f 130/185/456 131/248/487 106/182/457
f 132/280/508 108/278/510 107/244/489
f 131/248/487 132/280/508 107/244/489
f 133/460/512 109/462/511 108/278/510
f 132/280/508 133/460/512 108/278/510
f 134/470/486 110/471/488 109/462/511
f 133/460/512 134/470/486 109/462/511
f 135/484/455 111/487/458 110/471/488
f 134/470/486 135/484/455 110/471/488
f 136/734/426 112/746/428 111/768/458
f 135/747/455 136/734/426 111/768/458
f 137/712/397 113/728/399 112/746/428
f 136/734/426 137/712/397 112/746/428
f 138/679/324 114/706/323 113/728/399
f 137/712/397 138/679/324 113/728/399
f 139/136/193 115/109/195 114/706/323
f 138/679/324 139/136/193 114/706/323
f 140/102/120 116/82/118 115/109/195
f 139/136/193 140/102/120 115/109/195
f 141/74/92 117/60/90 116/82/118
f 140/102/120 141/74/92 116/82/118
f 142/484/61 118/487/58 117/499/90
f 141/497/92 142/484/61 117/499/90
f 143/470/30 119/471/28 118/487/58
f 142/484/61 143/470/30 118/487/58
f 144/460/5 120/462/4 119/471/28
f 143/470/30 144/460/5 119/471/28
f 121/280/8 97/278/6 120/462/4
f 144/460/5 121/280/8 120/462/4
f 146/258/33 122/248/31 121/280/8
f 145/283/9 146/258/33 121/280/8
f 147/193/64 123/185/62 122/248/31
f 146/258/33 147/193/64 122/248/31
f 148/132/95 124/106/93 123/71/62
f 147/83/64 148/132/95 123/71/62
f 149/181/123 125/164/121 124/106/93
f 148/132/95 149/181/123 124/106/93
f 150/247/185 126/210/186 125/164/121
f 149/181/123 150/247/185 125/164/121
f 151/588/332 127/616/331 126/210/186
f 150/247/185 151/588/332 126/210/186
f 152/642/394 128/657/396 127/616/331
f 151/588/332 152/642/394 127/616/331
f 153/683/423 129/709/425 128/657/396
f 152/642/394 153/683/423 128/657/396
f 154/727/454 130/737/456 129/709/425
f 153/683/423 154/727/454 129/709/425
f 155/258/484 131/248/487 130/185/456
f 154/193/454 155/258/484 130/185/456
f 156/283/509 132/280/508 131/248/487
f 155/258/484 156/283/509 131/248/487
f 157/457/513 133/460/512 132/280/508
f 156/283/509 157/457/513 132/280/508
f 158/463/485 134/470/486 133/460/512
f 157/457/513 158/463/485 133/460/512
f 159/473/453 135/484/455 134/470/486
f 158/463/485 159/473/453 134/470/486
f 160/720/424 136/734/426 135/747/455
f 159/473/453 160/485/424 135/484/455
f 161/704/395 137/712/397 136/734/426
f 160/720/424 161/704/395 136/734/426
f 162/659/325 138/679/324 137/712/397
f 161/704/395 162/659/325 137/712/397
f 163/162/192 139/136/193 138/679/324
f 162/659/325 163/162/192 138/679/324
f 164/113/122 140/102/120 139/136/193
f 163/162/192 164/113/122 139/136/193
f 165/92/94 141/74/92 140/102/120
f 164/113/122 165/92/94 140/102/120
f 166/473/63 142/484/61 141/497/92
f 165/485/94 166/473/63 141/497/92
f 167/463/32 143/470/30 142/484/61
f 166/473/63 167/463/32 142/484/61
f 168/457/7 144/460/5 143/470/30
f 167/463/32 168/457/7 143/470/30
f 145/283/9 121/280/8 144/460/5
f 168/457/7 145/283/9 144/460/5
f 170/272/27 146/258/33 145/283/9
f 169/298/10 170/272/27 145/283/9
f 171/242/56 147/193/64 146/258/33
f 170/272/27 171/242/56 146/258/33
f 172/150/87 148/132/95 147/83/64
f 171/105/56 172/150/87 147/83/64
f 173/189/115 149/181/123 148/132/95
f 172/150/87 173/189/115 148/132/95
f 174/255/184 150/247/185 149/181/123
f 173/189/115 174/255/184 149/181/123
f 175/586/326 151/588/332 150/247/185
f 174/255/184 175/586/326 150/247/185
f 176/639/386 152/642/394 151/588/332
f 175/586/326 176/639/386 151/588/332
f 177/669/419 153/683/423 152/642/394
f 176/639/386 177/669/419 152/642/394
f 178/710/450 154/727/454 153/683/423
f 177/669/419 178/710/450 153/683/423
f 179/272/481 155/258/484 154/193/454
f 178/242/450 179/272/481 154/193/454
f 180/298/505 156/283/509 155/258/484
f 179/272/481 180/298/505 155/258/484
f 181/455/507 157/457/513 156/283/509
f 180/298/505 181/455/507 156/283/509
f 182/459/490 158/463/485 157/457/513
f 181/455/507 182/459/490 157/457/513
f 183/467/460 159/473/453 158/463/485
f 182/459/490 183/467/460 158/463/485
f 184/482/430 160/485/424 159/473/453
f 183/467/460 184/482/430 159/473/453
f 185/674/401 161/704/395 160/720/424
f 184/707/430 185/674/401 160/720/424
f 186/648/329 162/659/325 161/704/395
f 185/674/401 186/648/329 161/704/395
f 187/174/197 163/162/192 162/659/325
f 186/648/329 187/174/197 162/659/325
f 188/143/130 164/113/122 163/162/192
f 187/174/197 188/143/130 163/162/192
f 189/108/97 165/92/94 164/113/122
f 188/143/130 189/108/97 164/113/122
f 190/467/67 166/473/63 165/485/94
f 189/482/97 190/467/67 165/485/94
f 191/459/36 167/463/32 166/473/63
f 190/467/67 191/459/36 166/473/63
f 192/455/12 168/457/7 167/463/32
f 191/459/36 192/455/12 167/463/32
f 169/298/10 145/283/9 168/457/7
f 192/455/12 169/298/10 168/457/7
f 194/279/57 170/272/27 169/298/10
f 193/299/50 194/279/57 169/298/10
f 195/249/72 171/242/56 170/272/27
f 194/279/57 195/249/72 170/272/27
f 196/167/103 172/150/87 171/105/56
f 195/249/72 196/192/103 171/242/56
f 197/191/128 173/189/115 172/150/87
f 196/167/103 197/191/128 172/150/87
f 198/257/188 174/255/184 173/189/115
f 197/191/128 198/257/188 173/189/115
f 199/583/327 175/586/326 174/255/184
f 198/257/188 199/583/327 174/255/184
f 200/638/384 176/639/386 175/586/326
f 199/583/327 200/638/384 175/586/326
f 201/655/411 177/669/419 176/639/386
f 200/638/384 201/655/411 176/639/386
f 202/689/444 178/710/450 177/669/419
f 201/655/411 202/689/444 177/669/419
f 203/279/452 179/272/481 178/242/450
f 202/249/444 203/279/452 178/242/450
f 204/299/459 180/298/505 179/272/481
f 203/279/452 204/299/459 179/272/481
f 205/409/467 181/455/507 180/298/505
f 204/299/459 205/409/467 180/298/505
f 206/458/461 182/459/490 181/455/507
f 205/409/467 206/458/461 181/455/507
f 207/461/445 183/467/460 182/459/490
f 206/458/461 207/461/445 182/459/490
f 208/468/416 184/482/430 183/467/460
f 207/461/445 208/468/416 183/467/460
f 209/663/391 185/674/401 184/707/430
f 208/685/416 209/663/391 184/707/430
f 210/646/322 186/648/329 185/674/401
f 209/663/391 210/646/322 185/674/401
f 211/177/198 187/174/197 186/648/329
f 210/646/322 211/177/198 186/648/329
f 212/157/133 188/143/130 187/174/197
f 211/177/198 212/157/133 187/174/197
f 213/131/105 189/108/97 188/143/130
f 212/157/133 213/131/105 188/143/130
f 214/461/73 190/467/67 189/482/97
f 213/468/105 214/461/73 189/482/97
f 215/458/60 191/459/36 190/467/67
f 214/461/73 215/458/60 190/467/67
f 216/409/65 192/455/12 191/459/36
f 215/458/60 216/409/65 191/459/36
f 193/299/50 169/298/10 192/455/12
f 216/409/65 193/299/50 192/455/12
f 218/158/104 194/101/57 193/90/50
f 217/148/98 218/158/104 193/90/50
f 219/169/109 195/127/72 194/101/57
f 218/158/104 219/169/109 194/101/57
f 220/186/117 196/166/103 195/127/72
f 219/169/109 220/186/117 195/127/72
f 221/237/159 197/190/128 196/166/103
f 220/186/117 221/237/159 196/166/103
f 222/260/194 198/256/188 197/190/128
f 221/237/159 222/260/194 197/190/128
f 223/581/319 199/582/327 198/256/188
f 222/260/194 223/581/319 198/256/188
f 224/594/357 200/637/384 199/582/327
f 223/581/319 224/594/357 199/582/327
f 225/641/390 201/654/411 200/637/384
f 224/594/357 225/641/390 200/637/384
f 226/653/406 202/688/444 201/654/411
f 225/641/390 226/653/406 201/654/411
f 227/661/412 203/713/452 202/688/444
f 226/653/406 227/661/412 202/688/444
f 228/670/408 204/721/459 203/713/452
f 227/661/412 228/670/408 203/713/452
f 229/671/421 205/722/467 204/721/459
f 228/670/408 229/671/421 204/721/459
f 230/664/413 206/718/461 205/722/467
f 229/671/421 230/664/413 205/722/467
f 231/660/407 207/708/445 206/718/461
f 230/664/413 231/660/407 206/718/461
f 232/656/400 208/684/416 207/708/445
f 231/660/407 232/656/400 207/708/445
f 233/652/358 209/662/391 208/684/416
f 232/656/400 233/652/358 208/684/416
f 234/643/305 210/645/322 209/662/391
f 233/652/358 234/643/305 209/662/391
f 235/180/226 211/176/198 210/645/322
f 234/643/305 235/180/226 210/645/322
f 236/170/161 212/156/133 211/176/198
f 235/180/226 236/170/161 211/176/198
f 237/165/131 213/130/105 212/156/133
f 236/170/161 237/165/131 212/156/133
f 238/161/113 214/107/73 213/130/105
f 237/165/131 238/161/113 213/130/105
f 239/155/106 215/95/60 214/107/73
f 238/161/113 239/155/106 214/107/73
f 240/149/111 216/91/65 215/95/60
f 239/155/106 240/149/111 215/95/60
f 217/148/98 193/90/50 216/91/65
f 240/149/111 217/148/98 216/91/65
f 242/232/163 218/158/104 217/148/98
f 241/202/162 242/232/163 217/148/98
f 243/236/164 219/169/109 218/158/104
f 242/232/163 243/236/164 218/158/104
f 244/246/168 220/186/117 219/169/109
f 243/236/164 244/246/168 219/169/109
f 245/252/174 221/237/159 220/186/117
f 244/246/168 245/252/174 220/186/117
f 246/261/225 222/260/194 221/237/159
f 245/252/174 246/261/225 221/237/159
f 247/580/289 223/581/319 222/260/194
f 246/261/225 247/580/289 222/260/194
f 248/587/336 224/594/357 223/581/319
f 247/580/289 248/587/336 223/581/319
f 249/589/344 225/641/390 224/594/357
f 248/587/336 249/589/344 224/594/357
f 250/595/349 226/653/406 225/641/390
f 249/589/344 250/595/349 225/641/390
f 251/598/354 227/661/412 226/653/406
f 250/595/349 251/598/354 226/653/406
f 252/608/342 228/670/408 227/661/412
f 251/598/354 252/608/342 227/661/412
f 253/613/355 229/671/421 228/670/408
f 252/608/342 253/613/355 228/670/408
f 254/599/350 230/664/413 229/671/421
f 253/613/355 254/599/350 229/671/421
f 255/597/347 231/660/407 230/664/413
f 254/599/350 255/597/347 230/664/413
f 256/596/343 232/656/400 231/660/407
f 255/597/347 256/596/343 231/660/407
f 257/591/338 233/652/358 232/656/400
f 256/596/343 257/591/338 232/656/400
f 258/590/290 234/643/305 233/652/358
f 257/591/338 258/590/290 233/652/358
f 259/245/229 235/180/226 234/643/305
f 258/590/290 259/245/229 234/643/305
f 260/241/182 236/170/161 235/180/226
f 259/245/229 260/241/182 235/180/226
f 261/235/178 237/165/131 236/170/161
f 260/241/182 261/235/178 236/170/161
f 262/233/172 238/161/113 237/165/131
f 261/235/178 262/233/172 237/165/131
f 263/231/169 239/155/106 238/161/113
f 262/233/172 263/231/169 238/161/113
f 264/207/175 240/149/111 239/155/106
f 263/231/169 264/207/175 239/155/106
f 241/202/162 217/148/98 240/149/111
f 264/207/175 241/202/162 240/149/111
f 1/116/179 2/129/167 265/422/230
f 2/129/167 3/135/171 265/422/230
f 3/135/171 4/146/177 265/422/230
f 4/146/177 5/163/183 265/422/230
f 5/163/183 6/171/228 265/422/230
f 6/171/228 7/651/291 265/422/230
f 7/651/291 8/658/340 265/422/230
f 8/658/340 9/672/345 265/422/230
f 9/672/345 10/680/348 265/422/230
f 10/680/348 11/686/351 265/422/230
f 11/686/351 12/690/352 265/422/230
f 12/690/352 13/695/339 265/422/230
f 13/695/339 14/687/346 265/422/230
f 14/687/346 15/682/341 265/422/230
f 15/682/341 16/681/337 265/422/230
f 16/681/337 17/676/334 265/422/230
f 17/676/334 18/673/235 265/422/230
f 18/673/235 19/145/227 265/422/230
f 19/145/227 20/141/180 265/422/230
f 20/141/180 21/134/176 265/422/230
f 21/134/176 22/133/173 265/422/230
f 22/133/173 23/128/170 265/422/230
f 23/128/170 24/121/166 265/422/230
f 24/121/166 1/116/179 265/422/230
f 242/232/163 241/202/162 266/422/288
f 243/236/164 242/232/163 266/422/288
f 244/246/168 243/236/164 266/422/288
f 245/252/174 244/246/168 266/422/288
f 246/261/225 245/252/174 266/422/288
f 247/580/289 246/261/225 266/422/288
f 248/587/336 247/580/289 266/422/288
f 249/589/344 248/587/336 266/422/288
f 250/595/349 249/589/344 266/422/288
f 251/598/354 250/595/349 266/422/288
f 252/608/342 251/598/354 266/422/288
f 253/613/355 252/608/342 266/422/288
f 254/599/350 253/613/355 266/422/288
f 255/597/347 254/599/350 266/422/288
f 256/596/343 255/597/347 266/422/288
f 257/591/338 256/596/343 266/422/288
f 258/590/290 257/591/338 266/422/288
f 259/245/229 258/590/290 266/422/288
f 260/241/182 259/245/229 266/422/288
f 261/235/178 260/241/182 266/422/288
f 262/233/172 261/235/178 266/422/288
f 263/231/169 262/233/172 266/422/288
f 264/207/175 263/231/169 266/422/288
f 241/202/162 264/207/175 266/422/288
f 275/610/288 268/612/288 267/785/288
f 274/784/288 275/610/288 267/785/288
f 380/612/230 387/610/230 379/785/230
f 387/610/230 386/784/230 379/785/230
f 276/520/288 269/522/288 268/612/288
f 275/610/288 276/520/288 268/612/288
f 381/522/230 388/520/230 380/612/230
f 388/520/230 387/610/230 380/612/230
f 277/421/288 270/424/288 269/522/288
f 276/520/288 277/421/288 269/522/288
f 382/424/230 389/421/230 381/522/230
f 389/421/230 388/520/230 381/522/230
f 278/328/288 271/330/288 270/424/288
f 277/421/288 278/328/288 270/424/288
f 383/330/230 390/328/230 382/424/230
f 390/328/230 389/421/230 382/424/230
f 279/204/288 272/206/288 271/330/288
f 278/328/288 279/204/288 271/330/288
f 384/206/230 391/204/230 383/330/230
f 391/204/230 390/328/230 383/330/230
f 280/8/288 273/9/288 272/206/288
f 279/204/288 280/8/288 272/206/288
f 385/9/230 392/8/230 384/206/230
f 392/8/230 391/204/230 384/206/230
f 282/606/286 275/610/288 274/784/288
f 281/783/285 282/606/286 274/784/288
f 387/610/230 394/606/232 386/784/230
f 394/606/232 393/783/233 386/784/230
f 283/517/286 276/520/288 275/610/288
f 282/606/286 283/517/286 275/610/288
f 388/520/230 395/517/232 387/610/230
f 395/517/232 394/606/232 387/610/230
f 284/418/286 277/421/288 276/520/288
f 283/517/286 284/418/286 276/520/288
f 389/421/230 396/418/232 388/520/230
f 396/418/232 395/517/232 388/520/230
f 285/325/286 278/328/288 277/421/288
f 284/418/286 285/325/286 277/421/288
f 390/328/230 397/325/232 389/421/230
f 397/325/232 396/418/232 389/421/230
f 286/200/286 279/204/288 278/328/288
f 285/325/286 286/200/286 278/328/288
f 391/204/230 398/200/232 390/328/230
f 398/200/232 397/325/232 390/328/230
f 287/7/287 280/8/288 279/204/288
f 286/200/286 287/7/287 279/204/288
f 392/8/230 399/7/231 391/204/230
f 399/7/231 398/200/232 391/204/230
f 289/604/282 282/606/286 281/783/285
f 288/781/281 289/604/282 281/783/285
f 394/606/232 401/605/237 393/783/233
f 401/605/237 400/782/238 393/783/233
f 290/515/282 283/517/286 282/606/286
f 289/604/282 290/515/282 282/606/286
f 395/517/232 402/516/237 394/606/232
f 402/516/237 401/605/237 394/606/232
f 291/416/282 284/418/286 283/517/286
f 290/515/282 291/416/282 283/517/286
f 396/418/232 403/417/237 395/517/232
f 403/417/237 402/516/237 395/517/232
f 292/323/282 285/325/286 284/418/286
f 291/416/282 292/323/282 284/418/286
f 397/325/232 404/324/237 396/418/232
f 404/324/237 403/417/237 396/418/232
f 293/198/282 286/200/286 285/325/286
f 292/323/282 293/198/282 285/325/286
f 398/200/232 405/199/237 397/325/232
f 405/199/237 404/324/237 397/325/232
f 294/5/283 287/7/287 286/200/286
f 293/198/282 294/5/283 286/200/286
f 399/7/231 406/6/236 398/200/232
f 406/6/236 405/199/237 398/200/232
f 296/602/279 289/604/282 288/781/281
f 295/779/276 296/602/279 288/781/281
f 401/605/237 408/603/240 400/782/238
f 408/603/240 407/780/243 400/782/238
f 297/513/279 290/515/282 289/604/282
f 296/602/279 297/513/279 289/604/282
f 402/516/237 409/514/240 401/605/237
f 409/514/240 408/603/240 401/605/237
f 298/414/279 291/416/282 290/515/282
f 297/513/279 298/414/279 290/515/282
f 403/417/237 410/415/240 402/516/237
f 410/415/240 409/514/240 402/516/237
f 299/321/279 292/323/282 291/416/282
f 298/414/279 299/321/279 291/416/282
f 404/324/237 411/322/240 403/417/237
f 411/322/240 410/415/240 403/417/237
f 300/196/279 293/198/282 292/323/282
f 299/321/279 300/196/279 292/323/282
f 405/199/237 412/197/240 404/324/237
f 412/197/240 411/322/240 404/324/237
f 301/3/280 294/5/283 293/198/282
f 300/196/279 301/3/280 293/198/282
f 406/6/236 413/4/239 405/199/237
f 413/4/239 412/197/240 405/199/237
f 303/600/274 296/602/279 295/779/276
f 302/777/273 303/600/274 295/779/276
f 408/603/240 415/601/245 407/780/243
f 415/601/245 414/778/246 407/780/243
f 304/511/274 297/513/279 296/602/279
f 303/600/274 304/511/274 296/602/279
f 409/514/240 416/512/245 408/603/240
f 416/512/245 415/601/245 408/603/240
f 305/412/274 298/414/279 297/513/279
f 304/511/274 305/412/274 297/513/279
f 410/415/240 417/413/245 409/514/240
f 417/413/245 416/512/245 409/514/240
f 306/319/274 299/321/279 298/414/279
f 305/412/274 306/319/274 298/414/279
f 411/322/240 418/320/245 410/415/240
f 418/320/245 417/413/245 410/415/240
f 307/194/274 300/196/279 299/321/279
f 306/319/274 307/194/274 299/321/279
f 412/197/240 419/195/245 411/322/240
f 419/195/245 418/320/245 411/322/240
f 308/1/275 301/3/280 300/196/279
f 307/194/274 308/1/275 300/196/279
f 413/4/239 420/2/244 412/197/240
f 420/2/244 419/195/245 412/197/240
f 310/628/271 303/630/274 302/799/273
f 309/797/270 310/628/271 302/799/273
f 415/629/245 422/627/248 414/798/246
f 422/627/248 421/796/249 414/798/246
f 311/536/271 304/538/274 303/630/274
f 310/628/271 311/536/271 303/630/274
f 416/537/245 423/535/248 415/629/245
f 423/535/248 422/627/248 415/629/245
f 312/446/271 305/448/274 304/538/274
f 311/536/271 312/446/271 304/538/274
f 417/447/245 424/445/248 416/537/245
f 424/445/248 423/535/248 416/537/245
f 313/344/271 306/346/274 305/448/274
f 312/446/271 313/344/271 305/448/274
f 418/345/245 425/343/248 417/447/245
f 425/343/248 424/445/248 417/447/245
f 314/222/271 307/224/274 306/346/274
f 313/344/271 314/222/271 306/346/274
f 419/223/245 426/221/248 418/345/245
f 426/221/248 425/343/248 418/345/245
f 315/22/272 308/24/275 307/224/274
f 314/222/271 315/22/272 307/224/274
f 420/23/244 427/21/247 419/223/245
f 427/21/247 426/221/248 419/223/245
f 317/626/266 310/628/271 309/797/270
f 316/795/265 317/626/266 309/797/270
f 422/627/248 429/625/253 421/796/249
f 429/625/253 428/794/254 421/796/249
f 318/534/266 311/536/271 310/628/271
f 317/626/266 318/534/266 310/628/271
f 423/535/248 430/533/253 422/627/248
f 430/533/253 429/625/253 422/627/248
f 319/444/266 312/446/271 311/536/271
f 318/534/266 319/444/266 311/536/271
f 424/445/248 431/443/253 423/535/248
f 431/443/253 430/533/253 423/535/248
f 320/342/266 313/344/271 312/446/271
f 319/444/266 320/342/266 312/446/271
f 425/343/248 432/341/253 424/445/248
f 432/341/253 431/443/253 424/445/248
f 321/220/266 314/222/271 313/344/271
f 320/342/266 321/220/266 313/344/271
f 426/221/248 433/219/253 425/343/248
f 433/219/253 432/341/253 425/343/248
f 322/20/267 315/22/272 314/222/271
f 321/220/266 322/20/267 314/222/271
f 427/21/247 434/19/252 426/221/248
f 434/19/252 433/219/253 426/221/248
f 324/624/263 317/626/266 316/795/265
f 323/793/262 324/624/263 316/795/265
f 429/625/253 436/623/256 428/794/254
f 436/623/256 435/792/257 428/794/254
f 325/532/263 318/534/266 317/626/266
f 324/624/263 325/532/263 317/626/266
f 430/533/253 437/531/256 429/625/253
f 437/531/256 436/623/256 429/625/253
f 326/442/263 319/444/266 318/534/266
f 325/532/263 326/442/263 318/534/266
f 431/443/253 438/441/256 430/533/253
f 438/441/256 437/531/256 430/533/253
f 327/340/263 320/342/266 319/444/266
f 326/442/263 327/340/263 319/444/266
f 432/341/253 439/339/256 431/443/253
f 439/339/256 438/441/256 431/443/253
f 328/218/263 321/220/266 320/342/266
f 327/340/263 328/218/263 320/342/266
f 433/219/253 440/217/256 432/341/253
f 440/217/256 439/339/256 432/341/253
f 329/18/264 322/20/267 321/220/266
f 328/218/263 329/18/264 321/220/266
f 434/19/252 441/17/255 433/219/253
f 441/17/255 440/217/256 433/219/253
f 331/622/261 324/624/263 323/793/262
f 330/791/261 331/622/261 323/793/262
f 436/623/256 443/621/258 435/792/257
f 443/621/258 442/790/258 435/792/257
f 332/530/261 325/532/263 324/624/263
f 331/622/261 332/530/261 324/624/263
f 437/531/256 444/529/258 436/623/256
f 444/529/258 443/621/258 436/623/256
f 333/440/261 326/442/263 325/532/263
f 332/530/261 333/440/261 325/532/263
f 438/441/256 445/439/258 437/531/256
f 445/439/258 444/529/258 437/531/256
f 334/338/261 327/340/263 326/442/263
f 333/440/261 334/338/261 326/442/263
f 439/339/256 446/337/258 438/441/256
f 446/337/258 445/439/258 438/441/256
f 335/216/261 328/218/263 327/340/263
f 334/338/261 335/216/261 327/340/263
f 440/217/256 447/215/258 439/339/256
f 447/215/258 446/337/258 439/339/256
f 336/16/261 329/18/264 328/218/263
f 335/216/261 336/16/261 328/218/263
f 441/17/255 448/15/258 440/217/256
f 448/15/258 447/215/258 440/217/256
f 338/620/261 331/622/261 330/791/261
f 337/789/261 338/620/261 330/791/261
f 443/621/258 450/619/258 442/790/258
f 450/619/258 449/788/258 442/790/258
f 339/528/261 332/530/261 331/622/261
f 338/620/261 339/528/261 331/622/261
f 444/529/258 451/527/258 443/621/258
f 451/527/258 450/619/258 443/621/258
f 340/438/261 333/440/261 332/530/261
f 339/528/261 340/438/261 332/530/261
f 445/439/258 452/437/258 444/529/258
f 452/437/258 451/527/258 444/529/258
f 341/336/261 334/338/261 333/440/261
f 340/438/261 341/336/261 333/440/261
f 446/337/258 453/335/258 445/439/258
f 453/335/258 452/437/258 445/439/258
f 342/214/261 335/216/261 334/338/261
f 341/336/261 342/214/261 334/338/261
f 447/215/258 454/213/258 446/337/258
f 454/213/258 453/335/258 446/337/258
f 343/14/261 336/16/261 335/216/261
f 342/214/261 343/14/261 335/216/261
f 448/15/258 455/13/258 447/215/258
f 455/13/258 454/213/258 447/215/258
f 345/618/261 338/620/261 337/789/261
f 344/787/261 345/618/261 337/789/261
f 450/619/258 457/617/258 449/788/258
f 457/617/258 456/786/258 449/788/258
f 346/526/261 339/528/261 338/620/261
f 345/618/261 346/526/261 338/620/261
f 451/527/258 458/525/258 450/619/258
f 458/525/258 457/617/258 450/619/258
f 347/436/261 340/438/261 339/528/261
f 346/526/261 347/436/261 339/528/261
f 452/437/258 459/435/258 451/527/258
f 459/435/258 458/525/258 451/527/258
f 348/334/261 341/336/261 340/438/261
f 347/436/261 348/334/261 340/438/261
f 453/335/258 460/333/258 452/437/258
f 460/333/258 459/435/258 452/437/258
f 349/212/261 342/214/261 341/336/261
f 348/334/261 349/212/261 341/336/261
f 454/213/258 461/211/258 453/335/258
f 461/211/258 460/333/258 453/335/258
f 350/12/261 343/14/261 342/214/261
f 349/212/261 350/12/261 342/214/261
f 455/13/258 462/11/258 454/213/258
f 462/11/258 461/211/258 454/213/258
f 352/593/261 345/618/261 344/787/261
f 351/776/261 352/593/261 344/787/261
f 457/617/258 464/592/258 456/786/258
f 464/592/258 463/775/258 456/786/258
f 353/510/261 346/526/261 345/618/261
f 352/593/261 353/510/261 345/618/261
f 458/525/258 465/509/258 457/617/258
f 465/509/258 464/592/258 457/617/258
f 354/434/261 347/436/261 346/526/261
f 353/510/261 354/434/261 346/526/261
f 459/435/258 466/433/258 458/525/258
f 466/433/258 465/509/258 458/525/258
f 355/354/261 348/334/261 347/436/261
f 354/434/261 355/354/261 347/436/261
f 460/333/258 467/353/258 459/435/258
f 467/353/258 466/433/258 459/435/258
f 356/239/261 349/212/261 348/334/261
f 355/354/261 356/239/261 348/334/261
f 461/211/258 468/238/258 460/333/258
f 468/238/258 467/353/258 460/333/258
f 357/29/261 350/12/261 349/212/261
f 356/239/261 357/29/261 349/212/261
f 462/11/258 469/28/258 461/211/258
f 469/28/258 468/238/258 461/211/258
f 359/585/261 352/593/261 351/776/261
f 358/762/261 359/585/261 351/776/261
f 464/592/258 471/584/258 463/775/258
f 471/584/258 470/761/258 463/775/258
f 360/508/261 353/510/261 352/593/261
f 359/585/261 360/508/261 352/593/261
f 465/509/258 472/507/258 464/592/258
f 472/507/258 471/584/258 464/592/258
f 361/432/261 354/434/261 353/510/261
f 360/508/261 361/432/261 353/510/261
f 466/433/258 473/431/258 465/509/258
f 473/431/258 472/507/258 465/509/258
f 362/356/261 355/354/261 354/434/261
f 361/432/261 362/356/261 354/434/261
f 467/353/258 474/355/258 466/433/258
f 474/355/258 473/431/258 466/433/258
f 363/254/261 356/239/261 355/354/261
f 362/356/261 363/254/261 355/354/261
f 468/238/258 475/253/258 467/353/258
f 475/253/258 474/355/258 467/353/258
f 364/45/261 357/29/261 356/239/261
f 363/254/261 364/45/261 356/239/261
f 469/28/258 476/44/258 468/238/258
f 476/44/258 475/253/258 468/238/258
f 366/570/261 359/585/261 358/762/261
f 365/717/261 366/570/261 358/762/261
f 471/584/258 478/569/258 470/761/258
f 478/569/258 477/716/258 470/761/258
f 367/506/261 360/508/261 359/585/261
f 366/570/261 367/506/261 359/585/261
f 472/507/258 479/505/258 471/584/258
f 479/505/258 478/569/258 471/584/258
f 368/430/261 361/432/261 360/508/261
f 367/506/261 368/430/261 360/508/261
f 473/431/258 480/429/258 472/507/258
f 480/429/258 479/505/258 472/507/258
f 369/361/261 362/356/261 361/432/261
f 368/430/261 369/361/261 361/432/261
f 474/355/258 481/360/258 473/431/258
f 481/360/258 480/429/258 473/431/258
f 370/277/261 363/254/261 362/356/261
f 369/361/261 370/277/261 362/356/261
f 475/253/258 482/276/258 474/355/258
f 482/276/258 481/360/258 474/355/258
f 371/99/261 364/45/261 363/254/261
f 370/277/261 371/99/261 363/254/261
f 476/44/258 483/98/258 475/253/258
f 483/98/258 482/276/258 475/253/258
f 373/568/261 366/570/261 365/717/261
f 372/668/261 373/568/261 365/717/261
f 478/569/258 485/567/258 477/716/258
f 485/567/258 484/667/258 477/716/258
f 374/504/261 367/506/261 366/570/261
f 373/568/261 374/504/261 366/570/261
f 479/505/258 486/503/258 478/569/258
f 486/503/258 485/567/258 478/569/258
f 375/428/261 368/430/261 367/506/261
f 374/504/261 375/428/261 367/506/261
f 480/429/258 487/427/258 479/505/258
f 487/427/258 486/503/258 479/505/258
f 376/367/261 369/361/261 368/430/261
f 375/428/261 376/367/261 368/430/261
f 481/360/258 488/366/258 480/429/258
f 488/366/258 487/427/258 480/429/258
f 377/287/261 370/277/261 369/361/261
f 376/367/261 377/287/261 369/361/261
f 482/276/258 489/286/258 481/360/258
f 489/286/258 488/366/258 481/360/258
f 378/154/261 371/99/261 370/277/261
f 377/287/261 378/154/261 370/277/261
f 483/98/258 490/153/258 482/276/258
f 490/153/258 489/286/258 482/276/258
f 267/801/393 268/633/260 380/631/260
f 267/801/393 380/631/260 379/800/449
f 268/633/260 269/541/260 381/539/260
f 268/633/260 381/539/260 380/631/260
f 269/541/260 270/451/260 382/449/260
f 269/541/260 382/449/260 381/539/260
f 270/451/260 271/349/260 383/347/260
f 270/451/260 383/347/260 382/449/260
f 271/349/260 272/227/260 384/225/260
f 271/349/260 384/225/260 383/347/260
f 272/227/260 273/26/68 385/25/126
f 272/227/260 385/25/126 384/225/260
f 273/393/68 280/318/1 392/317/1
f 273/393/68 392/317/1 385/392/126
f 280/318/1 287/282/1 399/281/1
f 280/318/1 399/281/1 392/317/1
f 287/282/1 294/250/1 406/259/1
f 287/282/1 406/259/1 399/281/1
f 294/250/1 301/187/1 413/234/1
f 294/250/1 413/234/1 406/259/1
f 301/187/1 308/159/1 420/184/1
f 301/187/1 420/184/1 413/234/1
f 308/159/1 315/110/1 427/168/1
f 308/159/1 427/168/1 420/184/1
f 315/110/1 322/89/1 434/147/1
f 315/110/1 434/147/1 427/168/1
f 322/89/1 329/81/1 441/140/1
f 322/89/1 441/140/1 434/147/1
f 329/81/1 336/68/1 448/111/1
f 329/81/1 448/111/1 441/140/1
f 336/68/1 343/56/1 455/103/1
f 336/68/1 455/103/1 448/111/1
f 343/56/1 350/55/13 462/100/11
f 343/56/1 462/100/11 455/103/1
f 350/55/13 357/37/51 469/93/35
f 350/55/13 469/93/35 462/100/11
f 357/37/51 364/35/88 476/87/71
f 357/37/51 476/87/71 469/93/35
f 364/42/88 371/96/127 483/97/112
f 364/42/88 483/97/112 476/43/71
f 371/96/127 378/151/181 490/152/165
f 371/96/127 490/152/165 483/97/112
f 378/151/181 377/284/234 489/285/234
f 378/151/181 489/285/234 490/152/165
f 377/284/234 376/364/234 488/365/234
f 377/284/234 488/365/234 489/285/234
f 376/364/234 375/410/234 487/411/234
f 376/364/234 487/411/234 488/365/234
f 375/410/234 374/501/234 486/502/234
f 375/410/234 486/502/234 487/411/234
f 374/501/234 373/565/234 485/566/234
f 374/501/234 485/566/234 486/502/234
f 373/565/234 372/665/353 484/666/335
f 373/565/234 484/666/335 485/566/234
f 372/665/353 365/714/404 477/715/389
f 372/665/353 477/715/389 484/666/335
f 365/714/404 358/759/446 470/760/429
f 365/714/404 470/760/429 477/715/389
f 358/35/446 351/37/482 463/93/466
f 358/35/446 463/93/466 470/87/429
f 351/37/482 344/55/506 456/100/504
f 351/37/482 456/100/504 463/93/466
f 344/55/506 337/56/516 449/103/516
f 344/55/506 449/103/516 456/100/504
f 337/56/516 330/68/516 442/111/516
f 337/56/516 442/111/516 449/103/516
f 330/68/516 323/81/516 435/140/516
f 330/68/516 435/140/516 442/111/516
f 323/81/516 316/89/516 428/147/516
f 323/81/516 428/147/516 435/140/516
f 316/89/516 309/110/516 421/168/516
f 316/89/516 421/168/516 428/147/516
f 309/110/516 302/159/516 414/184/516
f 309/110/516 414/184/516 421/168/516
f 302/159/516 295/187/516 407/234/516
f 302/159/516 407/234/516 414/184/516
f 295/187/516 288/250/516 400/259/516
f 295/187/516 400/259/516 407/234/516
f 288/250/516 281/282/516 393/281/516
f 288/250/516 393/281/516 400/259/516
f 281/282/516 274/318/516 386/317/516
f 281/282/516 386/317/516 393/281/516
f 274/318/516 267/393/393 379/392/449
f 274/318/516 379/392/449 386/317/516
f 491/374/503 492/369/501 504/358/477
f 491/374/503 504/358/477 503/375/479
f 492/369/501 493/363/499 505/314/475
f 492/369/501 505/314/475 504/358/477
f 493/363/499 494/359/497 506/312/473
f 493/363/499 506/312/473 505/314/475
f 494/359/497 495/362/495 507/313/471
f 494/359/497 507/313/471 506/312/473
f 495/362/495 496/368/493 508/357/469
f 495/362/495 508/357/469 507/313/471
f 496/368/493 497/372/492 509/371/468
f 496/368/493 509/371/468 508/357/469
f 497/372/492 498/377/494 510/390/470
f 497/372/492 510/390/470 509/371/468
f 498/377/494 499/379/496 511/404/472
f 498/377/494 511/404/472 510/390/470
f 499/379/496 500/389/498 512/406/474
f 499/379/496 512/406/474 511/404/472
f 500/389/498 501/380/500 513/405/476
f 500/389/498 513/405/476 512/406/474
f 501/380/500 502/378/502 514/391/478
f 501/380/500 514/391/478 513/405/476
f 502/378/502 491/374/503 503/375/479
f 502/378/502 503/375/479 514/391/478
f 503/375/479 504/358/477 516/316/441
f 503/375/479 516/316/441 515/376/443
f 504/358/477 505/314/475 517/302/439
f 504/358/477 517/302/439 516/316/441
f 505/314/475 506/312/473 518/300/437
f 505/314/475 518/300/437 517/302/439
f 506/312/473 507/313/471 519/301/435
f 506/312/473 519/301/435 518/300/437
f 507/313/471 508/357/469 520/315/433
f 507/313/471 520/315/433 519/301/435
f 508/357/469 509/371/468 521/370/432
f 508/357/469 521/370/432 520/315/433
f 509/371/468 510/390/470 522/402/434
f 509/371/468 522/402/434 521/370/432
f 510/390/470 511/404/472 523/407/436
f 510/390/470 523/407/436 522/402/434
f 511/404/472 512/406/474 524/456/438
f 511/404/472 524/456/438 523/407/436
f 512/406/474 513/405/476 525/408/440
f 512/406/474 525/408/440 524/456/438
f 513/405/476 514/391/478 526/403/442
f 513/405/476 526/403/442 525/408/440
f 514/391/478 503/375/479 515/376/443
f 514/391/478 515/376/443 526/403/442
f 515/751/443 516/750/441 528/692/381
f 515/751/443 528/692/381 527/693/383
f 516/758/441 517/757/439 529/700/379
f 516/758/441 529/700/379 528/701/381
f 517/757/439 518/756/437 530/699/377
f 517/757/439 530/699/377 529/700/379
f 518/756/437 519/755/435 531/698/375
f 518/756/437 531/698/375 530/699/377
f 519/755/435 520/754/433 532/697/373
f 519/749/435 532/692/373 531/691/375
f 520/750/433 521/751/432 533/693/372
f 520/750/433 533/693/372 532/692/373
f 521/751/432 522/752/434 534/694/374
f 521/751/432 534/694/374 533/693/372
f 522/752/434 523/753/436 535/696/376
f 522/752/434 535/696/376 534/694/374
f 523/755/436 524/756/438 536/699/378
f 523/755/436 536/699/378 535/698/376
f 524/756/438 525/757/440 537/700/380
f 524/756/438 537/700/380 536/699/378
f 525/757/440 526/758/442 538/701/382
f 525/753/440 538/694/382 537/696/380
f 526/752/442 515/751/443 527/693/383
f 526/752/442 527/693/383 538/694/382
f 527/693/383 528/692/381 540/609/209
f 527/693/383 540/609/209 539/611/210
f 528/701/381 529/700/379 541/635/207
f 528/701/381 541/635/207 540/636/209
f 529/700/379 530/699/377 542/634/205
f 529/700/379 542/634/205 541/635/207
f 530/699/377 531/698/375 543/632/203
f 530/699/377 543/632/203 542/634/205
f 531/691/375 532/692/373 544/609/201
f 531/691/375 544/609/201 543/607/203
f 532/692/373 533/693/372 545/611/199
f 532/692/373 545/611/199 544/609/201
f 533/693/372 534/694/374 546/614/200
f 533/693/372 546/614/200 545/611/199
f 534/694/374 535/696/376 547/615/202
f 534/694/374 547/615/202 546/614/200
f 535/698/376 536/699/378 548/634/204
f 535/698/376 548/634/204 547/632/202
f 536/699/378 537/700/380 549/635/206
f 536/699/378 549/635/206 548/634/204
f 537/696/380 538/694/382 550/614/208
f 537/696/380 550/614/208 549/615/206
f 538/694/382 527/693/383 539/611/210
f 538/694/382 539/611/210 550/614/208
f 539/611/210 540/609/209 552/572/157
f 539/611/210 552/572/157 551/573/158
f 540/636/209 541/635/207 553/578/155
f 540/636/209 553/578/155 552/579/157
f 541/635/207 542/634/205 554/577/153
f 541/635/207 554/577/153 553/578/155
f 542/634/205 543/632/203 555/576/151
f 542/634/205 555/576/151 554/577/153
f 543/607/203 544/609/201 556/572/149
f 543/607/203 556/572/149 555/571/151
f 544/609/201 545/611/199 557/573/147
f 544/609/201 557/573/147 556/572/149
f 545/611/199 546/614/200 558/574/148
f 545/611/199 558/574/148 557/573/147
f 546/614/200 547/615/202 559/575/150
f 546/614/200 559/575/150 558/574/148
f 547/632/202 548/634/204 560/577/152
f 547/632/202 560/577/152 559/576/150
f 548/634/204 549/635/206 561/578/154
f 548/634/204 561/578/154 560/577/152
f 549/615/206 550/614/208 562/574/156
f 549/615/206 562/574/156 561/575/154
f 550/614/208 539/611/210 551/573/158
f 550/614/208 551/573/158 562/574/156
f 551/573/158 552/572/157 564/556/277
f 551/573/158 564/556/277 563/557/288
f 552/579/157 553/578/155 565/563/268
f 552/572/157 565/555/268 564/556/277
f 553/578/155 554/577/153 566/562/259
f 553/578/155 566/562/259 565/563/268
f 554/577/153 555/576/151 567/561/250
f 554/577/153 567/561/250 566/562/259
f 555/571/151 556/572/149 568/556/241
f 555/576/151 568/560/241 567/561/250
f 556/572/149 557/573/147 569/557/230
f 556/572/149 569/557/230 568/556/241
f 557/573/147 558/574/148 570/558/242
f 557/573/147 570/558/242 569/557/230
f 558/574/148 559/575/150 571/559/251
f 558/574/148 571/559/251 570/558/242
f 559/576/150 560/577/152 572/562/260
f 559/576/150 572/562/260 571/561/251
f 560/577/152 561/578/154 573/563/269
f 560/577/152 573/563/269 572/562/260
f 561/575/154 562/574/156 574/558/278
f 561/575/154 574/558/278 573/559/269
f 562/574/156 551/573/158 563/557/288
f 562/574/156 563/557/288 574/558/278
f 563/557/288 564/556/277 576/546/368
f 563/557/288 576/546/368 575/547/370
f 564/556/277 565/555/268 577/545/366
f 564/564/277 577/553/366 576/554/368
f 565/563/268 566/562/259 578/552/364
f 565/563/268 578/552/364 577/553/366
f 566/562/259 567/561/250 579/551/362
f 566/562/259 579/551/362 578/552/364
f 567/561/250 568/560/241 580/550/360
f 567/555/250 580/546/360 579/545/362
f 568/556/241 569/557/230 581/547/359
f 568/556/241 581/547/359 580/546/360
f 569/557/230 570/558/242 582/548/361
f 569/557/230 582/548/361 581/547/359
f 570/558/242 571/559/251 583/549/363
f 570/558/242 583/549/363 582/548/361
f 571/561/251 572/562/260 584/552/365
f 571/561/251 584/552/365 583/551/363
f 572/562/260 573/563/269 585/553/367
f 572/562/260 585/553/367 584/552/365
f 573/559/269 574/558/278 586/548/369
f 573/559/269 586/548/369 585/549/367
f 574/558/278 563/557/288 575/547/370
f 574/558/278 575/547/370 586/548/369
f 575/547/370 576/546/368 588/519/302
f 575/547/370 588/519/302 587/521/304
f 576/554/368 577/553/366 589/543/300
f 576/554/368 589/543/300 588/544/302
f 577/553/366 578/552/364 590/542/298
f 577/553/366 590/542/298 589/543/300
f 578/552/364 579/551/362 591/540/296
f 578/552/364 591/540/296 590/542/298
f 579/545/362 580/546/360 592/519/294
f 579/545/362 592/519/294 591/518/296
f 580/546/360 581/547/359 593/521/293
f 580/546/360 593/521/293 592/519/294
f 581/547/359 582/548/361 594/523/295
f 581/547/359 594/523/295 593/521/293
f 582/548/361 583/549/363 595/524/297
f 582/548/361 595/524/297 594/523/295
f 583/551/363 584/552/365 596/542/299
f 583/551/363 596/542/299 595/540/297
f 584/552/365 585/553/367 597/543/301
f 584/552/365 597/543/301 596/542/299
f 585/549/367 586/548/369 598/523/303
f 585/549/367 598/523/303 597/524/301
f 586/548/369 575/547/370 587/521/304
f 586/548/369 587/521/304 598/523/303
f 587/521/304 588/519/302 600/420/277
f 587/521/304 600/420/277 599/423/288
f 588/544/302 589/543/300 601/453/268
f 588/544/302 601/453/268 600/454/277
f 589/543/300 590/542/298 602/452/259
f 589/543/300 602/452/259 601/453/268
f 590/542/298 591/540/296 603/450/250
f 590/542/298 603/450/250 602/452/259
f 591/518/296 592/519/294 604/420/241
f 591/518/296 604/420/241 603/419/250
f 592/519/294 593/521/293 605/423/230
f 592/519/294 605/423/230 604/420/241
f 593/521/293 594/523/295 606/425/242
f 593/521/293 606/425/242 605/423/230
f 594/523/295 595/524/297 607/426/251
f 594/523/295 607/426/251 606/425/242
f 595/540/297 596/542/299 608/452/260
f 595/540/297 608/452/260 607/450/251
f 596/542/299 597/543/301 609/453/269
f 596/542/299 609/453/269 608/452/260
f 597/524/301 598/523/303 610/425/278
f 597/524/301 610/425/278 609/426/269
f 598/523/303 587/521/304 599/423/288
f 598/523/303 599/423/288 610/425/278
f 599/423/288 600/420/277 612/327/223
f 599/423/288 612/327/223 611/329/224
f 600/454/277 601/453/268 613/351/221
f 600/454/277 613/351/221 612/352/223
f 601/453/268 602/452/259 614/350/219
f 601/453/268 614/350/219 613/351/221
f 602/452/259 603/450/250 615/348/217
f 602/452/259 615/348/217 614/350/219
f 603/419/250 604/420/241 616/327/215
f 603/419/250 616/327/215 615/326/217
f 604/420/241 605/423/230 617/329/213
f 604/420/241 617/329/213 616/327/215
f 605/423/230 606/425/242 618/331/214
f 605/423/230 618/331/214 617/329/213
f 606/425/242 607/426/251 619/332/216
f 606/425/242 619/332/216 618/331/214
f 607/450/251 608/452/260 620/350/218
f 607/450/251 620/350/218 619/348/216
f 608/452/260 609/453/269 621/351/220
f 608/452/260 621/351/220 620/350/218
f 609/426/269 610/425/278 622/331/222
f 609/426/269 622/331/222 621/332/220
f 610/425/278 599/423/288 611/329/224
f 610/425/278 611/329/224 622/331/222
f 611/329/224 612/327/223 624/304/157
f 611/329/224 624/304/157 623/305/158
f 612/352/223 613/351/221 625/310/155
f 612/352/223 625/310/155 624/311/157
f 613/351/221 614/350/219 626/309/153
f 613/351/221 626/309/153 625/310/155
f 614/350/219 615/348/217 627/308/151
f 614/350/219 627/308/151 626/309/153
f 615/326/217 616/327/215 628/304/149
f 615/326/217 628/304/149 627/303/151
f 616/327/215 617/329/213 629/305/147
f 616/327/215 629/305/147 628/304/149
f 617/329/213 618/331/214 630/306/148
f 617/329/213 630/306/148 629/305/147
f 618/331/214 619/332/216 631/307/150
f 618/331/214 631/307/150 630/306/148
f 619/348/216 620/350/218 632/309/152
f 619/348/216 632/309/152 631/308/150
f 620/350/218 621/351/220 633/310/154
f 620/350/218 633/310/154 632/309/152
f 621/332/220 622/331/222 634/306/156
f 621/332/220 634/306/156 633/307/154
f 622/331/222 611/329/224 623/305/158
f 622/331/222 623/305/158 634/306/156
f 623/305/158 624/304/157 636/289/277
f 623/305/158 636/289/277 635/290/288
f 624/311/157 625/310/155 637/296/268
f 624/304/157 637/288/268 636/289/277
f 625/310/155 626/309/153 638/295/259
f 625/310/155 638/295/259 637/296/268
f 626/309/153 627/308/151 639/294/250
f 626/309/153 639/294/250 638/295/259
f 627/303/151 628/304/149 640/289/241
f 627/308/151 640/293/241 639/294/250
f 628/304/149 629/305/147 641/290/230
f 628/304/149 641/290/230 640/289/241
f 629/305/147 630/306/148 642/291/242
f 629/305/147 642/291/242 641/290/230
f 630/306/148 631/307/150 643/292/251
f 630/306/148 643/292/251 642/291/242
f 631/308/150 632/309/152 644/295/260
f 631/308/150 644/295/260 643/294/251
f 632/309/152 633/310/154 645/296/269
f 632/309/152 645/296/269 644/295/260
f 633/307/154 634/306/156 646/291/278
f 633/307/154 646/291/278 645/292/269
f 634/306/156 623/305/158 635/290/288
f 634/306/156 635/290/288 646/291/278
f 635/290/288 636/289/277 648/263/368
f 635/290/288 648/263/368 647/264/370
f 636/289/277 637/288/268 649/262/366
f 636/297/277 649/270/366 648/271/368
f 637/296/268 638/295/259 650/269/364
f 637/296/268 650/269/364 649/270/366
f 638/295/259 639/294/250 651/268/362
f 638/295/259 651/268/362 650/269/364
f 639/294/250 640/293/241 652/267/360
f 639/288/250 652/263/360 651/262/362
f 640/289/241 641/290/230 653/264/359
f 640/289/241 653/264/359 652/263/360
f 641/290/230 642/291/242 654/265/361
f 641/290/230 654/265/361 653/264/359
f 642/291/242 643/292/251 655/266/363
f 642/291/242 655/266/363 654/265/361
f 643/294/251 644/295/260 656/269/365
f 643/294/251 656/269/365 655/268/363
f 644/295/260 645/296/269 657/270/367
f 644/295/260 657/270/367 656/269/365
f 645/292/269 646/291/278 658/265/369
f 645/292/269 658/265/369 657/266/367
f 646/291/278 635/290/288 647/264/370
f 646/291/278 647/264/370 658/265/369
f 647/264/370 648/263/368 660/203/315
f 647/264/370 660/203/315 659/205/317
f 648/271/368 649/270/366 661/229/313
f 648/271/368 661/229/313 660/230/315
f 649/270/366 650/269/364 662/228/311
f 649/270/366 662/228/311 661/229/313
f 650/269/364 651/268/362 663/226/309
f 650/269/364 663/226/309 662/228/311
f 651/262/362 652/263/360 664/203/307
f 651/262/362 664/203/307 663/201/309
f 652/263/360 653/264/359 665/205/306
f 652/263/360 665/205/306 664/203/307
f 653/264/359 654/265/361 666/208/308
f 653/264/359 666/208/308 665/205/306
f 654/265/361 655/266/363 667/209/310
f 654/265/361 667/209/310 666/208/308
f 655/268/363 656/269/365 668/228/312
f 655/268/363 668/228/312 667/226/310
f 656/269/365 657/270/367 669/229/314
f 656/269/365 669/229/314 668/228/312
f 657/266/367 658/265/369 670/208/316
f 657/266/367 670/208/316 669/209/314
f 658/265/369 647/264/370 659/205/317
f 658/265/369 659/205/317 670/208/316
f 659/205/317 660/203/315 672/118/144
f 659/205/317 672/118/144 671/119/145
f 660/230/315 661/229/313 673/125/142
f 660/230/315 673/125/142 672/126/144
f 661/229/313 662/228/311 674/124/140
f 661/229/313 674/124/140 673/125/142
f 662/228/311 663/226/309 675/123/138
f 662/228/311 675/123/138 674/124/140
f 663/201/309 664/203/307 676/118/136
f 663/201/309 676/118/136 675/117/138
f 664/203/307 665/205/306 677/119/134
f 664/203/307 677/119/134 676/118/136
f 665/205/306 666/208/308 678/120/135
f 665/205/306 678/120/135 677/119/134
f 666/208/308 667/209/310 679/122/137
f 666/208/308 679/122/137 678/120/135
f 667/226/310 668/228/312 680/124/139
f 667/226/310 680/124/139 679/123/137
f 668/228/312 669/229/314 681/125/141
f 668/228/312 681/125/141 680/124/139
f 669/209/314 670/208/316 682/120/143
f 669/209/314 682/120/143 681/122/141
f 670/208/316 659/205/317 671/119/145
f 670/208/316 671/119/145 682/120/143
f 671/119/145 672/118/144 684/46/84
f 671/119/145 684/46/84 683/47/85
f 672/126/144 673/125/142 685/53/82
f 672/126/144 685/53/82 684/54/84
f 673/125/142 674/124/140 686/52/80
f 673/125/142 686/52/80 685/53/82
f 674/124/140 675/123/138 687/51/78
f 674/124/140 687/51/78 686/52/80
f 675/117/138 676/118/136 688/46/76
f 675/123/138 688/50/76 687/51/78
f 676/118/136 677/119/134 689/47/74
f 676/118/136 689/47/74 688/46/76
f 677/119/134 678/120/135 690/48/75
f 677/119/134 690/48/75 689/47/74
f 678/120/135 679/122/137 691/49/77
f 678/120/135 691/49/77 690/48/75
f 679/123/137 680/124/139 692/52/79
f 679/123/137 692/52/79 691/51/77
f 680/124/139 681/125/141 693/53/81
f 680/124/139 693/53/81 692/52/79
f 681/122/141 682/120/143 694/48/83
f 681/125/141 694/54/83 693/53/81
f 682/120/143 671/119/145 683/47/85
f 682/120/143 683/47/85 694/48/83
f 683/376/85 684/316/84 696/358/48
f 683/376/85 696/358/48 695/375/49
f 684/316/84 685/302/82 697/314/46
f 684/316/84 697/314/46 696/358/48
f 685/302/82 686/300/80 698/312/44
f 685/302/82 698/312/44 697/314/46
f 686/300/80 687/301/78 699/313/42
f 686/300/80 699/313/42 698/312/44
f 687/301/78 688/315/76 700/357/40
f 687/301/78 700/357/40 699/313/42
f 688/315/76 689/370/74 701/371/38
f 688/315/76 701/371/38 700/357/40
f 689/370/74 690/402/75 702/390/39
f 689/370/74 702/390/39 701/371/38
f 690/402/75 691/407/77 703/404/41
f 690/402/75 703/404/41 702/390/39
f 691/407/77 692/456/79 704/406/43
f 691/407/77 704/406/43 703/404/41
f 692/456/79 693/408/81 705/405/45
f 692/456/79 705/405/45 704/406/43
f 693/408/81 694/403/83 706/391/47
f 693/408/81 706/391/47 705/405/45
f 694/403/83 683/376/85 695/375/49
f 694/403/83 695/375/49 706/391/47
f 695/375/49 696/358/48 708/369/24
f 695/375/49 708/369/24 707/374/25
f 696/358/48 697/314/46 709/363/22
f 696/358/48 709/363/22 708/369/24
f 697/314/46 698/312/44 710/359/20
f 697/314/46 710/359/20 709/363/22
f 698/312/44 699/313/42 711/362/18
f 698/312/44 711/362/18 710/359/20
f 699/313/42 700/357/40 712/368/16
f 699/313/42 712/368/16 711/362/18
f 700/357/40 701/371/38 713/372/14
f 700/357/40 713/372/14 712/368/16
f 701/371/38 702/390/39 714/377/15
f 701/371/38 714/377/15 713/372/14
f 702/390/39 703/404/41 715/379/17
f 702/390/39 715/379/17 714/377/15
f 703/404/41 704/406/43 716/389/19
f 703/404/41 716/389/19 715/379/17
f 704/406/43 705/405/45 717/380/21
f 704/406/43 717/380/21 716/389/19
f 705/405/45 706/391/47 718/378/23
f 705/405/45 718/378/23 717/380/21
f 706/391/47 695/375/49 707/374/25
f 706/391/47 707/374/25 718/378/23
f 719/373/516 492/369/501 491/374/503
f 719/373/516 493/363/499 492/369/501
f 719/373/516 494/359/497 493/363/499
f 719/373/516 495/362/495 494/359/497
f 719/373/516 496/368/493 495/362/495
f 719/373/516 497/372/492 496/368/493
f 719/373/516 498/377/494 497/372/492
f 719/373/516 499/379/496 498/377/494
f 719/373/516 500/389/498 499/379/496
f 719/373/516 501/380/500 500/389/498
f 719/373/516 502/378/502 501/380/500
f 719/373/516 491/374/503 502/378/502
f 720/373/1 707/374/25 708/369/24
f 720/373/1 708/369/24 709/363/22
f 720/373/1 709/363/22 710/359/20
f 720/373/1 710/359/20 711/362/18
f 720/373/1 711/362/18 712/368/16
f 720/373/1 712/368/16 713/372/14
f 720/373/1 713/372/14 714/377/15
f 720/373/1 714/377/15 715/379/17
f 720/373/1 715/379/17 716/389/19
f 720/373/1 716/389/19 717/380/21
f 720/373/1 717/380/21 718/378/23
f 720/373/1 718/378/23 707/374/25
f 722/30/516 724/34/516 721/58/516
f 725/396/234 722/474/234 721/476/234
f 721/58/516 724/34/516 723/80/516
f 723/480/258 725/398/258 721/478/258
f 722/479/261 728/401/261 724/481/261
f 726/394/234 722/474/234 725/396/234
f 726/399/261 728/401/261 722/479/261
f 724/475/284 728/395/284 723/477/284
f 727/400/258 725/398/258 723/480/258
f 723/477/284 728/395/284 727/397/284
f 727/80/1 726/30/1 725/58/1
f 728/34/1 726/30/1 727/80/1
f 730/10/516 732/27/516 729/59/516
f 733/383/234 730/489/234 729/491/234
f 729/59/516 732/27/516 731/64/516
f 731/495/258 733/385/258 729/493/258
f 730/494/261 736/388/261 732/496/261
f 734/381/234 730/489/234 733/383/234
f 734/386/261 736/388/261 730/494/261
f 732/490/284 736/382/284 731/492/284
f 735/387/258 733/385/258 731/495/258
f 731/492/284 736/382/284 735/384/284
f 735/64/1 734/10/1 733/59/1
f 736/27/1 734/10/1 735/64/1
