# Blender 5.0.1
# www.blender.org
o BagE_lp
v -0.074841 -0.148892 -0.019920
v -0.069663 -0.149415 -0.014181
v -0.072570 -0.147580 -0.009088
v -0.067872 -0.147382 -0.009869
v -0.072570 -0.147580 -0.009088
v -0.069028 -0.148008 -0.010386
v -0.067775 -0.149489 -0.012358
v -0.069155 -0.149117 -0.012051
v -0.069064 -0.147406 -0.015217
v -0.068789 -0.150316 -0.016425
v -0.078165 -0.146438 -0.011251
v -0.077615 -0.147093 -0.014687
v -0.078217 -0.146359 -0.011114
v -0.075420 -0.140545 -0.009165
v -0.075292 -0.139739 -0.008472
v -0.067042 -0.148163 -0.009468
v -0.064700 -0.150062 -0.009042
v -0.065285 -0.149767 -0.009074
v -0.067121 -0.149881 -0.012740
v -0.068210 -0.149844 -0.014146
v -0.067536 -0.149273 -0.019332
v -0.068080 -0.150834 -0.016300
v -0.077126 -0.147931 -0.019804
v -0.077126 -0.147931 -0.019804
v -0.082124 -0.152339 -0.019130
v -0.080328 -0.146520 -0.016062
v -0.079831 -0.146390 -0.018764
v -0.079828 -0.146371 -0.014887
v -0.079752 -0.146218 -0.015151
v -0.080598 -0.146003 -0.016506
v -0.078232 -0.146254 -0.011734
v -0.078123 -0.146342 -0.011569
v -0.078135 -0.146346 -0.011600
v -0.078232 -0.146254 -0.011734
v -0.076245 -0.142666 -0.010603
v -0.075975 -0.143202 -0.010320
v -0.075975 -0.143202 -0.010320
v -0.075624 -0.139855 -0.010446
v -0.042201 -0.146366 -0.009009
v -0.064693 -0.151550 -0.020063
v -0.065771 -0.148311 -0.019881
v -0.072520 -0.149847 -0.022517
v -0.072355 -0.149761 -0.022681
v -0.080101 -0.147941 -0.026841
v -0.077901 -0.148404 -0.025848
v -0.081883 -0.151880 -0.024519
v -0.073924 -0.140102 -0.013646
v -0.077730 -0.139519 -0.013502
v -0.078957 -0.144797 -0.013996
v -0.078864 -0.139736 -0.018178
v -0.077636 -0.143323 -0.023153
v -0.077006 -0.141113 -0.024424
v -0.078473 -0.141403 -0.024908
v -0.047242 -0.154197 -0.009395
v -0.068379 -0.151071 -0.026328
v -0.068462 -0.151392 -0.026329
v -0.080373 -0.147910 -0.028067
v -0.080637 -0.147286 -0.026069
v -0.079379 -0.141703 -0.024796
v -0.080309 -0.141213 -0.024830
v -0.079462 -0.140945 -0.030347
v -0.079419 -0.141802 -0.029805
v -0.081302 -0.149086 -0.042637
v -0.079456 -0.141691 -0.038122
v -0.029656 -0.158219 -0.087966
v -0.077318 -0.152241 -0.055476
v -0.077737 -0.152997 -0.056256
v -0.080982 -0.150051 -0.045374
v -0.080869 -0.149927 -0.045516
v -0.036921 -0.146997 -0.009043
v -0.079686 -0.151120 -0.056878
v -0.080891 -0.150019 -0.056134
v -0.081523 -0.149466 -0.054676
v -0.066465 -0.150708 -0.083052
v -0.032110 -0.147668 -0.009020
v -0.037734 -0.155895 -0.009035
v -0.070953 -0.158570 -0.087328
v -0.081760 -0.151585 -0.062439
v -0.081157 -0.151804 -0.060579
v -0.081198 -0.152184 -0.061907
v -0.079068 -0.146600 -0.077322
v -0.077824 -0.147630 -0.083579
v -0.020961 -0.158768 -0.008755
v -0.027652 -0.157337 -0.009037
v -0.034411 -0.156497 -0.009015
v -0.032207 -0.156807 -0.009038
v -0.022516 -0.169238 -0.087245
v -0.071664 -0.158073 -0.087108
v -0.073552 -0.156819 -0.081783
v -0.076860 -0.157403 -0.084889
v -0.077782 -0.154351 -0.072733
v -0.077782 -0.154351 -0.072733
v -0.080182 -0.152927 -0.070738
v -0.081068 -0.152492 -0.066205
v -0.080673 -0.153192 -0.072139
v -0.081571 -0.152962 -0.072135
v 0.008635 -0.151077 -0.009111
v -0.018320 -0.149402 -0.009043
v -0.018336 -0.149539 -0.009085
v -0.020794 -0.158179 -0.009747
v -0.019129 -0.156728 -0.011723
v -0.021654 -0.158443 -0.009038
v -0.017006 -0.159384 -0.014813
v -0.060593 -0.152287 -0.087984
v -0.064636 -0.151744 -0.088109
v -0.063589 -0.152236 -0.087458
v -0.066653 -0.151197 -0.087060
v -0.075471 -0.152431 -0.085439
v -0.075832 -0.148424 -0.082720
v -0.076118 -0.156150 -0.084945
v -0.076567 -0.155931 -0.083190
v -0.077596 -0.155845 -0.083918
v -0.081729 -0.153850 -0.073574
v -0.076495 -0.149633 -0.085533
v -0.015191 -0.156559 -0.009114
v -0.015191 -0.156559 -0.009114
v -0.016978 -0.159304 -0.014850
v -0.066394 -0.150393 -0.083077
v -0.066394 -0.150393 -0.083077
v -0.068299 -0.150287 -0.087645
v -0.073812 -0.148897 -0.086281
v -0.072926 -0.148548 -0.082750
v -0.076093 -0.148248 -0.084437
v -0.016915 -0.158667 -0.088055
v -0.008142 -0.158689 -0.010087
v -0.007552 -0.159057 -0.008901
v -0.049024 -0.164282 -0.087450
v 0.025104 -0.149444 -0.009216
v -0.012489 -0.170000 -0.087231
v 0.007994 -0.158462 -0.009124
v -0.000519 -0.157563 -0.008559
v -0.000311 -0.157657 -0.009232
v -0.000093 -0.156534 -0.009158
v 0.038621 -0.156824 -0.087307
v 0.002823 -0.159744 -0.009552
v 0.002870 -0.158411 -0.009846
v 0.002387 -0.158803 -0.010255
v 0.020363 -0.158618 -0.088031
v 0.020700 -0.158829 -0.087870
v 0.027411 -0.156991 -0.009044
v 0.021944 -0.157973 -0.009409
v 0.023462 -0.157996 -0.009078
v 0.021233 -0.158301 -0.009639
v 0.017716 -0.157981 -0.009097
v 0.029246 -0.168547 -0.087267
v 0.018873 -0.169524 -0.087262
v 0.042247 -0.154245 -0.009000
v 0.019806 -0.159012 -0.086865
v 0.034648 -0.156565 -0.086152
v 0.034648 -0.156565 -0.086152
v 0.047822 -0.154376 -0.009141
v 0.042954 -0.155206 -0.009182
v 0.036483 -0.156417 -0.013649
v 0.036525 -0.157048 -0.013305
v 0.043119 -0.166136 -0.087455
v 0.039824 -0.162302 -0.087596
v 0.039824 -0.162302 -0.087596
v 0.039824 -0.162302 -0.087596
v 0.041517 -0.155735 -0.087944
v 0.041520 -0.155725 -0.087951
v 0.077160 -0.141597 -0.024407
v 0.074322 -0.158307 -0.087384
v 0.054064 -0.163387 -0.087400
v 0.069733 -0.150982 -0.087417
v 0.069526 -0.150694 -0.087884
v 0.072787 -0.150000 -0.085960
v 0.069732 -0.148961 -0.008806
v 0.071260 -0.149030 -0.009815
v 0.057614 -0.162543 -0.087438
v 0.061486 -0.161588 -0.087439
v 0.061486 -0.161588 -0.087439
v 0.070641 -0.150484 -0.086806
v 0.081302 -0.141360 -0.032463
v 0.077129 -0.141449 -0.024422
v 0.077129 -0.141449 -0.024422
v 0.074372 -0.140412 -0.009085
v 0.071522 -0.148625 -0.008923
v 0.065078 -0.151875 -0.020564
v 0.074779 -0.157822 -0.087131
v 0.072334 -0.150651 -0.087597
v 0.072300 -0.153402 -0.087377
v 0.072300 -0.153402 -0.087377
v 0.072467 -0.150338 -0.086645
v 0.081683 -0.147293 -0.078004
v 0.081469 -0.144434 -0.060764
v 0.081469 -0.141485 -0.025545
v 0.081330 -0.141461 -0.032463
v 0.081597 -0.142165 -0.024961
v 0.081597 -0.142165 -0.024961
v 0.080958 -0.139838 -0.018738
v 0.075907 -0.140269 -0.013515
v 0.081416 -0.140607 -0.017789
v 0.075140 -0.140266 -0.012764
v 0.076609 -0.140094 -0.010392
v 0.076277 -0.140061 -0.009240
v 0.072801 -0.141129 -0.015908
v 0.071364 -0.146286 -0.016817
v 0.074383 -0.140380 -0.009138
v 0.075400 -0.156890 -0.086562
v 0.075795 -0.156821 -0.081844
v 0.076507 -0.156733 -0.086105
v 0.074396 -0.150236 -0.087342
v 0.079092 -0.147614 -0.083231
v 0.079039 -0.147743 -0.083236
v 0.081915 -0.146223 -0.071240
v 0.081432 -0.147029 -0.073512
v 0.078424 -0.145926 -0.065476
v 0.079811 -0.145708 -0.065894
v 0.078424 -0.145926 -0.065476
v 0.080439 -0.145713 -0.067382
v 0.082278 -0.148283 -0.036463
v 0.081888 -0.148416 -0.034685
v 0.081878 -0.148299 -0.034102
v 0.083186 -0.147014 -0.020972
v 0.082980 -0.147670 -0.027089
v 0.083298 -0.146781 -0.019977
v 0.079937 -0.139543 -0.014326
v 0.078091 -0.139649 -0.011090
v 0.078933 -0.140130 -0.012093
v 0.077467 -0.143037 -0.009818
v 0.076697 -0.147374 -0.009530
v 0.077774 -0.146731 -0.009775
v 0.075990 -0.147335 -0.009900
v 0.071556 -0.150009 -0.018804
v 0.071755 -0.150359 -0.018510
v 0.071271 -0.150685 -0.018610
v 0.071405 -0.150412 -0.021936
v 0.076985 -0.157550 -0.085961
v 0.076858 -0.156696 -0.083408
v 0.076858 -0.156696 -0.083408
v 0.079251 -0.156150 -0.084386
v 0.082551 -0.154253 -0.078843
v 0.083204 -0.153318 -0.073533
v 0.083135 -0.152750 -0.067348
v 0.081400 -0.145081 -0.061775
v 0.081452 -0.144595 -0.061162
v 0.081525 -0.145385 -0.062186
v 0.083332 -0.149178 -0.039968
v 0.082891 -0.149185 -0.038742
v 0.080704 -0.149305 -0.034354
v 0.079208 -0.143111 -0.011716
v 0.079513 -0.146319 -0.010869
v 0.083165 -0.152215 -0.063457
v 0.081291 -0.145238 -0.013226
v 0.078840 -0.146086 -0.011062
v -0.126888 0.078161 -0.092012
v -0.126730 0.077697 -0.091961
v -0.135281 0.051976 -0.092644
v -0.128248 0.083336 -0.091404
v -0.127843 0.083186 -0.090681
v -0.091004 0.132311 -0.092929
v -0.119541 0.089359 -0.093552
v -0.119875 0.089310 -0.093011
v -0.121088 0.089968 -0.096099
v -0.123121 0.092314 -0.091385
v -0.123362 0.091745 -0.091735
v -0.122490 0.090554 -0.089649
v -0.123362 0.091745 -0.091735
v -0.123456 0.092395 -0.091137
v -0.125411 0.089732 -0.090216
v -0.126440 0.088725 -0.089407
v -0.126440 0.088725 -0.089407
v -0.126440 0.088725 -0.089407
v -0.129343 0.083462 -0.088498
v -0.129343 0.083462 -0.088498
v -0.133588 0.078671 -0.085787
v -0.134010 0.056726 -0.092086
v -0.073794 0.134477 -0.093819
v -0.123192 0.093965 -0.090407
v -0.123192 0.093965 -0.090407
v -0.123192 0.093965 -0.090407
v -0.127848 0.092746 -0.084915
v -0.127848 0.092746 -0.084915
v -0.128423 0.090279 -0.084378
v -0.130070 0.087365 -0.084257
v -0.130070 0.087365 -0.084257
v -0.133934 0.074233 -0.086241
v -0.133621 0.056706 -0.091773
v -0.116325 0.102502 -0.089240
v -0.117865 0.104003 -0.092202
v -0.124776 0.098483 -0.084121
v -0.124776 0.098483 -0.084121
v -0.136299 0.077783 -0.083643
v -0.134766 0.077158 -0.082817
v -0.134238 0.068241 -0.088596
v -0.133668 0.069207 -0.088844
v -0.134630 0.051502 -0.091460
v -0.138064 0.038272 -0.092045
v -0.137178 0.001438 -0.092021
v -0.123660 -0.026685 -0.093828
v -0.108390 0.116835 -0.090431
v -0.108364 0.116924 -0.090391
v -0.113563 0.111890 -0.089374
v -0.112939 0.112981 -0.088560
v -0.117037 0.110690 -0.086152
v -0.115978 0.109057 -0.084185
v -0.117037 0.110690 -0.086152
v -0.117417 0.110686 -0.085627
v -0.122492 0.108118 -0.075483
v -0.138869 0.060375 -0.085391
v -0.136712 0.064531 -0.086900
v -0.137130 0.064648 -0.086763
v -0.138009 0.034745 -0.090661
v -0.112063 0.113782 -0.088903
v -0.113586 0.115675 -0.084158
v -0.112482 0.116381 -0.085631
v -0.113586 0.115675 -0.084158
v -0.116975 0.112650 -0.079282
v -0.116975 0.112650 -0.079282
v -0.120513 0.107591 -0.075528
v -0.136796 0.068876 -0.059146
v -0.139385 0.059397 -0.085924
v -0.138142 0.046669 -0.089342
v -0.137311 0.046436 -0.088811
v -0.137847 0.029341 -0.091985
v -0.138511 0.025943 -0.091602
v -0.138310 0.011901 -0.091851
v -0.138736 0.014545 -0.091103
v -0.137247 0.001319 -0.091899
v -0.137223 0.004591 -0.090270
v -0.137622 0.004960 -0.091108
v -0.137439 -0.001988 -0.093580
v -0.134080 -0.011014 -0.089123
v -0.133388 -0.023445 -0.091994
v -0.111212 0.117855 -0.085485
v -0.113692 0.117180 -0.085362
v -0.116061 0.113608 -0.070475
v -0.115521 0.113263 -0.070544
v -0.141498 0.047822 -0.083816
v -0.141935 0.047469 -0.083944
v -0.140179 0.038890 -0.088629
v -0.140179 0.038890 -0.088629
v -0.138693 -0.010436 -0.091103
v -0.138042 -0.006941 -0.089512
v -0.138042 -0.006941 -0.089512
v -0.138042 -0.006941 -0.089512
v -0.132895 -0.023920 -0.091407
v -0.128950 -0.032477 -0.092410
v -0.129268 -0.033107 -0.092831
v -0.125895 -0.041056 -0.092393
v -0.122549 -0.052534 -0.092810
v -0.073530 0.139736 -0.092883
v -0.086378 0.132514 -0.091030
v -0.093129 0.131001 -0.091294
v -0.101639 0.128169 -0.086410
v -0.096160 0.127052 -0.086082
v -0.115397 0.110376 -0.057126
v -0.115316 0.110377 -0.057123
v -0.112292 0.110399 -0.040190
v -0.145914 0.012417 -0.067432
v -0.143854 0.028399 -0.086089
v -0.143425 0.028006 -0.085849
v -0.143902 0.012983 -0.082626
v -0.144222 0.013222 -0.082830
v -0.141581 -0.006836 -0.085690
v -0.141328 -0.006841 -0.085679
v -0.141436 -0.006791 -0.085836
v -0.140181 -0.015441 -0.083728
v -0.141358 -0.015423 -0.083882
v -0.135255 -0.029235 -0.087945
v -0.136708 -0.028300 -0.088087
v -0.129560 -0.032698 -0.092330
v -0.129338 -0.037449 -0.090858
v -0.129338 -0.037449 -0.090858
v -0.129698 -0.039973 -0.093756
v -0.125916 -0.041084 -0.092492
v -0.128092 -0.046709 -0.092907
v -0.123232 -0.049646 -0.092364
v -0.108209 -0.074030 -0.092083
v -0.066189 -0.105937 -0.093003
v -0.052206 -0.109900 -0.093519
v -0.037684 0.151308 -0.093736
v -0.059995 0.144347 -0.093623
v -0.061520 0.149511 -0.091157
v -0.067158 0.146703 -0.092692
v -0.071454 0.145125 -0.091357
v -0.072936 0.144548 -0.090989
v -0.074028 0.144313 -0.090427
v -0.074049 0.144713 -0.090758
v -0.083165 0.136608 -0.091863
v -0.079854 0.140025 -0.091652
v -0.081138 0.139711 -0.090781
v -0.083666 0.136763 -0.091671
v -0.082304 0.136238 -0.092317
v -0.087803 0.138200 -0.089871
v -0.088753 0.139401 -0.090238
v -0.093675 0.135458 -0.085277
v -0.093675 0.135458 -0.085277
v -0.088991 0.139350 -0.082316
v -0.097648 0.130676 -0.087435
v -0.097648 0.130676 -0.087435
v -0.093753 0.137993 -0.066228
v -0.113782 0.109766 -0.044916
v -0.138513 0.033393 -0.037814
v -0.129479 -0.049692 -0.083730
v -0.127503 -0.044370 -0.089722
v -0.129321 -0.049201 -0.084148
v -0.122833 -0.052377 -0.092760
v -0.119127 -0.058899 -0.091480
v -0.123842 -0.057106 -0.093149
v -0.120637 -0.054476 -0.089544
v -0.113322 -0.067561 -0.091879
v -0.113322 -0.067561 -0.091879
v -0.106698 -0.076969 -0.091612
v -0.098749 -0.084766 -0.092013
v -0.076827 -0.098479 -0.092861
v -0.051042 0.151691 -0.092718
v -0.050831 0.151718 -0.092476
v -0.050477 0.153993 -0.091205
v -0.059915 0.149983 -0.091014
v -0.066453 0.150971 -0.089900
v -0.062960 0.151880 -0.088198
v -0.062960 0.151880 -0.088198
v -0.067170 0.149575 -0.088712
v -0.069292 0.151741 -0.085515
v -0.078590 0.144677 -0.088618
v -0.076589 0.145579 -0.087401
v -0.076666 0.146216 -0.086696
v -0.082463 0.140403 -0.089141
v -0.082463 0.140403 -0.089141
v -0.082463 0.140403 -0.089141
v -0.080417 0.141069 -0.081710
v -0.084873 0.142656 -0.086012
v -0.084636 0.142174 -0.085711
v -0.089366 0.139592 -0.082141
v -0.110863 0.110696 -0.037979
v -0.137408 -0.028867 -0.064789
v -0.125770 -0.057260 -0.088384
v -0.122717 -0.059435 -0.086547
v -0.112725 -0.073066 -0.088897
v -0.112647 -0.072958 -0.088836
v -0.103833 -0.085697 -0.092089
v -0.106651 -0.077926 -0.090920
v -0.101484 -0.084661 -0.089458
v -0.088842 -0.088731 -0.093070
v -0.081120 -0.099192 -0.090045
v -0.082656 -0.097168 -0.091853
v -0.086616 -0.097935 -0.094508
v -0.079029 -0.099636 -0.091412
v -0.076818 -0.098463 -0.092807
v -0.071815 -0.104717 -0.091301
v -0.071630 -0.103851 -0.090808
v -0.070658 -0.104825 -0.092088
v -0.068834 -0.104067 -0.090782
v -0.058937 -0.109651 -0.091937
v -0.052257 -0.109873 -0.093202
v 0.014770 -0.118949 -0.092970
v -0.049757 0.154733 -0.091959
v -0.048803 0.154674 -0.091482
v -0.052703 0.155485 -0.088928
v -0.056293 0.157163 -0.091244
v -0.052703 0.155485 -0.088928
v -0.056858 0.153883 -0.088850
v -0.059820 0.155564 -0.085574
v -0.059820 0.155564 -0.085574
v -0.059820 0.155564 -0.085574
v -0.060920 0.155048 -0.084657
v -0.062093 0.150667 -0.080744
v -0.062192 0.154874 -0.082274
v -0.066337 0.152709 -0.084489
v -0.080461 0.145075 -0.083967
v -0.080461 0.145075 -0.083967
v -0.110343 0.104822 -0.021910
v -0.110316 0.104803 -0.021912
v -0.122242 -0.067376 -0.084510
v -0.120940 -0.067395 -0.085454
v -0.100502 -0.083747 -0.090115
v -0.095819 -0.086102 -0.092047
v -0.095886 -0.086141 -0.091861
v -0.095850 -0.087578 -0.090761
v -0.090655 -0.091065 -0.090343
v -0.091168 -0.091860 -0.091474
v -0.085691 -0.097342 -0.089250
v -0.085140 -0.095443 -0.088684
v -0.080970 -0.102822 -0.087166
v -0.080970 -0.102822 -0.087166
v -0.080970 -0.102822 -0.087166
v -0.078042 -0.103203 -0.088749
v -0.077426 -0.104616 -0.088971
v -0.076077 -0.104323 -0.088171
v -0.067869 -0.107945 -0.090410
v -0.067845 -0.107840 -0.090306
v -0.057107 -0.111077 -0.091296
v -0.048628 -0.115924 -0.090768
v -0.048650 -0.115858 -0.090629
v -0.038223 -0.116156 -0.092723
v -0.038537 -0.115741 -0.093219
v -0.042875 -0.114855 -0.092646
v -0.000644 0.161784 -0.091385
v -0.025584 0.159025 -0.091970
v -0.028107 0.158915 -0.091786
v -0.030374 0.155869 -0.092705
v -0.030374 0.155869 -0.092705
v -0.033644 0.157970 -0.092262
v -0.033497 0.157707 -0.092192
v -0.038120 0.158860 -0.091345
v -0.038031 0.158620 -0.090655
v -0.044612 0.158790 -0.088069
v -0.044612 0.158790 -0.088069
v -0.044612 0.158790 -0.088069
v -0.049430 0.159529 -0.085679
v -0.049430 0.159529 -0.085679
v -0.052494 0.163432 -0.087706
v -0.049430 0.159529 -0.085679
v -0.054716 0.157871 -0.083755
v -0.062626 0.156075 -0.063845
v -0.112378 0.079277 0.018476
v -0.111591 -0.059861 -0.010336
v -0.090508 -0.101037 -0.069736
v -0.099852 -0.091141 -0.082387
v -0.100165 -0.085565 -0.086005
v -0.101821 -0.087061 -0.087029
v -0.100158 -0.088517 -0.086628
v -0.101821 -0.087061 -0.087029
v -0.098837 -0.087468 -0.089091
v -0.094839 -0.089080 -0.090068
v -0.095431 -0.089968 -0.088887
v -0.090300 -0.095764 -0.089198
v -0.091956 -0.095617 -0.089206
v -0.088039 -0.100749 -0.085694
v -0.086577 -0.100794 -0.084687
v -0.085568 -0.101647 -0.084536
v -0.082318 -0.104436 -0.080654
v -0.082318 -0.104436 -0.080654
v -0.076989 -0.106726 -0.085879
v -0.077931 -0.105457 -0.084556
v -0.078895 -0.105969 -0.084343
v -0.072211 -0.110341 -0.085062
v -0.070485 -0.110727 -0.085292
v -0.069522 -0.110788 -0.085836
v -0.064431 -0.111181 -0.088289
v -0.064330 -0.110668 -0.087504
v -0.064431 -0.111181 -0.088289
v -0.056102 -0.114505 -0.088503
v -0.051702 -0.119292 -0.087116
v -0.052147 -0.119211 -0.087054
v -0.052901 -0.117733 -0.086384
v -0.041008 -0.117007 -0.087011
v -0.042864 -0.119115 -0.088567
v -0.042864 -0.119115 -0.088567
v -0.022080 -0.119682 -0.092297
v 0.002586 -0.120991 -0.092342
v 0.003528 -0.123405 -0.095176
v -0.000684 -0.123108 -0.090917
v 0.017096 -0.123782 -0.090317
v 0.012795 -0.122702 -0.090816
v 0.012795 -0.122702 -0.090816
v 0.014789 -0.118903 -0.092743
v 0.023089 -0.119057 -0.092481
v 0.057851 -0.111397 -0.093192
v 0.103822 -0.075406 -0.093920
v 0.085510 0.123249 -0.093911
v 0.043798 0.154151 -0.093064
v -0.000448 0.161546 -0.091728
v -0.022386 0.160328 -0.092408
v -0.027153 0.162366 -0.088855
v -0.027153 0.162366 -0.088855
v -0.030447 0.159689 -0.090130
v -0.029253 0.160103 -0.090992
v -0.039032 0.161751 -0.086342
v -0.039177 0.162831 -0.086678
v -0.044754 0.161387 -0.081544
v -0.044766 0.161416 -0.081549
v -0.106872 0.108511 -0.019025
v -0.107697 0.109001 -0.018769
v -0.099546 -0.090930 -0.082153
v -0.097000 -0.090107 -0.087321
v -0.099236 -0.089094 -0.086939
v -0.098866 -0.089506 -0.086731
v -0.098023 -0.092389 -0.087331
v -0.097216 -0.090661 -0.086960
v -0.092917 -0.092908 -0.088072
v -0.091566 -0.097337 -0.083468
v -0.087735 -0.095479 -0.081659
v -0.091566 -0.097337 -0.083468
v -0.088394 -0.099148 -0.085867
v -0.087165 -0.101230 -0.080313
v -0.087165 -0.101230 -0.080313
v -0.087165 -0.101230 -0.080313
v -0.089628 -0.100257 -0.070251
v -0.066177 -0.113062 -0.082984
v -0.066177 -0.113062 -0.082984
v -0.066177 -0.113062 -0.082984
v -0.061457 -0.114585 -0.085758
v -0.061457 -0.114585 -0.085758
v -0.056019 -0.117456 -0.082652
v -0.056019 -0.117456 -0.082652
v -0.056019 -0.117456 -0.082652
v -0.062119 -0.116133 -0.068828
v -0.043796 -0.121925 -0.082780
v -0.044066 -0.121590 -0.082726
v -0.042008 -0.121787 -0.084685
v -0.040535 -0.123057 -0.087098
v -0.039938 -0.119495 -0.085140
v -0.041023 -0.122184 -0.085212
v -0.024307 -0.119481 -0.092600
v -0.016450 -0.124437 -0.091486
v -0.017556 -0.123151 -0.089724
v -0.004223 -0.124836 -0.093254
v 0.011368 -0.128282 -0.084685
v 0.017892 -0.123520 -0.089411
v 0.021116 -0.120103 -0.092286
v 0.021116 -0.120103 -0.092286
v 0.023138 -0.119253 -0.092205
v 0.023997 -0.118198 -0.092554
v 0.028039 -0.119886 -0.092220
v 0.028092 -0.119185 -0.092594
v 0.026418 -0.120135 -0.091556
v 0.030736 -0.119127 -0.092194
v 0.039812 -0.115462 -0.092907
v 0.036045 -0.116703 -0.092578
v 0.037815 -0.117450 -0.092009
v 0.040013 -0.114635 -0.093066
v 0.048214 -0.114700 -0.093843
v 0.047674 -0.113782 -0.092966
v 0.127971 -0.045168 -0.093423
v 0.075375 0.137794 -0.093578
v 0.021837 0.160942 -0.091166
v 0.016605 0.164051 -0.089041
v 0.016611 0.164170 -0.089108
v 0.004791 0.164215 -0.089487
v 0.004789 0.164189 -0.089466
v 0.000260 0.165441 -0.084073
v -0.005667 0.166842 -0.086277
v -0.014556 0.167148 -0.084630
v -0.014893 0.169410 -0.084994
v -0.027600 0.165773 -0.083706
v -0.022815 0.166105 -0.086268
v -0.023699 0.165881 -0.084830
v -0.032102 0.166734 -0.086002
v -0.032425 0.164381 -0.085268
v -0.100495 0.105292 0.014615
v -0.108863 0.100649 -0.005653
v -0.123004 0.015826 0.012908
v -0.036831 -0.123736 -0.082113
v -0.037002 -0.124416 -0.082158
v -0.036831 -0.123736 -0.082113
v -0.032154 -0.121841 -0.088452
v -0.032152 -0.121820 -0.088435
v -0.033290 -0.123613 -0.085505
v -0.022169 -0.119476 -0.083278
v -0.020882 -0.125845 -0.086831
v -0.020603 -0.125047 -0.086432
v 0.020785 -0.120688 -0.083648
v 0.019867 -0.126906 -0.084299
v 0.022623 -0.123908 -0.088074
v 0.022623 -0.123908 -0.088074
v 0.026008 -0.121619 -0.090120
v 0.026008 -0.121619 -0.090120
v 0.033523 -0.122955 -0.087277
v 0.033799 -0.123044 -0.087302
v 0.034905 -0.122299 -0.087498
v 0.036516 -0.120790 -0.089159
v 0.036746 -0.120943 -0.089025
v 0.036648 -0.121034 -0.088837
v 0.036648 -0.121034 -0.088837
v 0.043379 -0.117151 -0.091417
v 0.041654 -0.117904 -0.092429
v 0.043916 -0.116117 -0.092357
v 0.046975 -0.115143 -0.093614
v 0.047729 -0.122608 -0.084359
v 0.053649 -0.117905 -0.085152
v 0.054045 -0.113428 -0.092580
v 0.057471 -0.115501 -0.095277
v 0.056720 -0.112111 -0.090998
v 0.058819 -0.112820 -0.094861
v 0.072798 -0.106354 -0.095022
v 0.073832 -0.104509 -0.091401
v 0.072170 -0.104094 -0.091394
v 0.080818 -0.099935 -0.092080
v 0.081163 -0.100039 -0.091627
v 0.080621 -0.099716 -0.091932
v 0.088773 -0.093203 -0.092422
v 0.139456 0.004303 -0.092854
v 0.060648 0.150347 -0.090915
v 0.059110 0.149318 -0.092552
v 0.041139 0.154775 -0.088544
v 0.039254 0.158236 -0.090758
v 0.022006 0.161096 -0.091716
v 0.019049 0.167056 -0.085597
v 0.015649 0.165618 -0.084675
v 0.014287 0.167216 -0.084383
v 0.006020 0.170000 -0.084170
v 0.000674 0.167845 -0.084409
v -0.019686 0.165594 -0.086582
v -0.108874 0.100730 -0.005566
v -0.086192 -0.098666 -0.051741
v -0.086393 -0.098969 -0.051621
v -0.032429 -0.124356 -0.085313
v -0.033072 -0.124851 -0.085804
v -0.025267 -0.125758 -0.083379
v -0.020204 -0.127933 -0.064414
v 0.011794 -0.128101 -0.084525
v 0.025822 -0.126354 -0.080544
v 0.028725 -0.126686 -0.079735
v 0.025822 -0.126354 -0.080544
v 0.035460 -0.124367 -0.081151
v 0.035805 -0.124447 -0.082063
v 0.040835 -0.121899 -0.085235
v 0.035805 -0.124447 -0.082063
v 0.041401 -0.121620 -0.086152
v 0.042550 -0.120896 -0.084431
v 0.053543 -0.118686 -0.085734
v 0.071105 -0.110524 -0.096866
v 0.068739 -0.106111 -0.090816
v 0.073915 -0.106121 -0.089643
v 0.082665 -0.100314 -0.091884
v 0.082279 -0.099791 -0.091108
v 0.085549 -0.096956 -0.091834
v 0.089079 -0.099232 -0.093844
v 0.090771 -0.091989 -0.092576
v 0.091029 -0.092137 -0.092083
v 0.136088 0.055885 -0.092663
v 0.106441 0.112241 -0.093255
v 0.094727 0.125748 -0.092706
v 0.094847 0.125914 -0.093175
v 0.094765 0.125723 -0.092873
v 0.091851 0.130930 -0.093149
v 0.091143 0.131226 -0.092742
v 0.092498 0.130486 -0.092212
v 0.075459 0.137714 -0.093478
v 0.076944 0.141102 -0.091096
v 0.076913 0.143263 -0.090657
v 0.076217 0.143664 -0.090926
v 0.067055 0.147629 -0.090786
v 0.066481 0.147747 -0.091768
v 0.061089 0.150717 -0.091329
v 0.050420 0.155275 -0.090759
v 0.049818 0.159677 -0.093269
v 0.047666 0.156224 -0.090752
v 0.047666 0.156224 -0.090752
v 0.043272 0.158873 -0.089017
v 0.043272 0.158873 -0.089017
v 0.043813 0.160954 -0.085956
v 0.043272 0.158873 -0.089017
v 0.040570 0.159136 -0.086563
v 0.036682 0.162364 -0.087384
v 0.031555 0.158821 -0.085139
v -0.082858 0.114931 0.029762
v -0.113907 -0.039692 0.022008
v 0.043119 -0.123737 -0.067820
v 0.063718 -0.115021 -0.082841
v 0.062557 -0.113083 -0.085786
v 0.061249 -0.114452 -0.087363
v 0.067878 -0.112579 -0.085375
v 0.070564 -0.110665 -0.086772
v 0.070564 -0.110665 -0.086772
v 0.075718 -0.108610 -0.083795
v 0.074947 -0.109618 -0.082221
v 0.074947 -0.109618 -0.082221
v 0.080369 -0.106092 -0.084895
v 0.088093 -0.097107 -0.089682
v 0.099458 -0.085913 -0.091133
v 0.100790 -0.085016 -0.090139
v 0.106077 -0.078756 -0.091693
v 0.106272 -0.080872 -0.090653
v 0.105694 -0.079744 -0.091332
v 0.110350 -0.078181 -0.090149
v 0.111548 -0.072739 -0.091854
v 0.124987 -0.049973 -0.091391
v 0.106425 0.112244 -0.093162
v 0.106425 0.112244 -0.093162
v 0.103267 0.124195 -0.092127
v 0.106476 0.119264 -0.091484
v 0.102962 0.123352 -0.091667
v 0.098554 0.129294 -0.089753
v 0.098554 0.129294 -0.089752
v 0.095824 0.133627 -0.088222
v 0.095051 0.133288 -0.088581
v 0.084851 0.137973 -0.091555
v 0.079441 0.140371 -0.091959
v 0.077491 0.141252 -0.091919
v 0.076439 0.140822 -0.092321
v 0.077330 0.143729 -0.090298
v 0.079958 0.146811 -0.085165
v 0.084395 0.143786 -0.085310
v 0.063083 0.154122 -0.084949
v 0.057902 0.156933 -0.086154
v 0.054956 0.158275 -0.085347
v 0.054956 0.158275 -0.085347
v 0.049662 0.160332 -0.082948
v 0.049662 0.160332 -0.082948
v 0.047453 0.159756 -0.086032
v 0.045025 0.160579 -0.084873
v 0.046532 0.160027 -0.086604
v 0.045260 0.160975 -0.085543
v 0.044596 0.161436 -0.085283
v 0.040504 0.163158 -0.082664
v 0.040481 0.163049 -0.082661
v 0.028357 0.165361 -0.084623
v -0.099858 0.104734 0.014279
v -0.083076 -0.099230 -0.045725
v -0.083084 -0.099242 -0.045723
v 0.010236 -0.128779 -0.067332
v 0.076072 -0.109983 -0.067889
v 0.099334 -0.090856 -0.084653
v 0.100139 -0.091725 -0.085461
v 0.106100 -0.086002 -0.087043
v 0.105630 -0.086012 -0.086430
v 0.111374 -0.080082 -0.087627
v 0.111638 -0.080663 -0.087430
v 0.110803 -0.078165 -0.090400
v 0.112681 -0.073643 -0.093495
v 0.120074 -0.059599 -0.092155
v 0.119682 -0.058745 -0.091162
v 0.119250 -0.063181 -0.091259
v 0.122089 -0.057983 -0.091194
v 0.124258 -0.048731 -0.090425
v 0.128748 -0.041995 -0.092136
v 0.128700 -0.041996 -0.092127
v 0.128803 0.082280 -0.091615
v 0.108655 0.115021 -0.092408
v 0.109019 0.112633 -0.090915
v 0.108171 0.117022 -0.091675
v 0.107699 0.118852 -0.091036
v 0.107169 0.122690 -0.088194
v 0.107169 0.122690 -0.088194
v 0.107169 0.122690 -0.088194
v 0.103000 0.130019 -0.085679
v 0.102352 0.130499 -0.085334
v 0.101902 0.130151 -0.085430
v 0.097430 0.133360 -0.086118
v 0.098748 0.132256 -0.086665
v 0.097899 0.133522 -0.084960
v 0.097220 0.135062 -0.084741
v 0.099326 0.133312 -0.082815
v 0.093736 0.136953 -0.085821
v 0.093557 0.136492 -0.085886
v 0.094075 0.136871 -0.085663
v 0.089741 0.138804 -0.087140
v 0.089741 0.138804 -0.087140
v 0.085800 0.141002 -0.087976
v 0.089741 0.138804 -0.087140
v 0.086890 0.141101 -0.086182
v 0.085014 0.140262 -0.083456
v 0.067594 0.154856 -0.084953
v 0.043946 0.163637 -0.078016
v 0.044001 0.162512 -0.079129
v -0.022059 0.162569 -0.041008
v -0.047271 0.138714 0.018311
v -0.081844 -0.092532 -0.012932
v -0.084599 -0.096976 -0.040532
v -0.084624 -0.097007 -0.040522
v 0.104603 -0.087378 -0.086591
v 0.107081 -0.085687 -0.083430
v 0.107055 -0.085662 -0.083427
v 0.107081 -0.085687 -0.083430
v 0.114592 -0.075539 -0.079697
v 0.113241 -0.072613 -0.090930
v 0.113470 -0.072997 -0.091124
v 0.118295 -0.064651 -0.091881
v 0.115252 -0.069105 -0.091662
v 0.114497 -0.069665 -0.092027
v 0.114845 -0.069912 -0.091241
v 0.116533 -0.067109 -0.091874
v 0.120126 -0.063451 -0.090825
v 0.120271 -0.063306 -0.090097
v 0.122261 -0.055608 -0.089185
v 0.125578 -0.052542 -0.090682
v 0.126349 -0.052090 -0.090283
v 0.127757 -0.048959 -0.091262
v 0.128290 -0.047469 -0.090167
v 0.131951 -0.038488 -0.089852
v 0.132687 -0.037713 -0.090059
v 0.131947 -0.031278 -0.092216
v 0.131472 -0.030518 -0.092692
v 0.136973 -0.006125 -0.092513
v 0.138567 -0.000143 -0.092099
v 0.138250 0.004601 -0.090870
v 0.137847 0.006087 -0.092419
v 0.140228 0.019049 -0.092059
v 0.129383 0.080767 -0.091692
v 0.115438 0.108562 -0.091370
v 0.111100 0.120396 -0.086563
v 0.110654 0.121127 -0.085837
v 0.113718 0.119730 -0.087698
v 0.107565 0.125478 -0.081797
v 0.104815 0.126933 -0.078165
v 0.099649 0.132795 -0.081541
v 0.091363 0.139826 -0.080623
v 0.091363 0.139826 -0.080623
v 0.091455 0.140111 -0.079997
v 0.087274 0.142075 -0.084085
v -0.099337 0.097557 0.027559
v -0.099221 0.097464 0.027547
v -0.082089 -0.094154 -0.023384
v -0.081573 -0.096280 -0.028350
v -0.081520 -0.096213 -0.028367
v 0.008138 -0.113570 -0.000258
v 0.095184 -0.098794 -0.074247
v 0.112590 -0.073851 -0.079703
v 0.115875 -0.075723 -0.085389
v 0.115806 -0.075085 -0.085812
v 0.118607 -0.072454 -0.084875
v 0.115822 -0.071768 -0.088922
v 0.121616 -0.066389 -0.085912
v 0.121440 -0.066533 -0.086212
v 0.128359 -0.053380 -0.087743
v 0.138318 -0.031942 -0.085079
v 0.138232 -0.030923 -0.085571
v 0.134478 -0.025248 -0.092523
v 0.136629 -0.018338 -0.091371
v 0.135608 -0.020527 -0.091470
v 0.135900 -0.018603 -0.091750
v 0.137187 -0.013796 -0.092111
v 0.136862 -0.011157 -0.092232
v 0.137393 -0.007287 -0.091791
v 0.138387 -0.006022 -0.092488
v 0.138446 -0.002725 -0.092215
v 0.138346 -0.001261 -0.092205
v 0.139338 0.038080 -0.092058
v 0.140405 0.030839 -0.093844
v 0.139611 0.029137 -0.091398
v 0.136146 0.050570 -0.092276
v 0.134470 0.069389 -0.091782
v 0.131307 0.075892 -0.091962
v 0.131716 0.086883 -0.086831
v 0.128580 0.091166 -0.088783
v 0.128101 0.090987 -0.088013
v 0.122492 0.096677 -0.091454
v 0.121843 0.097698 -0.091456
v 0.122052 0.105404 -0.090705
v 0.119533 0.104051 -0.088928
v 0.105533 0.128616 -0.077689
v 0.103185 0.130677 -0.074884
v 0.101230 0.125749 -0.073421
v 0.097561 0.135088 -0.073098
v 0.097198 0.136641 -0.073920
v 0.100443 0.131628 -0.064554
v 0.064368 0.150757 -0.041847
v 0.026298 0.160528 -0.034416
v -0.047470 0.123615 0.048520
v -0.081943 -0.093866 -0.023482
v -0.078787 -0.095269 -0.012661
v 0.105229 -0.088080 -0.070943
v 0.117848 -0.075553 -0.078177
v 0.116988 -0.074989 -0.078280
v 0.118561 -0.072333 -0.084817
v 0.123208 -0.064709 -0.083602
v 0.137467 -0.038802 -0.071906
v 0.135368 -0.031037 -0.088672
v 0.136350 -0.030466 -0.087331
v 0.137436 -0.013033 -0.087014
v 0.139481 -0.016486 -0.088228
v 0.139026 -0.012206 -0.089688
v 0.139482 -0.006305 -0.090368
v 0.141088 -0.000944 -0.088476
v 0.141625 -0.000960 -0.088989
v 0.143281 0.006762 -0.087689
v 0.143281 0.006762 -0.087689
v 0.143281 0.006762 -0.087689
v 0.142654 0.006418 -0.087453
v 0.143281 0.006762 -0.087689
v 0.143281 0.006762 -0.087689
v 0.143281 0.006762 -0.087689
v 0.141812 -0.003793 -0.085478
v 0.139736 0.035283 -0.091857
v 0.140697 0.037059 -0.093390
v 0.140326 0.036036 -0.091278
v 0.139685 0.037332 -0.091732
v 0.138705 0.038286 -0.090724
v 0.140306 0.043798 -0.089793
v 0.139718 0.062046 -0.086313
v 0.136766 0.073565 -0.086528
v 0.137172 0.073254 -0.086761
v 0.132712 0.087334 -0.086914
v 0.129690 0.093140 -0.084335
v 0.129712 0.093148 -0.084344
v 0.126308 0.097012 -0.086913
v 0.124180 0.106793 -0.086770
v 0.121909 0.105033 -0.085942
v 0.122056 0.110006 -0.084740
v 0.117421 0.113866 -0.086233
v 0.117010 0.113646 -0.085885
v 0.105169 0.129002 -0.071442
v 0.100446 0.131631 -0.064554
v -0.095514 0.097635 0.033710
v -0.095514 0.097635 0.033710
v -0.092707 0.047772 0.054733
v -0.081162 -0.091679 -0.013153
v -0.078405 -0.094317 -0.012898
v 0.105320 -0.088177 -0.070931
v 0.137819 -0.030218 -0.086184
v 0.142041 -0.015777 -0.084814
v 0.142828 -0.000238 -0.087667
v 0.141701 -0.006258 -0.085901
v 0.141043 -0.003209 -0.086797
v 0.143336 -0.005009 -0.086164
v 0.144114 -0.000222 -0.086201
v 0.144600 0.000930 -0.085971
v 0.145497 0.020674 -0.086525
v 0.145672 0.020438 -0.086295
v 0.142211 0.021377 -0.089589
v 0.143021 0.022000 -0.089699
v 0.141277 0.021171 -0.090704
v 0.143162 0.025951 -0.088340
v 0.143118 0.026915 -0.088316
v 0.143118 0.026915 -0.088316
v 0.143118 0.026915 -0.088316
v 0.140864 0.035966 -0.089228
v 0.141506 0.036038 -0.089789
v 0.140637 0.044440 -0.088217
v 0.140360 0.040389 -0.090452
v 0.140360 0.040389 -0.090452
v 0.140254 0.043745 -0.089925
v 0.141447 0.044478 -0.088328
v 0.136599 0.069290 -0.087735
v 0.136599 0.069290 -0.087735
v 0.137123 0.070987 -0.086233
v 0.135006 0.081323 -0.083584
v 0.132533 0.085805 -0.085895
v 0.131532 0.091878 -0.066128
v 0.124175 0.102896 -0.085037
v 0.099479 0.131546 -0.055004
v 0.098873 0.130895 -0.055147
v 0.093984 0.133978 -0.050131
v 0.093984 0.133978 -0.050131
v 0.089274 0.136965 -0.046089
v 0.006482 0.144834 0.018259
v -0.093958 0.088830 0.044206
v -0.093285 0.088432 0.043624
v -0.098198 -0.072333 0.013355
v -0.049101 -0.102059 0.016236
v 0.064041 -0.097305 0.022153
v 0.106257 -0.084271 -0.056362
v 0.139141 -0.027752 -0.085140
v 0.143071 -0.010283 -0.084995
v 0.145775 0.027873 -0.084865
v 0.144085 0.033791 -0.086910
v 0.144679 0.038993 -0.085857
v 0.144085 0.033791 -0.086910
v 0.144320 0.041240 -0.085189
v 0.144364 0.042669 -0.084344
v 0.144205 0.042317 -0.083867
v 0.142206 0.048771 -0.086559
v 0.142601 0.052713 -0.085365
v 0.142206 0.048771 -0.086559
v 0.139567 0.048964 -0.085050
v 0.139506 0.064654 -0.086050
v 0.140175 0.061887 -0.086969
v 0.138677 0.069521 -0.083217
v 0.138677 0.069521 -0.083217
v 0.138677 0.069521 -0.083217
v 0.137049 0.073041 -0.085938
v 0.106582 0.099154 0.014563
v 0.091884 0.133969 -0.043822
v 0.091884 0.133969 -0.043822
v 0.089102 0.136742 -0.046111
v 0.088362 0.134375 -0.033221
v -0.067495 0.112005 0.043286
v -0.077513 0.106976 0.039625
v -0.091029 0.088531 0.045146
v -0.090980 0.091141 0.044554
v -0.109656 -0.054254 0.019570
v -0.080341 -0.089240 0.006997
v -0.073281 -0.092178 0.018657
v 0.102167 -0.084485 -0.042025
v 0.102190 -0.084510 -0.042018
v 0.106133 -0.084142 -0.056378
v 0.145204 -0.008489 -0.069044
v 0.145914 0.046774 -0.071185
v 0.088082 0.134027 -0.033369
v 0.085869 0.131318 -0.018322
v 0.052998 0.135714 0.023396
v -0.067246 0.109686 0.042958
v -0.070628 0.109212 0.042108
v -0.069601 0.107521 0.041271
v -0.078026 0.096541 0.046637
v -0.075854 0.103590 0.042297
v -0.075854 0.103590 0.042297
v -0.077578 0.106803 0.039652
v -0.087790 0.089076 0.048295
v -0.087790 0.089076 0.048295
v -0.089837 0.087746 0.047421
v -0.091906 0.082409 0.050743
v -0.091099 0.018275 0.054046
v -0.091794 -0.003777 0.053993
v -0.106790 -0.039127 0.037066
v -0.110368 -0.050217 0.019962
v -0.109005 -0.054255 0.019230
v -0.079715 -0.088486 0.012676
v -0.079715 -0.088486 0.012676
v -0.080337 -0.089236 0.006996
v -0.077261 -0.090999 0.010100
v 0.097700 -0.080838 -0.014946
v 0.097958 -0.082611 -0.022338
v 0.101936 -0.082259 -0.034269
v 0.102026 -0.082360 -0.034236
v -0.060510 0.113105 0.047463
v -0.060510 0.113105 0.047463
v -0.062969 0.112355 0.045769
v -0.060510 0.113105 0.047463
v -0.064746 0.111486 0.043019
v -0.065178 0.113304 0.046173
v -0.068446 0.107895 0.043901
v -0.071975 0.102366 0.044408
v -0.072170 0.102486 0.043537
v -0.076470 0.095594 0.046112
v -0.078180 0.095655 0.044866
v -0.083176 0.096483 0.045054
v -0.085283 0.081354 0.051510
v -0.087624 0.075690 0.054670
v -0.088158 0.082483 0.054162
v -0.090624 0.082246 0.049463
v -0.089382 0.066354 0.054404
v -0.091693 0.047683 0.053710
v -0.090306 0.024409 0.054531
v -0.091449 0.013957 0.054913
v -0.112297 -0.044512 0.021111
v -0.089694 -0.076097 0.020966
v -0.082157 -0.081882 0.021475
v -0.080621 -0.079124 0.021008
v -0.078522 -0.083924 0.023176
v -0.077016 -0.082451 0.021318
v -0.076260 -0.089222 0.015020
v -0.075979 -0.088668 0.014887
v -0.077248 -0.090977 0.010096
v -0.040784 -0.093316 0.037427
v -0.036245 -0.093183 0.035661
v -0.012388 -0.101859 0.027405
v 0.098020 -0.082684 -0.022315
v 0.103593 -0.079186 -0.026866
v 0.102894 -0.078778 -0.027087
v 0.120357 -0.045659 -0.008908
v 0.089384 0.127540 -0.016975
v 0.089384 0.127540 -0.016975
v 0.085759 0.131167 -0.018373
v -0.045037 0.113870 0.056052
v -0.057502 0.109957 0.051484
v -0.058100 0.109858 0.051133
v -0.055710 0.109947 0.049545
v -0.058100 0.109858 0.051133
v -0.058277 0.110151 0.051815
v -0.062429 0.105446 0.049020
v -0.062429 0.105446 0.049020
v -0.062429 0.105446 0.049020
v -0.064440 0.107655 0.046251
v -0.065208 0.107505 0.046311
v -0.065208 0.107505 0.046311
v -0.066727 0.094837 0.045648
v -0.080361 0.083080 0.055068
v -0.084182 0.082705 0.053963
v -0.082998 0.078110 0.057208
v -0.082949 0.078155 0.056544
v -0.090244 0.009416 0.054856
v -0.093496 -0.024826 0.052977
v -0.105239 -0.038227 0.035870
v -0.106740 -0.040866 0.032987
v -0.105335 -0.045747 0.028714
v -0.106482 -0.042985 0.031415
v -0.104153 -0.055504 0.023936
v -0.104603 -0.055794 0.024362
v -0.089906 -0.076310 0.021278
v -0.087650 -0.074618 0.023515
v -0.087579 -0.074545 0.023427
v -0.081686 -0.079878 0.023757
v -0.076643 -0.085495 0.025423
v -0.076009 -0.084905 0.024758
v -0.072963 -0.091692 0.018507
v -0.021738 -0.098535 0.028094
v 0.097750 -0.080878 -0.015009
v 0.126423 0.063400 -0.004458
v 0.090806 0.123618 -0.008769
v 0.090870 0.123691 -0.008746
v 0.085406 0.128266 -0.008636
v 0.085665 0.128635 -0.008432
v 0.000715 0.111485 0.058528
v -0.045027 0.113848 0.056024
v -0.048801 0.110079 0.056613
v -0.048801 0.110079 0.056613
v -0.055515 0.111389 0.052073
v -0.058184 0.097898 0.053382
v -0.058178 0.097899 0.053374
v -0.063413 0.097685 0.048548
v -0.063973 0.093482 0.047475
v -0.065500 0.093281 0.046994
v -0.077861 0.080010 0.055954
v -0.077349 0.079521 0.054747
v -0.080357 0.083105 0.055001
v -0.088846 -0.008344 0.056833
v -0.091849 -0.003774 0.054057
v -0.089220 -0.024223 0.056778
v -0.093288 -0.024804 0.052745
v -0.097732 -0.033657 0.043188
v -0.098954 -0.034204 0.044435
v -0.101309 -0.039964 0.038150
v -0.101272 -0.039926 0.038066
v -0.073119 -0.084058 0.027779
v -0.072934 -0.083881 0.027526
v -0.070663 -0.087669 0.026465
v -0.069340 -0.088895 0.026307
v -0.068513 -0.090597 0.025285
v -0.070663 -0.087669 0.026465
v -0.068489 -0.090560 0.025252
v -0.068489 -0.090560 0.025252
v -0.064176 -0.091607 0.028163
v -0.063503 -0.091559 0.028177
v -0.059182 -0.091775 0.032016
v -0.040868 -0.092405 0.036888
v -0.036374 -0.092265 0.034949
v -0.029320 -0.094908 0.032840
v -0.021855 -0.099739 0.029437
v -0.017371 -0.100508 0.026217
v -0.012848 -0.102247 0.026248
v -0.012848 -0.102247 0.026248
v -0.012848 -0.102247 0.026248
v 0.004904 -0.100519 0.030142
v 0.011791 -0.101969 0.029022
v 0.029517 -0.096917 0.030573
v 0.052351 -0.093464 0.037735
v 0.096443 -0.079106 -0.002686
v 0.096463 -0.079129 -0.002685
v 0.094762 0.116021 0.006107
v 0.091986 0.121076 -0.005720
v 0.092386 0.121531 -0.005574
v -0.040981 0.112169 0.058027
v -0.040981 0.112169 0.058027
v -0.044700 0.108893 0.058882
v -0.044700 0.108893 0.058882
v -0.035836 0.091304 0.069853
v -0.050634 0.101895 0.056369
v -0.053170 0.095172 0.058213
v -0.056947 0.078856 0.053303
v -0.054241 0.076909 0.056960
v -0.057225 0.079785 0.054490
v -0.054569 0.077979 0.056298
v -0.057837 0.088963 0.053431
v -0.060258 0.094125 0.053555
v -0.059831 0.092267 0.051648
v -0.062853 0.087274 0.049843
v -0.066165 0.088245 0.050481
v -0.063469 0.091009 0.048805
v -0.064743 0.092777 0.047477
v -0.066842 0.088408 0.050186
v -0.057654 0.067136 0.066046
v -0.074129 0.074162 0.059585
v -0.065671 0.068976 0.065196
v -0.074275 0.074667 0.060932
v -0.074288 0.028335 0.063363
v -0.083658 -0.026107 0.060775
v -0.088839 -0.008344 0.056823
v -0.089056 -0.024186 0.056548
v -0.093167 -0.028641 0.052916
v -0.093123 -0.028745 0.052867
v -0.092949 -0.036514 0.040410
v -0.095902 -0.038168 0.043945
v -0.094034 -0.041073 0.040397
v -0.068220 -0.086292 0.029650
v -0.068946 -0.085032 0.029942
v -0.066409 -0.085573 0.031587
v -0.066368 -0.087723 0.030229
v -0.066368 -0.087723 0.030229
v -0.066368 -0.087723 0.030229
v -0.066368 -0.087723 0.030229
v -0.066440 -0.087291 0.030124
v -0.062163 -0.089332 0.032579
v -0.062163 -0.089332 0.032579
v -0.059097 -0.090801 0.033413
v -0.057705 -0.088064 0.033742
v -0.057879 -0.091456 0.031270
v -0.058044 -0.092974 0.032217
v -0.043300 -0.090194 0.042394
v -0.043321 -0.090269 0.042547
v -0.035938 -0.089608 0.039421
v -0.035827 -0.090287 0.039933
v -0.028961 -0.091984 0.034683
v -0.028994 -0.091807 0.034561
v -0.029303 -0.094436 0.032597
v -0.018250 -0.103348 0.028948
v -0.016032 -0.100764 0.026947
v -0.014325 -0.100414 0.031804
v -0.014692 -0.102335 0.032002
v -0.016731 -0.099486 0.032863
v -0.013228 -0.101670 0.029946
v -0.014325 -0.100414 0.031804
v -0.015203 -0.099110 0.031167
v -0.013912 -0.099919 0.034388
v -0.014624 -0.101326 0.032465
v -0.012936 -0.101974 0.029795
v -0.012194 -0.102160 0.029703
v -0.012901 -0.102027 0.029761
v -0.013112 -0.102538 0.030195
v -0.010402 -0.102264 0.029380
v -0.009749 -0.102319 0.029397
v -0.007790 -0.102846 0.029808
v -0.001634 -0.102227 0.029802
v 0.004479 -0.102341 0.027724
v 0.030294 -0.096029 0.029048
v 0.100191 -0.073774 0.003066
v 0.100191 -0.073774 0.003066
v 0.141615 0.026722 -0.039215
v 0.091898 0.119571 0.001570
v 0.091898 0.119571 0.001570
v -0.035194 0.108299 0.061399
v -0.035295 0.108222 0.061355
v -0.050409 0.095387 0.055574
v -0.053564 0.076599 0.057422
v -0.053287 0.070298 0.059432
v -0.053775 0.070341 0.057582
v -0.054453 0.071394 0.060889
v -0.061293 0.080385 0.054688
v -0.059593 0.080635 0.054092
v -0.061419 0.081355 0.055554
v -0.059214 0.084635 0.051988
v -0.060205 0.084875 0.051576
v -0.060732 0.086138 0.050882
v -0.063509 0.084843 0.049073
v -0.061898 0.086437 0.050017
v -0.065793 0.084600 0.052309
v -0.061592 0.066635 0.067628
v -0.058067 0.063078 0.070275
v -0.090136 -0.030628 0.053798
v -0.090515 -0.030842 0.053914
v -0.086518 -0.035022 0.050509
v -0.086047 -0.035285 0.050824
v -0.093769 -0.041106 0.041411
v -0.094424 -0.043916 0.037539
v -0.091557 -0.057829 0.028770
v -0.067561 -0.058031 0.034300
v -0.067291 -0.070387 0.035313
v -0.065920 -0.082496 0.033976
v -0.065767 -0.082381 0.033849
v -0.059198 -0.083923 0.034716
v -0.062261 -0.084130 0.036201
v -0.058560 -0.088809 0.035827
v -0.058250 -0.088183 0.035395
v -0.016210 -0.084708 0.039901
v -0.017386 -0.092169 0.033901
v -0.016052 -0.093622 0.035953
v -0.016346 -0.094991 0.036042
v -0.012562 -0.096347 0.037399
v -0.012425 -0.096386 0.036404
v -0.013736 -0.097510 0.037013
v -0.012425 -0.096386 0.036404
v -0.012425 -0.096386 0.036404
v -0.012425 -0.096386 0.036404
v -0.012317 -0.096077 0.037530
v -0.014727 -0.099494 0.035781
v -0.015196 -0.100379 0.035242
v -0.013946 -0.100217 0.035247
v -0.013946 -0.100217 0.035247
v -0.015464 -0.101617 0.035636
v -0.015282 -0.103005 0.032477
v -0.014404 -0.103832 0.031345
v -0.013247 -0.103902 0.029310
v -0.012423 -0.103694 0.030183
v -0.013167 -0.104066 0.030551
v -0.010613 -0.103194 0.028079
v -0.007394 -0.103201 0.030128
v -0.002240 -0.099887 0.030142
v -0.003157 -0.102136 0.030679
v -0.001372 -0.101295 0.030541
v 0.006110 -0.101975 0.032099
v 0.005164 -0.101593 0.030056
v 0.013511 -0.102519 0.033364
v 0.014095 -0.102089 0.029779
v 0.016805 -0.100757 0.028187
v 0.016837 -0.096152 0.027929
v 0.016805 -0.100757 0.028187
v 0.017280 -0.100032 0.029280
v 0.019051 -0.095850 0.027332
v 0.020529 -0.098633 0.028581
v 0.024885 -0.096394 0.028094
v 0.023718 -0.099424 0.026354
v 0.023714 -0.099365 0.026317
v 0.023718 -0.099424 0.026354
v 0.030080 -0.092694 0.033657
v 0.030091 -0.092710 0.033673
v 0.036593 -0.092835 0.035033
v 0.036659 -0.092528 0.034803
v 0.056648 -0.092178 0.036208
v 0.066940 -0.091979 0.028271
v 0.098341 -0.074718 0.008580
v 0.098341 -0.074718 0.008580
v 0.111826 -0.056178 0.015663
v 0.128692 -0.013180 -0.004135
v 0.094593 0.115835 0.006043
v -0.017394 0.107065 0.061935
v -0.026261 0.106405 0.063309
v -0.030492 0.104772 0.064260
v -0.030492 0.104772 0.064260
v -0.048390 0.090142 0.066059
v -0.049124 0.092797 0.061596
v -0.050184 0.071135 0.060860
v -0.049677 0.071484 0.060717
v -0.052257 0.060841 0.070008
v -0.051355 0.065700 0.065766
v -0.057654 0.067146 0.066058
v -0.061302 0.080361 0.054660
v -0.059941 0.064788 0.067769
v -0.058240 0.025166 0.065943
v -0.066118 0.014147 0.069793
v -0.070250 0.009366 0.066949
v -0.075943 -0.029964 0.058919
v -0.088459 -0.042332 0.039732
v -0.094408 -0.043859 0.037560
v -0.081886 -0.044605 0.035745
v -0.068307 -0.068865 0.034891
v -0.065910 -0.075795 0.036180
v -0.059279 -0.084020 0.039027
v -0.059248 -0.083995 0.038993
v -0.056483 -0.087184 0.038652
v -0.056508 -0.087150 0.038653
v -0.022076 -0.073450 0.051702
v -0.016867 -0.090655 0.034973
v -0.012335 -0.091031 0.035335
v -0.013080 -0.092184 0.036524
v -0.012617 -0.091526 0.038098
v -0.009696 -0.090761 0.036676
v -0.011866 -0.091893 0.037950
v -0.011041 -0.090673 0.040064
v -0.014565 -0.089259 0.041646
v -0.011041 -0.090673 0.040064
v -0.011041 -0.090673 0.040064
v -0.012864 -0.095832 0.038793
v -0.012779 -0.095016 0.039425
v -0.014691 -0.097696 0.037921
v -0.014691 -0.097696 0.037921
v -0.015341 -0.110912 0.028615
v -0.017377 -0.107300 0.029272
v -0.017310 -0.107343 0.029664
v -0.017301 -0.107418 0.029646
v -0.017301 -0.107418 0.029646
v -0.002766 -0.106392 0.029683
v -0.003515 -0.106243 0.028860
v -0.003425 -0.106414 0.028287
v -0.000685 -0.107201 0.029301
v 0.006177 -0.106919 0.028195
v 0.007421 -0.107260 0.027826
v 0.004482 -0.106808 0.028344
v 0.003082 -0.103415 0.030016
v 0.006585 -0.106857 0.028181
v 0.013141 -0.107054 0.029886
v 0.008965 -0.107147 0.029004
v 0.009261 -0.107417 0.029393
v 0.011434 -0.106824 0.029020
v 0.015079 -0.102503 0.031093
v 0.015091 -0.102675 0.031105
v 0.015761 -0.101109 0.030585
v 0.014633 -0.102358 0.030867
v 0.016168 -0.100496 0.030915
v 0.016168 -0.100496 0.030915
v 0.016168 -0.100496 0.030915
v 0.015891 -0.101266 0.031844
v 0.016140 -0.100586 0.031539
v 0.017487 -0.098911 0.030700
v 0.019902 -0.097932 0.029937
v 0.022734 -0.097279 0.029414
v 0.039046 -0.093732 0.034977
v 0.039097 -0.093402 0.034716
v 0.100029 -0.071150 0.013757
v 0.098930 -0.073746 0.013046
v 0.101963 -0.070031 0.011419
v 0.101963 -0.070031 0.011419
v 0.094665 0.111445 0.018375
v 0.094673 0.111082 0.019026
v 0.086261 0.115648 0.025225
v 0.038866 0.122850 0.050199
v 0.033080 0.110301 0.060470
v 0.025816 0.108594 0.061183
v 0.006941 0.108861 0.060074
v 0.006798 0.109172 0.060919
v 0.001846 0.110782 0.057571
v -0.017559 0.106339 0.060718
v -0.021956 0.103998 0.065267
v -0.022020 0.103597 0.064427
v -0.026263 0.106364 0.063252
v -0.046023 0.085726 0.064454
v -0.045957 0.073689 0.064799
v -0.046640 0.073691 0.065456
v -0.049121 0.071303 0.061353
v -0.045351 0.064465 0.065616
v -0.045272 0.064271 0.065506
v -0.045323 0.064192 0.065552
v -0.048104 0.057500 0.069957
v -0.054845 0.061595 0.070177
v -0.057647 0.063215 0.068694
v -0.050563 0.028825 0.067949
v -0.061029 0.021295 0.067470
v -0.063200 0.015144 0.069943
v -0.063160 0.015084 0.069843
v -0.076052 -0.031130 0.059907
v -0.088533 -0.042282 0.039719
v -0.072410 -0.042994 0.034892
v -0.067418 -0.058671 0.034946
v -0.066653 -0.061847 0.036167
v -0.052854 -0.077120 0.048951
v -0.043751 -0.073169 0.058511
v -0.013523 -0.088657 0.037940
v -0.013826 -0.087342 0.039499
v -0.013962 -0.086784 0.039108
v -0.011152 -0.084145 0.045844
v -0.010728 -0.083371 0.046233
v -0.010153 -0.088944 0.044388
v -0.010172 -0.088930 0.044351
v -0.010158 -0.088723 0.044687
v -0.013037 -0.094751 0.039987
v -0.012603 -0.094669 0.040061
v -0.013253 -0.094754 0.040126
v -0.023376 -0.108593 0.034947
v -0.025607 -0.109590 0.034095
v -0.021459 -0.109702 0.033888
v -0.015862 -0.107773 0.032850
v -0.014747 -0.109762 0.034564
v -0.015651 -0.109940 0.032983
v -0.015223 -0.109703 0.031687
v -0.013279 -0.107989 0.032043
v -0.013227 -0.108608 0.030802
v -0.010019 -0.110227 0.031498
v -0.012217 -0.109473 0.032741
v -0.011939 -0.109199 0.032146
v -0.005919 -0.108988 0.031552
v -0.005919 -0.108988 0.031552
v -0.000222 -0.107966 0.029676
v 0.008763 -0.108137 0.030914
v 0.003519 -0.109365 0.031671
v 0.002897 -0.108781 0.031462
v 0.004366 -0.109481 0.031673
v 0.006438 -0.108917 0.031113
v 0.006554 -0.108445 0.030725
v 0.009476 -0.108846 0.031361
v 0.009476 -0.108846 0.031361
v 0.010079 -0.109271 0.031766
v 0.009865 -0.108256 0.032335
v 0.009476 -0.108846 0.031361
v 0.009476 -0.108846 0.031361
v 0.014481 -0.106895 0.028758
v 0.015071 -0.106876 0.028904
v 0.016516 -0.107204 0.028652
v 0.016511 -0.107039 0.028705
v 0.016511 -0.107039 0.028705
v 0.016511 -0.107039 0.028705
v 0.015610 -0.102449 0.031697
v 0.015452 -0.102860 0.031354
v 0.016549 -0.100289 0.034849
v 0.015836 -0.101312 0.032578
v 0.016268 -0.101168 0.033374
v 0.012012 -0.100616 0.033908
v 0.016031 -0.098541 0.032764
v 0.017279 -0.098038 0.031700
v 0.018941 -0.095755 0.032671
v 0.017407 -0.088439 0.036696
v 0.018531 -0.082329 0.040276
v 0.021523 -0.075545 0.048633
v 0.052226 -0.092394 0.037083
v 0.067254 -0.092230 0.028650
v 0.075346 -0.087802 0.025076
v 0.075143 -0.087664 0.024838
v 0.079743 -0.086568 0.020325
v 0.079743 -0.086568 0.020325
v 0.100551 -0.070360 0.015221
v 0.092036 0.111925 0.021199
v 0.092036 0.111925 0.021199
v 0.092036 0.111925 0.021199
v 0.025814 0.108613 0.061211
v 0.019780 0.106294 0.062468
v 0.019758 0.106451 0.062682
v 0.011536 0.104507 0.062306
v 0.011536 0.104507 0.062306
v 0.001034 0.088058 0.068324
v -0.042936 0.056914 0.073234
v -0.043179 0.057112 0.074860
v -0.047408 0.057442 0.072482
v -0.051519 0.027553 0.068697
v -0.053391 0.026079 0.068431
v -0.056706 0.025238 0.067026
v -0.057077 0.015992 0.072208
v -0.057077 0.015992 0.072208
v -0.057077 0.015992 0.072208
v -0.059573 -0.015688 0.072036
v -0.066228 -0.018110 0.068634
v -0.077631 -0.041817 0.037930
v -0.081976 -0.044213 0.035610
v -0.062894 -0.041850 0.039363
v -0.052569 -0.076856 0.048667
v -0.014213 -0.080746 0.045302
v -0.014763 -0.080828 0.044657
v -0.015149 -0.085718 0.038694
v -0.013328 -0.079793 0.047330
v -0.011229 -0.082997 0.047714
v -0.011814 -0.083313 0.046666
v -0.033808 -0.092372 0.046025
v -0.015434 -0.091735 0.042799
v -0.015434 -0.091735 0.042799
v -0.038700 -0.105699 0.033508
v -0.036951 -0.106140 0.033562
v -0.025695 -0.109279 0.034167
v -0.023907 -0.108590 0.034734
v -0.023580 -0.108002 0.035734
v -0.016807 -0.106427 0.036266
v -0.016714 -0.106328 0.036067
v -0.012952 -0.108891 0.034600
v -0.014403 -0.108066 0.034334
v -0.013956 -0.107865 0.034923
v -0.013926 -0.109167 0.032295
v -0.013662 -0.109101 0.031784
v -0.012719 -0.108978 0.032601
v -0.007147 -0.113700 0.031015
v -0.007085 -0.113615 0.030426
v 0.003183 -0.109769 0.032320
v -0.000985 -0.110712 0.031852
v 0.004730 -0.110241 0.032064
v 0.009871 -0.114032 0.030239
v 0.009871 -0.114032 0.030238
v 0.009871 -0.114032 0.030238
v 0.010628 -0.109451 0.032194
v 0.011880 -0.109726 0.032202
v 0.016240 -0.108924 0.031101
v 0.015924 -0.109458 0.031339
v 0.017308 -0.108476 0.032964
v 0.019445 -0.108993 0.033299
v 0.018860 -0.108737 0.033403
v 0.041447 -0.106457 0.034085
v 0.015992 -0.098961 0.036443
v 0.014693 -0.094471 0.041034
v 0.015068 -0.097850 0.037186
v 0.012440 -0.096342 0.039586
v 0.015688 -0.097010 0.034533
v 0.014723 -0.097877 0.034036
v 0.014723 -0.097877 0.034036
v 0.047714 -0.078581 0.053988
v 0.048962 -0.088160 0.041645
v 0.048970 -0.087315 0.041096
v 0.051601 -0.083234 0.047699
v 0.056276 -0.091257 0.035508
v 0.060720 -0.090529 0.035144
v 0.060718 -0.090527 0.035142
v 0.064925 -0.086767 0.034117
v 0.065303 -0.087254 0.033676
v 0.079709 -0.083604 0.024296
v 0.079604 -0.083528 0.024137
v 0.089258 -0.076151 0.020846
v 0.089487 -0.076390 0.021148
v 0.098163 -0.069810 0.020325
v 0.098283 -0.069565 0.019762
v 0.098547 -0.069540 0.020036
v 0.092865 0.108845 0.026259
v 0.091396 0.109712 0.026250
v 0.089874 0.110242 0.027543
v 0.089427 0.110604 0.027548
v 0.091026 0.109203 0.029160
v 0.085921 0.115083 0.024930
v 0.046431 0.111348 0.058093
v 0.033077 0.110205 0.060336
v 0.029921 0.104407 0.063847
v 0.029921 0.104407 0.063847
v 0.024398 0.102951 0.064544
v 0.024398 0.102951 0.064544
v -0.035358 0.055057 0.072414
v -0.034634 0.055513 0.072315
v -0.040114 0.037629 0.076848
v -0.047880 0.030091 0.070763
v -0.049526 0.027676 0.068961
v -0.048457 0.028113 0.069008
v -0.052493 0.024256 0.069010
v -0.052525 0.024299 0.069085
v -0.052385 0.019852 0.071938
v -0.052094 0.018860 0.071834
v -0.050626 0.018564 0.069812
v -0.052980 0.010330 0.074129
v -0.052980 0.010330 0.074129
v -0.067295 -0.023720 0.065972
v -0.067411 -0.023744 0.065998
v -0.077630 -0.041753 0.037881
v -0.066853 -0.042278 0.036338
v -0.063497 -0.039827 0.040381
v -0.050037 -0.073621 0.053134
v -0.050037 -0.073621 0.053134
v -0.049530 -0.069652 0.055099
v -0.049692 -0.069760 0.055339
v -0.022106 -0.062463 0.061475
v -0.016101 -0.072380 0.053501
v -0.015450 -0.072328 0.054206
v -0.015026 -0.073850 0.053409
v -0.014860 -0.075275 0.051220
v -0.014890 -0.075265 0.051199
v -0.013713 -0.075506 0.052377
v -0.013215 -0.079861 0.047250
v -0.011273 -0.079238 0.052567
v -0.012726 -0.076435 0.052830
v -0.012069 -0.079747 0.050652
v -0.032377 -0.109141 0.036228
v -0.036940 -0.108456 0.036182
v -0.026659 -0.109924 0.034580
v -0.012477 -0.107903 0.034937
v -0.012620 -0.108130 0.036127
v -0.012313 -0.108032 0.034770
v -0.012954 -0.108680 0.033218
v -0.012265 -0.126964 0.023403
v 0.014037 -0.125615 0.024928
v 0.014518 -0.121968 0.026472
v 0.014434 -0.109180 0.032442
v 0.014549 -0.109135 0.032406
v 0.014490 -0.109136 0.032368
v 0.014490 -0.109136 0.032368
v 0.016297 -0.107091 0.034872
v 0.017499 -0.107449 0.034940
v 0.020885 -0.109542 0.033761
v 0.026333 -0.108782 0.034490
v 0.023131 -0.109548 0.033995
v 0.023131 -0.109548 0.033995
v 0.037881 -0.091657 0.046884
v 0.015718 -0.093738 0.040869
v 0.015718 -0.093738 0.040869
v 0.015718 -0.093738 0.040869
v 0.013343 -0.093463 0.040481
v 0.010834 -0.094302 0.039376
v 0.014097 -0.094446 0.037828
v 0.014327 -0.096588 0.036947
v 0.014515 -0.095956 0.036145
v 0.014327 -0.096588 0.036947
v 0.014399 -0.094367 0.036045
v 0.013397 -0.092847 0.036657
v 0.013035 -0.091642 0.038226
v 0.012941 -0.091390 0.039129
v 0.007863 -0.085401 0.037088
v 0.014214 -0.088804 0.039111
v 0.014214 -0.088804 0.039111
v 0.015260 -0.084171 0.040510
v 0.014417 -0.083818 0.040215
v 0.019514 -0.082475 0.040366
v 0.049122 -0.079289 0.051454
v 0.058122 -0.081672 0.043894
v 0.062366 -0.085420 0.037584
v 0.062366 -0.085420 0.037584
v 0.062366 -0.085420 0.037584
v 0.063876 -0.082129 0.037751
v 0.065330 -0.082108 0.036382
v 0.063851 -0.081492 0.037544
v 0.078543 -0.071034 0.029895
v 0.099075 -0.068399 0.020614
v 0.073068 0.118408 0.035539
v 0.055957 0.116168 0.050697
v 0.045709 0.110504 0.056825
v 0.039349 0.109381 0.060579
v 0.039349 0.109381 0.060579
v 0.034707 0.085706 0.072522
v -0.011974 0.053265 0.080913
v -0.026666 0.065128 0.076271
v -0.035107 0.055154 0.072442
v -0.035602 0.051864 0.074721
v -0.035602 0.051864 0.074721
v -0.035602 0.051864 0.074721
v -0.032310 0.050264 0.080794
v -0.034204 0.047320 0.077904
v -0.047833 0.030466 0.070528
v -0.047332 0.029113 0.070386
v -0.045348 0.029415 0.071016
v -0.045651 0.029127 0.071555
v -0.034871 0.017947 0.080483
v -0.040840 -0.001370 0.079443
v -0.059626 -0.015017 0.070033
v -0.069585 -0.031032 0.058075
v -0.069647 -0.031118 0.058143
v -0.064419 -0.037254 0.038529
v -0.063585 -0.038842 0.039936
v -0.063595 -0.038537 0.039908
v -0.060209 -0.036914 0.044089
v -0.060209 -0.036914 0.044089
v -0.059104 -0.035311 0.044452
v -0.050773 -0.067728 0.054208
v -0.050682 -0.067657 0.054029
v -0.047039 -0.062625 0.057949
v -0.047478 -0.062697 0.058421
v -0.017982 -0.066974 0.058154
v -0.017982 -0.066974 0.058154
v -0.017198 -0.065189 0.059266
v -0.014183 -0.071119 0.055673
v -0.014712 -0.068770 0.057284
v -0.014473 -0.070928 0.055907
v -0.014703 -0.071611 0.055255
v -0.014657 -0.072360 0.055494
v -0.014163 -0.074342 0.054140
v -0.014163 -0.074342 0.054140
v -0.014163 -0.074342 0.054140
v -0.014163 -0.074342 0.054140
v -0.038637 -0.106281 0.035005
v -0.037678 -0.105938 0.034130
v -0.037231 -0.109745 0.036364
v -0.037417 -0.109053 0.037355
v -0.037406 -0.108821 0.037192
v -0.012790 -0.097810 0.043210
v -0.012523 -0.098075 0.043064
v -0.013180 -0.090204 0.049169
v 0.014332 -0.121923 0.026418
v 0.014287 -0.126804 0.026262
v 0.013651 -0.125481 0.025256
v 0.013707 -0.126265 0.024545
v 0.014488 -0.109175 0.042960
v 0.014381 -0.109411 0.035957
v 0.017160 -0.106861 0.037073
v 0.015145 -0.103954 0.038412
v 0.015843 -0.105023 0.037352
v 0.015255 -0.105407 0.038194
v 0.015813 -0.105021 0.037425
v 0.029717 -0.108929 0.034969
v 0.026297 -0.109120 0.034399
v 0.026930 -0.109150 0.034123
v 0.041061 -0.106159 0.034621
v 0.011245 -0.089604 0.044566
v 0.012481 -0.091305 0.040867
v 0.012398 -0.090838 0.040796
v 0.010681 -0.089826 0.042236
v 0.013194 -0.092629 0.040214
v 0.015066 -0.085394 0.044594
v 0.013783 -0.085914 0.042570
v 0.018914 -0.081111 0.042273
v 0.019005 -0.078906 0.045337
v 0.021080 -0.078180 0.045593
v 0.020106 -0.077484 0.046798
v 0.021417 -0.075897 0.048571
v 0.049186 -0.079344 0.051478
v 0.057880 -0.080932 0.044551
v 0.067848 -0.079337 0.037610
v 0.066674 -0.078999 0.036134
v 0.106343 -0.054989 0.026164
v 0.106204 -0.057973 0.023039
v 0.104085 -0.056180 0.020714
v 0.092025 0.100576 0.037700
v 0.091799 0.100325 0.037470
v 0.071982 0.117588 0.036007
v 0.070704 0.118268 0.036434
v 0.070704 0.118268 0.036434
v 0.066217 0.119977 0.038751
v 0.066595 0.120360 0.039138
v 0.055549 0.115696 0.050089
v 0.054808 0.105435 0.057366
v 0.000389 0.080976 0.070104
v -0.034162 0.055660 0.072137
v -0.031318 0.051224 0.074735
v -0.022972 0.049458 0.074800
v -0.031365 0.051610 0.076634
v -0.031318 0.051224 0.074735
v -0.030333 0.047929 0.077874
v -0.032098 0.034961 0.077306
v -0.034355 0.039515 0.078763
v -0.040691 0.036760 0.075963
v -0.041305 0.025729 0.073375
v -0.041305 0.025729 0.073375
v -0.041305 0.025729 0.073375
v -0.041305 0.025729 0.073375
v -0.041806 0.018022 0.078289
v -0.041621 0.017872 0.077610
v -0.051724 -0.011405 0.073175
v -0.061268 -0.027506 0.061730
v -0.061234 -0.027685 0.061835
v -0.060445 -0.034951 0.046186
v -0.060274 -0.034994 0.046572
v -0.048230 -0.037637 0.060645
v -0.034872 -0.059324 0.065758
v -0.033589 -0.062237 0.069210
v -0.035646 -0.059168 0.066454
v -0.034872 -0.059324 0.065758
v -0.035725 -0.058397 0.066230
v -0.028392 -0.059496 0.067447
v -0.021925 -0.063095 0.061273
v -0.020702 -0.061251 0.059021
v -0.023566 -0.062729 0.061699
v -0.019634 -0.065491 0.060663
v -0.019359 -0.065719 0.060788
v -0.015549 -0.070058 0.057172
v -0.014594 -0.071159 0.056068
v -0.043433 -0.105380 0.034878
v -0.043407 -0.105420 0.034866
v -0.037350 -0.108453 0.036188
v -0.037291 -0.108895 0.036976
v -0.037350 -0.108453 0.036188
v -0.042425 -0.091298 0.054313
v -0.013172 -0.086211 0.059774
v -0.012069 -0.103263 0.046793
v -0.012160 -0.103148 0.047318
v -0.014935 -0.105854 0.045293
v -0.012811 -0.105481 0.042394
v -0.013256 -0.105704 0.042119
v -0.012287 -0.111009 0.038835
v -0.012342 -0.109297 0.042844
v -0.012321 -0.133591 0.029491
v -0.011657 -0.136147 0.027906
v -0.011671 -0.134645 0.028212
v -0.012277 -0.131766 0.023550
v -0.011106 -0.130898 0.022567
v -0.012277 -0.131766 0.023550
v -0.012277 -0.131766 0.023550
v -0.012936 -0.130054 0.022413
v -0.010930 -0.131468 0.023151
v -0.012250 -0.126901 0.023237
v 0.013997 -0.126381 0.024190
v 0.013964 -0.126239 0.024608
v 0.014349 -0.128313 0.022460
v 0.014318 -0.136710 0.027704
v 0.014404 -0.108118 0.043512
v 0.014465 -0.109592 0.041317
v 0.016963 -0.104466 0.040178
v 0.013120 -0.102039 0.041074
v 0.014242 -0.101474 0.040794
v 0.014497 -0.100896 0.041019
v 0.014546 -0.100350 0.041892
v 0.014857 -0.099033 0.042045
v 0.014857 -0.099033 0.042045
v 0.014291 -0.095763 0.044879
v 0.035512 -0.088837 0.053099
v 0.030183 -0.109091 0.035263
v 0.031324 -0.109056 0.035080
v 0.029302 -0.109509 0.034640
v 0.039334 -0.106117 0.033577
v 0.014855 -0.079645 0.050860
v 0.011942 -0.088008 0.044943
v 0.009685 -0.081092 0.045123
v 0.016938 -0.078828 0.046209
v 0.017796 -0.078065 0.045827
v 0.016938 -0.078828 0.046209
v 0.016938 -0.078828 0.046209
v 0.021204 -0.071406 0.052741
v 0.020957 -0.071287 0.052655
v 0.068450 -0.075023 0.035838
v 0.068358 -0.075071 0.035721
v 0.105956 -0.054725 0.025582
v 0.094067 0.095853 0.042375
v 0.088833 0.100355 0.040308
v 0.088833 0.100355 0.040308
v 0.082858 0.102314 0.041721
v 0.078820 0.110618 0.039302
v 0.077846 0.110084 0.038712
v 0.072070 0.114463 0.038908
v 0.071367 0.114446 0.039432
v 0.072070 0.114463 0.038908
v 0.071012 0.112354 0.041434
v 0.069947 0.113216 0.042140
v 0.068402 0.107281 0.045418
v 0.066409 0.116976 0.041884
v 0.066286 0.116807 0.041734
v 0.058001 0.113014 0.050957
v 0.057004 0.112016 0.050603
v 0.056465 0.113548 0.051648
v -0.016993 0.050554 0.078643
v -0.019461 0.049327 0.078839
v -0.027208 0.044938 0.079917
v -0.027036 0.044686 0.079739
v -0.027208 0.044938 0.079917
v -0.027208 0.044938 0.079917
v -0.033172 0.034854 0.080004
v -0.032852 0.034809 0.078954
v -0.034395 0.034013 0.077825
v -0.040512 0.030611 0.073735
v -0.034862 0.033330 0.076908
v -0.039200 0.038167 0.077179
v -0.041431 0.030772 0.073806
v -0.041038 0.031116 0.073087
v -0.039004 0.031500 0.074293
v -0.040917 0.030903 0.073160
v -0.037630 0.029803 0.076913
v -0.037330 0.030835 0.073528
v -0.036711 0.029329 0.077135
v -0.036000 0.028284 0.079266
v -0.033166 0.021745 0.083380
v -0.035432 0.024010 0.079206
v -0.035432 0.024010 0.079206
v -0.035436 0.023966 0.079616
v -0.035432 0.024022 0.079591
v -0.038487 0.020358 0.082575
v -0.036973 0.020312 0.078238
v -0.034866 0.017981 0.080955
v -0.043446 -0.003715 0.077620
v -0.042439 -0.004649 0.077433
v -0.042149 -0.006361 0.076824
v -0.046554 -0.008960 0.075498
v -0.044888 -0.009121 0.075210
v -0.048504 -0.011137 0.074676
v -0.049580 -0.020667 0.066240
v -0.055674 -0.026813 0.061229
v -0.055874 -0.025746 0.060486
v -0.058474 -0.033793 0.050411
v -0.059992 -0.036289 0.052480
v -0.053821 -0.031544 0.055425
v -0.046226 -0.039556 0.061190
v -0.044475 -0.054165 0.060323
v -0.045116 -0.054252 0.060929
v -0.041138 -0.039254 0.066196
v -0.038888 -0.053544 0.066890
v -0.039503 -0.053603 0.065672
v -0.037513 -0.054118 0.067697
v -0.038436 -0.055090 0.065729
v -0.036828 -0.057875 0.067119
v -0.035690 -0.056578 0.068900
v -0.034457 -0.058224 0.068567
v -0.033119 -0.057492 0.067925
v -0.033978 -0.057256 0.067593
v -0.031835 -0.058788 0.068084
v -0.032209 -0.058002 0.067899
v -0.032750 -0.058417 0.068882
v -0.029929 -0.058800 0.067124
v -0.030680 -0.061299 0.068372
v -0.026441 -0.061134 0.065461
v -0.026782 -0.059857 0.065221
v -0.024787 -0.061066 0.064786
v -0.024085 -0.061038 0.064969
v -0.043345 -0.068663 0.072052
v -0.057080 -0.106965 0.041004
v -0.047226 -0.108220 0.038925
v -0.045903 -0.108415 0.038793
v -0.049168 -0.101298 0.045342
v -0.015682 -0.080665 0.054743
v -0.012656 -0.085931 0.060826
v -0.011417 -0.085033 0.059631
v -0.012175 -0.086664 0.059191
v -0.012366 -0.087844 0.058738
v -0.012635 -0.107684 0.044975
v -0.012285 -0.108079 0.048246
v -0.015757 -0.106976 0.044455
v -0.012453 -0.108926 0.043749
v -0.010933 -0.106735 0.042126
v -0.012429 -0.109326 0.042882
v -0.012128 -0.109140 0.043254
v -0.011492 -0.137056 0.026644
v -0.012303 -0.139726 0.025541
v -0.012267 -0.135267 0.018399
v -0.012267 -0.135267 0.018399
v -0.008802 -0.131328 0.020876
v -0.008803 -0.131245 0.020757
v 0.014272 -0.136600 0.017383
v 0.015054 -0.108488 0.043497
v 0.015054 -0.108488 0.043497
v 0.015162 -0.108208 0.045204
v 0.014870 -0.108454 0.044201
v 0.014579 -0.104492 0.045729
v 0.014844 -0.104539 0.045652
v 0.014633 -0.103526 0.045860
v 0.014872 -0.104651 0.045670
v 0.015234 -0.101567 0.044708
v 0.014466 -0.101450 0.044300
v 0.014416 -0.101278 0.044056
v 0.014416 -0.101278 0.044056
v 0.014463 -0.103305 0.046386
v 0.014636 -0.094988 0.046419
v 0.014898 -0.094600 0.047051
v 0.014395 -0.090138 0.041228
v 0.017738 -0.093415 0.046633
v 0.017738 -0.093415 0.046633
v 0.047562 -0.108612 0.038769
v 0.032239 -0.109718 0.035029
v 0.033048 -0.109544 0.035719
v 0.031513 -0.109055 0.034671
v 0.041303 -0.105867 0.034838
v 0.041787 -0.105650 0.034971
v 0.018217 -0.078069 0.052485
v 0.012935 -0.080011 0.050219
v 0.011220 -0.079415 0.048416
v 0.013416 -0.079740 0.049473
v 0.013179 -0.079782 0.049993
v 0.013179 -0.079782 0.049993
v 0.015317 -0.077129 0.050851
v 0.014441 -0.075277 0.049906
v 0.016820 -0.068031 0.059695
v 0.024555 -0.063277 0.061792
v 0.028945 -0.061533 0.064312
v 0.042194 -0.066885 0.061473
v 0.049100 -0.070010 0.057675
v 0.048933 -0.069789 0.057113
v 0.054565 -0.070371 0.052921
v 0.054448 -0.070207 0.052846
v 0.070119 -0.065880 0.036438
v 0.070495 -0.065793 0.037289
v 0.122769 0.023301 0.016232
v 0.108544 0.061093 0.037698
v 0.093274 0.095218 0.041629
v 0.088688 0.094057 0.045515
v 0.088688 0.094057 0.045515
v 0.088107 0.093612 0.045683
v 0.082772 0.102320 0.040515
v 0.073465 0.110401 0.041113
v 0.074691 0.108627 0.041494
v 0.074691 0.108627 0.041494
v 0.075047 0.112611 0.038520
v 0.073713 0.112136 0.040507
v 0.069289 0.107199 0.043317
v 0.069956 0.107635 0.045885
v 0.053334 0.104739 0.055248
v 0.051601 0.097520 0.060888
v 0.051613 0.097523 0.060915
v -0.007988 0.054488 0.079289
v -0.018031 0.055873 0.079428
v -0.021504 0.049380 0.078621
v -0.023469 0.050280 0.078801
v -0.022991 0.047007 0.081197
v -0.019863 0.049354 0.078911
v -0.025170 0.042914 0.084574
v -0.025170 0.042914 0.084574
v -0.025170 0.042914 0.084574
v -0.034991 0.026527 0.082601
v -0.035241 0.026973 0.080113
v -0.035321 0.028489 0.080444
v -0.035321 0.028489 0.080444
v -0.035824 0.027669 0.081236
v -0.036381 0.027346 0.082304
v -0.037692 0.025779 0.081740
v -0.036381 0.027346 0.082304
v -0.036894 0.024709 0.080635
v -0.035958 0.023331 0.080355
v -0.036245 0.022065 0.080396
v -0.036400 0.021557 0.081415
v -0.036002 0.021965 0.080866
v -0.035033 0.018732 0.081769
v -0.034776 0.018140 0.080902
v -0.034776 0.018140 0.080902
v -0.033091 0.009431 0.083816
v -0.032042 0.009292 0.082383
v -0.030998 0.003608 0.085659
v -0.038450 0.000139 0.079357
v -0.041452 -0.008315 0.076522
v -0.041407 -0.010717 0.082112
v -0.041565 -0.006842 0.076836
v -0.041445 -0.011695 0.075829
v -0.042948 -0.010398 0.074351
v -0.042948 -0.010398 0.074351
v -0.042421 -0.009678 0.075824
v -0.042191 -0.014540 0.069324
v -0.045830 -0.014096 0.071163
v -0.050893 -0.021959 0.065834
v -0.053147 -0.030146 0.056361
v -0.055430 -0.030144 0.060103
v -0.054815 -0.028500 0.058557
v -0.053931 -0.027954 0.057551
v -0.053243 -0.030701 0.056775
v -0.048325 -0.028404 0.062125
v -0.048822 -0.028174 0.062657
v -0.045319 -0.040681 0.062556
v -0.040244 -0.041075 0.065645
v -0.039381 -0.045829 0.065841
v -0.040504 -0.044455 0.065662
v -0.038385 -0.048914 0.067362
v -0.039851 -0.047816 0.066325
v -0.039871 -0.048090 0.066294
v -0.040519 -0.051214 0.066703
v -0.040223 -0.055069 0.067325
v -0.039950 -0.055148 0.067001
v -0.038052 -0.058073 0.069637
v -0.034030 -0.054694 0.069144
v -0.033489 -0.054831 0.070000
v -0.033686 -0.055238 0.069528
v -0.033037 -0.055530 0.070837
v -0.033617 -0.053245 0.071537
v -0.033037 -0.055530 0.070837
v -0.033037 -0.055530 0.070837
v -0.032495 -0.060084 0.068780
v -0.032480 -0.059465 0.068745
v -0.029752 -0.059151 0.068581
v -0.029290 -0.059016 0.067691
v -0.030105 -0.058565 0.067756
v -0.030105 -0.058565 0.067756
v -0.028401 -0.058483 0.067054
v -0.028223 -0.058623 0.067273
v -0.028325 -0.059276 0.067481
v -0.025973 -0.059512 0.066800
v -0.026557 -0.058847 0.067310
v -0.024798 -0.061147 0.065283
v -0.050462 -0.104470 0.036337
v -0.050462 -0.104470 0.036337
v -0.050821 -0.103696 0.037353
v -0.049415 -0.108029 0.039353
v -0.048946 -0.107811 0.038156
v -0.015646 -0.081206 0.055353
v -0.013236 -0.084329 0.052915
v -0.012677 -0.085182 0.053679
v -0.013088 -0.086044 0.062339
v -0.012966 -0.086070 0.062730
v -0.012695 -0.086326 0.063406
v -0.008170 -0.085803 0.062780
v -0.008170 -0.085803 0.062780
v -0.005811 -0.083283 0.062194
v -0.007781 -0.085124 0.057523
v -0.009429 -0.086287 0.059968
v -0.008724 -0.107078 0.045066
v -0.008724 -0.107078 0.045066
v -0.011811 -0.146587 0.018306
v -0.010236 -0.144473 0.021596
v -0.011464 -0.149456 0.017049
v -0.011903 -0.146021 0.009493
v -0.013585 -0.149964 0.005322
v 0.014769 -0.147982 0.018693
v 0.014318 -0.144901 0.018367
v -0.009009 -0.146519 0.018495
v -0.012808 -0.149046 0.019255
v -0.011486 -0.148410 0.018834
v -0.011890 -0.148424 0.019003
v -0.012566 -0.148455 0.019055
v 0.014560 -0.150436 0.004326
v 0.014379 -0.150865 0.004182
v 0.016194 -0.152537 0.014536
v 0.014549 -0.150882 0.014844
v 0.015407 -0.153386 0.012049
v 0.014250 -0.151089 0.014407
v 0.014305 -0.151057 0.014450
v 0.015927 -0.150333 0.015699
v 0.014749 -0.149693 0.016356
v 0.014491 -0.148850 0.017459
v 0.013867 -0.148617 0.018816
v 0.014491 -0.148850 0.017459
v 0.014207 -0.147949 0.018590
v 0.015842 -0.149075 0.016912
v 0.014334 -0.147273 0.017451
v 0.014491 -0.148850 0.017459
v 0.013802 -0.148182 0.019233
v 0.014309 -0.147926 0.020315
v 0.013675 -0.148215 0.019292
v 0.012645 -0.145446 0.019094
v 0.009743 -0.148335 0.019595
v 0.011169 -0.148188 0.019006
v 0.010679 -0.149598 0.020156
v -0.004510 -0.146882 0.019618
v -0.006314 -0.147661 0.020780
v -0.012879 -0.148182 0.019678
v -0.012462 -0.149070 0.015045
v -0.013078 -0.149973 0.016386
v -0.012438 -0.149421 0.016132
v -0.013381 -0.149933 0.010222
v -0.011749 -0.151276 0.014566
v -0.011641 -0.151287 0.014660
v -0.012670 -0.149666 0.005781
v -0.012653 -0.149003 0.005217
v 0.003627 -0.148694 0.006262
v 0.003627 -0.148694 0.006262
v 0.015158 -0.150677 0.003807
v 0.015230 -0.149453 0.003394
v 0.015440 -0.151982 0.006766
v 0.006656 -0.149716 0.012649
v 0.017107 -0.155535 0.014605
v 0.016831 -0.155349 0.014233
v 0.016866 -0.155161 0.014520
v 0.016901 -0.156047 0.014424
v 0.017107 -0.155535 0.014605
v 0.016681 -0.152571 0.014619
v 0.016681 -0.152571 0.014619
v 0.020545 -0.152393 0.018974
v 0.016577 -0.152517 0.014324
v 0.016440 -0.149584 0.016240
v 0.016709 -0.150023 0.015826
v 0.018670 -0.150244 0.017930
v 0.016294 -0.149564 0.016264
v 0.017821 -0.149179 0.016128
v 0.017522 -0.148228 0.017872
v 0.017522 -0.148228 0.017872
v 0.017849 -0.148582 0.016829
v 0.017522 -0.148228 0.017872
v 0.015358 -0.149117 0.024190
v 0.014270 -0.149201 0.024679
v 0.021488 -0.148283 0.024792
v 0.019911 -0.152668 0.023048
v 0.017228 -0.149233 0.024491
v 0.013745 -0.149039 0.024634
v 0.013445 -0.148425 0.022917
v 0.013384 -0.148791 0.023895
v 0.013529 -0.148470 0.019312
v 0.012207 -0.142562 0.021487
v 0.012192 -0.146329 0.022627
v 0.002237 -0.148364 0.019483
v -0.016398 -0.146816 0.023188
v -0.016178 -0.150502 0.014187
v -0.018781 -0.150210 0.014291
v -0.013846 -0.155870 0.015132
v -0.014784 -0.154479 0.014171
v -0.013184 -0.158423 0.013644
v -0.005445 -0.157505 0.014760
v -0.010488 -0.155910 0.014990
v -0.010722 -0.156088 0.014764
v -0.009383 -0.154669 0.017410
v -0.013373 -0.155383 0.016998
v -0.010722 -0.156088 0.014764
v -0.010957 -0.150963 0.014406
v -0.001663 -0.151510 0.014030
v -0.010901 -0.151220 0.013975
v -0.012883 -0.153295 0.011981
v -0.013857 -0.155477 0.009438
v -0.013847 -0.154176 0.005921
v -0.013847 -0.154176 0.005921
v -0.013847 -0.154176 0.005921
v -0.013237 -0.149860 0.004897
v -0.012806 -0.152524 0.000610
v -0.012578 -0.154358 -0.003116
v -0.012806 -0.152524 0.000610
v -0.013429 -0.153053 0.000164
v -0.012806 -0.152524 0.000610
v -0.002703 -0.150571 0.003526
v -0.002703 -0.150574 0.003528
v 0.009250 -0.150714 0.003344
v 0.009250 -0.150714 0.003344
v 0.010276 -0.152994 -0.000408
v 0.010272 -0.153819 0.000213
v 0.015999 -0.154899 -0.002411
v 0.013422 -0.154811 -0.002450
v 0.016566 -0.154217 -0.002043
v 0.016572 -0.154042 -0.002212
v 0.015663 -0.155753 0.009146
v 0.015056 -0.156077 0.009217
v 0.004932 -0.151810 0.013417
v 0.000886 -0.151389 0.014573
v -0.001190 -0.149949 0.013557
v 0.004992 -0.155919 0.013530
v 0.007160 -0.154902 0.014700
v 0.005977 -0.154545 0.017073
v 0.011072 -0.155436 0.016292
v 0.015613 -0.157684 0.016666
v 0.015527 -0.158631 0.015532
v 0.017090 -0.157351 0.015406
v 0.018265 -0.156136 0.016536
v 0.018871 -0.148827 0.015721
v 0.020290 -0.147213 0.019527
v 0.021993 -0.149814 0.018864
v 0.020290 -0.147213 0.019527
v 0.020290 -0.147213 0.019527
v 0.022420 -0.150045 0.024997
v 0.021115 -0.153806 0.021484
v 0.021482 -0.150774 0.025685
v 0.021981 -0.153469 0.025627
v 0.016211 -0.152831 0.026933
v 0.016211 -0.152831 0.026933
v 0.015781 -0.150286 0.031071
v 0.009740 -0.150678 0.025737
v 0.009740 -0.150678 0.025737
v 0.009740 -0.150678 0.025737
v 0.009740 -0.150678 0.025737
v 0.011481 -0.148384 0.024066
v 0.005257 -0.146390 0.024338
v -0.013751 -0.150153 0.025992
v -0.004166 -0.148210 0.023967
v -0.006920 -0.149353 0.024873
v -0.012229 -0.151735 0.026209
v -0.014559 -0.151473 0.026081
v -0.014343 -0.151266 0.025337
v -0.021602 -0.149460 0.019812
v -0.018001 -0.147429 0.021588
v -0.019642 -0.147601 0.015588
v -0.018982 -0.146614 0.014960
v -0.017905 -0.147861 0.016506
v -0.021106 -0.149751 0.014159
v -0.019818 -0.149580 0.014344
v -0.019221 -0.154010 0.015247
v -0.018910 -0.153075 0.013960
v -0.014565 -0.157948 0.015906
v -0.014790 -0.158807 0.013797
v -0.012364 -0.159281 0.018490
v -0.012614 -0.157111 0.018543
v -0.010932 -0.158860 0.018818
v -0.010953 -0.158632 0.019090
v -0.004093 -0.158108 0.017866
v -0.005616 -0.156460 0.012770
v -0.006545 -0.156219 0.012294
v -0.013465 -0.155618 0.009733
v -0.015382 -0.160212 0.003780
v -0.014354 -0.157393 0.007348
v -0.013796 -0.157538 0.007780
v -0.014046 -0.157268 0.007488
v -0.013643 -0.162151 0.001228
v -0.013829 -0.161024 0.001093
v -0.014427 -0.160247 0.003291
v -0.014192 -0.153924 -0.001540
v -0.014380 -0.153773 -0.001216
v -0.010034 -0.153844 -0.001618
v -0.014380 -0.153773 -0.001216
v -0.013724 -0.154716 -0.002832
v -0.013886 -0.154597 -0.002682
v -0.013324 -0.155144 -0.003314
v -0.013962 -0.155235 -0.003875
v -0.010463 -0.156548 -0.004319
v -0.008696 -0.152224 -0.010860
v -0.009127 -0.155504 -0.003717
v -0.003961 -0.158557 -0.008254
v 0.004922 -0.156915 -0.005724
v 0.004922 -0.156915 -0.005724
v 0.011691 -0.156026 -0.003974
v 0.011733 -0.153981 -0.007538
v 0.012619 -0.157018 -0.005293
v 0.015054 -0.155474 -0.003710
v 0.016489 -0.156903 0.000270
v 0.016144 -0.162361 0.000423
v 0.016290 -0.161889 0.001210
v 0.005115 -0.157427 0.015489
v 0.005322 -0.157684 0.014625
v 0.005524 -0.159205 0.016228
v 0.008479 -0.157808 0.016724
v 0.006025 -0.158569 0.019031
v 0.008352 -0.158467 0.017890
v 0.008667 -0.157771 0.016869
v 0.011755 -0.157153 0.015393
v 0.015411 -0.158679 0.016694
v 0.016541 -0.158828 0.018525
v 0.021654 -0.157080 0.018240
v 0.018103 -0.160061 0.017295
v 0.020158 -0.160510 0.015230
v 0.020097 -0.160414 0.015408
v 0.020148 -0.160642 0.015111
v 0.019767 -0.160536 0.016930
v 0.020097 -0.160414 0.015408
v 0.022297 -0.154132 0.013743
v 0.021801 -0.153586 0.013014
v 0.021080 -0.154304 0.012871
v 0.022080 -0.153658 0.013885
v 0.021979 -0.152737 0.012806
v 0.020704 -0.151001 0.013757
v 0.021888 -0.148343 0.015848
v 0.023691 -0.149500 0.016620
v 0.023946 -0.146830 0.015948
v 0.022374 -0.147308 0.018966
v 0.022361 -0.147298 0.019032
v 0.022426 -0.152593 0.018027
v 0.022489 -0.151496 0.019073
v 0.023823 -0.154196 0.020518
v 0.026135 -0.149516 0.018370
v 0.025782 -0.148383 0.020600
v 0.025782 -0.148383 0.020600
v 0.025782 -0.148383 0.020600
v 0.024206 -0.149959 0.024208
v 0.025715 -0.149443 0.025475
v 0.025271 -0.149449 0.023205
v 0.022136 -0.153157 0.026471
v 0.022399 -0.151442 0.025968
v 0.024135 -0.151259 0.027646
v 0.022839 -0.157588 0.025346
v 0.017814 -0.155866 0.024766
v 0.016303 -0.157528 0.024719
v 0.017363 -0.155537 0.022126
v -0.001236 -0.153793 0.026537
v -0.006659 -0.155164 0.024844
v -0.008545 -0.151125 0.026232
v -0.006161 -0.151185 0.026063
v -0.001661 -0.151059 0.026012
v -0.001661 -0.151059 0.026012
v -0.008697 -0.154265 0.026610
v -0.011571 -0.152907 0.026894
v -0.011571 -0.152907 0.026894
v -0.009845 -0.156645 0.033502
v -0.011571 -0.152907 0.026894
v -0.020834 -0.152485 0.026349
v -0.020788 -0.152763 0.026705
v -0.020788 -0.152763 0.026705
v -0.021854 -0.152941 0.025972
v -0.022031 -0.149029 0.024420
v -0.022031 -0.149029 0.024420
v -0.022031 -0.149029 0.024420
v -0.022031 -0.149029 0.024420
v -0.022031 -0.149029 0.024420
v -0.022031 -0.149029 0.024420
v -0.021605 -0.147196 0.018980
v -0.024840 -0.142934 0.013190
v -0.021605 -0.147196 0.018980
v -0.022340 -0.150003 0.019151
v -0.019702 -0.147952 0.015712
v -0.022763 -0.144847 0.012628
v -0.021826 -0.151897 0.016951
v -0.021155 -0.149933 0.014127
v -0.021155 -0.149933 0.014127
v -0.021222 -0.153425 0.011188
v -0.020724 -0.153228 0.013294
v -0.018898 -0.158240 0.016077
v -0.021290 -0.156870 0.013509
v -0.022362 -0.156885 0.010282
v -0.019952 -0.154117 0.019010
v -0.019832 -0.159453 0.014344
v -0.016735 -0.158159 0.014243
v -0.016341 -0.159263 0.015309
v -0.016771 -0.158015 0.016799
v -0.015724 -0.159346 0.015653
v -0.013233 -0.158495 0.018216
v -0.013233 -0.158495 0.018216
v -0.013233 -0.158495 0.018216
v -0.010834 -0.156463 0.022209
v -0.014625 -0.160047 0.020700
v -0.013431 -0.159327 0.020639
v -0.005396 -0.158674 0.025017
v -0.006940 -0.158887 0.022804
v -0.010722 -0.163305 0.024427
v -0.007269 -0.159029 0.022163
v -0.006116 -0.160596 0.019511
v -0.004984 -0.159774 0.021182
v -0.006478 -0.159231 0.021361
v -0.004915 -0.159734 0.020406
v -0.004244 -0.158587 0.018024
v -0.003673 -0.158395 0.016449
v -0.002676 -0.158888 0.020127
v -0.004914 -0.156677 0.015385
v -0.000776 -0.156927 0.014147
v -0.003788 -0.159985 0.009811
v 0.000935 -0.157573 0.017923
v 0.001155 -0.160867 0.020357
v 0.001000 -0.160985 0.011136
v 0.003323 -0.161717 0.011913
v 0.003697 -0.160383 0.014128
v 0.004877 -0.160288 0.014263
v 0.004386 -0.160590 0.014912
v 0.004508 -0.160007 0.015922
v 0.006097 -0.159941 0.018057
v 0.006097 -0.159941 0.018057
v 0.006097 -0.159941 0.018057
v 0.008150 -0.159071 0.019977
v 0.008908 -0.159799 0.020032
v 0.014254 -0.157178 0.022414
v 0.015001 -0.155353 0.020706
v 0.017219 -0.159778 0.021258
v 0.017401 -0.159183 0.021199
v 0.019432 -0.157399 0.019502
v 0.017219 -0.159778 0.021258
v 0.022391 -0.161705 0.018135
v 0.022330 -0.160827 0.016173
v 0.023844 -0.163488 0.017762
v 0.022267 -0.161721 0.017394
v 0.023802 -0.158601 0.017414
v 0.023540 -0.158164 0.015879
v 0.023683 -0.154415 0.013243
v 0.022361 -0.155515 0.019920
v 0.023002 -0.153276 0.017059
v 0.020238 -0.153568 0.019733
v 0.023590 -0.148487 0.016014
v 0.023925 -0.149079 0.015381
v 0.023925 -0.149079 0.015381
v 0.023874 -0.148437 0.016228
v 0.027041 -0.151668 0.015797
v 0.026422 -0.150792 0.016739
v 0.024498 -0.153420 0.019585
v 0.030529 -0.151313 0.019500
v 0.025420 -0.150431 0.023753
v 0.025538 -0.150005 0.023620
v 0.025852 -0.150577 0.023909
v 0.022950 -0.153891 0.023074
v 0.022902 -0.153390 0.020277
v 0.023486 -0.156562 0.023106
v 0.022964 -0.157452 0.025241
v 0.022964 -0.157452 0.025241
v 0.018017 -0.156951 0.021889
v 0.019467 -0.158862 0.024078
v 0.010931 -0.158397 0.022854
v 0.005252 -0.157865 0.024767
v 0.009421 -0.158472 0.024497
v 0.009146 -0.157387 0.023603
v 0.003067 -0.157925 0.021915
v 0.004473 -0.157009 0.025702
v -0.002983 -0.158225 0.028085
v -0.005048 -0.157526 0.025055
v -0.014291 -0.155922 0.024120
v -0.015687 -0.158379 0.026014
v -0.016930 -0.158637 0.029751
v -0.014672 -0.157414 0.025251
v -0.018040 -0.156638 0.026016
v -0.024780 -0.155488 0.024021
v -0.023165 -0.155687 0.024183
v -0.023266 -0.152342 0.019896
v -0.025136 -0.150194 0.021890
v -0.025136 -0.150194 0.021890
v -0.025136 -0.150194 0.021890
v -0.025311 -0.149835 0.017324
v -0.024153 -0.150481 0.017356
v -0.023616 -0.151010 0.016738
v -0.023065 -0.152788 0.013855
v -0.023299 -0.152897 0.013943
v -0.023662 -0.152371 0.014222
v -0.023644 -0.156051 0.014463
v -0.024043 -0.156788 0.013774
v -0.022632 -0.157147 0.013992
v -0.022094 -0.159940 0.014907
v -0.021996 -0.159236 0.015113
v -0.019207 -0.157259 0.020762
v -0.019668 -0.162046 0.017609
v -0.020136 -0.161810 0.019138
v -0.019668 -0.162046 0.017609
v -0.019668 -0.162046 0.017609
v -0.019335 -0.157380 0.018801
v -0.021315 -0.162231 0.017470
v -0.017117 -0.161122 0.017999
v -0.016662 -0.160454 0.016662
v -0.016625 -0.160526 0.016542
v -0.016629 -0.160623 0.016639
v -0.014502 -0.160076 0.022036
v -0.015353 -0.161100 0.020457
v -0.014645 -0.159811 0.020733
v -0.014778 -0.159317 0.024934
v -0.012156 -0.158539 0.024091
v -0.013468 -0.158569 0.023970
v -0.004957 -0.158029 0.024402
v -0.004149 -0.158803 0.023879
v -0.004565 -0.158976 0.023371
v -0.003847 -0.159639 0.023030
v -0.002731 -0.160440 0.024607
v -0.003759 -0.159390 0.021303
v -0.001865 -0.163854 0.015796
v -0.001865 -0.163854 0.015796
v -0.000502 -0.162515 0.014458
v -0.001419 -0.167773 0.016024
v 0.001781 -0.162161 0.018414
v 0.001152 -0.163322 0.018870
v -0.002533 -0.158994 0.015365
v 0.002064 -0.162146 0.015363
v 0.003280 -0.162088 0.014788
v 0.002526 -0.162684 0.014733
v 0.003831 -0.162414 0.016668
v 0.004095 -0.162505 0.015456
v 0.003178 -0.162886 0.016332
v 0.002448 -0.163365 0.015707
v 0.003279 -0.164462 0.017558
v 0.003819 -0.164147 0.017728
v 0.005403 -0.162487 0.019937
v 0.004443 -0.163819 0.020342
v 0.005848 -0.164621 0.020627
v 0.007762 -0.161445 0.019933
v 0.007326 -0.159564 0.021768
v 0.007621 -0.159156 0.020811
v 0.007900 -0.159630 0.020726
v 0.021500 -0.160545 0.020608
v 0.023568 -0.164456 0.020493
v 0.021490 -0.161919 0.020104
v 0.022831 -0.159186 0.020700
v 0.023255 -0.157603 0.019002
v 0.024579 -0.159806 0.020841
v 0.024331 -0.157742 0.019053
v 0.025016 -0.159681 0.017201
v 0.025754 -0.158417 0.015422
v 0.026194 -0.156779 0.014897
v 0.024658 -0.155719 0.017065
v 0.026719 -0.155441 0.015464
v 0.024855 -0.152757 0.015432
v 0.025535 -0.153199 0.014196
v 0.028520 -0.152569 0.018494
v 0.033712 -0.155323 0.020101
v 0.031711 -0.153178 0.023021
v 0.027496 -0.152993 0.021928
v 0.026201 -0.157276 0.021786
v 0.023756 -0.155791 0.021640
v 0.025063 -0.156948 0.019422
v 0.023491 -0.156923 0.021939
v 0.024372 -0.158706 0.023549
v 0.022505 -0.160567 0.021625
v 0.025170 -0.158764 0.017737
v 0.026745 -0.159515 0.017604
v 0.027305 -0.158441 0.017309
v 0.027941 -0.157930 0.017418
v 0.027463 -0.157754 0.017887
v 0.029426 -0.158192 0.018190
v 0.010017 -0.158894 0.023325
v 0.005382 -0.158846 0.023081
v 0.003207 -0.158943 0.022934
v 0.002399 -0.160692 0.026280
v 0.000829 -0.161629 0.022867
v 0.001643 -0.159453 0.026073
v 0.001317 -0.158745 0.018423
v -0.001066 -0.158400 0.025880
v -0.001066 -0.158400 0.025880
v -0.001066 -0.158400 0.025880
v -0.000152 -0.161308 0.020131
v -0.001554 -0.163047 0.023935
v 0.000796 -0.161642 0.023872
v -0.001811 -0.164409 0.019340
v -0.002888 -0.163357 0.019802
v -0.002888 -0.163357 0.019802
v -0.001359 -0.165036 0.018429
v 0.000884 -0.161861 0.017984
v 0.002039 -0.167799 0.017866
v 0.000326 -0.165341 0.019973
v 0.002950 -0.165196 0.018346
v 0.004356 -0.164816 0.021247
v 0.003202 -0.163949 0.023771
v 0.002667 -0.163914 0.022598
v 0.004662 -0.161635 0.024317
v 0.001215 -0.163646 0.024405
v 0.001497 -0.163368 0.025038
v 0.002496 -0.163942 0.024544
v 0.000526 -0.163802 0.024657
v 0.000524 -0.163789 0.024655
v -0.000765 -0.164402 0.023234
v -0.001240 -0.164543 0.022134
v -0.000109 -0.165299 0.021614
v -0.000109 -0.165299 0.021614
v -0.017831 -0.160422 0.020924
v -0.017425 -0.161378 0.020577
v -0.018736 -0.160837 0.022390
v -0.019084 -0.160048 0.021354
v -0.018056 -0.161195 0.021345
v -0.019371 -0.156742 0.020410
v -0.020897 -0.159890 0.021152
v -0.024436 -0.155529 0.023840
v -0.029000 -0.157527 0.024338
v -0.021160 -0.153507 0.019793
v -0.026435 -0.153618 0.018878
v -0.022804 -0.154337 0.019541
v -0.024284 -0.153251 0.018790
v -0.026435 -0.153618 0.018878
v -0.020976 -0.152630 0.018458
v -0.025231 -0.154422 0.015207
v -0.021405 -0.156189 0.017734
v -0.024893 -0.159347 0.015565
v -0.019853 -0.155061 0.018685
v -0.023128 -0.158877 0.019073
v -0.020071 -0.157232 0.019987
v -0.020774 -0.160325 0.019115
v -0.017106 -0.161366 0.020275
v -0.024429 -0.161150 0.020741
v -0.026265 -0.161223 0.020611
v -0.025160 -0.158169 0.018793
v -0.022994 -0.157635 0.017891
v -0.023897 -0.160098 0.019664
v -0.010013 -0.160261 0.000560
v -0.011547 -0.163208 -0.000703
v -0.011547 -0.163208 -0.000703
v -0.012574 -0.161723 -0.002177
v -0.012368 -0.162344 -0.002554
v -0.009848 -0.157642 -0.004981
v -0.010286 -0.157716 -0.005589
v -0.009378 -0.157094 -0.007517
v -0.007217 -0.158184 -0.006823
v -0.005135 -0.159988 -0.005796
v -0.003519 -0.159267 -0.006975
v -0.002508 -0.160956 -0.008044
v 0.004223 -0.161107 -0.009801
v 0.007528 -0.160865 -0.008523
v 0.004605 -0.162748 -0.009995
v 0.008542 -0.159367 -0.014650
v 0.004223 -0.161107 -0.009801
v 0.011098 -0.156755 -0.011619
v 0.010167 -0.161353 -0.005026
v 0.008357 -0.161461 -0.009313
v 0.010895 -0.157846 -0.006000
v 0.009418 -0.157446 -0.006403
v 0.012403 -0.159151 -0.007174
v 0.011591 -0.159543 -0.006036
v 0.009093 -0.160571 -0.004641
v 0.012325 -0.159105 -0.006386
v 0.012325 -0.159105 -0.006386
v 0.013631 -0.157543 -0.004855
v 0.012649 -0.158003 -0.004580
v 0.013054 -0.157580 -0.005548
v 0.015660 -0.159260 -0.001544
v 0.014916 -0.160613 -0.001990
v 0.013816 -0.160064 -0.000840
v 0.015049 -0.162358 0.000122
v 0.012153 -0.164446 -0.000709
v 0.008045 -0.162289 0.000574
v -0.006858 -0.164883 -0.002296
v -0.008103 -0.164269 -0.002166
v -0.009803 -0.163274 -0.002479
v -0.010230 -0.162469 -0.003420
v -0.010230 -0.162469 -0.003420
v -0.010095 -0.161794 -0.003075
v -0.010230 -0.162469 -0.003420
v -0.006786 -0.162814 -0.007559
v -0.008005 -0.162288 -0.007086
v -0.008147 -0.161781 -0.007238
v -0.005837 -0.160472 -0.008315
v -0.001954 -0.162771 -0.010440
v -0.002658 -0.161126 -0.011138
v -0.002000 -0.161200 -0.011820
v 0.001863 -0.162739 -0.010489
v 0.000968 -0.162084 -0.007972
v 0.003236 -0.163931 -0.010437
v 0.001635 -0.163906 -0.010708
v 0.003836 -0.164293 -0.010025
v 0.005177 -0.164792 -0.010825
v 0.006145 -0.162808 -0.009861
v 0.005690 -0.163206 -0.009770
v 0.006795 -0.162736 -0.009442
v 0.007327 -0.162546 -0.010154
v 0.008903 -0.163278 -0.008952
v 0.010602 -0.162493 -0.006709
v 0.010372 -0.161840 -0.006469
v 0.014611 -0.160965 -0.002455
v 0.012114 -0.162556 -0.000176
v 0.014178 -0.162871 -0.000233
v 0.011871 -0.163586 -0.001803
v 0.011048 -0.164119 -0.002702
v 0.010548 -0.165339 -0.002905
v 0.000281 -0.166871 -0.005664
v -0.003141 -0.164397 -0.002257
v -0.003572 -0.162614 0.000110
v -0.006884 -0.164484 -0.002597
v -0.006953 -0.164480 -0.002663
v -0.005021 -0.164476 -0.003322
v -0.006797 -0.164589 -0.003110
v -0.004491 -0.164311 -0.006540
v -0.004491 -0.164311 -0.006540
v -0.002187 -0.164311 -0.007478
v 0.000404 -0.164157 -0.010490
v 0.000098 -0.163284 -0.012792
v 0.000130 -0.165624 -0.010858
v 0.001143 -0.165784 -0.009771
v 0.001143 -0.165784 -0.009771
v 0.003894 -0.165746 -0.006111
v 0.004302 -0.165515 -0.007145
v 0.005695 -0.164714 -0.006642
v 0.006247 -0.164161 -0.007577
v 0.006247 -0.164161 -0.007577
v 0.006287 -0.165243 -0.004496
v 0.002293 -0.166313 -0.005114
v 0.002238 -0.166512 -0.006276
v 0.000465 -0.163469 -0.006395
v -0.000570 -0.165995 -0.004504
v -0.003141 -0.164411 -0.002246
v -0.000376 -0.166584 -0.006406
v 0.000749 -0.167095 -0.006720
v 0.001234 -0.167242 -0.007544
v 0.000834 -0.166885 -0.006429
v -0.000007 -0.167116 -0.006280
v 0.012928 -0.108725 0.043767
v 0.012969 -0.108418 0.044216
v 0.013385 -0.108350 0.044448
v 0.015132 -0.107804 0.045296
v 0.015175 -0.107575 0.045494
v 0.014870 -0.104875 0.045750
v 0.010067 -0.104039 0.045990
v 0.015690 -0.086247 0.052867
v 0.019553 -0.076679 0.058432
v 0.052777 -0.107259 0.039593
v 0.045333 -0.105382 0.034378
v 0.044376 -0.105543 0.034623
v 0.015763 -0.076101 0.052740
v 0.017289 -0.071364 0.056935
v 0.016895 -0.070832 0.056305
v 0.015948 -0.070412 0.058541
v 0.016280 -0.068577 0.058045
v 0.018338 -0.066144 0.060131
v 0.018338 -0.066144 0.060131
v 0.022921 -0.066097 0.060952
v 0.022790 -0.065476 0.062095
v 0.037523 -0.058838 0.067379
v 0.050697 -0.062109 0.058220
v 0.050902 -0.061926 0.058505
v 0.065479 -0.040203 0.038630
v 0.108843 -0.044356 0.029265
v 0.091140 0.084695 0.050467
v 0.091504 0.085057 0.051197
v 0.084502 0.084841 0.053466
v 0.081776 0.099442 0.044394
v 0.082918 0.098319 0.044091
v 0.080986 0.100371 0.042739
v 0.069803 0.099178 0.045868
v 0.067982 0.102126 0.047827
v 0.066172 0.102916 0.047877
v 0.054592 0.096821 0.058921
v 0.054889 0.096854 0.059358
v 0.016582 0.054962 0.080201
v 0.008396 0.052889 0.080232
v 0.011966 0.054092 0.078760
v 0.006869 0.051740 0.079446
v 0.007311 0.052065 0.079816
v 0.006759 0.050287 0.079471
v 0.005413 0.051047 0.078454
v -0.015372 0.053546 0.081734
v -0.017864 0.050411 0.080062
v -0.022203 0.045669 0.086855
v -0.020831 0.046728 0.087304
v -0.021365 0.039120 0.090349
v -0.023632 0.041271 0.089136
v -0.023632 0.041271 0.089136
v -0.030198 0.030662 0.085130
v -0.030879 0.026672 0.084273
v -0.033661 0.025887 0.083235
v -0.033661 0.025887 0.083235
v -0.038605 0.024555 0.085872
v -0.039808 0.022323 0.082237
v -0.041423 0.025473 0.084548
v -0.039788 0.024749 0.085162
v -0.041423 0.025473 0.084548
v -0.041423 0.025473 0.084548
v -0.041825 0.026086 0.083926
v -0.041423 0.025473 0.084548
v -0.041423 0.025473 0.084548
v -0.038957 0.024475 0.081566
v -0.039674 0.024299 0.081103
v -0.038027 0.024617 0.080786
v -0.038296 0.021712 0.081508
v -0.038642 0.021919 0.081991
v -0.038493 0.022678 0.081101
v -0.032227 0.016786 0.084541
v -0.032831 0.017112 0.083882
v -0.031973 0.016677 0.084252
v -0.033626 0.012092 0.084986
v -0.030233 0.002890 0.085663
v -0.030368 0.003238 0.085958
v -0.030879 0.002092 0.085170
v -0.031608 0.001224 0.085082
v -0.034191 -0.001777 0.081904
v -0.032013 0.000110 0.083813
v -0.032013 0.000110 0.083813
v -0.032096 0.000196 0.084500
v -0.036282 -0.001612 0.080131
v -0.035699 -0.003863 0.074245
v -0.037699 -0.003410 0.080417
v -0.038530 -0.006644 0.082013
v -0.037634 -0.008320 0.076449
v -0.038731 -0.008849 0.076084
v -0.037270 -0.008384 0.076259
v -0.042934 -0.010501 0.076612
v -0.041866 -0.010100 0.075523
v -0.045183 -0.008646 0.077199
v -0.041765 -0.010151 0.075684
v -0.041238 -0.010319 0.075230
v -0.041238 -0.010319 0.075230
v -0.040342 -0.013749 0.072523
v -0.040749 -0.012078 0.073244
v -0.040666 -0.012457 0.073471
v -0.042590 -0.015387 0.070365
v -0.041539 -0.014632 0.070641
v -0.041539 -0.014632 0.070641
v -0.041859 -0.015033 0.070662
v -0.042954 -0.016066 0.070080
v -0.043657 -0.016586 0.070736
v -0.043267 -0.016631 0.069736
v -0.044103 -0.018713 0.068751
v -0.043804 -0.017496 0.069692
v -0.047077 -0.020067 0.067149
v -0.048854 -0.024429 0.067820
v -0.046984 -0.020059 0.068009
v -0.047077 -0.020067 0.067149
v -0.046268 -0.022429 0.065596
v -0.047152 -0.020255 0.067626
v -0.038379 -0.034066 0.070762
v -0.035543 -0.038607 0.071894
v -0.032761 -0.050753 0.067893
v -0.035427 -0.051225 0.069944
v -0.032432 -0.050395 0.069620
v -0.033525 -0.051419 0.071225
v -0.032928 -0.052116 0.070747
v -0.033367 -0.051832 0.071365
v -0.032928 -0.052116 0.070747
v -0.033083 -0.053451 0.071141
v -0.033486 -0.053376 0.071447
v -0.034273 -0.053326 0.071928
v -0.030986 -0.062077 0.067476
v -0.054204 -0.103923 0.037303
v -0.050606 -0.107683 0.040172
v -0.049181 -0.101270 0.045346
v -0.042518 -0.091205 0.054277
v -0.038488 -0.083987 0.059959
v -0.036370 -0.084224 0.060071
v -0.012394 -0.076405 0.057134
v -0.012813 -0.076766 0.058056
v -0.013235 -0.073584 0.057773
v -0.013076 -0.073734 0.060199
v -0.011312 -0.071466 0.064104
v -0.012916 -0.076783 0.063521
v -0.012606 -0.076657 0.064485
v -0.012916 -0.076783 0.063521
v -0.012916 -0.076783 0.063521
v -0.015470 -0.076776 0.064987
v -0.012916 -0.076783 0.063521
v -0.012622 -0.083659 0.064363
v -0.005924 -0.082099 0.066190
v -0.006171 -0.081197 0.066832
v -0.006298 -0.082348 0.067957
v 0.002201 -0.087426 0.060706
v -0.004083 -0.086782 0.060380
v -0.004162 -0.087391 0.059066
v 0.008128 -0.087474 0.058989
v 0.002889 -0.104819 0.045281
v 0.003084 -0.104872 0.045784
v 0.009710 -0.107098 0.044920
v 0.014594 -0.087110 0.052447
v 0.015119 -0.086959 0.053020
v 0.016273 -0.083877 0.053705
v 0.016546 -0.084229 0.053303
v 0.046017 -0.094478 0.052245
v 0.053350 -0.106870 0.039843
v 0.047664 -0.108470 0.038666
v 0.061381 -0.102846 0.037913
v 0.076675 -0.097503 0.041222
v 0.023777 -0.066584 0.062226
v 0.025365 -0.064639 0.062483
v 0.024661 -0.063760 0.063269
v 0.025358 -0.062743 0.062839
v 0.023330 -0.064640 0.068362
v 0.027418 -0.061799 0.064247
v 0.027661 -0.059279 0.061910
v 0.031212 -0.056959 0.065983
v 0.031027 -0.059195 0.066159
v 0.034866 -0.059090 0.066090
v 0.037605 -0.058392 0.066498
v 0.038606 -0.057760 0.066010
v 0.037934 -0.058152 0.066631
v 0.039934 -0.058209 0.064935
v 0.039565 -0.057497 0.065631
v 0.063025 -0.039932 0.043020
v 0.063545 -0.040658 0.041093
v 0.063545 -0.040658 0.041093
v 0.063551 -0.039341 0.041840
v 0.066314 -0.039203 0.039826
v 0.065381 -0.039645 0.039773
v 0.065963 -0.040906 0.038290
v 0.066239 -0.041810 0.037801
v 0.066120 -0.041122 0.032752
v 0.069911 -0.048593 0.037674
v 0.069335 -0.048504 0.036340
v 0.070387 -0.045165 0.034986
v 0.109515 -0.044796 0.029951
v 0.082600 0.082712 0.051750
v 0.080931 0.094713 0.046592
v 0.080936 0.094753 0.046651
v 0.076748 0.096432 0.045584
v 0.076748 0.096432 0.045584
v 0.064896 0.088377 0.049072
v 0.065547 0.093268 0.047456
v 0.065622 0.092801 0.048392
v 0.065211 0.088553 0.048785
v 0.046928 0.073870 0.066068
v 0.044204 0.076478 0.068167
v 0.043979 0.076477 0.067868
v 0.018585 0.052750 0.080323
v 0.013325 0.056462 0.079997
v 0.011622 0.053687 0.081335
v 0.009385 0.053044 0.081343
v 0.010687 0.053539 0.080085
v 0.011722 0.053324 0.080706
v 0.009127 0.045067 0.083900
v 0.006896 0.051779 0.080734
v 0.006379 0.051996 0.082285
v 0.008067 0.052808 0.081615
v 0.004509 0.051043 0.081760
v 0.004509 0.051043 0.081760
v -0.000631 0.049873 0.079791
v 0.001023 0.050326 0.078611
v -0.001349 0.050418 0.080810
v 0.000939 0.049428 0.078418
v -0.001581 0.050781 0.080262
v -0.002690 0.052632 0.080294
v -0.004925 0.051680 0.079513
v -0.005468 0.052161 0.078840
v -0.007288 0.053528 0.080427
v -0.007964 0.053438 0.081110
v -0.010520 0.056257 0.079744
v -0.012615 0.052271 0.081558
v -0.012610 0.052581 0.081289
v -0.016392 0.049857 0.087094
v -0.016392 0.049857 0.087094
v -0.016392 0.049857 0.087094
v -0.017379 0.049306 0.086514
v -0.016916 0.049700 0.087522
v -0.019640 0.043586 0.089398
v -0.016475 0.043487 0.092240
v -0.022023 0.039738 0.091728
v -0.032655 0.021370 0.086352
v -0.032197 0.022970 0.085548
v -0.030738 0.023310 0.085467
v -0.030738 0.023310 0.085467
v -0.035651 0.021862 0.084161
v -0.035599 0.023695 0.086167
v -0.041128 0.022231 0.088786
v -0.039999 0.021388 0.088746
v -0.042437 0.023513 0.089743
v -0.049500 0.023747 0.088025
v -0.050723 0.022915 0.088327
v -0.044402 0.022823 0.082582
v -0.042884 0.023870 0.082679
v -0.043790 0.023111 0.082531
v -0.041966 0.023056 0.081229
v -0.041229 0.023597 0.081203
v -0.030390 0.006149 0.087220
v -0.030347 0.003444 0.085967
v -0.032120 0.000913 0.086040
v -0.032107 0.003949 0.086220
v -0.032120 0.000913 0.086040
v -0.033135 -0.004227 0.082365
v -0.034714 -0.000425 0.084019
v -0.033617 -0.004846 0.080668
v -0.033135 -0.004227 0.082365
v -0.036724 -0.005174 0.079138
v -0.036178 -0.006258 0.079215
v -0.037029 -0.008203 0.076495
v -0.045124 -0.008062 0.081068
v -0.045135 -0.008005 0.081015
v -0.042168 -0.014557 0.073224
v -0.045413 -0.017706 0.070787
v -0.041804 -0.013828 0.073884
v -0.043702 -0.014218 0.073977
v -0.043702 -0.014218 0.073977
v -0.040038 -0.014394 0.072888
v -0.040189 -0.014438 0.073423
v -0.040058 -0.014326 0.073035
v -0.044360 -0.017394 0.071009
v -0.044728 -0.018121 0.070445
v -0.044360 -0.017394 0.071009
v -0.044122 -0.019309 0.068780
v -0.045403 -0.019075 0.069632
v -0.044122 -0.019309 0.068780
v -0.047184 -0.018930 0.070263
v -0.047179 -0.020124 0.068656
v -0.048324 -0.018202 0.069066
v -0.047623 -0.022076 0.069339
v -0.047116 -0.022220 0.066622
v -0.046660 -0.022997 0.066475
v -0.049071 -0.021470 0.065816
v -0.047584 -0.022158 0.066680
v -0.045348 -0.023384 0.066690
v -0.045919 -0.022925 0.066312
v -0.037639 -0.031446 0.068332
v -0.037778 -0.031482 0.068645
v -0.037672 -0.031396 0.068802
v -0.037325 -0.031471 0.069438
v -0.037279 -0.035847 0.071019
v -0.038386 -0.038319 0.068476
v -0.031873 -0.041434 0.067840
v -0.034889 -0.040828 0.072622
v -0.034399 -0.041188 0.073476
v -0.033820 -0.045268 0.072180
v -0.034102 -0.045343 0.072309
v -0.049095 -0.083443 0.060678
v -0.052135 -0.090913 0.053776
v -0.055240 -0.103427 0.037234
v -0.041987 -0.088482 0.057564
v -0.041282 -0.089822 0.058631
v -0.040298 -0.084142 0.063126
v -0.014834 -0.071843 0.060651
v -0.013104 -0.070677 0.060785
v -0.013076 -0.073082 0.061182
v -0.013389 -0.069551 0.062471
v -0.014019 -0.070253 0.062961
v -0.010754 -0.071212 0.063151
v -0.010754 -0.071212 0.063151
v -0.012434 -0.079822 0.068767
v -0.017027 -0.081414 0.067309
v -0.011291 -0.080161 0.069356
v 0.003904 -0.077148 0.065865
v 0.003904 -0.077148 0.065865
v 0.003904 -0.077148 0.065865
v 0.003904 -0.077148 0.065865
v 0.008013 -0.081586 0.067355
v 0.002685 -0.082289 0.065992
v 0.002685 -0.082289 0.065992
v 0.006886 -0.088163 0.065170
v 0.009786 -0.084285 0.063197
v 0.007339 -0.086756 0.062134
v 0.002809 -0.085155 0.060465
v 0.000155 -0.086069 0.060599
v 0.010999 -0.084884 0.060467
v 0.007667 -0.082381 0.058237
v 0.015394 -0.085485 0.060390
v 0.014336 -0.087016 0.053146
v 0.015257 -0.081889 0.054587
v 0.016426 -0.080342 0.055868
v 0.016135 -0.080395 0.054673
v 0.019562 -0.076594 0.058323
v 0.028096 -0.065665 0.069521
v 0.044829 -0.091567 0.055113
v 0.045072 -0.091049 0.054678
v 0.046969 -0.093617 0.051437
v 0.051958 -0.106570 0.039664
v 0.052612 -0.106635 0.039750
v 0.028279 -0.065722 0.063537
v 0.027325 -0.066012 0.062790
v 0.025918 -0.066986 0.066005
v 0.028590 -0.062021 0.066205
v 0.029349 -0.058705 0.067269
v 0.030154 -0.059693 0.067594
v 0.032322 -0.058730 0.067812
v 0.032593 -0.057688 0.067641
v 0.032895 -0.057570 0.067629
v 0.032593 -0.057688 0.067641
v 0.034350 -0.057685 0.066292
v 0.036178 -0.056862 0.067952
v 0.034328 -0.056749 0.068024
v 0.034048 -0.057276 0.068343
v 0.034215 -0.057073 0.068391
v 0.034328 -0.056749 0.068024
v 0.039421 -0.058096 0.067207
v 0.037838 -0.058210 0.067364
v 0.037838 -0.058210 0.067364
v 0.039106 -0.057571 0.067505
v 0.039829 -0.056069 0.066128
v 0.038897 -0.057083 0.066434
v 0.039084 -0.057697 0.066846
v 0.041885 -0.055901 0.062005
v 0.043007 -0.055087 0.065249
v 0.042539 -0.054046 0.064810
v 0.047506 -0.051838 0.061515
v 0.047889 -0.051868 0.061920
v 0.062843 -0.038073 0.043038
v 0.065017 -0.038346 0.041302
v 0.064351 -0.037727 0.041823
v 0.069298 -0.039456 0.039518
v 0.070904 -0.041163 0.038051
v 0.069298 -0.039456 0.039518
v 0.070923 -0.042383 0.035892
v 0.069618 -0.041800 0.035499
v 0.070360 -0.045391 0.034965
v 0.076592 -0.046381 0.036617
v 0.076072 -0.045318 0.033640
v 0.109542 -0.038740 0.036369
v 0.108169 -0.038461 0.035300
v 0.089769 0.071315 0.055069
v 0.086448 0.074821 0.056024
v 0.086769 0.074846 0.056484
v 0.080554 0.083299 0.055378
v 0.071795 0.091289 0.048219
v 0.071794 0.091275 0.048204
v 0.063064 0.093465 0.050352
v 0.063496 0.093437 0.050054
v 0.058030 0.078809 0.054688
v 0.046832 0.073872 0.065967
v 0.018544 0.052125 0.083564
v 0.019286 0.051833 0.080339
v 0.018303 0.052392 0.080618
v 0.014750 0.053367 0.085752
v 0.018041 0.051008 0.084021
v 0.016006 0.051152 0.082225
v 0.012143 0.048667 0.085215
v 0.014813 0.056402 0.087038
v 0.009747 0.052246 0.086141
v 0.010914 0.052309 0.084837
v 0.007232 0.049879 0.086633
v 0.008785 0.052465 0.086715
v 0.006590 0.052278 0.086617
v 0.006590 0.052278 0.086617
v 0.001480 0.053287 0.089128
v 0.001937 0.053909 0.083754
v 0.001248 0.050611 0.084958
v 0.000243 0.051103 0.085589
v 0.002501 0.051536 0.085878
v 0.002501 0.051536 0.085878
v 0.000508 0.050135 0.082467
v -0.001572 0.050946 0.079582
v -0.007168 0.051037 0.084194
v -0.007294 0.052833 0.082198
v -0.005437 0.049118 0.082785
v -0.012063 0.051799 0.081933
v -0.012063 0.051799 0.081933
v -0.007946 0.047882 0.086461
v -0.009489 0.051660 0.086692
v -0.012449 0.047735 0.091068
v -0.011210 0.045369 0.089434
v -0.015897 0.042455 0.093330
v -0.027164 0.021282 0.090101
v -0.027024 0.021337 0.089982
v -0.028579 0.019080 0.087968
v -0.030132 0.017558 0.087509
v -0.029813 0.018720 0.087475
v -0.028561 0.019233 0.087526
v -0.031288 0.017376 0.087193
v -0.029397 0.014274 0.087996
v -0.047285 0.017685 0.092069
v -0.046951 0.017088 0.092170
v -0.049053 0.023301 0.088484
v -0.049053 0.023301 0.088484
v -0.048958 0.022829 0.087610
v -0.051025 0.021075 0.083794
v -0.047440 0.022386 0.082756
v -0.047363 0.022552 0.082446
v -0.044444 0.022252 0.081597
v -0.041051 0.002331 0.088677
v -0.035172 -0.001049 0.085858
v -0.035440 -0.007222 0.079903
v -0.035324 -0.006783 0.080494
v -0.035599 -0.006904 0.079659
v -0.035599 -0.006904 0.079659
v -0.040576 -0.005815 0.082574
v -0.040585 -0.005780 0.082545
v -0.046076 -0.018402 0.070771
v -0.045864 -0.018462 0.070769
v -0.049131 -0.023335 0.066736
v -0.048614 -0.023643 0.066941
v -0.047094 -0.026062 0.066970
v -0.042776 -0.023296 0.068243
v -0.042190 -0.024390 0.068208
v -0.040665 -0.026071 0.065528
v -0.040840 -0.024025 0.068009
v -0.039266 -0.029586 0.070017
v -0.037494 -0.031839 0.070082
v -0.038002 -0.030576 0.070313
v -0.037832 -0.030850 0.070497
v -0.037664 -0.033621 0.070742
v -0.037188 -0.033215 0.070590
v -0.039224 -0.032457 0.070667
v -0.035258 -0.041288 0.074152
v -0.035075 -0.041460 0.072752
v -0.050273 -0.086013 0.058539
v -0.050351 -0.086176 0.058229
v -0.065355 -0.100537 0.038964
v -0.059820 -0.101907 0.045214
v -0.059725 -0.101353 0.044841
v -0.048140 -0.082237 0.070810
v -0.042512 -0.080172 0.069877
v -0.042414 -0.080628 0.069903
v -0.004425 -0.052229 0.063709
v -0.006849 -0.072831 0.063671
v -0.006849 -0.072831 0.063671
v -0.006873 -0.077479 0.066031
v -0.006873 -0.077479 0.066031
v -0.012022 -0.080401 0.067373
v 0.007019 -0.071595 0.063272
v 0.014701 -0.074218 0.064172
v 0.013562 -0.073392 0.063814
v 0.014001 -0.071234 0.062534
v 0.011981 -0.072958 0.063792
v 0.016685 -0.077278 0.065034
v 0.014816 -0.074535 0.064525
v 0.014816 -0.074535 0.064525
v 0.014010 -0.078699 0.066600
v 0.015450 -0.080724 0.066962
v 0.014010 -0.078699 0.066600
v 0.013893 -0.079972 0.067738
v 0.014010 -0.078699 0.066600
v 0.013228 -0.078810 0.065361
v 0.008656 -0.080778 0.067495
v 0.008656 -0.080778 0.067495
v 0.008656 -0.080778 0.067495
v 0.012304 -0.082274 0.061330
v 0.013425 -0.087189 0.063311
v 0.013566 -0.085929 0.060146
v 0.013832 -0.085834 0.059935
v 0.013986 -0.086178 0.060064
v 0.014639 -0.085950 0.060505
v 0.014796 -0.078553 0.058119
v 0.014176 -0.076648 0.057084
v 0.014643 -0.078138 0.057388
v 0.014632 -0.076539 0.058567
v 0.014803 -0.076217 0.059223
v 0.016394 -0.072386 0.060773
v 0.017512 -0.072641 0.060316
v 0.017512 -0.072641 0.060316
v 0.047007 -0.084351 0.066355
v 0.048794 -0.092044 0.056894
v 0.048794 -0.092044 0.056894
v 0.049564 -0.095425 0.054065
v 0.049257 -0.096795 0.050529
v 0.049282 -0.096684 0.050404
v 0.058994 -0.102036 0.043773
v 0.054593 -0.107522 0.040088
v 0.029368 -0.057829 0.065107
v 0.029377 -0.058517 0.067777
v 0.036395 -0.059909 0.064607
v 0.033550 -0.059810 0.068932
v 0.035408 -0.054668 0.069515
v 0.034310 -0.054265 0.070095
v 0.034912 -0.053704 0.070745
v 0.034442 -0.054330 0.070296
v 0.037281 -0.054247 0.069035
v 0.037682 -0.050641 0.066935
v 0.041817 -0.056034 0.067151
v 0.041817 -0.056034 0.067151
v 0.041008 -0.054456 0.068176
v 0.041459 -0.052100 0.067955
v 0.041817 -0.056034 0.067151
v 0.044007 -0.045369 0.067731
v 0.037492 -0.047846 0.065359
v 0.041968 -0.051554 0.066731
v 0.038031 -0.050953 0.067364
v 0.044855 -0.045861 0.064620
v 0.042604 -0.045585 0.061461
v 0.054345 -0.032017 0.056421
v 0.059269 -0.032896 0.046647
v 0.061155 -0.036010 0.046526
v 0.063263 -0.036285 0.046261
v 0.062729 -0.036949 0.042663
v 0.071008 -0.041400 0.038247
v 0.075805 -0.045239 0.035484
v 0.087670 -0.043938 0.036179
v 0.088305 -0.045115 0.036428
v 0.104453 -0.035200 0.041588
v 0.090019 0.071348 0.055410
v 0.075334 0.072732 0.062310
v 0.075367 0.072340 0.061375
v 0.075767 0.079925 0.057776
v 0.075768 0.079956 0.057803
v 0.064948 0.088357 0.049115
v 0.063229 0.089328 0.050394
v 0.064948 0.088357 0.049115
v 0.061792 0.089480 0.053778
v 0.061514 0.088902 0.051717
v 0.059025 0.080064 0.053704
v 0.055519 0.074997 0.057645
v 0.052566 0.072902 0.060483
v 0.051759 0.073870 0.060769
v 0.048843 0.066077 0.070454
v 0.046441 0.064090 0.066035
v 0.041852 0.062745 0.069637
v 0.041220 0.061846 0.067302
v 0.039052 0.056815 0.071565
v 0.041956 0.063191 0.067926
v 0.023254 0.049532 0.078260
v 0.022091 0.049822 0.078785
v 0.022876 0.050506 0.079645
v 0.022129 0.049709 0.078696
v 0.020209 0.050887 0.080225
v 0.018334 0.050363 0.083203
v 0.019460 0.049808 0.081753
v 0.016514 0.047843 0.083879
v 0.018244 0.048654 0.084714
v 0.011102 0.049490 0.090650
v 0.011102 0.049490 0.090650
v 0.011102 0.049490 0.090650
v 0.011102 0.049490 0.090650
v 0.010293 0.045694 0.087710
v 0.007605 0.045193 0.088589
v 0.006797 0.049301 0.090210
v 0.002429 0.047717 0.091032
v 0.003283 0.047166 0.089621
v 0.005846 0.045049 0.090578
v -0.001015 0.049137 0.088158
v -0.001048 0.049067 0.088121
v -0.000958 0.049087 0.088232
v -0.000740 0.051833 0.084809
v -0.005532 0.052590 0.085139
v -0.007683 0.048076 0.088157
v -0.005683 0.047809 0.089922
v -0.005266 0.047482 0.092173
v -0.027436 0.013691 0.089687
v -0.028855 0.013633 0.087641
v -0.029175 0.014135 0.087671
v -0.062655 0.016501 0.094506
v -0.052278 0.019460 0.091623
v -0.052278 0.019460 0.091623
v -0.051075 0.016768 0.085795
v -0.053677 0.022189 0.088015
v -0.053677 0.022189 0.088015
v -0.050977 0.021421 0.084023
v -0.045566 0.019386 0.085109
v -0.045566 0.019386 0.085109
v -0.045814 -0.002703 0.086613
v -0.045761 -0.003149 0.087209
v -0.048258 -0.002060 0.087716
v -0.051739 -0.024199 0.067419
v -0.049789 -0.023327 0.066808
v -0.050583 -0.023451 0.067181
v -0.050003 -0.026354 0.066133
v -0.049839 -0.026624 0.066446
v -0.048405 -0.027521 0.066737
v -0.042245 -0.027323 0.069125
v -0.039390 -0.030954 0.070234
v -0.060246 -0.075596 0.070279
v -0.066725 -0.097658 0.042302
v -0.066736 -0.100327 0.039158
v -0.054078 -0.089710 0.062751
v -0.054091 -0.089588 0.062670
v -0.051877 -0.083176 0.064420
v -0.049536 -0.087444 0.064588
v -0.006259 -0.056369 0.066340
v -0.006259 -0.056369 0.066340
v 0.006024 -0.070415 0.063135
v 0.006392 -0.070910 0.061670
v 0.014025 -0.067022 0.063548
v 0.014059 -0.067012 0.063577
v 0.016923 -0.072630 0.061177
v 0.014042 -0.067069 0.063597
v 0.015160 -0.071208 0.061558
v 0.015160 -0.071208 0.061558
v 0.014817 -0.076673 0.059961
v 0.014817 -0.076673 0.059961
v 0.014966 -0.078896 0.064007
v 0.014933 -0.079988 0.063391
v 0.013488 -0.080355 0.062982
v 0.014104 -0.081763 0.065538
v 0.014174 -0.082103 0.066124
v 0.014329 -0.080761 0.067059
v 0.014058 -0.080444 0.067498
v 0.014166 -0.079998 0.067289
v 0.014103 -0.079849 0.067279
v 0.013896 -0.082329 0.065966
v 0.014583 -0.083110 0.064418
v 0.013896 -0.082329 0.065966
v 0.015308 -0.086326 0.063046
v 0.015707 -0.085680 0.063243
v 0.014684 -0.083781 0.062214
v 0.014940 -0.085869 0.061101
v 0.014774 -0.082377 0.060206
v 0.046860 -0.084703 0.066650
v 0.051079 -0.093968 0.055154
v 0.058947 -0.087766 0.064087
v 0.057655 -0.102387 0.044714
v 0.068843 -0.105199 0.045698
v 0.069327 -0.103795 0.042721
v 0.059847 -0.076335 0.070521
v 0.036381 -0.047273 0.072582
v 0.035681 -0.048429 0.072671
v 0.034898 -0.048185 0.070826
v 0.033563 -0.047638 0.074074
v 0.042023 -0.051302 0.067745
v 0.042023 -0.051302 0.067745
v 0.041783 -0.048878 0.067724
v 0.041960 -0.048282 0.067158
v 0.041348 -0.047769 0.066975
v 0.046089 -0.038096 0.065234
v 0.049553 -0.033433 0.061905
v 0.049576 -0.033381 0.061894
v 0.057343 -0.033702 0.053601
v 0.055843 -0.032834 0.051738
v 0.061131 -0.034196 0.048941
v 0.061427 -0.034028 0.048819
v 0.086446 -0.036364 0.050637
v 0.088525 -0.042830 0.038455
v 0.088513 -0.043049 0.038582
v 0.098845 -0.039691 0.042012
v 0.099483 -0.039173 0.041397
v 0.104813 -0.037495 0.038820
v 0.104891 -0.037561 0.038910
v 0.104640 -0.035557 0.041722
v 0.068600 0.068681 0.066387
v 0.068501 0.068900 0.066110
v 0.064461 0.083555 0.052427
v 0.064461 0.083555 0.052427
v 0.063577 0.083601 0.052066
v 0.054099 0.072034 0.059301
v 0.054099 0.072034 0.059301
v 0.051522 0.068968 0.062458
v 0.050011 0.067803 0.062685
v 0.050307 0.069624 0.062271
v 0.050527 0.068120 0.062607
v 0.048997 0.066324 0.063906
v 0.048206 0.066162 0.064145
v 0.048654 0.066274 0.064831
v 0.043337 0.058228 0.070473
v 0.041816 0.058471 0.070566
v 0.040057 0.059038 0.073450
v 0.036549 0.053216 0.073135
v 0.032733 0.053048 0.074129
v 0.034686 0.052225 0.074420
v 0.027673 0.050390 0.076136
v 0.027673 0.050390 0.076136
v 0.024709 0.048642 0.077578
v 0.024787 0.048187 0.078462
v 0.020058 0.045195 0.082771
v 0.022760 0.048140 0.080734
v 0.022296 0.048497 0.084542
v 0.021948 0.049450 0.085430
v 0.017497 0.047787 0.089417
v 0.017839 0.044365 0.085547
v 0.016795 0.047997 0.089754
v 0.016159 0.046166 0.091671
v 0.015848 0.043135 0.088682
v 0.009950 0.044620 0.094322
v 0.014716 0.041961 0.095513
v 0.009815 0.044660 0.093405
v -0.001141 0.045186 0.090862
v -0.000829 0.044694 0.093409
v -0.001723 0.044206 0.091742
v -0.004561 0.048002 0.091166
v -0.023180 0.007325 0.092951
v -0.023180 0.007325 0.092951
v -0.026420 -0.001007 0.086787
v -0.026590 0.005531 0.089385
v -0.028908 0.004001 0.086323
v -0.026334 0.004606 0.090717
v -0.066808 -0.007868 0.095669
v -0.058210 0.020222 0.092628
v -0.057561 0.020448 0.091100
v -0.057561 0.020448 0.091100
v -0.057561 0.020448 0.091100
v -0.057561 0.020448 0.091100
v -0.058987 0.019904 0.086343
v -0.058987 0.019904 0.086343
v -0.059702 0.019766 0.086884
v -0.058987 0.019904 0.086343
v -0.041102 0.002339 0.088646
v -0.051652 -0.023003 0.067888
v -0.052005 -0.025303 0.066620
v -0.050938 -0.026088 0.066331
v -0.050736 -0.026620 0.066205
v -0.066707 -0.097582 0.042236
v -0.066707 -0.097582 0.042236
v -0.066939 -0.100022 0.040233
v -0.070364 -0.101699 0.043622
v -0.067919 -0.099720 0.046269
v -0.067873 -0.099472 0.045982
v -0.062588 -0.092696 0.057916
v -0.058308 -0.087621 0.065246
v -0.058308 -0.087621 0.065246
v -0.052846 -0.085127 0.068135
v -0.047915 -0.083328 0.072480
v -0.009023 -0.043942 0.074871
v -0.002273 -0.053741 0.065292
v -0.002298 -0.054231 0.065824
v -0.002427 -0.054059 0.065695
v -0.000335 -0.056162 0.067396
v -0.001866 -0.055046 0.065940
v -0.001319 -0.055185 0.065599
v -0.001902 -0.054852 0.065839
v 0.007672 -0.053554 0.067598
v 0.027485 -0.066466 0.070310
v 0.031294 -0.072105 0.068094
v 0.031314 -0.072091 0.068053
v 0.055902 -0.086034 0.067114
v 0.055902 -0.086040 0.067119
v 0.064301 -0.101912 0.045075
v 0.064507 -0.103169 0.046024
v 0.066765 -0.104465 0.042626
v 0.068784 -0.103052 0.043002
v 0.068807 -0.103267 0.042672
v 0.070135 -0.102462 0.043610
v 0.069809 -0.102606 0.043474
v 0.049929 -0.068523 0.073432
v 0.035724 -0.039403 0.073196
v 0.033727 -0.040841 0.070973
v 0.037281 -0.050451 0.068560
v 0.039408 -0.043096 0.069675
v 0.037920 -0.044408 0.066913
v 0.039779 -0.043450 0.069412
v 0.037795 -0.043616 0.070766
v 0.038048 -0.044915 0.070645
v 0.040814 -0.047835 0.068786
v 0.042745 -0.043071 0.069068
v 0.045079 -0.037892 0.064551
v 0.051479 -0.032038 0.060271
v 0.051633 -0.030593 0.060752
v 0.054599 -0.032094 0.056641
v 0.055694 -0.031676 0.055822
v 0.064780 -0.027814 0.060919
v 0.093923 -0.036862 0.046100
v 0.055451 0.062530 0.069186
v 0.051183 0.067943 0.063613
v 0.052648 0.067518 0.063303
v 0.050097 0.064487 0.065973
v 0.049397 0.056097 0.073775
v 0.041758 0.054275 0.073698
v 0.041758 0.054275 0.073698
v 0.036898 0.052470 0.073836
v 0.036833 0.051948 0.074382
v 0.028929 0.046648 0.080221
v 0.034325 0.049127 0.076522
v 0.034325 0.049127 0.076522
v 0.034325 0.049127 0.076522
v 0.028547 0.046432 0.079221
v 0.027660 0.047990 0.080875
v 0.028151 0.044589 0.080342
v 0.027606 0.045486 0.080235
v 0.025601 0.046606 0.080741
v 0.024573 0.046989 0.081827
v 0.024468 0.046710 0.081378
v 0.022779 0.045969 0.087682
v 0.023265 0.046623 0.086760
v 0.018347 0.044821 0.092011
v 0.016552 0.041174 0.094236
v -0.000289 0.038404 0.093182
v -0.024088 -0.011100 0.094184
v -0.023763 -0.011055 0.093495
v -0.024395 -0.011487 0.091364
v -0.027840 -0.001285 0.088236
v -0.027958 0.001704 0.088240
v -0.028563 -0.001044 0.087632
v -0.028852 0.000985 0.088921
v -0.028162 0.002170 0.088101
v -0.030017 0.000963 0.088523
v -0.062574 0.019937 0.090981
v -0.062574 0.019937 0.090981
v -0.065432 0.018599 0.091231
v -0.063256 0.020535 0.090398
v -0.059622 0.020071 0.087030
v -0.075731 -0.010821 0.088138
v -0.057454 -0.027809 0.066802
v -0.056353 -0.025694 0.067250
v -0.057548 -0.028355 0.067846
v -0.059826 -0.061969 0.072961
v -0.070676 -0.098667 0.040323
v -0.068501 -0.099204 0.040603
v -0.067993 -0.099712 0.039915
v -0.062588 -0.092759 0.057986
v -0.072613 -0.095441 0.051487
v -0.061198 -0.075054 0.076557
v -0.000656 -0.038599 0.073164
v 0.001653 -0.043492 0.070408
v -0.001001 -0.054080 0.064586
v -0.001001 -0.054080 0.064586
v -0.004220 -0.054133 0.064078
v -0.004138 -0.054317 0.064593
v -0.004345 -0.054755 0.064673
v -0.004138 -0.054317 0.064593
v -0.005223 -0.055053 0.064296
v -0.006290 -0.056446 0.064011
v 0.001185 -0.055902 0.067022
v 0.000868 -0.056644 0.065979
v 0.005502 -0.055887 0.066251
v 0.006136 -0.057969 0.065829
v 0.006136 -0.057969 0.065829
v 0.056363 -0.074168 0.079759
v 0.058877 -0.087318 0.063623
v 0.066746 -0.091001 0.059492
v 0.070003 -0.097302 0.049723
v 0.070003 -0.097302 0.049723
v 0.070880 -0.099893 0.046142
v 0.070880 -0.099893 0.046142
v 0.073445 -0.101371 0.043624
v 0.073438 -0.101382 0.043870
v 0.073438 -0.101382 0.043870
v 0.049942 -0.065532 0.073545
v 0.039729 -0.043061 0.073485
v 0.037258 -0.039092 0.072694
v 0.037258 -0.039092 0.072694
v 0.038183 -0.030566 0.068688
v 0.039471 -0.039865 0.068914
v 0.041795 -0.040662 0.069714
v 0.037577 -0.041430 0.066144
v 0.040289 -0.043778 0.069068
v 0.041143 -0.036543 0.066850
v 0.051847 -0.028964 0.061272
v 0.052916 -0.026668 0.062375
v 0.052368 -0.028962 0.060780
v 0.053280 -0.027781 0.060586
v 0.053755 -0.027281 0.058427
v 0.054908 -0.028805 0.057465
v 0.055960 -0.029195 0.057649
v 0.055699 -0.029491 0.057486
v 0.056779 -0.029254 0.057263
v 0.057783 -0.029568 0.057128
v 0.057880 -0.029739 0.057704
v 0.056806 -0.032167 0.053965
v 0.056806 -0.032167 0.053965
v 0.085884 -0.033015 0.047472
v 0.094126 -0.036600 0.045375
v 0.076758 0.034543 0.063902
v 0.055438 0.062634 0.069305
v 0.049622 0.055768 0.073536
v 0.035026 0.042309 0.079157
v 0.036069 0.043291 0.078847
v 0.029919 0.042217 0.080159
v 0.029919 0.042217 0.080159
v 0.029919 0.042217 0.080159
v 0.030480 0.040103 0.079542
v 0.024228 0.042710 0.090099
v 0.002336 -0.006949 0.093091
v 0.001011 0.010958 0.093472
v -0.019322 -0.025886 0.094656
v -0.020488 -0.006696 0.095395
v -0.020722 -0.010601 0.094570
v -0.025072 -0.011311 0.091913
v -0.030290 -0.004363 0.085708
v -0.030091 -0.003588 0.085557
v -0.029911 -0.002662 0.086053
v -0.031734 -0.005202 0.084753
v -0.066957 0.015800 0.094177
v -0.066957 0.015800 0.094177
v -0.066957 0.015800 0.094177
v -0.066341 0.018536 0.090821
v -0.058411 -0.029349 0.067121
v -0.056905 -0.030559 0.060560
v -0.058348 -0.031032 0.066485
v -0.054606 -0.031441 0.066447
v -0.093574 -0.080602 0.047176
v -0.078053 -0.098317 0.044873
v -0.070924 -0.101926 0.043609
v -0.044166 -0.063716 0.083742
v -0.044179 -0.063705 0.083610
v -0.033618 -0.054931 0.087101
v -0.018002 -0.035459 0.090365
v 0.007506 -0.052959 0.067338
v 0.006317 -0.053255 0.065834
v -0.007377 -0.062712 0.059366
v -0.006343 -0.058033 0.062432
v -0.006651 -0.060003 0.063449
v -0.006086 -0.058341 0.062478
v -0.005396 -0.061770 0.062163
v -0.004860 -0.060228 0.062405
v 0.004239 -0.058288 0.064122
v 0.004180 -0.056000 0.065111
v 0.004239 -0.058288 0.064122
v 0.003985 -0.055363 0.065774
v 0.003698 -0.055302 0.065772
v 0.004769 -0.054890 0.066029
v 0.005070 -0.054171 0.065897
v 0.005246 -0.055133 0.065754
v 0.005971 -0.053356 0.066526
v 0.020452 -0.055817 0.073342
v 0.020281 -0.055935 0.073517
v 0.029121 -0.062931 0.075186
v 0.029121 -0.062931 0.075186
v 0.066673 -0.090737 0.059269
v 0.068956 -0.094035 0.054639
v 0.068956 -0.094035 0.054639
v 0.073218 -0.094025 0.052783
v 0.073218 -0.094025 0.052783
v 0.076038 -0.097989 0.047146
v 0.076272 -0.098413 0.047537
v 0.085566 -0.091934 0.042653
v 0.050293 -0.061047 0.074427
v 0.050308 -0.061054 0.074183
v 0.041276 -0.026718 0.069749
v 0.040179 -0.033300 0.070293
v 0.039656 -0.030584 0.069216
v 0.040873 -0.036533 0.066681
v 0.041809 -0.026335 0.068939
v 0.043654 -0.025346 0.068645
v 0.041813 -0.026014 0.068198
v 0.042473 -0.024993 0.065762
v 0.044624 -0.026637 0.070032
v 0.042859 -0.027055 0.069304
v 0.049075 -0.022530 0.065764
v 0.052573 -0.025001 0.062821
v 0.053473 -0.025535 0.063812
v 0.054176 -0.023976 0.063190
v 0.053336 -0.021104 0.065886
v 0.056612 -0.027177 0.060611
v 0.056570 -0.027152 0.060488
v 0.056583 -0.027122 0.060559
v 0.059221 -0.029561 0.057452
v 0.064701 -0.028376 0.061387
v 0.072779 -0.029191 0.061327
v 0.072757 -0.028917 0.061068
v 0.078431 -0.028944 0.055795
v 0.076847 -0.031355 0.058234
v 0.086271 -0.033000 0.056186
v 0.086608 -0.032938 0.054538
v 0.092000 -0.030254 0.053889
v 0.097557 -0.029101 0.050099
v 0.097547 -0.029100 0.050086
v 0.094602 -0.016657 0.054206
v 0.095509 0.025481 0.051805
v 0.096010 0.025491 0.052447
v 0.040112 0.036945 0.077906
v 0.032948 0.038478 0.079881
v 0.032709 0.038513 0.077682
v 0.034569 0.038876 0.079154
v 0.033209 0.035561 0.081480
v 0.026028 0.031965 0.092041
v 0.021153 0.039492 0.091055
v 0.021787 0.039972 0.091759
v 0.027279 0.026026 0.090163
v 0.022370 0.013817 0.094722
v -0.001563 -0.006854 0.092484
v -0.024920 -0.025106 0.093607
v -0.033051 -0.033363 0.089151
v -0.036134 -0.013118 0.078697
v -0.032812 -0.009779 0.081327
v -0.031764 -0.005109 0.084621
v -0.031854 -0.005153 0.084519
v -0.044443 -0.007026 0.087987
v -0.044241 -0.007710 0.088473
v -0.073284 0.016245 0.093771
v -0.073812 0.016406 0.094432
v -0.074727 0.015465 0.094292
v -0.078600 -0.094301 0.041691
v -0.080503 -0.093245 0.042239
v -0.071497 -0.096817 0.047783
v -0.071297 -0.096167 0.047136
v -0.072567 -0.095335 0.051391
v -0.029483 -0.042632 0.090313
v 0.006859 -0.054142 0.065459
v 0.006564 -0.054246 0.065468
v 0.006564 -0.054246 0.065468
v -0.006882 -0.062632 0.059813
v -0.007183 -0.063145 0.061140
v -0.005690 -0.063516 0.060157
v -0.007100 -0.064451 0.061021
v 0.000305 -0.070817 0.055362
v 0.001891 -0.065582 0.059855
v 0.008822 -0.057314 0.064237
v 0.007734 -0.056463 0.063810
v 0.009215 -0.063978 0.059743
v 0.009445 -0.062845 0.063529
v 0.009925 -0.062367 0.060842
v -0.001519 -0.066669 0.057344
v 0.000399 -0.065582 0.055512
v -0.002803 -0.066779 0.055995
v -0.007449 -0.063134 0.059530
v -0.005722 -0.066023 0.059161
v -0.005603 -0.065365 0.058566
v -0.006001 -0.064893 0.058390
v -0.005203 -0.065522 0.058003
v -0.005689 -0.069364 0.055993
v -0.004635 -0.066799 0.056560
v -0.005689 -0.069364 0.055993
v -0.003021 -0.069966 0.057394
v -0.005689 -0.069364 0.055993
v -0.004003 -0.070899 0.054124
v -0.000512 -0.070751 0.055148
v 0.000423 -0.070523 0.055736
v 0.001020 -0.068516 0.057089
v 0.007220 -0.063817 0.058684
v 0.006661 -0.065526 0.059090
v 0.007136 -0.065552 0.058184
v 0.006994 -0.065996 0.057687
v 0.008133 -0.063127 0.060271
v 0.008559 -0.063609 0.059542
v 0.009295 -0.063504 0.059614
v 0.009717 -0.063119 0.061404
v 0.009428 -0.063400 0.059555
v 0.009434 -0.062202 0.059970
v 0.009638 -0.063722 0.058706
v 0.007658 -0.066385 0.053847
v 0.007205 -0.065905 0.057114
v 0.007712 -0.068571 0.055533
v 0.006719 -0.068750 0.054390
v 0.007193 -0.070336 0.053122
v 0.007128 -0.068805 0.055921
v 0.007179 -0.068593 0.056001
v 0.000349 -0.071711 0.052773
v -0.000420 -0.072128 0.052580
v -0.000006 -0.072392 0.052860
v -0.001455 -0.070896 0.054595
v -0.000276 -0.072468 0.052652
v 0.000697 -0.072265 0.053200
v 0.000349 -0.071711 0.052773
v -0.003442 -0.071101 0.053558
v -0.005178 -0.065058 0.057361
v -0.003416 -0.071220 0.053719
v 0.000094 -0.072283 0.051769
v 0.001265 -0.073430 0.053319
v 0.005624 -0.072722 0.053806
v 0.006814 -0.071821 0.053980
v 0.006238 -0.072809 0.053269
v 0.005550 -0.072757 0.053765
v 0.005625 -0.072832 0.053629
v 0.006655 -0.068870 0.056354
v 0.007343 -0.071657 0.053946
v 0.006957 -0.073173 0.052429
v 0.006702 -0.073382 0.052292
v 0.006702 -0.073382 0.052292
v 0.007509 -0.078223 0.049590
v 0.006295 -0.073603 0.052219
v 0.005812 -0.083902 0.045021
v 0.006119 -0.081542 0.046818
v 0.001588 -0.074701 0.050554
v -0.001125 -0.072955 0.052785
v -0.000502 -0.076743 0.050502
v 0.007891 -0.076415 0.049715
v 0.007469 -0.076195 0.051152
v 0.007987 -0.077032 0.050421
v -0.004639 -0.077810 0.049491
v -0.001768 -0.075236 0.051471
v -0.001532 -0.075537 0.051432
v -0.002455 -0.075102 0.051148
v -0.002781 -0.076237 0.050976
v 0.000612 -0.077657 0.050722
v 0.000612 -0.077657 0.050722
v 0.005644 -0.080986 0.046181
v 0.006040 -0.083246 0.050558
v 0.007765 -0.083743 0.048227
v 0.008121 -0.080499 0.041204
v -0.001402 -0.084399 0.048692
v 0.000538 -0.082595 0.045447
v -0.003994 -0.077242 0.050513
v -0.003689 -0.076940 0.050461
v -0.004118 -0.077448 0.050802
v -0.004615 -0.077730 0.050197
v 0.000883 -0.083444 0.044502
v -0.000882 -0.081828 0.047919
v 0.005825 -0.082387 0.042660
v 0.006145 -0.085965 0.044347
v 0.004895 -0.086333 0.043555
v 0.006068 -0.085537 0.041142
v 0.005061 -0.087101 0.048771
v 0.001090 -0.084898 0.045690
v -0.000901 -0.085471 0.044889
v -0.003993 -0.079204 0.045729
v -0.002609 -0.082805 0.046389
v -0.004240 -0.081802 0.046831
v -0.004240 -0.081802 0.046831
v -0.005243 -0.077864 0.049675
v -0.004932 -0.079519 0.048679
v 0.006576 -0.037169 0.076407
v 0.006588 -0.037168 0.076401
v 0.012253 -0.048497 0.072979
v 0.012253 -0.048497 0.072979
v 0.023246 -0.050632 0.081439
v 0.023246 -0.050632 0.081439
v 0.030760 -0.061413 0.079550
v 0.031284 -0.060735 0.078879
v 0.074300 -0.091510 0.056010
v 0.073868 -0.090509 0.055173
v 0.078399 -0.095839 0.048500
v 0.078629 -0.096574 0.049381
v 0.050346 -0.068904 0.074765
v 0.042954 -0.026354 0.069367
v 0.043131 -0.026045 0.069097
v 0.042991 -0.026375 0.069038
v 0.045229 -0.023455 0.067977
v 0.045895 -0.022226 0.065266
v 0.045229 -0.023455 0.067977
v 0.049380 -0.022954 0.066427
v 0.049233 -0.022728 0.066388
v 0.049403 -0.023569 0.066178
v 0.049173 -0.023575 0.065979
v 0.049786 -0.023833 0.064656
v 0.049786 -0.023833 0.064656
v 0.052953 -0.021129 0.066002
v 0.051041 -0.011821 0.073355
v 0.082447 -0.026986 0.061634
v 0.083949 -0.025834 0.060660
v 0.084507 -0.028714 0.058780
v 0.086067 -0.027819 0.058627
v 0.084507 -0.028714 0.058780
v 0.089296 -0.028070 0.058041
v 0.088725 -0.027820 0.058064
v 0.093372 -0.027934 0.053807
v 0.093033 -0.027630 0.053420
v 0.091904 0.031800 0.054612
v 0.092503 0.029942 0.054050
v 0.061226 0.034495 0.070020
v 0.047036 0.039444 0.075828
v 0.035872 0.035755 0.077092
v 0.037034 0.037773 0.078500
v 0.036440 0.034111 0.077901
v 0.037171 0.033228 0.076774
v 0.034105 0.035392 0.079998
v 0.032835 0.035393 0.081286
v 0.026523 0.021115 0.092093
v 0.023366 0.008143 0.093645
v 0.024297 -0.030661 0.093854
v 0.001034 0.010822 0.093455
v -0.022503 -0.029762 0.093397
v -0.022247 -0.030428 0.092884
v -0.031313 -0.033818 0.089988
v -0.032688 -0.033634 0.091783
v -0.033222 -0.033273 0.089312
v -0.033509 -0.010177 0.080499
v -0.088122 0.006365 0.095500
v -0.077157 0.013838 0.090122
v -0.085043 0.008578 0.091128
v -0.062984 -0.028188 0.067063
v -0.084259 -0.090742 0.043295
v -0.081726 -0.092552 0.042598
v -0.080904 -0.093038 0.042373
v -0.081907 -0.096246 0.045749
v -0.082393 -0.096219 0.045742
v -0.088991 -0.091884 0.047755
v -0.080648 -0.092496 0.050512
v -0.068681 -0.060067 0.075651
v -0.029659 -0.042468 0.088947
v 0.000348 -0.036971 0.074827
v 0.017517 -0.045852 0.080399
v 0.017530 -0.045840 0.080385
v 0.019197 -0.038903 0.087131
v 0.033918 -0.051555 0.087977
v 0.095687 -0.086771 0.048983
v 0.091329 -0.091428 0.047067
v 0.048057 -0.025562 0.067253
v 0.050351 -0.023807 0.066271
v 0.050351 -0.023807 0.066271
v 0.049769 -0.023041 0.066635
v 0.049519 -0.021100 0.066676
v 0.050072 -0.020565 0.066828
v 0.049885 -0.020405 0.066304
v 0.049468 -0.015718 0.069379
v 0.085634 -0.023305 0.061353
v 0.085163 -0.023312 0.060549
v 0.092075 -0.020886 0.054694
v 0.091928 -0.020835 0.054387
v 0.094462 -0.016658 0.054062
v 0.088982 -0.008263 0.058428
v 0.092598 0.010223 0.054867
v 0.065075 0.031181 0.067574
v 0.061223 0.034493 0.070023
v 0.047038 0.039419 0.075725
v 0.039364 0.037363 0.075546
v 0.039515 0.035739 0.076723
v 0.038565 0.031938 0.075799
v 0.039515 0.035739 0.076723
v 0.039758 0.033480 0.077632
v 0.035715 0.029308 0.079332
v 0.040234 0.030369 0.080773
v 0.038344 0.029892 0.079051
v 0.036304 0.030212 0.080773
v 0.041225 0.029707 0.083834
v 0.034564 0.025541 0.081335
v 0.028520 0.025663 0.090364
v 0.026468 0.021115 0.092007
v 0.025369 0.007355 0.092227
v 0.026030 -0.007161 0.092793
v 0.025289 -0.007203 0.091646
v 0.000379 -0.007840 0.091387
v -0.035595 -0.014557 0.080177
v -0.035532 -0.012223 0.079226
v -0.036069 -0.012988 0.079106
v -0.040871 -0.014900 0.075756
v -0.037008 -0.013253 0.078494
v -0.040161 -0.012920 0.078424
v -0.041740 -0.014346 0.077472
v -0.048244 -0.010070 0.087171
v -0.048245 -0.010068 0.087170
v -0.060064 -0.012003 0.090301
v -0.060109 -0.011858 0.090233
v -0.090530 0.005592 0.095673
v -0.088372 0.005679 0.094779
v -0.087752 0.006945 0.095083
v -0.087827 0.006986 0.095121
v -0.087752 0.006945 0.095083
v -0.093190 -0.083882 0.045300
v -0.080430 -0.092279 0.050034
v -0.042913 -0.043883 0.082691
v -0.042610 -0.043710 0.081750
v 0.001724 -0.034182 0.076774
v 0.001036 -0.032638 0.076666
v 0.001021 -0.028401 0.079550
v 0.005810 -0.026701 0.083431
v 0.005759 -0.026754 0.083497
v 0.009598 -0.028638 0.085600
v 0.009577 -0.028653 0.085621
v 0.016527 -0.040292 0.083716
v 0.016527 -0.040292 0.083716
v 0.019201 -0.038900 0.087126
v 0.020917 -0.033781 0.091526
v 0.026440 -0.039091 0.091731
v 0.083398 -0.095385 0.044309
v 0.083867 -0.095925 0.043752
v 0.057651 -0.027597 0.066123
v 0.047781 -0.017004 0.068869
v 0.049612 -0.020330 0.069000
v 0.047841 -0.019864 0.068084
v 0.047841 -0.019864 0.068084
v 0.047003 -0.017891 0.068706
v 0.049704 -0.015740 0.069961
v 0.060547 -0.013981 0.071900
v 0.063062 -0.016799 0.070593
v 0.090271 -0.014786 0.057441
v 0.090271 -0.014786 0.057441
v 0.088744 -0.008247 0.058123
v 0.091995 0.007081 0.054957
v 0.062962 0.025134 0.067216
v 0.054801 0.032927 0.070974
v 0.042876 0.032082 0.072649
v 0.042103 0.031547 0.072152
v 0.039752 0.032679 0.075322
v 0.037792 0.027858 0.079091
v 0.037392 0.024671 0.078288
v 0.035990 0.025768 0.081417
v 0.036535 0.027478 0.081844
v 0.038170 0.026205 0.081339
v 0.034216 0.025800 0.083886
v 0.035358 0.027466 0.082950
v 0.033550 0.025711 0.084355
v 0.032105 0.024194 0.085128
v 0.026675 0.006987 0.091633
v 0.002479 -0.006835 0.091898
v 0.002001 -0.011225 0.088715
v 0.001620 -0.009401 0.091274
v -0.001382 -0.012554 0.089094
v -0.001024 -0.027500 0.080634
v 0.000495 -0.027474 0.079286
v 0.012711 -0.024579 0.090799
v 0.012711 -0.024579 0.090799
v 0.017175 -0.033793 0.087821
v 0.016945 -0.033938 0.088231
v 0.033849 -0.050766 0.086275
v 0.098461 -0.052309 0.068454
v 0.090857 -0.089173 0.049647
v 0.086697 -0.092080 0.043540
v 0.086096 -0.090393 0.044627
v 0.048079 -0.018501 0.070193
v 0.045573 -0.016425 0.070721
v 0.046247 -0.016903 0.070342
v 0.043282 -0.015079 0.072545
v 0.045377 -0.016852 0.068845
v 0.062291 0.025524 0.066856
v 0.054795 0.027905 0.067317
v 0.052276 0.026461 0.070502
v 0.056094 0.025670 0.067610
v 0.053106 0.029211 0.069084
v 0.051217 0.029989 0.066125
v 0.050346 0.028352 0.069962
v 0.052533 0.028082 0.073724
v 0.044026 0.031836 0.073004
v 0.045749 0.030357 0.072515
v 0.044841 0.028981 0.072928
v 0.043096 0.029830 0.073833
v 0.043589 0.026554 0.074161
v 0.043158 0.029317 0.075458
v 0.043136 0.029250 0.075926
v 0.041306 0.028571 0.076085
v 0.037489 0.029347 0.074819
v 0.039662 0.023610 0.077104
v 0.037400 0.024620 0.078168
v 0.039450 0.024569 0.077048
v 0.037400 0.024620 0.078168
v 0.037400 0.024620 0.078168
v 0.042547 0.023932 0.078854
v 0.038589 0.025858 0.079995
v 0.038290 0.024156 0.080759
v 0.038832 0.023018 0.083343
v 0.038973 0.024088 0.082531
v 0.041573 0.025817 0.082959
v 0.040682 0.025895 0.082636
v 0.033648 0.022326 0.085700
v 0.035071 0.022389 0.085406
v 0.033601 0.023128 0.085556
v 0.034252 0.018213 0.084046
v 0.030487 0.014227 0.087745
v 0.030829 0.013405 0.087944
v 0.028962 0.008117 0.089532
v 0.029995 0.010249 0.087606
v 0.030386 0.002246 0.087762
v 0.030681 0.001504 0.088501
v 0.030286 0.002330 0.087489
v 0.030774 -0.018248 0.089979
v 0.031103 -0.018134 0.090441
v 0.028944 -0.023128 0.092258
v 0.028944 -0.023128 0.092258
v 0.017251 -0.024737 0.093463
v 0.017254 -0.024730 0.093404
v -0.000971 -0.013134 0.090390
v 0.002084 -0.011975 0.089754
v 0.025337 -0.035872 0.091927
v 0.044746 -0.043837 0.086221
v 0.092186 -0.090180 0.047293
v 0.092874 -0.090303 0.048056
v 0.090300 -0.092302 0.047374
v 0.095793 -0.083353 0.045233
v 0.089661 -0.088369 0.044639
v 0.089860 -0.088641 0.044353
v 0.089779 -0.088341 0.044180
v 0.090667 -0.084774 0.046499
v 0.084993 -0.053760 0.068176
v 0.048090 -0.012917 0.074686
v 0.044110 -0.016300 0.073527
v 0.042846 -0.011825 0.068381
v 0.042249 -0.015290 0.072612
v 0.042249 -0.015290 0.072612
v 0.042143 -0.009532 0.073764
v 0.042183 -0.011451 0.073487
v 0.049140 -0.008474 0.075338
v 0.048770 -0.007797 0.075405
v 0.060626 -0.008806 0.072793
v 0.052123 0.025058 0.069768
v 0.052123 0.025058 0.069768
v 0.046055 0.028567 0.071959
v 0.044339 0.025824 0.073588
v 0.043327 0.024894 0.074305
v 0.042463 0.025728 0.075500
v 0.042165 0.024409 0.074604
v 0.042703 0.024918 0.074689
v 0.042532 0.025185 0.074984
v 0.039879 0.021995 0.076618
v 0.041137 0.019858 0.077780
v 0.037654 0.017831 0.079709
v 0.037250 0.020588 0.079321
v 0.036301 0.019043 0.080826
v 0.038117 0.021890 0.078881
v 0.037552 0.021137 0.081051
v 0.041349 0.023871 0.080636
v 0.044451 0.027685 0.088154
v 0.043118 0.025348 0.085956
v 0.041414 0.020309 0.084312
v 0.043118 0.025348 0.085956
v 0.036084 0.019219 0.087559
v 0.036733 0.018439 0.086286
v 0.032841 0.019411 0.085727
v 0.032330 0.018796 0.085925
v 0.032521 0.019757 0.087164
v 0.031787 0.019895 0.086583
v 0.031177 0.019029 0.087034
v 0.032134 0.018136 0.086812
v 0.031276 0.017082 0.086707
v 0.030828 0.013968 0.087421
v 0.032097 0.018483 0.086102
v 0.030828 0.013968 0.087421
v 0.030026 0.010594 0.087397
v 0.030445 0.000621 0.088585
v 0.033447 -0.030798 0.090525
v 0.043926 -0.044148 0.084874
v 0.102874 -0.081031 0.050855
v 0.095144 -0.087122 0.049340
v 0.096231 -0.086468 0.048732
v 0.095317 -0.087273 0.048693
v 0.094402 -0.088048 0.048074
v 0.094919 -0.087813 0.047988
v 0.095664 -0.087088 0.048311
v 0.047269 -0.014029 0.074242
v 0.047269 -0.014029 0.074242
v 0.046185 -0.012684 0.077779
v 0.046038 -0.011179 0.075837
v 0.045609 -0.011343 0.075636
v 0.042130 -0.011525 0.074187
v 0.042080 -0.011656 0.074054
v 0.042217 -0.011404 0.073532
v 0.044113 -0.008856 0.075411
v 0.044472 -0.009020 0.076696
v 0.044138 -0.009267 0.075596
v 0.043896 -0.005997 0.075384
v 0.044212 -0.009367 0.075666
v 0.056311 0.017292 0.073210
v 0.053731 0.017451 0.074795
v 0.053277 0.016361 0.074184
v 0.052048 0.020266 0.072918
v 0.042935 0.023372 0.075495
v 0.042935 0.023372 0.075495
v 0.037419 0.018111 0.080501
v 0.038351 0.017645 0.080363
v 0.036194 0.018474 0.081894
v 0.039453 0.018192 0.080209
v 0.039044 0.020734 0.082524
v 0.039072 0.020660 0.082442
v 0.043130 0.020927 0.083072
v 0.043130 0.020927 0.083072
v 0.047649 0.023176 0.082564
v 0.047392 0.022612 0.082107
v 0.046312 0.023155 0.081476
v 0.047257 0.019792 0.083060
v 0.047574 0.024528 0.086378
v 0.048967 0.023649 0.086572
v 0.047099 0.021511 0.089196
v 0.046749 0.021613 0.089364
v 0.039976 0.019099 0.089631
v 0.039976 0.019099 0.089631
v 0.050807 0.019809 0.092701
v 0.032939 -0.002047 0.086130
v 0.032700 -0.002542 0.086476
v 0.031611 -0.002129 0.085622
v 0.032630 -0.007371 0.083135
v 0.037560 -0.009529 0.082488
v 0.038398 -0.010191 0.082401
v 0.033159 -0.030870 0.090117
v 0.046787 -0.044292 0.084330
v 0.045427 -0.044808 0.082287
v 0.051543 -0.048800 0.081707
v 0.051332 -0.049000 0.081300
v 0.082264 -0.053318 0.073146
v 0.107335 -0.066215 0.057302
v 0.098516 -0.085299 0.049498
v 0.097206 -0.086686 0.048565
v 0.096456 -0.086310 0.048376
v 0.096456 -0.086310 0.048376
v 0.096901 -0.083247 0.046758
v 0.097250 -0.083731 0.047135
v 0.100094 -0.078955 0.046671
v 0.099946 -0.079159 0.047409
v 0.100181 -0.078808 0.047165
v 0.109839 -0.064661 0.051526
v 0.047588 -0.012362 0.075435
v 0.047170 -0.011263 0.076287
v 0.044212 -0.009588 0.075820
v 0.044212 -0.009588 0.075820
v 0.044043 -0.008462 0.078761
v 0.038994 -0.007680 0.076668
v 0.040069 -0.008484 0.076834
v 0.040825 -0.004586 0.078463
v 0.043926 -0.002162 0.078033
v 0.043926 -0.002162 0.078033
v 0.043926 -0.002162 0.078033
v 0.052136 0.015167 0.074970
v 0.035653 0.001631 0.082196
v 0.035595 0.012274 0.081834
v 0.034239 0.013158 0.079031
v 0.036237 0.015463 0.081418
v 0.035788 0.016514 0.084167
v 0.035405 0.016426 0.084311
v 0.033404 0.012687 0.085181
v 0.035849 0.016209 0.084255
v 0.036156 0.018325 0.082661
v 0.047912 0.018728 0.085813
v 0.047941 0.018556 0.085625
v 0.049796 0.022483 0.082712
v 0.049673 0.022477 0.082550
v 0.049673 0.022477 0.082550
v 0.051721 0.023881 0.089389
v 0.051980 0.022893 0.088217
v 0.050894 0.019304 0.091341
v 0.034111 -0.004990 0.085318
v 0.034318 -0.004688 0.085413
v 0.033250 -0.005347 0.083353
v 0.033391 -0.004835 0.084197
v 0.033387 -0.005026 0.084482
v 0.033450 -0.007030 0.081185
v 0.035548 -0.008806 0.080750
v 0.035321 -0.007468 0.082358
v 0.036520 -0.010002 0.080284
v 0.037619 -0.010953 0.080738
v 0.037795 -0.012264 0.078875
v 0.037056 -0.011931 0.078479
v 0.037022 -0.010342 0.080035
v 0.038232 -0.013270 0.078845
v 0.041110 -0.014985 0.081289
v 0.040508 -0.014213 0.079986
v 0.041046 -0.015917 0.077461
v 0.039065 -0.019148 0.080086
v 0.099223 -0.081209 0.047203
v 0.098779 -0.081552 0.047462
v 0.097916 -0.082629 0.048572
v 0.098719 -0.080948 0.046307
v 0.102592 -0.080473 0.046091
v 0.100489 -0.079466 0.047626
v 0.101433 -0.080844 0.047967
v 0.100489 -0.079466 0.047626
v 0.109809 -0.065297 0.051199
v 0.116535 -0.035068 0.065805
v 0.090509 -0.023244 0.077645
v 0.047617 -0.006738 0.082845
v 0.047617 -0.006679 0.082780
v 0.035363 -0.005770 0.081547
v 0.038723 -0.005415 0.081326
v 0.037371 -0.007456 0.081384
v 0.038855 -0.008202 0.077032
v 0.039610 -0.004283 0.079856
v 0.038290 -0.006221 0.078584
v 0.038564 -0.005729 0.078627
v 0.039041 -0.003446 0.079608
v 0.039208 -0.003300 0.080767
v 0.039814 -0.003695 0.079337
v 0.037657 0.000201 0.083825
v 0.035569 0.009215 0.083951
v 0.036038 0.009740 0.085680
v 0.034329 0.009869 0.084139
v 0.031656 0.010936 0.086852
v 0.034635 0.011230 0.088370
v 0.053806 0.021672 0.084469
v 0.053910 0.021562 0.084254
v 0.053114 0.023159 0.088034
v 0.053114 0.023159 0.088034
v 0.057223 0.020177 0.091566
v 0.057281 0.019843 0.091037
v 0.041743 -0.006996 0.088691
v 0.035679 -0.006850 0.084176
v 0.038389 -0.007192 0.085061
v 0.041326 -0.006191 0.088085
v 0.038389 -0.007192 0.085061
v 0.040502 -0.009429 0.082951
v 0.040419 -0.012344 0.076634
v 0.040236 -0.012759 0.078294
v 0.040236 -0.012759 0.078294
v 0.040287 -0.014968 0.077503
v 0.041185 -0.014930 0.078170
v 0.041118 -0.014183 0.072865
v 0.042773 -0.015383 0.078952
v 0.043042 -0.022227 0.078218
v 0.044393 -0.022021 0.080723
v 0.046807 -0.029747 0.078603
v 0.046827 -0.030587 0.078322
v 0.049265 -0.037590 0.078772
v 0.052326 -0.023447 0.073378
v 0.109180 -0.064865 0.056632
v 0.108045 -0.067478 0.053853
v 0.106770 -0.070125 0.055978
v 0.106878 -0.070424 0.055905
v 0.105715 -0.076315 0.052913
v 0.106751 -0.075739 0.052790
v 0.104545 -0.077615 0.052438
v 0.104055 -0.078554 0.049963
v 0.103290 -0.078711 0.050689
v 0.104652 -0.074629 0.050582
v 0.104346 -0.074519 0.050934
v 0.093169 -0.036601 0.070064
v 0.035214 0.001622 0.087262
v 0.037626 -0.006511 0.079112
v 0.036611 -0.005103 0.080933
v 0.037126 -0.005558 0.080217
v 0.038284 -0.002670 0.080022
v 0.035546 -0.004810 0.080612
v 0.036919 -0.001122 0.081082
v 0.034453 -0.000657 0.083586
v 0.034760 -0.001235 0.083301
v 0.033521 -0.001832 0.084988
v 0.032923 0.001210 0.084768
v 0.032923 0.001210 0.084768
v 0.031390 0.002281 0.084966
v 0.032905 0.005577 0.086814
v 0.031802 0.004452 0.087327
v 0.077478 0.014863 0.089967
v 0.066868 0.018574 0.087890
v 0.058731 0.021258 0.089626
v 0.060094 0.020975 0.089717
v 0.058248 0.021342 0.089284
v 0.059706 0.020065 0.088788
v 0.047790 -0.017651 0.074224
v 0.045703 -0.025294 0.079301
v 0.045459 -0.025583 0.079199
v 0.082184 -0.031022 0.076105
v 0.111633 -0.064132 0.059518
v 0.106891 -0.069417 0.054980
v 0.108571 -0.068887 0.056353
v 0.107542 -0.071278 0.055233
v 0.108777 -0.067550 0.052884
v 0.109268 -0.067710 0.052511
v 0.076299 -0.006696 0.091015
v 0.036077 -0.004557 0.081557
v 0.035719 -0.004257 0.081911
v 0.031405 -0.000288 0.089683
v 0.061176 0.021192 0.090464
v 0.072255 0.017109 0.092653
v 0.069362 0.016275 0.093882
v 0.070211 0.014388 0.090001
v 0.070884 0.016234 0.093484
v 0.078667 0.014105 0.094403
v 0.072026 -0.009785 0.094537
v 0.061064 -0.011834 0.090570
v 0.053581 -0.010576 0.086217
v 0.053423 -0.011056 0.086647
v 0.044262 -0.012766 0.077284
v 0.043624 -0.014859 0.078646
v 0.053061 -0.017102 0.076062
v 0.052912 -0.017388 0.076357
v 0.049499 -0.018623 0.074139
v 0.049499 -0.018623 0.074139
v 0.112615 -0.035266 0.072908
v 0.113673 -0.048642 0.064945
v 0.112393 -0.062417 0.057739
v 0.114372 -0.065142 0.059537
v 0.112554 -0.066320 0.056089
v 0.111827 -0.065904 0.055190
v 0.111587 -0.065882 0.055335
v 0.110184 -0.069580 0.055311
v 0.111083 -0.068302 0.055231
v 0.110471 -0.069920 0.054803
v 0.114407 -0.056263 0.058036
v 0.111415 -0.056042 0.060967
v 0.115243 -0.049375 0.058040
v 0.116037 -0.044648 0.060279
v 0.072452 0.016947 0.092928
v 0.074295 0.012855 0.094990
v 0.060893 -0.012284 0.090759
v 0.057020 -0.021581 0.075151
v 0.114494 -0.061548 0.058114
v 0.114550 -0.059089 0.059162
v 0.114193 -0.057979 0.060247
v 0.116920 -0.056189 0.060883
v 0.116511 -0.053016 0.061360
v 0.116511 -0.053016 0.061360
v 0.113807 -0.056040 0.061456
v 0.116444 -0.046910 0.061534
v 0.116403 -0.044479 0.060134
v 0.093517 0.003395 0.091573
v 0.079425 0.014680 0.093915
v 0.079087 0.014012 0.093985
v 0.061655 -0.017404 0.081830
v 0.061332 -0.017928 0.080974
v 0.069684 -0.018241 0.083895
v 0.104663 -0.015402 0.089714
v 0.115033 -0.046542 0.066014
v 0.115225 -0.046886 0.065482
v 0.116528 -0.047296 0.064618
v 0.117786 -0.047437 0.063888
v 0.117626 -0.048330 0.064085
v 0.117073 -0.048309 0.063812
v 0.117359 -0.049702 0.062282
v 0.118519 -0.043486 0.065691
v 0.118460 -0.041477 0.066809
v 0.119227 -0.041181 0.066428
v 0.118345 -0.042611 0.066243
v 0.117311 -0.038519 0.066591
v 0.108659 -0.014410 0.080891
v 0.113398 -0.024043 0.073188
v 0.105944 -0.011915 0.084455
v 0.088470 0.007756 0.091474
v 0.086466 0.008749 0.096866
v 0.086794 0.008816 0.094722
v 0.087162 0.008215 0.094782
v 0.086368 0.004362 0.095533
v 0.065201 -0.016025 0.086598
v 0.065380 -0.015462 0.086151
v 0.069601 -0.018442 0.084082
v 0.114133 -0.037626 0.070919
v 0.115445 -0.040145 0.069224
v 0.115714 -0.040282 0.068968
v 0.118337 -0.044518 0.065266
v 0.118227 -0.044651 0.065065
v 0.118037 -0.045192 0.064621
v 0.117927 -0.045390 0.064322
v 0.117524 -0.049227 0.063070
v 0.116271 -0.029337 0.074971
v 0.087827 0.008907 0.095527
v 0.088624 0.008837 0.092845
v 0.093580 0.002853 0.095552
v 0.103400 -0.009619 0.091699
v 0.118269 -0.033859 0.071415
v 0.105588 -0.012319 0.089241
v 0.107883 -0.014979 0.087757
v 0.106036 -0.013672 0.088157
v 0.105108 -0.013128 0.088645
v 0.097793 -0.001503 0.089849
v 0.104375 -0.014824 0.088647
v 0.104095 -0.011306 0.090121
v -0.043800 -0.032106 0.077011
v -0.042201 -0.017206 0.076068
v -0.043147 -0.018089 0.075483
v -0.042842 -0.016936 0.076070
v -0.042690 -0.014475 0.077103
v -0.045747 -0.013279 0.079610
v -0.045683 -0.013352 0.079782
v -0.067010 -0.017216 0.085698
v -0.065833 -0.016961 0.085556
v -0.073929 -0.021313 0.083747
v -0.107104 -0.017326 0.086603
v -0.093978 0.000375 0.094859
v -0.092921 0.001600 0.094715
v -0.088391 0.005722 0.092520
v -0.087895 0.005393 0.091398
v -0.087609 0.005054 0.091161
v -0.088870 0.005823 0.091315
v -0.088709 0.005580 0.091355
v -0.086370 0.006886 0.090974
v -0.086303 0.006577 0.091571
v -0.095874 -0.002991 0.089631
v -0.095386 -0.082418 0.046132
v -0.047271 -0.043615 0.081608
v -0.046926 -0.042467 0.082333
v -0.044722 -0.040907 0.082239
v -0.044746 -0.032031 0.078055
v -0.044492 -0.019830 0.075140
v -0.046371 -0.020936 0.072773
v -0.046059 -0.016650 0.075701
v -0.046578 -0.018043 0.075667
v -0.047805 -0.017912 0.075180
v -0.049775 -0.018415 0.075710
v -0.073542 -0.020914 0.082909
v -0.095256 -0.004824 0.094061
v -0.095040 -0.003885 0.093438
v -0.094369 -0.005012 0.093855
v -0.094686 -0.001412 0.093893
v -0.094770 -0.001715 0.093814
v -0.086930 0.000409 0.091017
v -0.086727 -0.029643 0.072410
v -0.085202 -0.057300 0.066210
v -0.101060 -0.075128 0.047960
v -0.094747 -0.081323 0.046995
v -0.093687 -0.080706 0.047401
v -0.094533 -0.082600 0.046320
v -0.093239 -0.085921 0.046964
v -0.092055 -0.087546 0.048040
v -0.092037 -0.088762 0.048135
v -0.048188 -0.021999 0.073975
v -0.048044 -0.022078 0.073363
v -0.048188 -0.021999 0.073975
v -0.048738 -0.018190 0.075066
v -0.050034 -0.017926 0.075369
v -0.050024 -0.019404 0.074539
v -0.055438 -0.018764 0.076926
v -0.055596 -0.018195 0.076240
v -0.059130 -0.018769 0.079244
v -0.059161 -0.018685 0.079138
v -0.060213 -0.023944 0.075862
v -0.102325 -0.011096 0.090164
v -0.102545 -0.010710 0.090777
v -0.099722 -0.007709 0.092136
v -0.096917 -0.004363 0.089494
v -0.096065 -0.003832 0.089487
v -0.098445 -0.005693 0.089543
v -0.098105 -0.005096 0.088722
v -0.094796 -0.000787 0.089843
v -0.109787 -0.027248 0.071895
v -0.114412 -0.037086 0.064511
v -0.108563 -0.062792 0.052402
v -0.100905 -0.075211 0.048045
v -0.100948 -0.075192 0.048020
v -0.098045 -0.077571 0.047690
v -0.098418 -0.078117 0.047933
v -0.097975 -0.080110 0.048077
v -0.096480 -0.082374 0.047491
v -0.095506 -0.082488 0.046453
v -0.104096 -0.076432 0.051852
v -0.095582 -0.086179 0.049248
v -0.095608 -0.086220 0.049248
v -0.052557 -0.022138 0.073362
v -0.050195 -0.019776 0.074247
v -0.059909 -0.023416 0.075175
v -0.097513 -0.036708 0.073725
v -0.106689 -0.017266 0.085652
v -0.100985 -0.008568 0.085918
v -0.102073 -0.009927 0.084999
v -0.102073 -0.009927 0.084999
v -0.099838 -0.007528 0.088414
v -0.099900 -0.007446 0.087696
v -0.099838 -0.007528 0.088414
v -0.098577 -0.005477 0.089140
v -0.098139 -0.005031 0.087993
v -0.098139 -0.005031 0.087993
v -0.112683 -0.050071 0.057518
v -0.111932 -0.054059 0.056329
v -0.111134 -0.055916 0.055204
v -0.112983 -0.052775 0.056385
v -0.109832 -0.059081 0.053834
v -0.110563 -0.066082 0.055894
v -0.107697 -0.067545 0.053356
v -0.104624 -0.076038 0.052765
v -0.116708 -0.035347 0.070557
v -0.106302 -0.016776 0.085178
v -0.114141 -0.042043 0.061691
v -0.114148 -0.034352 0.066097
v -0.113754 -0.045754 0.059815
v -0.111586 -0.052001 0.057172
v -0.112527 -0.050917 0.057338
v -0.111640 -0.057621 0.056500
v -0.110390 -0.067531 0.056741
v -0.109967 -0.066129 0.056021
v -0.107558 -0.018235 0.084804
v -0.115534 -0.049065 0.062868
v -0.114627 -0.046856 0.061718
v -0.114400 -0.055059 0.060121
v -0.115670 -0.049029 0.062763
v -0.114363 -0.054866 0.060508
v -0.113290 -0.058642 0.058861
v -0.109238 -0.062853 0.058552
v -0.104768 -0.071755 0.055076
v -0.112924 -0.043657 0.067573
v -0.115515 -0.034118 0.070556
v -0.114165 -0.036232 0.064860
v -0.113685 -0.033358 0.067780
v -0.113464 -0.032820 0.067993
v -0.116472 -0.033322 0.071373
v -0.112947 -0.043660 0.067637
v -0.112959 -0.029547 0.069146
v -0.112756 -0.030144 0.069205
v -0.112959 -0.029547 0.069146
v -0.113910 -0.028172 0.069903
v -0.111947 -0.027647 0.071338
v -0.112606 -0.026395 0.069789
v 0.015098 -0.080709 0.062237
vn 0.9319 0.0657 -0.3566
vn 0.9380 0.1303 -0.3212
vn 0.9647 0.1867 -0.1855
vn 0.2787 -0.9518 0.1278
vn 0.3610 -0.9192 0.1574
vn 0.3495 -0.9342 0.0717
vn 0.2777 -0.9419 0.1889
vn 0.2449 -0.9648 0.0955
vn 0.7719 0.5344 0.3443
vn 0.8511 0.4849 0.2012
vn 0.7691 0.5500 0.3257
vn 0.9814 0.1918 -0.0005
vn 0.9868 0.1602 -0.0222
vn 0.2160 -0.9666 0.1377
vn 0.1267 -0.9734 0.1911
vn 0.1927 -0.9675 0.1635
vn 0.2339 -0.9615 0.1441
vn 0.9362 0.3480 0.0501
vn 0.9755 0.2038 -0.0823
vn 0.2779 -0.9525 0.1246
vn -0.1389 0.9844 -0.1080
vn -0.0688 0.9922 -0.1041
vn -0.1667 0.9791 -0.1169
vn 0.1086 0.9348 -0.3380
vn 0.1679 0.9820 0.0863
vn -0.2605 0.9597 -0.1058
vn -0.2947 0.9494 -0.1090
vn -0.2748 0.9546 -0.1145
vn 0.8500 -0.0408 -0.5252
vn 0.3990 -0.1127 -0.9100
vn 0.7120 -0.2938 -0.6377
vn 0.1588 -0.9785 0.1316
vn 0.2082 -0.9705 0.1212
vn 0.0137 -0.0730 0.9972
vn 0.0137 -0.0893 0.9959
vn -0.0013 0.0169 0.9999
vn -0.1533 0.9758 -0.1557
vn -0.1565 0.9751 -0.1568
vn -0.0717 0.9660 -0.2485
vn 0.2196 -0.9665 0.1331
vn 0.2356 -0.9613 0.1425
vn 0.3977 -0.9107 0.1117
vn 0.0111 0.0664 0.9977
vn -0.0243 0.9912 -0.1304
vn 0.5958 0.1674 -0.7855
vn 0.1195 -0.9849 0.1252
vn -0.1505 0.9813 -0.1201
vn -0.0072 -0.0496 -0.9987
vn -0.0015 0.0222 0.9998
vn -0.1949 0.9805 -0.0230
vn 0.0127 -0.0431 -0.9990
vn 0.1900 -0.9588 0.2112
vn 0.1905 -0.9586 0.2117
vn 0.0169 -0.9906 0.1358
vn 0.0909 -0.9903 0.1051
vn 0.0473 -0.0797 0.9957
vn 0.0176 -0.0442 -0.9989
vn -0.2547 0.0140 -0.9669
vn 0.0028 -0.0343 -0.9994
vn -0.0524 0.9930 -0.1058
vn 0.0058 0.2483 -0.9687
vn 0.0055 0.2486 -0.9686
vn 0.0021 -0.0683 -0.9977
vn -0.0562 -0.0890 0.9944
vn -0.2076 0.7094 0.6735
vn 0.0010 -0.0706 -0.9975
vn -0.1031 -0.9867 0.1255
vn -0.0785 -0.9779 0.1936
vn -0.1034 -0.9703 0.2188
vn -0.1101 -0.2290 0.9672
vn -0.1950 -0.3188 0.9275
vn -0.0037 -0.0726 -0.9974
vn -0.2822 -0.8207 0.4967
vn 0.2205 -0.9048 0.3644
vn 0.0034 0.0265 0.9996
vn 0.0054 0.0291 0.9996
vn -0.0059 0.0090 0.9999
vn 0.1061 0.9872 -0.1191
vn -0.1419 -0.9822 0.1228
vn 0.2131 0.9707 -0.1110
vn -0.0019 -0.0733 -0.9973
vn -0.0371 0.2170 0.9755
vn -0.2520 -0.9573 0.1414
vn -0.2883 -0.9475 0.1382
vn -0.2227 -0.9680 0.1156
vn -0.5287 -0.3683 0.7648
vn -0.3604 -0.8961 0.2590
vn -0.5058 -0.5783 0.6401
vn -0.2739 -0.9491 0.1553
vn -0.3264 -0.9361 0.1309
vn -0.2648 -0.9476 0.1785
vn -0.2668 -0.9452 0.1881
vn -0.2368 -0.9493 0.2067
vn -0.0527 -0.1371 0.9891
vn -0.1033 -0.2747 0.9560
vn -0.2482 -0.9629 0.1064
vn -0.1787 -0.9819 0.0626
vn 0.6172 -0.7822 0.0852
vn -0.2640 -0.9623 0.0650
vn -0.3628 -0.9217 0.1374
vn -0.2634 -0.9552 0.1347
vn -0.9975 0.0610 -0.0360
vn -0.9653 0.2395 0.1043
vn -0.9953 0.0969 0.0027
vn -0.9280 0.3362 0.1608
vn -0.7229 0.6082 0.3280
vn -0.1439 -0.3117 0.9392
vn -0.0127 -0.0698 -0.9975
vn -0.2752 -0.9567 0.0949
vn -0.2833 -0.9547 0.0912
vn -0.2998 -0.9490 0.0978
vn 0.2773 0.9576 -0.0780
vn 0.4145 0.9068 -0.0768
vn -0.0816 -0.0526 -0.9953
vn -0.1917 -0.9715 0.1394
vn -0.9871 0.1599 -0.0107
vn -0.3204 -0.9398 0.1189
vn -0.9914 0.1164 0.0597
vn 0.1814 0.9773 -0.1093
vn 0.1876 0.9781 -0.0898
vn -0.5913 0.1080 -0.7992
vn -0.2032 0.3127 -0.9279
vn -0.4507 0.2008 -0.8698
vn -0.1163 -0.0280 -0.9928
vn -0.3209 -0.9387 0.1262
vn -0.1813 0.0460 -0.9823
vn 0.0087 0.4170 -0.9089
vn -0.9620 0.1407 -0.2339
vn -0.9483 -0.0136 -0.3170
vn -0.8857 0.4579 -0.0765
vn -0.6867 -0.7269 -0.0080
vn -0.6865 -0.7271 -0.0078
vn -0.5667 0.7709 -0.2909
vn 0.3020 0.9479 -0.1011
vn 0.0932 0.9942 0.0539
vn 0.1567 0.9637 -0.2162
vn -0.1562 -0.9718 0.1766
vn -0.9204 0.3825 -0.0812
vn 0.2371 0.9574 -0.1648
vn -0.1703 -0.9587 0.2277
vn -0.5897 -0.7942 0.1469
vn -0.3317 -0.9352 0.1237
vn 0.9834 0.1809 0.0124
vn 0.9867 0.0420 0.1568
vn 0.9217 0.3805 -0.0752
vn 0.9915 0.0180 0.1292
vn 0.7984 0.5852 0.1421
vn 0.8290 0.5322 0.1720
vn 0.8853 0.4400 0.1505
vn 0.2277 -0.4911 0.8408
vn 0.4925 -0.4363 0.7530
vn 0.1520 -0.5235 0.8383
vn 0.1019 -0.2573 0.9609
vn -0.0874 -0.3926 0.9156
vn 0.7655 0.6388 0.0771
vn -0.0673 0.1691 -0.9833
vn -0.1270 0.5017 -0.8557
vn 0.0714 0.3807 -0.9220
vn 0.3342 -0.4881 0.8063
vn 0.1039 0.0638 0.9925
vn 0.7374 0.6709 0.0786
vn 0.0828 0.5666 -0.8198
vn 0.6807 0.5438 -0.4908
vn 0.2631 -0.5112 0.8182
vn 0.4567 -0.4393 0.7736
vn 0.2956 -0.4673 0.8332
vn 0.3332 -0.4755 0.8142
vn -0.0240 0.3354 -0.9418
vn -0.2672 0.4631 -0.8451
vn 0.8964 0.0728 -0.4372
vn 0.6943 0.4396 -0.5699
vn 0.8452 0.0595 -0.5312
vn 0.8922 -0.0499 -0.4490
vn 0.5650 -0.5838 0.5831
vn 0.2570 -0.4678 0.8456
vn -0.0529 -0.4344 0.8992
vn -0.2471 -0.7213 0.6471
vn -0.0757 -0.7826 0.6179
vn 0.6241 0.3840 0.6805
vn -0.5833 0.3305 -0.7420
vn 0.2485 -0.4718 0.8460
vn 0.0175 -0.4412 0.8972
vn 0.2095 -0.4276 0.8794
vn 0.2751 -0.3837 0.8815
vn -0.2168 -0.4397 0.8716
vn -0.2933 -0.7621 0.5772
vn -0.1622 -0.8187 0.5509
vn -0.2858 -0.8117 0.5093
vn -0.2620 -0.7903 0.5538
vn -0.1820 -0.6524 0.7357
vn 0.6255 0.7674 0.1409
vn 0.6013 0.7982 -0.0363
vn 0.4747 0.7953 -0.3771
vn 0.3336 0.9335 -0.1316
vn 0.3310 0.9398 -0.0852
vn 0.0528 -0.1109 -0.9924
vn 0.1768 0.3327 -0.9263
vn 0.4847 -0.2319 -0.8434
vn 0.9686 -0.1712 0.1805
vn 0.9326 -0.0944 -0.3485
vn 0.9798 -0.1055 -0.1700
vn 0.8878 -0.4328 -0.1562
vn -0.3194 -0.8017 0.5052
vn -0.1405 0.0642 0.9880
vn 0.3970 0.1289 -0.9087
vn 0.2160 0.7136 -0.6664
vn -0.3569 0.4707 -0.8069
vn -0.3200 0.4897 -0.8111
vn 0.8830 -0.1350 -0.4495
vn 0.8494 -0.4084 -0.3344
vn 0.5300 0.1557 -0.8336
vn 0.6209 -0.3721 -0.6899
vn 0.2484 -0.6952 0.6745
vn 0.3058 -0.7632 0.5693
vn 0.2677 -0.4967 0.8256
vn 0.3044 -0.4946 0.8141
vn 0.2797 -0.3656 0.8878
vn 0.2111 -0.0268 0.9771
vn -0.4250 -0.5200 0.7410
vn -0.5058 -0.5677 0.6495
vn -0.3309 -0.5762 0.7473
vn -0.2626 -0.7856 0.5602
vn -0.1353 0.2000 0.9704
vn 0.3150 0.9461 -0.0757
vn 0.5602 0.0617 0.8261
vn 0.3759 -0.0919 0.9221
vn 0.4732 -0.0168 0.8808
vn 0.1310 0.6081 -0.7830
vn 0.9107 -0.3921 -0.1298
vn 0.7824 -0.2637 -0.5641
vn 0.7347 -0.3065 -0.6052
vn 0.7352 -0.2523 -0.6292
vn 0.7713 -0.2648 -0.5787
vn 0.0275 -0.3430 0.9389
vn 0.2314 -0.0366 0.9722
vn 0.4817 0.1848 0.8567
vn 0.5318 0.1695 0.8298
vn -0.2369 -0.2853 0.9287
vn -0.2154 -0.5746 0.7896
vn -0.2326 -0.9662 0.1114
vn -0.3039 -0.4403 0.8448
vn 0.0837 0.6377 0.7657
vn 0.1152 0.7927 0.5986
vn 0.3733 0.7935 0.4807
vn 0.3814 0.7847 0.4886
vn 0.3177 0.6198 0.7175
vn 0.3011 0.9120 -0.2787
vn 0.2990 0.9056 -0.3009
vn 0.0552 -0.5041 -0.8619
vn 0.1075 -0.4937 -0.8630
vn 0.9767 -0.2145 -0.0017
vn 0.6138 -0.5691 -0.5472
vn 0.2019 0.0331 0.9788
vn 0.0555 0.1552 0.9863
vn 0.4763 -0.0057 0.8793
vn 0.0660 -0.2329 0.9702
vn 0.2917 -0.1126 0.9499
vn 0.3327 -0.0596 0.9412
vn 0.2729 0.1132 0.9553
vn 0.4374 -0.0483 0.8980
vn 0.1183 -0.3482 0.9299
vn 0.1791 -0.2847 0.9417
vn 0.1739 -0.6328 0.7546
vn -0.3910 0.8186 -0.4207
vn -0.0133 0.9688 -0.2474
vn -0.1300 0.9696 -0.2074
vn 0.1972 0.9773 -0.0773
vn 0.1468 0.7659 -0.6259
vn 0.2127 0.8638 -0.4566
vn -0.2308 0.2429 -0.9422
vn 0.9568 -0.2818 -0.0721
vn 0.9416 -0.0946 -0.3232
vn -0.1582 0.0081 -0.9874
vn 0.7673 -0.5810 -0.2713
vn 0.2849 -0.2986 -0.9109
vn 0.8030 -0.5898 -0.0855
vn 0.6495 0.3463 0.6769
vn 0.6900 0.2586 0.6761
vn 0.4869 0.3386 0.8051
vn 0.7418 0.1317 0.6575
vn 0.3983 0.2983 0.8674
vn 0.1005 0.2737 0.9566
vn 0.6597 -0.0489 0.7500
vn 0.6420 0.2627 0.7203
vn 0.6651 0.3223 0.6736
vn -0.1025 -0.6948 0.7118
vn 0.2937 0.1591 0.9426
vn -0.3112 -0.7311 0.6072
vn -0.2957 -0.7533 0.5874
vn -0.2310 0.0342 0.9723
vn -0.0605 0.3781 0.9238
vn 0.1135 -0.5789 -0.8074
vn 0.1245 -0.5879 -0.7993
vn 0.1150 -0.6406 -0.7592
vn 0.1568 -0.7912 -0.5911
vn 0.6162 0.1386 0.7753
vn -0.0724 0.2579 0.9635
vn 0.9513 0.0194 -0.3078
vn 0.2978 0.1567 0.9417
vn 0.4534 0.2357 0.8596
vn 0.5478 -0.0402 0.8356
vn 0.0423 -0.7869 0.6157
vn 0.7646 0.6072 -0.2162
vn 0.8799 0.3856 -0.2776
vn 0.7638 0.6082 -0.2162
vn 0.3480 -0.5368 0.7686
vn 0.5995 0.2807 0.7495
vn 0.7391 0.2272 0.6341
vn -0.4942 -0.6516 0.5755
vn -0.4961 -0.6759 0.5450
vn -0.1348 -0.3527 0.9260
vn -0.1497 0.2582 0.9544
vn -0.2298 0.1283 0.9647
vn -0.1039 0.1221 0.9871
vn 0.1096 -0.5948 -0.7964
vn 0.2011 -0.7539 -0.6255
vn 0.6095 0.1476 0.7790
vn 0.2913 0.2415 0.9256
vn 0.2577 0.3151 0.9134
vn 0.2554 0.3129 0.9148
vn 0.2320 0.3037 0.9241
vn 0.3836 0.4364 0.8139
vn 0.2479 0.8514 0.4622
vn 0.2162 -0.0085 0.9763
vn 0.5755 0.8073 -0.1307
vn -0.4787 0.7302 -0.4875
vn 0.3035 0.7317 -0.6103
vn 0.1137 0.2307 -0.9664
vn -0.3565 0.5638 -0.7450
vn -0.1602 0.4134 -0.8964
vn 0.5251 0.8397 -0.1385
vn 0.3791 0.0372 0.9246
vn 0.4396 0.0805 0.8946
vn 0.6937 0.1229 0.7097
vn 0.7604 0.0146 0.6493
vn -0.4642 -0.6375 0.6149
vn -0.2510 -0.3060 0.9183
vn -0.2199 0.7803 0.5854
vn -0.3131 0.4340 0.8448
vn -0.4546 -0.6933 0.5592
vn -0.4712 0.4730 0.7445
vn -0.4933 0.3603 0.7917
vn -0.3445 0.4584 0.8193
vn -0.0468 0.5445 0.8374
vn 0.1787 0.5570 -0.8111
vn 0.1791 0.5564 -0.8114
vn 0.3690 0.8571 -0.3595
vn 0.3688 0.8570 -0.3599
vn 0.3359 -0.7489 -0.5712
vn 0.1845 -0.8865 -0.4243
vn 0.4804 0.3364 0.8099
vn -0.0072 -0.0570 0.9984
vn 0.2893 -0.1882 0.9386
vn 0.3480 -0.1275 0.9288
vn 0.4084 -0.0146 0.9127
vn 0.4688 0.0669 0.8808
vn 0.5598 -0.0043 0.8286
vn 0.6841 0.0097 0.7293
vn 0.2953 -0.1625 0.9415
vn -0.0856 -0.5847 0.8067
vn -0.2585 -0.1924 -0.9466
vn 0.4430 -0.7602 -0.4752
vn 0.0619 -0.6360 -0.7692
vn 0.6122 -0.7362 -0.2885
vn 0.0959 -0.4712 0.8768
vn 0.3591 -0.0014 0.9333
vn 0.0139 -0.1739 0.9847
vn 0.7132 0.0153 0.7008
vn 0.7602 0.2965 0.5781
vn 0.8934 -0.0743 0.4431
vn 0.6327 0.6518 0.4182
vn 0.7393 0.0707 0.6697
vn -0.4104 0.4254 0.8066
vn -0.3886 0.3975 0.8313
vn -0.3215 0.1492 0.9351
vn 0.6971 0.2549 0.6702
vn 0.2653 0.9288 0.2589
vn 0.3081 0.6013 0.7373
vn 0.3084 0.6011 0.7373
vn 0.3077 0.6016 0.7372
vn 0.1587 -0.4906 0.8568
vn 0.2120 -0.4442 0.8705
vn 0.2275 -0.3937 0.8907
vn 0.6223 0.0251 0.7824
vn 0.7540 -0.0288 0.6563
vn 0.6947 0.0257 0.7189
vn 0.8188 0.1407 0.5565
vn 0.6356 -0.0418 0.7709
vn 0.7061 -0.0933 0.7019
vn -0.1249 -0.6217 0.7732
vn 0.0414 -0.5439 0.8382
vn 0.6969 -0.7082 -0.1129
vn 0.2705 -0.6697 0.6916
vn 0.1455 -0.2212 0.9643
vn -0.1982 -0.3690 0.9081
vn -0.4110 -0.5102 0.7555
vn 0.1380 -0.2088 0.9682
vn -0.1785 -0.1915 0.9651
vn -0.4647 -0.3865 0.7967
vn 0.8020 -0.0526 0.5950
vn 0.9424 -0.2410 0.2319
vn 0.7077 0.0376 0.7055
vn 0.6512 -0.0291 0.7583
vn 0.7822 0.1323 0.6088
vn 0.6026 0.0769 0.7944
vn 0.8010 0.4452 0.4001
vn 0.7364 0.2797 0.6160
vn 0.8008 0.5830 0.1370
vn 0.1622 -0.4930 0.8548
vn 0.1335 -0.4544 0.8807
vn 0.2823 0.0553 0.9577
vn 0.4133 0.0617 0.9085
vn 0.4203 -0.0493 0.9060
vn 0.6411 0.0273 0.7670
vn 0.5887 -0.0209 0.8081
vn 0.6860 -0.0307 0.7269
vn 0.5751 -0.2442 0.7808
vn 0.6796 -0.0373 0.7326
vn 0.1458 -0.6620 0.7352
vn 0.1651 -0.3940 0.9041
vn -0.0171 -0.5177 0.8554
vn 0.1970 0.4136 -0.8889
vn 0.6814 -0.7178 -0.1429
vn -0.6437 -0.4255 0.6361
vn -0.5311 -0.4721 0.7036
vn -0.5727 -0.4332 0.6960
vn -0.5455 -0.4381 0.7145
vn -0.6072 -0.4698 0.6407
vn -0.5954 -0.5225 0.6103
vn -0.5906 -0.4670 0.6580
vn -0.4953 -0.4634 0.7348
vn -0.6130 -0.4316 0.6618
vn -0.5249 -0.4270 0.7363
vn -0.4864 -0.4080 0.7726
vn -0.6664 -0.5640 0.4877
vn -0.4315 -0.3543 0.8296
vn 0.3688 0.0734 0.9266
vn 0.4683 0.2112 0.8579
vn 0.5982 0.0193 0.8011
vn 0.8189 0.1964 0.5393
vn 0.7757 0.2333 0.5864
vn 0.7909 0.2565 0.5556
vn 0.7916 0.1110 0.6009
vn 0.0942 -0.4300 0.8979
vn 0.1410 -0.4495 0.8821
vn 0.2280 -0.3922 0.8912
vn 0.3763 0.1354 0.9165
vn 0.6526 0.1303 0.7464
vn 0.4954 -0.1332 0.8584
vn 0.7384 -0.0683 0.6708
vn 0.6534 -0.0387 0.7560
vn 0.7334 -0.0228 0.6795
vn 0.5429 -0.4648 0.6994
vn 0.3019 -0.6610 0.6870
vn 0.1286 -0.8150 0.5650
vn 0.0516 -0.3560 0.9330
vn -0.0430 -0.6133 0.7887
vn 0.0878 -0.5802 0.8097
vn 0.0846 -0.4987 0.8626
vn -0.4513 0.0212 -0.8921
vn -0.3891 -0.1360 -0.9111
vn 0.0567 -0.0873 -0.9946
vn 0.0215 -0.0082 -0.9997
vn 0.2095 0.5529 -0.8065
vn -0.1067 0.5670 -0.8168
vn 0.3010 -0.4176 -0.8573
vn 0.2566 -0.3502 -0.9008
vn 0.3657 -0.5671 -0.7380
vn -0.5967 -0.4849 0.6393
vn -0.5795 -0.5144 0.6322
vn -0.6094 -0.4807 0.6305
vn -0.5748 -0.5121 0.6382
vn -0.4227 -0.5047 0.7527
vn -0.4298 -0.4916 0.7573
vn -0.3265 -0.5026 0.8005
vn 0.4917 -0.5558 0.6703
vn 0.2280 -0.4218 0.8776
vn 0.3640 -0.4741 0.8017
vn 0.1308 -0.3265 0.9361
vn 0.3591 -0.5260 0.7710
vn 0.5625 -0.4987 0.6595
vn 0.3783 -0.5243 0.7629
vn 0.5808 -0.4954 0.6460
vn -0.5153 -0.4209 0.7465
vn 0.7520 0.1069 0.6505
vn 0.5027 0.0824 0.8605
vn 0.4750 -0.0099 0.8799
vn 0.5694 -0.0120 0.8220
vn 0.4280 0.0863 0.8997
vn 0.6382 -0.0196 0.7696
vn 0.7859 0.1057 0.6093
vn -0.0851 -0.3379 0.9373
vn -0.0751 -0.3666 0.9273
vn 0.1024 -0.1379 0.9851
vn 0.3263 0.3473 0.8791
vn 0.3992 0.2242 0.8890
vn 0.6861 -0.1348 0.7149
vn 0.6408 -0.2391 0.7295
vn 0.2705 -0.7855 0.5567
vn -0.1034 -0.7922 0.6014
vn -0.0625 -0.9539 0.2937
vn 0.0066 -0.8246 0.5657
vn -0.0837 -0.8643 0.4959
vn -0.1691 -0.7278 0.6647
vn -0.2783 -0.6977 0.6602
vn -0.0004 -0.4447 0.8957
vn -0.0006 -0.4451 0.8955
vn 0.4465 -0.2811 0.8495
vn 0.6146 -0.3253 0.7187
vn 0.5500 -0.1719 0.8173
vn 0.5633 -0.0513 0.8247
vn 0.6982 -0.4293 0.5729
vn 0.2086 -0.3377 0.9178
vn 0.0680 -0.4335 0.8986
vn 0.4384 -0.8222 0.3631
vn 0.3878 -0.7945 0.4673
vn 0.1979 -0.7312 0.6528
vn -0.4230 -0.5689 0.7053
vn -0.5080 -0.5150 0.6904
vn -0.5542 -0.5533 0.6218
vn -0.5602 -0.5649 0.6058
vn -0.5514 -0.5200 0.6524
vn 0.0102 -0.4204 0.9073
vn -0.3353 -0.4823 0.8093
vn -0.4790 -0.5244 0.7040
vn 0.5565 -0.5390 0.6323
vn 0.3461 -0.4556 0.8201
vn 0.4673 -0.4387 0.7676
vn -0.1975 -0.1148 0.9736
vn 0.0902 -0.0157 0.9958
vn 0.7609 0.0199 0.6486
vn 0.4974 0.8137 0.3009
vn 0.2188 0.0331 0.9752
vn 0.2522 0.1726 0.9521
vn 0.0043 -0.7921 0.6104
vn 0.3968 -0.6569 0.6411
vn -0.4702 -0.8825 -0.0013
vn 0.0984 -0.8194 0.5647
vn -0.0270 -0.8646 0.5018
vn -0.0193 -0.7916 0.6107
vn 0.1041 -0.8095 0.5778
vn -0.1104 -0.8719 0.4771
vn -0.0951 -0.7870 0.6096
vn 0.0659 -0.8949 0.4413
vn 0.2053 -0.8465 0.4912
vn 0.2057 -0.8465 0.4911
vn 0.2055 -0.8468 0.4906
vn -0.3896 -0.7147 0.5809
vn 0.2968 0.2013 0.9335
vn 0.8431 0.3793 0.3812
vn 0.6524 0.3035 0.6944
vn -0.0398 -0.2191 -0.9749
vn -0.0399 -0.2196 -0.9748
vn 0.2392 0.0862 -0.9671
vn 0.4869 0.6076 -0.6276
vn 0.4353 -0.8491 0.2991
vn 0.2290 -0.7249 0.6496
vn 0.3125 -0.7121 0.6287
vn 0.2739 -0.6940 0.6659
vn -0.0106 -0.8032 0.5956
vn 0.3423 -0.5570 0.7567
vn 0.2257 -0.7579 0.6121
vn 0.2807 -0.4730 0.8352
vn 0.1601 -0.7781 0.6074
vn -0.3181 -0.6988 0.6407
vn -0.5383 -0.5668 0.6237
vn -0.5313 -0.5678 0.6288
vn -0.6156 -0.6497 0.4460
vn -0.4817 -0.5090 0.7133
vn -0.3987 -0.5432 0.7389
vn 0.0138 0.6758 -0.7369
vn -0.1842 0.5565 -0.8102
vn 0.0351 0.6126 -0.7896
vn 0.0552 -0.5274 0.8478
vn 0.0347 -0.5518 0.8333
vn 0.0222 -0.4558 0.8898
vn -0.3226 0.8737 -0.3642
vn -0.1755 0.7413 -0.6478
vn -0.1668 0.7509 -0.6390
vn -0.0308 0.5966 -0.8019
vn -0.1863 0.6340 -0.7505
vn 0.0579 -0.5813 0.8116
vn -0.2170 0.6617 -0.7177
vn 0.3262 0.5537 -0.7662
vn 0.0696 -0.5814 0.8106
vn 0.0219 -0.6548 0.7555
vn 0.0449 -0.6472 0.7610
vn -0.0150 -0.9242 0.3817
vn -0.1313 -0.7290 0.6718
vn 0.0494 -0.6910 0.7212
vn -0.2748 0.5446 -0.7924
vn -0.1668 0.5563 -0.8140
vn 0.0704 0.6274 -0.7755
vn -0.0310 0.5277 -0.8489
vn 0.1574 -0.5192 0.8400
vn 0.2613 -0.4989 0.8263
vn -0.0442 -0.5600 0.8273
vn -0.0996 -0.5116 0.8534
vn 0.0356 0.5033 -0.8634
vn 0.4850 0.2155 0.8476
vn 0.5767 0.1883 0.7950
vn 0.4940 0.1749 0.8517
vn 0.4972 0.1147 0.8600
vn 0.4291 0.8930 0.1356
vn 0.7725 0.5868 0.2428
vn 0.2570 -0.3958 0.8816
vn 0.2569 -0.3954 0.8818
vn -0.0821 0.5724 0.8159
vn -0.0161 0.6127 0.7902
vn 0.9040 0.0200 0.4270
vn 0.8283 -0.1871 0.5282
vn 0.7471 -0.0946 0.6579
vn 0.8190 -0.1338 0.5579
vn 0.7804 -0.2529 0.5719
vn 0.5385 0.0812 0.8387
vn 0.5603 0.3868 0.7324
vn 0.7584 0.0693 -0.6480
vn 0.8332 0.0301 -0.5522
vn 0.7950 -0.2180 -0.5661
vn 0.0930 0.1335 0.9867
vn 0.2798 -0.0168 -0.9599
vn 0.4481 0.3229 -0.8336
vn -0.1519 0.7331 -0.6629
vn 0.2926 -0.7160 -0.6338
vn 0.0616 -0.2732 0.9600
vn 0.3081 -0.5985 0.7395
vn 0.2149 -0.5964 0.7734
vn 0.0470 -0.8114 0.5826
vn 0.0412 -0.8194 0.5718
vn 0.1916 -0.7808 0.5946
vn 0.0908 -0.7876 0.6094
vn 0.0516 -0.8005 0.5971
vn -0.0772 -0.8200 0.5672
vn 0.2280 -0.7162 0.6596
vn -0.7406 -0.5046 0.4438
vn -0.6756 -0.5747 0.4619
vn -0.5203 -0.6046 0.6031
vn -0.5211 -0.5816 0.6247
vn -0.2375 -0.5496 0.8010
vn 0.2765 0.3562 -0.8926
vn -0.1605 -0.5713 0.8049
vn 0.4122 -0.4309 0.8027
vn 0.4669 -0.5485 0.6937
vn -0.6991 -0.4149 -0.5824
vn -0.7008 -0.4218 -0.5753
vn -0.7313 -0.2479 -0.6354
vn -0.1972 -0.5754 0.7938
vn -0.1660 -0.5444 0.8222
vn -0.0558 -0.3818 0.9226
vn -0.3701 -0.4926 0.7877
vn -0.2683 -0.4310 0.8615
vn -0.1451 -0.4473 0.8825
vn -0.3683 -0.6547 0.6600
vn -0.4038 -0.6437 0.6500
vn -0.7250 -0.3073 -0.6164
vn -0.8859 0.1774 -0.4287
vn -0.9200 -0.0935 -0.3807
vn -0.9018 0.1131 -0.4171
vn -0.6142 -0.0827 -0.7848
vn -0.1897 -0.3449 0.9193
vn -0.4925 -0.5466 -0.6773
vn -0.5288 -0.5346 -0.6592
vn -0.7743 -0.5835 -0.2450
vn 0.3650 0.4813 -0.7969
vn 0.5177 0.4574 -0.7230
vn 0.3612 0.4563 -0.8133
vn 0.2662 0.3059 -0.9141
vn 0.3622 0.3995 -0.8421
vn 0.2655 0.4958 -0.8269
vn -0.8875 0.1770 -0.4255
vn -0.2043 -0.5011 0.8409
vn -0.4220 -0.4416 0.7918
vn 0.1761 -0.2524 0.9515
vn -0.1034 -0.4642 0.8797
vn -0.1438 0.0301 0.9891
vn -0.5619 -0.5232 -0.6407
vn 0.3221 0.5598 -0.7634
vn 0.3262 0.5188 -0.7902
vn 0.0884 0.4493 -0.8890
vn 0.6273 0.2588 -0.7345
vn 0.1395 -0.3054 0.9419
vn -0.4935 -0.5947 -0.6346
vn -0.8544 0.5175 0.0468
vn -0.9276 0.3078 0.2118
vn -0.9316 0.2772 0.2352
vn 0.4019 -0.4084 0.8196
vn -0.2002 -0.7803 0.5925
vn -0.1573 -0.7663 0.6229
vn -0.2065 -0.6815 0.7021
vn -0.2066 -0.6811 0.7024
vn 0.1411 0.5040 -0.8521
vn 0.0857 -0.0667 0.9941
vn -0.2487 0.0698 0.9661
vn 0.0172 -0.7687 0.6394
vn -0.4449 -0.5858 -0.6774
vn 0.2536 0.7115 -0.6553
vn 0.1425 0.5038 -0.8520
vn -0.4480 -0.0277 0.8936
vn -0.0709 -0.8290 0.5548
vn -0.2846 -0.8314 0.4772
vn -0.1464 -0.8444 0.5153
vn -0.5763 -0.8011 0.1616
vn -0.0045 -0.6576 0.7534
vn -0.1726 -0.6630 0.7285
vn -0.4356 -0.5765 -0.6913
vn -0.0541 0.4337 -0.8994
vn -0.0891 0.4961 -0.8637
vn -0.8305 0.5520 0.0740
vn -0.0937 -0.5544 0.8269
vn 0.0046 -0.3549 0.9349
vn -0.2508 0.0053 0.9680
vn 0.0040 -0.1893 0.9819
vn -0.1359 -0.2073 0.9688
vn 0.6969 -0.4496 0.5587
vn 0.0849 -0.6837 0.7248
vn -0.7799 0.6206 -0.0815
vn -0.7989 0.6011 0.0185
vn -0.7746 0.6324 -0.0072
vn -0.8319 0.5502 0.0724
vn 0.1038 -0.3585 0.9277
vn 0.4589 -0.5821 0.6713
vn 0.3449 -0.5654 0.7493
vn 0.7433 -0.6479 0.1667
vn 0.1665 -0.4940 0.8534
vn 0.0539 -0.5612 0.8259
vn -0.0483 0.3741 0.9261
vn -0.6080 0.2565 0.7513
vn -0.5394 0.3871 0.7478
vn -0.0219 0.4237 0.9055
vn -0.4712 0.2713 0.8393
vn -0.2826 -0.0156 0.9591
vn 0.1764 0.9818 0.0704
vn 0.1918 0.0291 0.9810
vn 0.2031 0.1477 0.9680
vn -0.1748 0.8088 0.5615
vn 0.0656 0.5632 0.8237
vn -0.1287 0.6598 0.7403
vn -0.0348 0.6694 0.7421
vn -0.0954 0.6766 0.7301
vn 0.2073 0.5333 0.8201
vn 0.0845 0.4625 0.8826
vn -0.1297 0.5750 0.8078
vn 0.5432 0.3471 0.7645
vn 0.4779 0.2031 0.8546
vn 0.1030 0.5343 0.8390
vn 0.2683 0.4163 0.8687
vn 0.6783 0.2330 0.6969
vn 0.3744 -0.5059 0.7771
vn 0.0024 -0.7929 0.6093
vn -0.0922 -0.8459 0.5254
vn -0.1142 -0.8722 0.4756
vn 0.7257 -0.1251 0.6765
vn 0.5865 -0.1304 0.7993
vn 0.2029 0.2063 0.9572
vn 0.1952 0.3653 0.9102
vn 0.2082 0.2516 0.9452
vn 0.2425 0.5137 -0.8230
vn 0.1310 0.6718 -0.7291
vn -0.2809 -0.7784 0.5614
vn 0.1580 -0.7571 0.6339
vn -0.2532 -0.6694 0.6985
vn -0.1835 -0.4367 0.8807
vn 0.0269 -0.2165 0.9759
vn 0.0145 -0.2458 0.9692
vn 0.0109 -0.2253 0.9742
vn 0.3487 -0.5174 0.7815
vn 0.3627 -0.4362 0.8235
vn 0.2789 -0.9509 0.1342
vn -0.1524 -0.7410 0.6539
vn -0.1887 -0.7508 0.6330
vn -0.1160 -0.7665 0.6316
vn 0.4005 -0.6966 0.5952
vn 0.1267 0.7693 -0.6262
vn 0.1317 0.0168 -0.9911
vn -0.1124 -0.1189 -0.9865
vn 0.0165 0.2272 -0.9737
vn -0.7272 0.6420 -0.2430
vn -0.7343 0.6391 -0.2286
vn 0.2328 -0.6931 0.6822
vn 0.3002 -0.8073 0.5082
vn 0.3031 -0.7813 0.5456
vn 0.2571 -0.8201 0.5112
vn 0.2839 -0.8157 0.5041
vn 0.2176 -0.8282 0.5164
vn 0.3179 -0.7339 0.6003
vn 0.2294 -0.7082 0.6677
vn -0.4990 0.1166 0.8587
vn -0.4622 0.2119 0.8611
vn -0.2202 -0.4317 0.8747
vn -0.0275 -0.1786 0.9835
vn 0.1296 -0.2258 0.9655
vn 0.3075 -0.2255 0.9244
vn 0.2829 -0.4836 0.8283
vn 0.3340 0.5831 0.7406
vn 0.6842 0.1425 0.7152
vn 0.6501 0.2612 0.7136
vn 0.5340 0.2574 0.8053
vn 0.2126 0.9724 0.0960
vn 0.2403 0.8737 0.4231
vn 0.1737 0.9405 0.2921
vn 0.0567 0.7814 0.6214
vn -0.4101 0.8901 -0.1990
vn 0.1384 0.6273 0.7664
vn 0.1024 0.6255 0.7735
vn 0.0869 0.5979 0.7969
vn 0.0917 0.5557 0.8263
vn 0.0918 0.6173 0.7813
vn 0.0966 0.5759 0.8118
vn 0.1139 0.5201 0.8465
vn -0.0142 0.0662 0.9977
vn 0.0684 0.3218 0.9443
vn -0.5225 0.3684 0.7690
vn -0.1959 0.6668 0.7191
vn -0.1875 0.6090 0.7707
vn -0.1481 0.6568 0.7394
vn -0.1641 0.5487 0.8197
vn 0.2406 0.1112 0.9642
vn -0.0990 0.3241 0.9408
vn 0.0332 0.3505 0.9360
vn 0.1000 0.3950 0.9132
vn -0.2835 0.7522 0.5949
vn -0.1774 0.6295 0.7565
vn 0.0537 0.3732 0.9262
vn 0.0202 0.6120 0.7906
vn 0.3004 0.5109 0.8055
vn 0.3646 0.4367 0.8224
vn 0.4918 0.2377 0.8376
vn 0.9239 0.2283 0.3072
vn -0.0091 -0.8265 0.5629
vn 0.5401 -0.5475 0.6392
vn 0.2917 -0.9328 0.2119
vn 0.0054 -0.7766 0.6299
vn -0.1440 -0.5889 0.7952
vn 0.0146 -0.5721 0.8201
vn -0.5265 -0.7860 0.3241
vn -0.0539 -0.6269 0.7773
vn -0.3128 -0.8277 0.4659
vn 0.5159 -0.5875 0.6234
vn 0.7522 -0.1488 0.6419
vn 0.8148 -0.1943 0.5462
vn 0.7827 -0.0463 0.6207
vn 0.3859 -0.2300 0.8934
vn 0.3328 0.1017 0.9375
vn 0.3337 0.1164 0.9355
vn 0.2318 0.0692 0.9703
vn -0.0506 -0.6194 0.7835
vn -0.1462 -0.5497 0.8225
vn -0.0515 -0.7501 0.6593
vn -0.0626 -0.7973 0.6003
vn -0.0663 -0.8620 0.5026
vn -0.1767 -0.8060 0.5649
vn -0.1587 -0.9135 0.3745
vn -0.0095 -0.0987 0.9951
vn -0.0303 -0.2516 0.9674
vn -0.0983 -0.2206 0.9704
vn 0.4198 -0.6711 0.6110
vn 0.5616 -0.5952 0.5747
vn -0.0362 -0.8937 0.4473
vn 0.0693 -0.7970 0.6000
vn -0.0630 -0.8127 0.5793
vn -0.1112 -0.6757 0.7287
vn -0.3297 -0.7933 -0.5118
vn -0.3263 -0.7876 -0.5227
vn -0.3114 -0.7601 -0.5703
vn -0.0397 0.7503 -0.6599
vn -0.1626 0.0134 -0.9866
vn -0.2300 0.7185 -0.6564
vn -0.0609 -0.1034 0.9928
vn -0.0878 -0.3233 0.9422
vn 0.1918 -0.6113 0.7678
vn 0.1077 -0.6910 0.7148
vn 0.2259 -0.7317 0.6431
vn 0.1035 -0.7155 0.6908
vn 0.2424 -0.7842 0.5712
vn 0.0969 -0.5916 0.8004
vn 0.0966 -0.5915 0.8005
vn -0.7319 0.2213 0.6445
vn -0.7741 0.3057 0.5543
vn -0.4819 0.0215 0.8759
vn 0.5797 0.0250 0.8145
vn -0.1545 -0.0308 0.9875
vn 0.0594 0.4705 0.8804
vn 0.2255 0.5136 0.8279
vn 0.1368 0.9906 0.0065
vn -0.0648 0.9778 -0.1995
vn -0.1193 0.9651 -0.2330
vn -0.1927 0.9361 -0.2943
vn 0.3999 0.0187 0.9164
vn 0.4184 0.0269 0.9079
vn 0.2149 0.2439 0.9457
vn 0.5330 0.0617 0.8439
vn 0.6517 -0.0186 0.7582
vn 0.3926 -0.0225 0.9194
vn 0.4897 -0.0276 0.8714
vn 0.7127 -0.0138 0.7013
vn 0.6038 0.1327 0.7860
vn 0.7077 -0.0105 0.7064
vn 0.2829 -0.0901 0.9549
vn 0.2826 -0.0906 0.9550
vn 0.5900 0.4174 0.6912
vn 0.0539 0.5957 0.8014
vn 0.3403 0.4572 0.8217
vn 0.6700 0.4691 0.5754
vn 0.9446 -0.1478 0.2930
vn 0.5289 -0.5102 0.6782
vn -0.2804 -0.1976 0.9393
vn -0.2061 -0.8360 0.5086
vn 0.4546 -0.1653 0.8752
vn 0.1612 0.3818 0.9101
vn 0.1431 0.3776 0.9148
vn 0.1235 0.3666 0.9222
vn 0.0226 0.0564 0.9982
vn 0.0162 0.0575 0.9982
vn -0.0805 0.0488 0.9956
vn 0.6867 0.0495 -0.7252
vn 0.2533 -0.7433 -0.6192
vn -0.1636 -0.7904 0.5904
vn -0.3956 -0.8304 0.3923
vn -0.3001 -0.7848 0.5422
vn -0.3520 -0.6807 0.6425
vn 0.9995 -0.0000 -0.0325
vn -0.0695 -0.7623 -0.6435
vn -0.1599 -0.8260 -0.5405
vn -0.2106 -0.6240 0.7525
vn -0.0970 -0.7354 0.6706
vn -0.0258 -0.8257 0.5634
vn 0.0576 -0.8235 0.5643
vn 0.9437 -0.3075 0.1219
vn 0.9976 -0.0065 -0.0690
vn 0.9968 -0.0722 0.0346
vn 0.9996 -0.0244 0.0117
vn -0.3055 0.1409 0.9417
vn -0.3059 0.1410 0.9416
vn -0.3057 0.1406 0.9417
vn -0.0148 0.6721 0.7403
vn 0.0177 0.4098 0.9120
vn 0.0119 0.4421 0.8969
vn 0.1765 0.6850 0.7068
vn 0.3760 -0.5396 0.7533
vn 0.1104 -0.8741 0.4731
vn -0.0302 -0.8644 0.5019
vn 0.1242 -0.7558 0.6429
vn 0.1065 -0.7898 0.6041
vn -0.3003 -0.7412 -0.6003
vn 0.0798 0.8020 -0.5919
vn -0.1112 0.6946 -0.7108
vn -0.2467 0.3596 -0.8999
vn 0.0647 0.0415 -0.9970
vn 0.6015 -0.7720 0.2052
vn -0.1178 -0.1274 -0.9848
vn -0.4465 0.8134 -0.3727
vn -0.5287 0.8419 -0.1087
vn -0.5448 0.8373 -0.0459
vn -0.0220 -0.0120 0.9997
vn 0.2283 -0.7348 0.6387
vn 0.2150 -0.7110 0.6695
vn 0.2934 -0.8159 0.4983
vn -0.5099 0.1166 0.8523
vn -0.4201 -0.0404 0.9066
vn -0.5609 0.0633 0.8255
vn -0.1919 -0.1459 0.9705
vn 0.3891 0.0093 0.9212
vn 0.3902 0.9178 -0.0735
vn -0.5299 -0.4579 0.7139
vn 0.1320 0.6071 0.7836
vn 0.3086 0.6755 0.6697
vn 0.2376 0.9661 -0.1008
vn 0.5085 0.6316 -0.5852
vn 0.5085 0.6319 -0.5849
vn 0.5470 0.3625 0.7546
vn 0.6580 -0.0109 0.7529
vn 0.6240 -0.0847 0.7769
vn 0.6223 0.1930 0.7586
vn 0.5097 0.0504 0.8588
vn 0.4772 0.0052 0.8788
vn 0.5318 0.0567 0.8450
vn 0.2699 -0.0063 0.9629
vn 0.1495 0.1745 0.9732
vn 0.4115 0.4190 0.8094
vn 0.1659 0.3172 0.9337
vn 0.5724 0.5555 0.6031
vn 0.4523 0.4608 0.7636
vn 0.4544 0.5735 0.6816
vn 0.2652 0.6052 0.7506
vn 0.1924 0.5291 0.8265
vn 0.8214 0.4710 0.3217
vn 0.9712 0.0317 0.2363
vn 0.6614 -0.4079 0.6294
vn 0.3768 0.3248 0.8675
vn 0.1527 0.5965 0.7880
vn 0.9641 0.1397 0.2259
vn 0.1828 -0.7232 0.6660
vn 0.7701 -0.0144 0.6377
vn 0.4210 -0.1460 0.8952
vn 0.5641 -0.1647 0.8091
vn 0.2051 -0.4336 0.8774
vn -0.1511 -0.4941 0.8562
vn -0.1439 -0.6081 0.7807
vn 0.2114 0.5548 -0.8047
vn -0.3647 -0.7336 0.5734
vn -0.4076 -0.8567 0.3161
vn -0.4793 -0.6307 0.6103
vn -0.3179 -0.7503 0.5796
vn -0.1551 -0.5893 0.7929
vn -0.2513 -0.5426 0.8015
vn -0.1791 -0.5655 0.8051
vn -0.2225 -0.5741 0.7880
vn -0.1832 -0.5864 0.7891
vn -0.0045 -0.5732 0.8194
vn 0.0413 -0.6045 0.7955
vn -0.0021 -0.5984 0.8012
vn -0.1706 -0.7772 0.6057
vn -0.0345 0.3515 0.9356
vn -0.2636 0.0862 0.9608
vn -0.0098 0.4169 0.9089
vn -0.0174 0.4801 0.8770
vn 0.0061 0.4496 0.8932
vn 0.0174 0.4511 0.8923
vn -0.0147 0.7877 0.6159
vn -0.0254 -0.7348 0.6778
vn -0.2591 -0.5169 0.8159
vn -0.1019 -0.6770 0.7289
vn 0.2436 0.4327 0.8680
vn 0.1237 0.3586 0.9253
vn 0.1776 0.4831 0.8574
vn 0.1070 0.5285 0.8422
vn 0.3053 0.9184 0.2517
vn 0.1155 -0.2966 0.9480
vn 0.0894 -0.6017 0.7937
vn 0.3498 -0.7873 0.5077
vn 0.3981 -0.7769 0.4878
vn 0.4908 -0.7026 0.5152
vn 0.4415 -0.7149 0.5422
vn 0.0505 -0.6678 0.7426
vn -0.0895 0.7391 -0.6676
vn 0.2892 -0.5660 0.7720
vn 0.2717 -0.8152 0.5115
vn 0.3404 -0.6806 0.6488
vn -0.2028 -0.5573 0.8052
vn -0.2024 -0.5568 0.8056
vn -0.2027 -0.5571 0.8054
vn 0.0397 -0.4448 0.8948
vn 0.6708 0.0392 0.7406
vn -0.1112 0.4075 0.9064
vn 0.0204 0.5125 0.8585
vn -0.3079 0.4984 0.8104
vn -0.1914 0.4507 0.8719
vn -0.2399 0.9512 0.1942
vn -0.0154 0.5407 0.8411
vn 0.7702 0.6311 0.0925
vn 0.5469 0.1927 0.8147
vn 0.5188 -0.0456 0.8537
vn 0.4739 0.7247 0.5003
vn 0.4385 0.5333 0.7234
vn 0.5175 0.6273 0.5819
vn 0.4252 0.7269 0.5393
vn 0.3197 0.2244 0.9206
vn 0.4828 0.5040 0.7162
vn 0.3978 0.7275 0.5591
vn 0.5284 0.5080 0.6802
vn 0.3311 0.7182 0.6120
vn 0.5872 0.6647 0.4619
vn 0.1734 -0.2367 0.9560
vn 0.4685 -0.2004 0.8604
vn 0.7146 -0.0277 0.6990
vn 0.7812 -0.0044 0.6243
vn 0.1727 0.5889 -0.7895
vn 0.1858 0.5294 -0.8278
vn -0.2926 0.5386 -0.7901
vn 0.2330 0.6450 -0.7278
vn -0.2245 -0.4193 0.8796
vn 0.2750 -0.5640 0.7787
vn 0.9986 -0.0479 0.0233
vn 0.0234 0.0191 0.9995
vn -0.2724 -0.5043 0.8195
vn 0.7601 -0.6497 0.0109
vn 0.3165 -0.7106 0.6283
vn -0.2067 0.6486 -0.7325
vn 0.0242 0.4246 -0.9051
vn -0.1000 -0.2614 -0.9600
vn -0.4671 0.7000 -0.5402
vn -0.0076 0.1165 0.9932
vn 0.0943 0.1338 0.9865
vn 0.2339 -0.1986 0.9518
vn 0.3711 -0.7192 0.5874
vn -0.9228 0.3491 0.1631
vn -0.7860 0.1830 0.5904
vn -0.8948 0.1643 0.4151
vn -0.0465 0.1039 0.9935
vn 0.2161 0.1993 0.9558
vn 0.2064 0.0751 0.9756
vn 0.2095 0.1396 0.9678
vn -0.6146 0.2038 0.7621
vn -0.5407 0.2015 0.8167
vn -0.6392 0.2070 0.7406
vn -0.1473 0.1116 0.9828
vn -0.1477 0.1113 0.9827
vn -0.2574 0.9570 -0.1334
vn -0.2009 0.9521 -0.2305
vn -0.2680 0.9526 -0.1439
vn -0.1901 0.9482 -0.2546
vn -0.1038 0.2646 0.9588
vn 0.0549 0.3274 0.9433
vn -0.0689 0.9251 -0.3735
vn 0.4576 0.1727 0.8722
vn 0.4816 0.1846 0.8568
vn 0.5077 0.0589 0.8595
vn 0.5328 0.3769 0.7577
vn 0.5166 0.3688 0.7727
vn 0.5707 0.4552 0.6834
vn 0.5969 0.5122 0.6175
vn 0.4326 0.6789 0.5933
vn 0.5874 -0.5969 0.5465
vn 0.8450 -0.4507 0.2878
vn 0.7193 -0.5219 0.4584
vn 0.4726 -0.5173 0.7135
vn 0.5569 0.0301 0.8300
vn 0.7378 -0.0595 0.6724
vn 0.6942 -0.2896 0.6590
vn 0.7701 -0.1201 0.6265
vn 0.5229 -0.2736 0.8073
vn 0.6181 -0.2999 0.7267
vn 0.0193 -0.6820 0.7311
vn 0.4190 -0.6851 0.5959
vn 0.6277 -0.5073 0.5905
vn 0.1236 -0.7560 0.6428
vn 0.5563 -0.6437 0.5255
vn 0.4305 -0.4972 0.7533
vn 0.2419 -0.7427 0.6244
vn 0.4601 -0.5249 0.7161
vn -0.0730 0.6498 -0.7566
vn 0.2092 -0.7711 -0.6014
vn -0.0510 -0.6062 0.7937
vn 0.9981 -0.0523 0.0320
vn 0.0029 -0.6182 0.7860
vn -0.0117 -0.5946 0.8039
vn -0.0111 -0.5039 0.8637
vn -0.0823 -0.2372 0.9680
vn -0.2559 0.3890 0.8850
vn 0.1191 0.1812 0.9762
vn 0.1188 0.1807 0.9763
vn -0.0035 -0.3805 0.9248
vn -0.1477 -0.6361 0.7574
vn -0.9862 -0.0115 0.1649
vn -0.9995 0.0043 0.0323
vn -0.9978 0.0047 0.0659
vn 0.2387 -0.4719 0.8487
vn 0.2393 -0.4760 0.8463
vn 0.2756 -0.4711 0.8379
vn 0.0062 -0.2100 -0.9777
vn -0.1267 0.4783 -0.8690
vn -0.4833 0.6147 -0.6234
vn 0.0138 0.7738 0.6332
vn 0.3718 -0.6814 0.6305
vn -0.8397 0.0457 0.5411
vn -0.4347 -0.0343 0.8999
vn -0.0928 -0.1371 0.9862
vn 0.1126 0.0124 0.9936
vn 0.3924 0.3507 0.8503
vn 0.5353 0.5446 0.6456
vn 0.3017 0.5321 0.7911
vn -0.1112 0.6830 0.7219
vn 0.1411 0.7139 0.6859
vn 0.0423 0.7648 0.6428
vn 0.0387 0.3160 0.9480
vn -0.0492 0.3797 0.9238
vn 0.1895 0.2677 0.9447
vn -0.1231 0.3302 0.9358
vn 0.3158 0.4861 0.8148
vn 0.5114 0.4276 0.7454
vn 0.4440 0.4203 0.7913
vn 0.2587 0.6564 0.7086
vn 0.3167 0.5811 0.7497
vn 0.4644 0.3032 0.8321
vn 0.5476 0.4853 0.6816
vn 0.3903 0.7467 0.5386
vn 0.3992 0.6419 0.6547
vn 0.5287 0.7593 0.3794
vn 0.6592 0.6076 0.4429
vn 0.5142 0.6800 0.5227
vn 0.4584 0.1278 0.8795
vn 0.7043 -0.2224 0.6742
vn 0.6933 -0.3598 0.6244
vn 0.7197 -0.2898 0.6310
vn 0.5921 -0.4548 0.6652
vn 0.5364 -0.4475 0.7156
vn 0.6356 -0.4481 0.6286
vn 0.2856 -0.4173 0.8627
vn -0.0742 -0.7089 0.7014
vn -0.2192 -0.7001 0.6795
vn 0.6448 -0.0931 0.7586
vn 0.8591 -0.5082 0.0604
vn 0.4560 -0.5436 0.7047
vn 0.3699 -0.3205 0.8720
vn -0.0044 0.6451 -0.7640
vn 0.0550 -0.4179 -0.9068
vn -0.0582 -0.6231 0.7800
vn 0.9887 0.1264 -0.0801
vn 0.8659 -0.0467 -0.4980
vn 0.9240 0.0523 -0.3789
vn -0.0069 -0.5397 0.8418
vn -0.0137 -0.5462 0.8375
vn 0.4993 -0.8652 -0.0462
vn 0.4995 -0.8651 -0.0454
vn 0.4986 -0.8656 -0.0453
vn -0.6186 -0.7761 -0.1226
vn -0.4158 -0.9090 -0.0282
vn -0.5246 -0.8508 -0.0291
vn -0.3871 -0.8711 -0.3024
vn 0.1687 -0.9827 -0.0761
vn 0.1690 -0.9827 -0.0764
vn 0.1693 -0.9826 -0.0760
vn 0.3826 -0.9000 -0.2086
vn 0.3829 -0.9000 -0.2082
vn 0.3833 -0.8998 -0.2085
vn 0.1557 -0.9211 -0.3568
vn 0.1559 -0.9212 -0.3564
vn -0.3962 -0.8418 -0.3666
vn -0.4748 -0.8163 -0.3289
vn -0.0160 -0.7732 0.6339
vn 0.0053 -0.7874 0.6165
vn 0.0241 -0.7658 0.6426
vn 0.0001 -0.8093 0.5874
vn 0.0819 -0.8715 0.4835
vn 0.0595 -0.7878 -0.6130
vn -0.0332 -0.8641 0.5023
vn 0.3167 -0.8921 -0.3222
vn 0.7716 -0.4295 -0.4692
vn 0.4770 -0.3359 -0.8122
vn 0.4871 -0.6724 -0.5574
vn -0.0249 0.6410 -0.7671
vn 0.0775 0.9162 -0.3931
vn -0.0638 0.8868 -0.4577
vn -0.5094 0.1234 -0.8516
vn -0.5089 0.1234 -0.8519
vn -0.5084 0.1228 -0.8523
vn -0.6964 -0.2785 -0.6613
vn -0.6964 -0.2791 -0.6611
vn -0.0579 -0.7336 0.6771
vn -0.0039 -0.6757 0.7372
vn -0.0144 -0.7136 0.7004
vn -0.0400 -0.6494 0.7594
vn 0.1925 -0.7689 0.6097
vn 0.9015 0.1030 -0.4204
vn 0.9228 0.1439 -0.3573
vn -0.1991 0.9797 -0.0226
vn -0.2251 0.9723 -0.0625
vn -0.4062 0.8948 -0.1853
vn -0.0604 0.5505 -0.8326
vn -0.0621 0.6602 -0.7485
vn -0.8724 0.3085 -0.3791
vn -0.8726 0.3082 -0.3789
vn 0.0700 -0.4815 0.8736
vn 0.0702 -0.4813 0.8738
vn 0.0700 -0.4818 0.8735
vn -0.9169 0.3514 -0.1894
vn -0.9167 0.3520 -0.1890
vn -0.9168 0.3517 -0.1894
vn -0.9498 0.3069 0.0610
vn -0.9498 0.3071 0.0607
vn -0.8643 -0.1046 0.4919
vn -0.8641 -0.1054 0.4921
vn -0.3441 -0.5676 0.7480
vn -0.3602 -0.7636 0.5359
vn -0.3524 -0.6358 0.6867
vn -0.2633 0.2907 0.9199
vn -0.2716 0.2610 0.9263
vn -0.0221 0.3224 0.9463
vn -0.5156 -0.8320 -0.2048
vn -0.5158 -0.8320 -0.2046
vn -0.5918 -0.3955 0.7024
vn 0.5054 -0.1125 0.8555
vn 0.4649 -0.1394 0.8743
vn 0.4529 -0.1466 0.8794
vn 0.4209 -0.1665 0.8917
vn 0.1028 0.1961 0.9752
vn 0.1172 -0.2335 0.9653
vn 0.1626 -0.7380 0.6549
vn 0.2874 -0.7090 0.6440
vn 0.3125 0.0473 -0.9488
vn 0.4327 -0.1880 -0.8817
vn 0.4758 -0.1943 -0.8578
vn 0.5950 -0.4177 -0.6866
vn 0.0884 -0.2535 0.9633
vn 0.1625 -0.6142 0.7723
vn 0.0453 -0.8662 0.4977
vn 0.1192 -0.9684 0.2190
vn -0.1918 -0.2263 0.9550
vn -0.1683 -0.3714 0.9131
vn -0.1991 -0.2966 0.9340
vn 0.7299 -0.0142 0.6834
vn 0.7304 -0.0144 0.6828
vn 0.7301 -0.0139 0.6832
vn 0.3021 -0.4729 0.8277
vn 0.3025 -0.4733 0.8273
vn 0.9019 -0.3961 -0.1722
vn -0.8290 -0.5581 -0.0370
vn -0.8288 -0.5583 -0.0370
vn 0.2691 -0.9480 -0.1698
vn -0.2284 -0.9732 0.0279
vn 0.5492 -0.6839 -0.4803
vn 0.6414 -0.3903 -0.6605
vn 0.6419 -0.3900 -0.6603
vn 0.6416 -0.3904 -0.6603
vn -0.7581 -0.6521 -0.0082
vn 0.5951 -0.7445 -0.3026
vn -0.6693 0.5173 -0.5333
vn -0.9496 0.3120 0.0308
vn -0.9497 0.3115 0.0307
vn -0.9495 0.3124 0.0303
vn -0.6484 0.0832 0.7568
vn -0.6483 0.0838 0.7567
vn -0.6212 0.0718 0.7803
vn -0.3145 -0.3917 0.8647
vn -0.0639 -0.1224 0.9904
vn 0.0515 -0.3271 0.9436
vn 0.9702 -0.2385 -0.0436
vn 0.6124 -0.3684 -0.6995
vn 0.0778 -0.7978 -0.5979
vn 0.0784 -0.7978 -0.5978
vn -0.6420 -0.7635 0.0705
vn -0.3230 -0.9294 0.1786
vn 0.0858 -0.8290 -0.5526
vn -0.0591 -0.4917 -0.8688
vn 0.0296 -0.1250 -0.9917
vn -0.2980 -0.5179 -0.8018
vn -0.4015 -0.7290 -0.5544
vn -0.0270 -0.4492 -0.8930
vn 0.2537 0.0543 -0.9658
vn -0.0178 -0.4142 -0.9100
vn -0.1597 0.9394 0.3034
vn -0.0122 0.9744 0.2246
vn -0.0670 0.6103 0.7894
vn 0.0871 0.6805 0.7276
vn 0.0550 0.5344 0.8435
vn 0.0018 0.6118 0.7910
vn -0.0182 0.6032 0.7974
vn 0.0066 0.5899 0.8075
vn 0.0076 0.5850 0.8110
vn -0.2808 0.0695 0.9573
vn -0.2805 0.0696 0.9573
vn -0.2546 0.0560 0.9654
vn 0.0403 -0.0598 0.9974
vn 0.0400 -0.0597 0.9974
vn -0.2975 0.9327 -0.2041
vn 0.2246 0.6908 -0.6873
vn 0.2244 0.6910 -0.6871
vn -0.3653 0.8683 -0.3355
vn -0.3655 0.8682 -0.3357
vn -0.3650 0.8685 -0.3355
vn -0.4233 0.8410 -0.3370
vn -0.4232 0.8412 -0.3367
vn -0.4229 0.8413 -0.3367
vn -0.2215 -0.2957 -0.9292
vn -0.2219 -0.2957 -0.9292
vn -0.2217 -0.2959 -0.9291
vn -0.2787 -0.2066 -0.9379
vn -0.3675 -0.1410 -0.9193
vn -0.2811 -0.1671 -0.9450
vn -0.0695 -0.4617 -0.8843
vn -0.2502 -0.4171 -0.8738
vn -0.2098 -0.4299 -0.8782
vn 0.9798 0.1885 -0.0673
vn 0.9799 0.1669 -0.1092
vn 0.0294 0.9994 -0.0154
vn -0.0753 0.8292 -0.5539
vn -0.0570 0.8054 -0.5900
vn 0.0294 0.8236 -0.5664
vn 0.0397 0.7247 -0.6879
vn 0.0576 0.8329 -0.5505
vn 0.0282 0.8295 -0.5578
vn -0.9818 0.1010 -0.1609
vn -0.9725 0.2171 0.0848
vn -0.9722 0.2127 0.0979
vn -0.9762 0.1763 0.1261
vn -0.9923 0.0222 0.1220
vn 0.0021 -0.7411 0.6714
vn 0.1235 -0.9733 -0.1933
vn 0.1231 -0.9734 -0.1930
vn -0.1548 -0.6225 -0.7671
vn -0.0343 -0.2616 -0.9646
vn -0.0344 -0.2619 -0.9645
vn 0.0832 0.1866 -0.9789
vn 0.0824 0.1864 -0.9790
vn 0.0833 0.1869 -0.9788
vn 0.3452 0.8159 -0.4638
vn 0.3452 0.8156 -0.4644
vn 0.3448 0.8156 -0.4647
vn -0.0181 0.9182 0.3956
vn -0.0451 0.9986 0.0284
vn 0.0031 0.9312 -0.3645
vn 0.1180 0.9810 0.1537
vn -0.0593 0.3318 0.9415
vn -0.0210 0.4157 0.9093
vn -0.0298 0.4365 0.8992
vn -0.1179 0.9431 0.3110
vn -0.1176 0.9430 0.3114
vn 0.0554 0.0827 -0.9950
vn 0.0466 0.0990 -0.9940
vn -0.0257 -0.7304 0.6825
vn -0.0389 0.7339 -0.6781
vn -0.0907 0.7765 -0.6235
vn -0.0151 0.6993 -0.7147
vn 0.0505 0.8673 -0.4953
vn -0.0244 0.7224 -0.6910
vn 0.0007 0.7756 -0.6313
vn -0.0110 0.8121 -0.5835
vn -0.0541 0.6843 -0.7272
vn -0.0555 0.7388 -0.6716
vn 0.0813 0.8118 -0.5783
vn -0.9833 0.0463 0.1758
vn -0.1342 -0.6252 -0.7688
vn -0.0060 0.5218 -0.8530
vn -0.0977 -0.6482 0.7552
vn 0.9971 0.0688 -0.0312
vn 0.9990 0.0437 0.0010
vn -0.0147 0.5750 -0.8180
vn -0.1578 -0.6671 0.7280
vn -0.1664 0.6256 -0.7622
vn -0.9977 0.0459 -0.0491
vn -0.9722 0.1000 -0.2115
vn -0.9996 0.0234 0.0181
vn -0.9921 0.1031 -0.0720
vn 0.0341 -0.5866 0.8091
vn -0.5646 -0.5241 0.6376
vn -0.2001 -0.6933 -0.6923
vn -0.2367 -0.6873 -0.6867
vn -0.2033 -0.7118 -0.6723
vn 0.1109 -0.3682 -0.9231
vn 0.0625 -0.0067 -0.9980
vn -0.1443 0.0182 -0.9894
vn 0.1604 -0.0831 -0.9835
vn -0.4485 0.6733 -0.5878
vn -0.1869 0.7511 -0.6332
vn -0.1791 0.0159 -0.9837
vn -0.2747 0.7529 0.5980
vn -0.1495 0.7490 0.6455
vn -0.1736 0.1781 0.9686
vn -0.0984 0.2920 0.9513
vn -0.1451 0.3131 0.9386
vn -0.0895 0.4453 0.8909
vn -0.1572 0.4303 0.8889
vn 0.1382 0.5043 0.8524
vn 0.1384 0.5039 0.8526
vn -0.2952 0.8786 -0.3755
vn -0.2955 0.8786 -0.3751
vn -0.0435 0.1475 0.9881
vn 0.1859 0.6306 0.7535
vn 0.4796 0.3456 0.8066
vn 0.3296 0.6667 0.6685
vn 0.2996 0.8687 0.3943
vn 0.6960 0.6426 0.3205
vn 0.8971 -0.3117 -0.3130
vn 0.6218 -0.5491 0.5584
vn 0.5925 -0.4847 0.6435
vn 0.5936 -0.2317 0.7707
vn 0.2242 -0.6353 0.7390
vn 0.2915 -0.6734 0.6793
vn 0.3107 -0.7981 0.5162
vn 0.3582 -0.6280 0.6909
vn 0.6242 -0.7282 -0.2829
vn 0.2510 -0.2775 0.9274
vn 0.2510 -0.2782 0.9272
vn 0.2508 -0.2779 0.9273
vn 0.1430 0.5376 -0.8310
vn 0.1773 0.5261 -0.8317
vn 0.1508 0.5382 -0.8292
vn 0.1256 -0.8928 -0.4326
vn -0.0925 -0.6520 0.7525
vn -0.1160 -0.6294 0.7684
vn 0.0629 -0.6547 0.7533
vn 0.9979 -0.0529 0.0386
vn 0.9998 0.0113 0.0160
vn 0.9989 0.0336 -0.0333
vn 0.9728 -0.0148 -0.2312
vn 0.0205 0.4828 -0.8755
vn -0.4991 0.7164 -0.4876
vn -0.9977 -0.0200 0.0652
vn -0.9528 -0.3017 0.0334
vn -0.9548 -0.0380 -0.2948
vn -0.4995 -0.4147 -0.7606
vn 0.1192 -0.6467 0.7534
vn -0.1809 -0.7227 -0.6671
vn -0.3675 0.4385 -0.8201
vn -0.2193 0.5505 -0.8055
vn -0.3711 0.4046 -0.8358
vn -0.1545 -0.1756 -0.9723
vn -0.0405 0.8097 -0.5855
vn -0.2549 0.3003 -0.9191
vn -0.1560 0.2979 -0.9418
vn -0.0205 -0.1822 -0.9831
vn -0.0277 -0.2051 -0.9783
vn -0.0990 0.9916 -0.0838
vn -0.7729 -0.0686 0.6308
vn -0.9288 -0.0500 0.3672
vn -0.5820 0.0433 0.8120
vn -0.3197 0.3061 0.8967
vn -0.1956 0.5592 0.8056
vn 0.2589 0.8345 0.4864
vn 0.2780 0.8371 0.4712
vn 0.2475 0.8327 0.4953
vn 0.5659 0.7185 0.4043
vn 0.5779 0.6927 0.4316
vn 0.6035 0.7105 0.3618
vn 0.5340 0.7597 0.3711
vn 0.7198 -0.6016 0.3465
vn 0.5822 -0.4693 0.6639
vn 0.6658 -0.3513 0.6582
vn 0.5359 -0.6304 0.5617
vn -0.0414 -0.7750 0.6306
vn 0.3787 -0.8516 -0.3625
vn -0.1107 -0.6355 0.7642
vn 0.8632 -0.4584 0.2115
vn -0.9968 -0.0159 0.0787
vn -0.9926 0.0327 -0.1168
vn -0.9046 0.1953 -0.3789
vn -0.0548 0.5408 -0.8393
vn -0.0872 0.5663 -0.8196
vn -0.3567 0.1866 -0.9154
vn -0.1485 0.1169 -0.9820
vn -0.1360 0.6992 -0.7019
vn -0.1532 0.6895 -0.7079
vn -0.1585 0.6822 -0.7137
vn -0.1317 -0.3752 -0.9176
vn -0.1382 -0.6053 -0.7839
vn -0.1253 -0.7370 -0.6642
vn -0.4095 0.8534 -0.3225
vn -0.2773 0.9271 -0.2520
vn -0.3306 0.9012 -0.2803
vn -0.3992 0.9168 0.0148
vn 0.0950 0.8115 0.5766
vn 0.0526 0.6197 0.7831
vn 0.1800 0.2120 0.9606
vn 0.2202 0.1367 0.9658
vn -0.8340 0.0225 0.5512
vn -0.8672 0.1685 0.4685
vn -0.5890 0.0416 0.8071
vn -0.2083 0.8018 0.5601
vn -0.0512 0.7048 0.7075
vn -0.2158 0.6895 0.6914
vn -0.1053 0.4806 0.8706
vn -0.0545 0.4113 0.9099
vn 0.2317 0.8303 0.5069
vn 0.1332 0.4243 0.8957
vn 0.0542 0.4489 0.8920
vn 0.1699 0.4904 0.8548
vn 0.1078 0.7541 0.6479
vn 0.8935 0.4355 0.1099
vn 0.9858 -0.1523 0.0700
vn 0.9086 -0.3776 0.1784
vn 0.5735 -0.8003 -0.1753
vn 0.5583 -0.4526 0.6953
vn 0.6511 -0.3067 0.6943
vn 0.6183 -0.4154 0.6672
vn 0.5939 -0.4596 0.6603
vn 0.4854 -0.6121 0.6243
vn 0.2595 -0.7801 0.5693
vn 0.3224 -0.4819 0.8148
vn 0.5204 -0.3355 0.7853
vn 0.5404 -0.3062 0.7837
vn 0.7840 -0.2541 0.5664
vn 0.1152 0.7283 -0.6755
vn 0.1285 0.6900 -0.7123
vn 0.1246 0.6716 -0.7304
vn 0.1305 0.6735 -0.7276
vn 0.9796 -0.2009 0.0049
vn 0.9989 -0.0160 -0.0438
vn -0.1991 -0.5547 0.8079
vn -0.1990 -0.5552 0.8075
vn -0.1984 -0.5554 0.8076
vn 0.0615 -0.5913 0.8041
vn 0.1141 -0.7197 0.6849
vn 0.1545 -0.5979 0.7865
vn -0.0420 0.7251 -0.6873
vn 0.7375 0.5371 -0.4094
vn -0.5614 -0.3783 0.7360
vn -0.6225 0.0847 -0.7780
vn -0.0366 -0.6315 -0.7745
vn -0.4576 -0.6178 -0.6394
vn -0.2251 0.6123 -0.7580
vn -0.3053 0.6556 -0.6907
vn -0.2094 0.6396 -0.7396
vn -0.3125 0.4943 -0.8112
vn -0.1631 -0.6863 -0.7088
vn -0.0586 -0.7815 -0.6212
vn -0.0582 -0.7294 -0.6816
vn -0.0297 -0.7698 -0.6376
vn -0.0158 -0.7595 -0.6503
vn 0.0962 0.5319 0.8413
vn 0.1569 0.5426 0.8252
vn 0.1135 0.3727 0.9210
vn -0.6918 0.2648 0.6718
vn -0.6066 0.6234 0.4933
vn -0.4272 0.3597 0.8295
vn -0.3125 0.4421 0.8408
vn -0.2693 0.5898 0.7614
vn -0.6577 0.6928 0.2957
vn -0.6589 0.7262 0.1963
vn -0.6927 0.6968 0.1858
vn -0.7369 0.6369 0.2266
vn -0.2040 0.0239 0.9787
vn -0.3002 0.1064 0.9479
vn -0.2457 0.2633 0.9329
vn -0.1107 0.4051 0.9076
vn -0.0600 0.4282 0.9017
vn 0.0680 0.4593 0.8857
vn 0.0382 0.4923 0.8696
vn 0.0132 0.6005 0.7995
vn 0.0977 0.6043 0.7907
vn 0.5442 0.8018 0.2467
vn 0.6192 0.7385 0.2667
vn 0.6431 0.7221 0.2549
vn 0.7133 0.6646 0.2226
vn 0.9907 0.1356 0.0147
vn 0.7179 -0.6106 0.3344
vn 0.6673 -0.6015 0.4393
vn 0.6311 -0.6153 0.4724
vn 0.6803 -0.6865 0.2569
vn 0.5838 -0.5944 0.5530
vn 0.5953 -0.7619 0.2553
vn 0.6660 -0.6442 0.3761
vn 0.3710 -0.8710 0.3222
vn 0.5694 -0.6608 0.4890
vn 0.5901 -0.5413 0.5989
vn 0.5599 -0.4545 0.6927
vn 0.5238 -0.5971 0.6075
vn 0.4084 -0.7625 0.5018
vn 0.4662 -0.7476 0.4731
vn 0.2676 -0.7514 0.6031
vn 0.0388 -0.8366 0.5464
vn -0.1936 -0.5093 0.8386
vn -0.1932 -0.4943 0.8475
vn -0.1879 -0.6246 0.7580
vn -0.1681 -0.6939 0.7002
vn -0.1676 -0.6567 0.7353
vn -0.1223 -0.7245 0.6783
vn 0.5007 -0.5830 0.6398
vn 0.4992 -0.5391 0.6784
vn 0.0379 -0.7588 -0.6502
vn 0.0324 0.3880 -0.9211
vn 0.0158 0.4011 -0.9159
vn 0.0025 0.4159 -0.9094
vn 0.0009 0.4399 -0.8980
vn -0.0401 0.4233 -0.9051
vn -0.1044 0.3835 -0.9176
vn -0.1795 -0.7055 -0.6856
vn -0.1932 -0.7355 -0.6494
vn -0.1915 -0.7284 -0.6578
vn -0.6852 -0.5859 0.4326
vn -0.6618 -0.5743 0.4819
vn -0.6289 -0.5736 0.5249
vn -0.5407 -0.6570 0.5254
vn -0.5746 -0.7000 0.4241
vn -0.3072 -0.6800 0.6657
vn -0.1829 -0.6772 0.7127
vn -0.1459 -0.6883 0.7106
vn 0.0746 -0.6927 0.7173
vn -0.3119 0.4276 0.8484
vn -0.1280 0.0915 0.9876
vn -0.2598 0.3297 0.9077
vn -0.0835 0.0132 0.9964
vn -0.5163 -0.1691 0.8395
vn -0.5030 -0.0580 0.8623
vn -0.4753 -0.1928 0.8584
vn -0.3564 0.6792 -0.6416
vn -0.3710 0.9140 -0.1644
vn -0.1488 0.8876 -0.4359
vn -0.2393 0.9264 -0.2908
vn -0.0755 0.8694 -0.4884
vn -0.0743 0.9272 -0.3671
vn -0.0745 0.9273 -0.3669
vn -0.3051 -0.1935 0.9325
vn -0.3483 -0.2495 0.9036
vn -0.1395 0.6906 -0.7096
vn -0.4638 0.8138 -0.3502
vn 0.1442 0.5681 0.8102
vn 0.2454 0.4104 0.8783
vn 0.3045 0.3846 0.8714
vn -0.5883 0.2053 0.7821
vn -0.6495 0.2797 0.7070
vn -0.7286 0.3693 0.5768
vn -0.6562 0.3957 0.6425
vn -0.7236 0.6204 0.3023
vn -0.0641 0.1315 0.9892
vn -0.0306 0.3801 0.9244
vn -0.0341 0.5544 0.8316
vn 0.0450 0.4841 0.8738
vn -0.0205 0.5132 0.8580
vn -0.0491 0.5517 0.8326
vn -0.0267 0.5007 0.8652
vn 0.9029 0.3554 -0.2418
vn 0.7797 -0.6003 0.1781
vn 0.8095 -0.5866 0.0242
vn 0.0173 -0.8396 0.5429
vn 0.0987 -0.7028 0.7045
vn -0.0490 -0.8102 0.5842
vn -0.0582 -0.7759 -0.6282
vn -0.1921 -0.8091 -0.5554
vn -0.1991 0.1928 -0.9608
vn -0.0968 -0.9143 -0.3933
vn 0.2996 -0.8073 -0.5085
vn 0.0462 -0.5820 -0.8119
vn -0.0129 0.1166 -0.9931
vn -0.0130 0.1169 -0.9931
vn -0.1988 0.2788 -0.9395
vn 0.0249 -0.4863 0.8734
vn -0.1670 -0.7171 -0.6767
vn -0.1424 0.6775 -0.7216
vn -0.2892 0.4164 -0.8620
vn 0.0088 0.6640 -0.7477
vn -0.1092 0.6301 -0.7688
vn -0.0870 0.6214 -0.7786
vn -0.1108 0.5621 -0.8196
vn -0.1389 0.5460 -0.8262
vn -0.6872 -0.4279 0.5872
vn -0.1715 -0.7476 0.6416
vn 0.2447 -0.6856 0.6856
vn -0.2302 -0.5238 0.8202
vn 0.1130 -0.6295 0.7688
vn -0.2469 -0.3204 0.9146
vn -0.8932 0.1089 0.4364
vn -0.7205 -0.1789 0.6700
vn -0.8719 0.0546 0.4866
vn -0.6241 -0.0911 0.7760
vn -0.4524 -0.2388 0.8593
vn -0.0271 0.9690 0.2454
vn -0.0280 0.9691 0.2450
vn -0.0277 0.9690 0.2454
vn 0.0514 0.9937 0.0994
vn -0.1022 0.8870 0.4504
vn -0.0859 0.9108 0.4037
vn -0.2760 0.6099 0.7429
vn -0.5600 0.0794 0.8247
vn -0.3636 0.3488 0.8638
vn -0.7363 0.4404 0.5137
vn -0.6423 0.5592 0.5241
vn -0.6425 0.5593 0.5237
vn -0.1659 0.0840 0.9826
vn -0.5090 0.0593 0.8587
vn -0.4536 0.4150 0.7887
vn -0.2279 0.4186 0.8791
vn -0.1485 0.3063 0.9403
vn -0.0592 0.4240 0.9037
vn 0.6616 0.7160 0.2228
vn 0.5376 0.8078 0.2420
vn 0.6494 0.7407 0.1723
vn 0.9256 -0.3753 0.0499
vn 0.7652 -0.6286 0.1388
vn 0.7874 -0.6146 0.0481
vn 0.9343 -0.3548 -0.0348
vn 0.6514 -0.7426 0.1556
vn -0.1470 -0.5156 0.8441
vn -0.1228 -0.9674 -0.2213
vn 0.3381 -0.8399 -0.4246
vn -0.1638 -0.7215 -0.6727
vn -0.1832 0.5540 -0.8121
vn -0.9508 -0.1751 0.2555
vn -0.2986 -0.7958 0.5268
vn -0.8241 -0.5547 0.1148
vn -0.2808 -0.6690 0.6882
vn -0.2212 -0.3240 0.9198
vn -0.7947 0.0435 0.6054
vn -0.3469 -0.1988 0.9166
vn 0.0590 -0.6993 0.7124
vn -0.3361 -0.2585 0.9057
vn -0.6184 -0.1481 0.7718
vn -0.6653 -0.2392 0.7072
vn -0.6835 -0.1599 0.7123
vn 0.0608 -0.6155 0.7858
vn -0.1342 -0.3821 0.9143
vn -0.1165 -0.6308 0.7671
vn -0.5348 0.2378 0.8108
vn 0.4201 -0.5829 0.6955
vn -0.6558 0.0199 0.7547
vn -0.1230 -0.2221 0.9672
vn -0.4876 0.2043 0.8488
vn -0.5677 0.2259 0.7916
vn -0.7350 0.0534 0.6759
vn -0.6382 0.0225 0.7695
vn -0.8440 0.0794 0.5304
vn -0.7642 0.0124 0.6449
vn -0.7642 0.0128 0.6449
vn -0.7645 0.0126 0.6445
vn -0.3512 -0.0361 0.9356
vn -0.2362 0.0348 0.9711
vn -0.0633 0.4484 0.8916
vn 0.5234 0.3754 0.7649
vn 0.3778 0.7247 0.5763
vn 0.3914 0.8629 0.3196
vn -0.5187 0.0804 0.8511
vn -0.0415 0.6979 0.7150
vn 0.0780 0.5406 0.8377
vn 0.1963 0.6544 0.7302
vn -0.4622 0.0057 0.8868
vn -0.1900 0.9375 0.2915
vn -0.0134 0.7072 0.7069
vn 0.0130 0.8974 0.4409
vn 0.4598 0.8484 0.2623
vn 0.6859 0.7071 0.1719
vn 0.7173 0.6517 0.2463
vn 0.7312 0.6552 0.1899
vn 0.7377 -0.6481 0.1891
vn 0.7502 -0.6486 0.1283
vn 0.4659 -0.8817 0.0746
vn -0.0952 -0.4843 0.8697
vn 0.1389 -0.8055 0.5761
vn 0.0393 -0.9541 0.2968
vn 0.1945 -0.0304 0.9804
vn 0.1012 -0.8544 0.5096
vn 0.2665 -0.0502 0.9625
vn 0.2023 0.5853 -0.7852
vn 0.1531 0.5413 -0.8267
vn 0.2018 0.5857 -0.7850
vn 0.1952 0.5966 -0.7784
vn 0.2127 0.6314 -0.7457
vn 0.0413 0.4008 -0.9152
vn -0.0050 0.2885 -0.9575
vn -0.0394 0.0282 -0.9988
vn -0.0538 -0.0329 -0.9980
vn -0.5349 -0.3801 0.7546
vn 0.2044 -0.7594 0.6177
vn -0.9348 0.3072 -0.1785
vn -0.4986 -0.1719 0.8496
vn 0.6810 -0.0790 0.7280
vn -0.5006 -0.3474 0.7929
vn -0.6750 -0.2167 0.7053
vn -0.8073 -0.3110 0.5015
vn 0.8808 -0.1102 0.4604
vn 0.5657 -0.5135 0.6452
vn 0.3105 -0.6807 0.6635
vn -0.1492 -0.7837 0.6029
vn -0.4525 -0.7968 0.4004
vn -0.8574 0.3299 0.3950
vn -0.8195 0.3608 0.4452
vn -0.8430 0.3525 0.4063
vn -0.3962 -0.3229 0.8595
vn -0.2283 -0.3705 0.9003
vn -0.1841 -0.0601 0.9811
vn -0.1877 -0.1460 0.9713
vn 0.4243 0.8719 0.2444
vn 0.2204 0.7304 0.6465
vn 0.2319 0.6154 0.7533
vn 0.1569 0.6570 0.7374
vn -0.5236 0.0259 0.8515
vn -0.3683 0.4754 0.7990
vn 0.3993 0.8950 0.1989
vn 0.6089 0.7544 0.2452
vn 0.6119 0.7532 0.2416
vn 0.6318 0.7365 0.2417
vn 0.6867 0.6956 0.2111
vn 0.7423 0.6313 -0.2244
vn 0.6232 -0.7559 0.2004
vn -0.4003 -0.3907 0.8289
vn -0.3904 -0.4023 0.8281
vn -0.4007 -0.3896 0.8293
vn -0.4000 -0.3822 0.8330
vn -0.1758 -0.4885 0.8547
vn 0.0306 -0.5885 0.8079
vn 0.1095 -0.7370 0.6670
vn -0.7383 -0.2053 0.6425
vn -0.5767 -0.0816 0.8128
vn -0.2980 -0.3274 0.8967
vn -0.2997 -0.3274 0.8961
vn -0.2987 -0.3281 0.8962
vn 0.2277 -0.7381 0.6351
vn 0.4044 -0.3831 0.8305
vn 0.1616 -0.7276 0.6667
vn 0.1141 -0.6831 0.7214
vn 0.1871 -0.6583 0.7291
vn -0.4114 -0.1183 0.9037
vn -0.3212 0.4390 0.8391
vn -0.3950 0.4219 0.8161
vn -0.3379 0.4449 0.8294
vn -0.6868 0.1295 0.7152
vn -0.6801 0.1113 0.7246
vn -0.6788 0.1075 0.7265
vn -0.6683 0.0816 0.7394
vn -0.3404 0.0670 0.9379
vn -0.3399 0.0667 0.9381
vn -0.7175 0.2110 0.6639
vn -0.3874 -0.2698 0.8815
vn 0.1997 -0.7273 0.6566
vn -0.3243 -0.0994 0.9407
vn -0.2489 0.1813 0.9514
vn 0.4425 0.8121 -0.3803
vn -0.3430 0.1008 0.9339
vn -0.0849 0.5045 0.8592
vn 0.0889 0.6605 0.7456
vn -0.7174 -0.1102 0.6878
vn -0.7740 -0.0532 0.6309
vn -0.7982 -0.0728 0.5980
vn -0.6649 -0.0163 0.7468
vn -0.6512 0.1185 0.7496
vn -0.5180 0.1398 0.8439
vn -0.5526 0.1143 0.8256
vn -0.1085 0.4877 0.8662
vn -0.0413 0.6559 0.7537
vn 0.0391 0.6281 0.7772
vn 0.0850 0.4565 0.8857
vn 0.0260 0.6188 0.7851
vn 0.6144 0.7493 0.2469
vn 0.5992 -0.7877 0.1430
vn 0.6105 -0.7720 0.1768
vn -0.0416 -0.9462 0.3208
vn 0.1732 -0.4929 -0.8527
vn -0.1378 -0.9360 0.3239
vn -0.2967 -0.9383 0.1775
vn -0.2989 -0.5050 0.8097
vn 0.0218 -0.8657 0.5002
vn 0.0143 -0.7336 0.6794
vn -0.6542 -0.1453 0.7422
vn -0.7585 0.0549 0.6494
vn -0.7271 -0.0268 0.6860
vn -0.6474 -0.1367 0.7497
vn -0.6751 -0.2540 0.6926
vn -0.7505 -0.0912 0.6545
vn -0.8082 -0.3153 0.4974
vn 0.1443 -0.8941 0.4240
vn 0.1165 -0.8897 0.4415
vn 0.0884 -0.7796 0.6201
vn 0.1277 -0.6700 0.7313
vn -0.3469 -0.0716 0.9352
vn -0.4479 0.4839 0.7518
vn -0.4073 0.4632 0.7871
vn -0.3448 0.4479 0.8250
vn -0.3490 0.4271 0.8341
vn -0.3707 0.4123 0.8322
vn 0.1878 0.5917 0.7840
vn -0.7062 0.0987 0.7011
vn -0.1545 0.4987 0.8529
vn -0.0314 0.5800 0.8140
vn -0.0896 0.5371 0.8387
vn -0.2692 0.7044 0.6568
vn 0.9509 0.0311 -0.3080
vn 0.5733 -0.7954 0.1964
vn -0.2226 -0.9240 0.3108
vn -0.1119 -0.8391 0.5323
vn 0.2610 -0.4703 0.8430
vn 0.1061 -0.8549 0.5078
vn 0.1533 -0.6299 0.7614
vn 0.2827 -0.8062 0.5198
vn -0.0082 -0.9011 0.4335
vn 0.2344 -0.8807 0.4117
vn -0.6396 -0.4060 0.6528
vn -0.9000 -0.0676 0.4307
vn -0.8026 -0.0945 0.5889
vn -0.7707 -0.2589 0.5823
vn -0.3470 -0.7006 0.6235
vn 0.9281 -0.2521 -0.2741
vn 0.0937 -0.8974 0.4311
vn -0.1300 -0.6702 0.7307
vn -0.0131 -0.6083 0.7936
vn -0.1110 -0.3814 0.9177
vn -0.4332 0.8996 0.0555
vn -0.4087 0.1364 0.9024
vn -0.4680 0.5116 0.7206
vn -0.3911 0.0438 0.9193
vn 0.2383 0.6549 0.7171
vn 0.3060 0.6814 0.6649
vn 0.2728 0.7059 0.6536
vn 0.4363 0.6619 0.6096
vn -0.5965 0.4177 0.6853
vn -0.6468 0.0681 0.7597
vn -0.8194 -0.0851 0.5668
vn -0.5740 0.2312 0.7855
vn 0.4284 0.6400 0.6379
vn -0.6974 0.1325 0.7043
vn -0.3002 0.4231 0.8549
vn -0.2460 0.3780 0.8925
vn -0.0965 0.5575 0.8245
vn 0.1441 0.9614 0.2342
vn 0.4841 0.8487 0.2130
vn 0.5779 0.8063 0.1264
vn 0.5614 0.8033 0.1990
vn 0.7623 0.6470 0.0200
vn 0.9387 0.2869 -0.1913
vn 0.9345 0.3532 -0.0438
vn 0.9562 0.2884 -0.0502
vn 0.9667 0.1529 -0.2052
vn 0.8977 -0.1057 -0.4276
vn 0.9449 0.2638 -0.1936
vn 0.9667 0.1714 -0.1898
vn 0.8902 0.1006 -0.4444
vn 0.9352 -0.2567 -0.2440
vn 0.7637 -0.6226 -0.1708
vn 0.6937 -0.6972 0.1807
vn 0.4211 -0.8672 0.2657
vn 0.7001 -0.6855 0.1996
vn 0.7644 -0.5980 0.2410
vn 0.6375 -0.7414 0.2094
vn 0.6129 -0.7902 -0.0074
vn -0.4351 -0.6095 0.6628
vn -0.6727 -0.2736 0.6875
vn -0.6145 -0.2941 0.7321
vn -0.4148 -0.3633 0.8342
vn 0.5397 -0.6470 -0.5385
vn -0.3105 0.0188 0.9504
vn -0.1338 0.2301 0.9639
vn -0.3373 0.6713 0.6599
vn -0.3299 0.5075 0.7960
vn -0.3599 0.4947 0.7911
vn -0.2108 -0.5062 0.8363
vn -0.5906 0.1672 0.7895
vn -0.3399 0.2907 0.8944
vn -0.4563 0.2078 0.8652
vn -0.4393 0.3544 0.8255
vn -0.2747 0.5441 0.7928
vn -0.2033 0.5320 0.8220
vn -0.3501 0.5488 0.7591
vn 0.7430 0.6679 0.0423
vn -0.7790 -0.6061 -0.1607
vn 0.6380 0.7470 0.1870
vn 0.6562 0.7213 0.2214
vn 0.5205 0.8382 0.1627
vn 0.9501 0.3044 0.0675
vn 0.9072 0.4128 -0.0809
vn 0.8341 0.3766 -0.4029
vn 0.7998 0.1593 -0.5787
vn 0.7176 0.1527 -0.6795
vn 0.5789 0.0385 -0.8145
vn 0.8473 0.0720 -0.5262
vn 0.8611 0.0560 -0.5053
vn 0.8537 0.1095 -0.5091
vn 0.6448 0.1167 -0.7554
vn 0.7916 0.0797 -0.6059
vn 0.7227 0.1227 -0.6802
vn 0.9597 0.0307 -0.2795
vn 0.6633 0.0780 -0.7443
vn 0.7418 0.0459 -0.6690
vn 0.7494 0.0644 -0.6590
vn 0.8301 0.1544 -0.5357
vn 0.8339 0.0126 -0.5518
vn 0.8023 0.0475 -0.5951
vn 0.9999 -0.0010 -0.0171
vn 0.9859 -0.0785 -0.1477
vn 0.5291 0.1998 -0.8247
vn 0.3807 -0.1061 -0.9186
vn 0.8847 -0.1013 -0.4550
vn 0.7448 -0.2130 -0.6324
vn 0.8956 -0.3903 -0.2132
vn 0.7321 -0.6624 0.1589
vn 0.6282 -0.7519 0.2000
vn -0.1664 -0.8836 0.4377
vn -0.3089 -0.8293 0.4656
vn -0.3810 -0.7678 0.5151
vn -0.4260 -0.7352 0.5273
vn -0.7533 -0.0513 0.6557
vn -0.5743 -0.0767 0.8151
vn -0.4118 -0.1071 0.9050
vn 0.1025 -0.4705 0.8764
vn 0.0010 -0.5321 0.8467
vn 0.1179 -0.6991 0.7053
vn 0.0553 -0.8336 0.5496
vn 0.0685 -0.8895 0.4518
vn -0.3669 0.1019 0.9247
vn -0.1355 0.4796 0.8670
vn 0.1241 0.8140 0.5674
vn 0.2186 0.4011 0.8896
vn 0.1315 0.5689 0.8118
vn 0.2393 0.2598 0.9355
vn -0.0061 0.4609 0.8875
vn 0.0645 0.4014 0.9136
vn -0.2686 0.3843 0.8833
vn -0.2446 0.1586 0.9566
vn -0.7221 0.1274 0.6799
vn -0.6186 0.1581 0.7696
vn -0.6647 0.0567 0.7449
vn -0.5918 0.2987 0.7487
vn -0.4626 0.2551 0.8491
vn -0.5868 0.5541 0.5905
vn -0.2860 0.8906 0.3537
vn 0.2546 0.9664 -0.0342
vn 0.6532 0.7362 0.1771
vn 0.7730 0.6291 0.0823
vn 0.5461 0.8361 0.0522
vn 0.8688 0.2859 0.4043
vn 0.7830 0.3922 -0.4828
vn 0.8946 0.4348 -0.1026
vn 0.7677 0.4924 -0.4101
vn 0.7176 0.4754 -0.5089
vn 0.7298 0.4860 -0.4808
vn 0.9485 0.2749 -0.1571
vn 0.9701 0.1506 -0.1901
vn 0.8431 0.2102 -0.4950
vn 0.8778 0.1392 -0.4584
vn 0.7980 0.1987 -0.5690
vn 0.7497 0.0138 -0.6616
vn 0.7696 0.0300 -0.6378
vn 0.6757 0.1374 -0.7243
vn 0.7385 0.0135 -0.6741
vn 0.6254 -0.0514 -0.7786
vn 0.6326 -0.0459 -0.7731
vn 0.6557 -0.0167 -0.7548
vn 0.8241 -0.0821 -0.5605
vn 0.7023 -0.0495 -0.7102
vn 0.7332 0.0070 -0.6800
vn 0.8287 -0.1736 -0.5321
vn 0.8627 -0.0371 -0.5044
vn 0.7968 -0.1299 -0.5901
vn 0.7446 0.0304 -0.6668
vn 0.7067 -0.1895 -0.6816
vn 0.7425 -0.2451 -0.6234
vn 0.7318 -0.2328 -0.6406
vn 0.8215 -0.4661 -0.3285
vn 0.7001 -0.7126 -0.0459
vn 0.7294 -0.6840 -0.0095
vn 0.6700 -0.7222 0.1717
vn 0.2627 -0.9622 0.0717
vn -0.4625 -0.6813 0.5674
vn -0.6363 -0.0107 0.7714
vn 0.0738 -0.6660 0.7423
vn 0.1225 -0.8627 0.4906
vn -0.1945 -0.7886 0.5833
vn -0.3739 -0.5765 0.7265
vn -0.2774 -0.7418 0.6106
vn -0.6257 0.4565 0.6325
vn -0.1537 0.0258 0.9878
vn 0.2677 0.8032 0.5323
vn -0.0820 0.6093 0.7887
vn -0.1426 0.3527 0.9248
vn -0.8684 0.0594 0.4924
vn -0.8764 0.0320 0.4805
vn -0.8387 0.1203 0.5311
vn -0.5802 0.2272 0.7821
vn -0.6187 0.1581 0.7696
vn -0.5727 0.4202 0.7039
vn -0.5577 0.5478 0.6236
vn -0.1333 0.9658 0.2222
vn 0.4261 0.9039 0.0391
vn 0.7903 0.6014 0.1172
vn 0.7703 0.5876 -0.2479
vn 0.6890 0.7025 -0.1781
vn 0.5782 0.3622 -0.7311
vn 0.3750 0.3200 -0.8700
vn 0.5615 0.4968 -0.6618
vn 0.6581 0.7119 -0.2450
vn 0.5627 0.5848 -0.5843
vn 0.5137 0.6733 -0.5318
vn 0.6633 0.4459 -0.6011
vn 0.6849 0.4129 -0.6004
vn 0.7110 0.3661 -0.6004
vn 0.7920 0.4852 -0.3704
vn 0.6391 0.3216 -0.6987
vn 0.6553 0.3081 -0.6897
vn 0.5862 0.0645 -0.8076
vn 0.5093 -0.0027 -0.8606
vn 0.8900 0.0799 -0.4490
vn 0.8284 -0.1268 -0.5456
vn 0.7741 -0.2638 -0.5755
vn 0.9036 -0.4011 -0.1505
vn 0.8104 -0.4340 -0.3937
vn 0.6177 -0.3667 -0.6957
vn 0.6912 -0.3961 -0.6045
vn 0.8711 -0.4720 -0.1357
vn -0.0973 -0.9936 0.0578
vn -0.6721 -0.5244 0.5229
vn -0.4984 -0.5837 0.6411
vn -0.6887 -0.5103 0.5151
vn -0.3564 0.0227 0.9341
vn -0.9120 -0.0012 0.4103
vn -0.7916 -0.0054 0.6111
vn -0.2477 -0.3875 0.8879
vn -0.1704 -0.1804 0.9687
vn -0.4288 0.4782 0.7664
vn 0.1919 0.5795 0.7921
vn 0.0617 0.5134 0.8559
vn -0.2371 0.0986 0.9665
vn -0.2369 0.0981 0.9666
vn -0.4702 0.5252 0.7093
vn -0.1530 -0.2683 0.9511
vn 0.6820 0.7183 -0.1375
vn 0.6684 0.7418 -0.0545
vn 0.7263 0.6740 -0.1352
vn 0.6189 0.7740 -0.1334
vn 0.7879 0.6153 -0.0235
vn 0.6699 0.7407 0.0505
vn -0.1686 0.9222 0.3480
vn 0.7830 0.5236 0.3357
vn 0.5352 0.3153 -0.7837
vn 0.3370 0.2065 -0.9186
vn 0.2143 0.1072 -0.9709
vn 0.2364 0.1282 -0.9632
vn 0.0533 0.0128 -0.9985
vn 0.3089 0.0235 -0.9508
vn 0.0600 0.0026 -0.9982
vn 0.4773 0.0224 -0.8785
vn 0.5198 -0.0938 0.8491
vn 0.4274 -0.0964 -0.8989
vn 0.7870 -0.1763 -0.5912
vn 0.6007 -0.1833 -0.7781
vn 0.6264 -0.2291 -0.7450
vn 0.6011 -0.1831 -0.7779
vn 0.7394 -0.3169 -0.5939
vn 0.7603 -0.3897 -0.5197
vn 0.0641 -0.9938 0.0909
vn -0.5019 -0.8204 0.2739
vn 0.1009 -0.9300 0.3533
vn 0.0084 -0.6576 0.7533
vn -0.1397 -0.7584 0.6367
vn -0.3640 -0.4572 0.8114
vn -0.6127 -0.6090 0.5037
vn 0.1309 -0.5828 0.8020
vn 0.1196 -0.7623 0.6361
vn -0.1174 -0.8486 0.5159
vn -0.5700 -0.2857 0.7704
vn -0.6091 -0.0822 0.7888
vn -0.6428 -0.1558 0.7500
vn -0.6402 -0.0701 0.7650
vn -0.5548 0.0216 0.8317
vn -0.4616 0.0303 0.8866
vn -0.4372 0.0306 0.8988
vn 0.0513 0.5482 0.8348
vn -0.4733 0.3583 0.8048
vn -0.4775 0.3903 0.7872
vn -0.3404 0.3938 0.8539
vn -0.3558 0.3597 0.8625
vn -0.4775 0.4929 0.7274
vn 0.0547 0.9973 0.0495
vn 0.4410 0.6739 -0.5928
vn 0.4734 0.8638 -0.1725
vn 0.4099 0.7662 -0.4948
vn 0.5549 0.7886 -0.2648
vn 0.5920 0.7940 -0.1381
vn 0.4966 0.7286 -0.4717
vn 0.5920 0.7940 -0.1380
vn 0.5705 0.8021 -0.1767
vn 0.6538 0.6962 -0.2965
vn 0.4451 0.5435 -0.7117
vn 0.5260 0.5611 -0.6391
vn 0.5124 0.5410 -0.6669
vn 0.5813 0.5363 -0.6120
vn 0.8465 0.5318 -0.0262
vn 0.8463 0.5321 -0.0265
vn 0.5726 0.7380 -0.3571
vn 0.6812 0.3611 -0.6369
vn 0.1129 0.0648 -0.9915
vn 0.1865 0.0908 -0.9783
vn -0.1255 0.0047 -0.9921
vn 0.6833 -0.1775 -0.7082
vn 0.2269 -0.3354 -0.9144
vn 0.2027 -0.3925 -0.8971
vn 0.1668 -0.3436 -0.9242
vn -0.0160 -0.1476 -0.9889
vn 0.7081 -0.3648 -0.6045
vn 0.0959 -0.2035 -0.9744
vn 0.7717 -0.3889 -0.5031
vn 0.6317 -0.7704 0.0868
vn 0.3687 -0.9064 -0.2061
vn 0.6391 -0.7681 -0.0392
vn 0.0841 -0.4972 -0.8635
vn -0.5920 -0.7849 0.1831
vn -0.5624 -0.3389 0.7542
vn -0.5369 -0.5989 0.5942
vn -0.5203 -0.6854 0.5094
vn -0.4934 -0.7005 0.5156
vn -0.5637 -0.5317 0.6321
vn -0.5212 -0.5800 0.6261
vn -0.2480 -0.5594 0.7910
vn -0.5068 -0.5058 0.6981
vn -0.5909 -0.2876 0.7537
vn -0.4914 -0.5479 0.6770
vn -0.5270 -0.3663 0.7668
vn -0.6635 -0.5994 0.4477
vn -0.3907 -0.4870 0.7811
vn 0.0153 -0.8960 0.4437
vn -0.1713 -0.5966 0.7841
vn -0.0710 -0.7834 0.6175
vn -0.0616 -0.7572 0.6503
vn -0.3259 -0.5770 0.7489
vn -0.1600 -0.7578 0.6326
vn -0.6903 0.0365 0.7226
vn -0.6674 0.0174 0.7445
vn -0.6649 0.0213 0.7467
vn -0.7148 0.0004 0.6993
vn -0.7492 -0.0180 0.6621
vn -0.6663 0.3691 0.6479
vn 0.1370 0.5137 0.8469
vn -0.3887 0.5024 0.7723
vn -0.6257 0.3787 0.6820
vn 0.0222 0.5186 0.8547
vn -0.5335 0.7066 0.4649
vn 0.2049 0.9238 -0.3235
vn 0.1065 0.3177 -0.9422
vn 0.1514 0.8749 -0.4600
vn 0.2253 0.9379 -0.2639
vn 0.2663 0.9146 -0.3043
vn 0.2578 0.9137 -0.3141
vn 0.2380 0.9094 -0.3411
vn 0.3110 0.7536 -0.5792
vn 0.3215 0.7360 -0.5957
vn 0.5466 0.5478 -0.6334
vn 0.5465 0.8324 -0.0922
vn 0.3776 0.6088 -0.6977
vn 0.4082 0.5605 -0.7205
vn 0.4829 0.5921 -0.6451
vn 0.5072 0.7060 -0.4944
vn 0.3064 0.4902 -0.8160
vn 0.1402 -0.0802 -0.9869
vn 0.0879 0.0215 -0.9959
vn 0.2458 -0.1494 -0.9577
vn 0.1793 -0.1779 -0.9676
vn 0.6805 -0.4953 -0.5400
vn 0.6758 -0.5200 -0.5224
vn 0.8087 -0.3105 -0.4996
vn 0.7733 -0.4144 -0.4798
vn 0.7565 -0.4095 -0.5100
vn 0.6316 -0.5426 -0.5537
vn 0.7621 -0.6343 0.1296
vn 0.7556 -0.6538 0.0414
vn 0.6793 -0.7191 -0.1467
vn 0.6396 -0.7456 -0.1872
vn 0.5158 -0.8495 -0.1105
vn -0.4814 -0.6345 0.6047
vn -0.5501 -0.5067 0.6638
vn -0.3341 -0.2785 0.9004
vn -0.3338 -0.5474 0.7674
vn -0.7389 0.0055 0.6737
vn -0.7269 -0.0312 0.6860
vn -0.2782 0.0526 0.9591
vn -0.2610 0.2804 0.9237
vn 0.1555 0.6081 0.7785
vn -0.5891 0.3104 0.7461
vn -0.4827 0.2091 0.8505
vn 0.0069 0.4636 0.8860
vn 0.4461 0.4640 0.7653
vn 0.0402 0.5627 0.8257
vn -0.4377 0.5501 0.7112
vn -0.4155 0.5847 0.6967
vn -0.1378 0.9859 -0.0949
vn 0.1459 0.8870 -0.4381
vn 0.0728 0.8246 -0.5610
vn 0.1028 0.7771 -0.6209
vn 0.1418 0.3819 -0.9133
vn -0.1366 0.6883 -0.7125
vn 0.2593 0.8512 -0.4563
vn 0.3114 0.8251 -0.4713
vn 0.3399 0.9389 -0.0540
vn 0.4366 0.8910 -0.1246
vn 0.3391 0.9321 -0.1275
vn 0.2863 0.7151 -0.6377
vn 0.2439 0.5716 -0.7834
vn 0.2602 0.6047 -0.7528
vn 0.2346 0.4987 -0.8344
vn 0.1727 0.4054 -0.8977
vn 0.4705 0.2606 -0.8430
vn 0.1019 0.0791 -0.9916
vn 0.4096 0.3138 -0.8566
vn 0.1055 0.0886 -0.9905
vn 0.0929 0.1202 -0.9884
vn 0.0384 0.0309 -0.9988
vn 0.7310 -0.5713 -0.3731
vn 0.3404 -0.2958 -0.8925
vn 0.5240 -0.4647 -0.7138
vn 0.7323 -0.6663 -0.1407
vn 0.5445 -0.6222 -0.5624
vn 0.5501 -0.7872 -0.2788
vn 0.6131 -0.7479 -0.2545
vn -0.7906 -0.2987 0.5345
vn -0.5214 -0.6751 0.5220
vn -0.6128 -0.6873 0.3900
vn -0.5436 -0.6968 0.4679
vn -0.2146 -0.3921 0.8945
vn -0.6032 -0.7290 -0.3236
vn -0.6153 -0.7056 -0.3513
vn -0.4063 -0.4841 0.7750
vn -0.1721 -0.5384 0.8249
vn 0.3326 -0.8832 0.3305
vn -0.7248 -0.2946 0.6228
vn -0.6830 -0.1820 0.7074
vn -0.5574 0.0211 0.8300
vn 0.2086 0.0040 0.9780
vn -0.7131 0.4929 0.4985
vn -0.6954 0.5101 0.5062
vn -0.3938 0.9125 0.1110
vn -0.2545 0.6439 -0.7215
vn -0.3238 0.9442 -0.0596
vn 0.1637 0.8569 -0.4888
vn -0.0298 0.1337 -0.9906
vn -0.2353 0.0102 -0.9719
vn 0.1481 0.6528 -0.7429
vn 0.0797 0.3171 -0.9451
vn 0.2060 0.4246 -0.8816
vn 0.2951 0.1703 -0.9402
vn 0.3225 -0.6222 -0.7133
vn 0.3871 -0.6883 -0.6135
vn 0.4153 -0.3685 -0.8317
vn 0.4927 -0.7784 -0.3890
vn 0.5488 -0.6273 -0.5526
vn 0.5319 -0.7121 -0.4583
vn 0.4732 -0.7485 -0.4645
vn 0.4361 -0.7308 -0.5251
vn 0.3886 -0.9198 -0.0539
vn 0.2815 -0.9584 -0.0471
vn 0.2152 -0.6386 -0.7388
vn 0.3287 -0.6331 -0.7008
vn 0.2948 -0.7515 -0.5902
vn 0.3112 -0.9478 -0.0692
vn -0.3985 -0.9142 0.0743
vn -0.6267 -0.7360 0.2560
vn -0.7616 -0.4736 0.4423
vn -0.6643 -0.6700 0.3313
vn -0.5467 -0.5202 0.6562
vn -0.3924 -0.8967 -0.2050
vn -0.5001 -0.4933 0.7117
vn -0.5773 -0.6743 0.4604
vn -0.7137 -0.6425 0.2789
vn -0.5726 -0.4950 0.6535
vn -0.6360 -0.4473 0.6289
vn -0.3916 0.4902 0.7787
vn -0.3357 0.9358 -0.1076
vn -0.1880 0.7599 -0.6222
vn -0.1302 0.7806 -0.6114
vn -0.1595 0.7560 -0.6348
vn -0.1251 0.7400 -0.6609
vn -0.1036 0.7223 -0.6838
vn 0.1685 0.6666 -0.7262
vn 0.2034 0.6181 -0.7593
vn 0.1602 0.5579 -0.8143
vn 0.0620 0.6259 -0.7775
vn -0.0040 0.6796 -0.7336
vn -0.2538 0.6258 -0.7375
vn 0.0198 0.5029 -0.8641
vn -0.1187 0.8531 -0.5080
vn -0.1152 0.8498 -0.5143
vn -0.0483 0.7320 -0.6796
vn -0.0113 0.7584 -0.6517
vn 0.0262 0.8286 -0.5592
vn 0.0968 0.8192 -0.5653
vn 0.0148 0.8418 -0.5396
vn 0.0063 0.2784 -0.9605
vn 0.1087 0.5777 -0.8090
vn 0.3512 -0.3426 -0.8713
vn 0.3339 -0.3687 -0.8675
vn 0.3542 -0.3745 -0.8569
vn 0.0197 -0.0973 -0.9951
vn 0.4819 -0.7379 -0.4725
vn 0.4368 -0.7421 -0.5084
vn 0.5914 -0.6949 -0.4091
vn 0.1175 -0.6484 -0.7521
vn 0.2448 -0.6704 -0.7005
vn 0.3150 -0.7347 -0.6008
vn 0.3243 -0.9003 -0.2905
vn 0.1746 -0.9695 -0.1718
vn 0.3088 -0.9408 -0.1396
vn 0.1512 -0.9870 -0.0540
vn 0.2030 -0.9627 -0.1791
vn -0.6300 -0.7568 0.1743
vn -0.5618 -0.8096 0.1702
vn -0.5863 -0.7164 0.3780
vn -0.3764 -0.7926 0.4796
vn -0.6707 -0.4668 0.5764
vn -0.2711 -0.3608 0.8924
vn -0.8048 0.0593 0.5906
vn -0.8825 0.2715 0.3840
vn -0.8282 0.3984 0.3941
vn -0.7700 0.3918 0.5037
vn -0.6738 0.5489 0.4947
vn -0.6738 0.6777 0.2945
vn -0.3706 0.9262 -0.0691
vn -0.3826 0.9212 -0.0712
vn -0.3429 0.9380 -0.0516
vn -0.3268 0.9439 -0.0482
vn -0.2350 0.7364 -0.6344
vn -0.3023 0.7456 -0.5938
vn -0.2175 0.7487 -0.6262
vn -0.0414 0.9280 -0.3702
vn -0.5065 0.7956 -0.3323
vn -0.1546 0.7799 -0.6065
vn 0.0947 0.5936 -0.7992
vn 0.0176 0.1593 -0.9871
vn -0.0451 0.1675 -0.9848
vn 0.0762 -0.1401 -0.9872
vn -0.0779 0.0415 -0.9961
vn 0.2473 -0.7440 -0.6207
vn 0.1155 -0.8179 -0.5636
vn 0.1776 -0.8051 -0.5659
vn 0.0904 -0.8698 -0.4850
vn 0.1557 -0.8712 -0.4656
vn 0.1339 -0.8917 -0.4324
vn 0.1800 -0.9505 -0.2531
vn 0.1246 -0.9413 -0.3137
vn 0.1451 -0.9454 -0.2918
vn -0.1198 -0.9650 -0.2333
vn 0.0496 -0.8491 -0.5259
vn 0.3499 -0.7984 -0.4900
vn 0.0959 -0.9340 -0.3442
vn 0.3420 -0.8413 -0.4187
vn -0.0064 -0.7767 -0.6299
vn -0.0106 -0.7793 -0.6266
vn -0.1290 -0.7692 -0.6259
vn -0.0856 -0.9881 -0.1280
vn -0.1083 -0.9932 -0.0430
vn 0.2815 -0.9127 -0.2962
vn 0.3137 -0.8422 0.4385
vn -0.8430 -0.5273 0.1064
vn -0.6210 -0.7721 0.1351
vn -0.2441 -0.6399 0.7287
vn -0.6339 -0.6602 0.4027
vn -0.9059 -0.2500 0.3418
vn -0.7113 0.5642 0.4192
vn -0.6104 0.7898 0.0600
vn -0.4607 0.8875 0.0110
vn -0.4891 0.8501 0.1952
vn -0.5088 0.8570 0.0820
vn -0.1097 0.5520 -0.8266
vn -0.6553 0.5225 -0.5455
vn -0.1998 0.6946 -0.6911
vn -0.1065 0.8376 -0.5358
vn -0.7830 0.5370 -0.3140
vn -0.7386 0.6098 -0.2874
vn -0.7148 0.5787 -0.3927
vn -0.3010 0.7291 -0.6146
vn -0.0406 0.2580 -0.9653
vn -0.0802 0.2939 -0.9525
vn -0.0643 0.1967 -0.9784
vn -0.1004 0.2951 -0.9502
vn -0.2234 0.5421 -0.8101
vn -0.3433 0.6934 -0.6335
vn 0.0343 0.0886 -0.9955
vn -0.0505 0.1187 -0.9916
vn 0.2955 -0.4004 -0.8674
vn 0.0282 -0.0673 -0.9973
vn 0.2928 -0.7339 -0.6129
vn -0.1224 0.5232 -0.8434
vn 0.3332 -0.7045 -0.6266
vn 0.4159 -0.6336 -0.6524
vn 0.2236 -0.6102 -0.7601
vn 0.2760 -0.6683 -0.6908
vn 0.1438 -0.7289 -0.6693
vn 0.2348 -0.7259 -0.6465
vn 0.1349 -0.7416 -0.6571
vn 0.1852 -0.9753 -0.1206
vn 0.6815 -0.7318 0.0063
vn -0.0557 -0.6975 -0.7144
vn -0.1973 -0.8871 -0.4172
vn -0.2662 -0.4709 -0.8411
vn 0.1451 -0.6781 -0.7205
vn -0.3409 -0.9351 -0.0962
vn -0.5067 -0.8603 0.0556
vn -0.4749 -0.8598 0.1875
vn -0.4779 -0.8553 0.2000
vn -0.5638 -0.8088 0.1669
vn -0.6195 -0.7684 0.1608
vn -0.7954 -0.4268 0.4303
vn -0.9094 0.0075 0.4160
vn -0.5412 0.8409 -0.0017
vn -0.2636 0.5507 -0.7920
vn -0.3643 0.8957 -0.2548
vn 0.0099 0.2026 -0.9792
vn -0.5054 0.5714 -0.6466
vn -0.4035 0.6487 -0.6453
vn -0.4683 0.5679 -0.6769
vn -0.3252 0.7172 -0.6163
vn -0.5644 0.6820 -0.4652
vn -0.3761 0.6869 -0.6219
vn -0.2313 0.3627 -0.9027
vn -0.2021 0.3455 -0.9164
vn -0.2116 0.3695 -0.9048
vn -0.3222 0.6840 -0.6545
vn -0.2377 0.6003 -0.7636
vn -0.0002 -0.0196 -0.9998
vn 0.0181 -0.2003 -0.9796
vn 0.0468 -0.3292 -0.9431
vn 0.0423 -0.6790 -0.7329
vn 0.0842 -0.7170 -0.6920
vn 0.0507 -0.5619 -0.8257
vn 0.1517 -0.5093 -0.8471
vn -0.0083 -0.7771 -0.6293
vn -0.0073 -0.2505 -0.9681
vn -0.0114 -0.1811 -0.9834
vn -0.0106 -0.1680 -0.9857
vn -0.1229 -0.7406 -0.6606
vn -0.2012 -0.9498 -0.2396
vn -0.0985 -0.5505 -0.8290
vn -0.0962 -0.9745 -0.2028
vn 0.1092 -0.9709 -0.2133
vn -0.3488 -0.9137 -0.2086
vn -0.5105 -0.8477 -0.1441
vn -0.3896 -0.9156 -0.0990
vn -0.4103 -0.9085 -0.0795
vn -0.5075 -0.8613 -0.0249
vn -0.4896 -0.8717 -0.0187
vn -0.5911 -0.7896 -0.1646
vn -0.5797 -0.8043 -0.1302
vn -0.6132 -0.7786 -0.1333
vn -0.5692 -0.7968 -0.2026
vn -0.4846 -0.8162 -0.3145
vn -0.7009 -0.7122 0.0376
vn -0.6126 -0.7652 -0.1981
vn -0.5957 -0.7798 0.1924
vn -0.8674 -0.4728 0.1550
vn -0.1403 -0.9742 0.1769
vn -0.4050 -0.9086 0.1024
vn -0.8319 -0.5304 0.1628
vn -0.8148 0.5017 0.2906
vn -0.4627 0.8813 -0.0960
vn -0.4771 0.8746 -0.0866
vn -0.4484 0.7531 -0.4815
vn -0.4343 0.7114 -0.5526
vn -0.4340 0.7431 -0.5093
vn -0.4138 0.9021 0.1221
vn -0.6359 0.7689 -0.0661
vn -0.5998 0.7975 -0.0642
vn -0.5692 0.7932 -0.2165
vn -0.4854 0.5591 -0.6721
vn -0.0869 0.0944 -0.9917
vn -0.1053 0.3803 -0.9188
vn -0.1234 0.3204 -0.9392
vn -0.0875 0.2424 -0.9662
vn -0.1482 0.2888 -0.9458
vn -0.0002 -0.1329 -0.9911
vn 0.0421 -0.5141 -0.8567
vn -0.0173 -0.9961 -0.0862
vn -0.1320 -0.7646 -0.6308
vn -0.0549 -0.8947 -0.4433
vn -0.1604 -0.7007 -0.6951
vn -0.3257 -0.9453 -0.0186
vn -0.5213 -0.7651 -0.3780
vn -0.3248 -0.7804 -0.5343
vn -0.3010 -0.8019 -0.5161
vn -0.2567 -0.8214 -0.5094
vn -0.4967 -0.7538 -0.4303
vn -0.2594 -0.8802 -0.3974
vn -0.3141 -0.9445 0.0961
vn -0.5295 -0.8221 -0.2091
vn -0.1878 -0.9622 -0.1972
vn -0.1860 -0.9649 0.1853
vn -0.2553 -0.7209 -0.6443
vn -0.5362 -0.7772 -0.3293
vn -0.4437 -0.8344 -0.3270
vn -0.4358 -0.8174 -0.3766
vn -0.4892 -0.8508 0.1920
vn -0.4356 -0.8739 0.2156
vn -0.2303 -0.9569 0.1771
vn -0.6534 -0.7232 0.2237
vn -0.8976 0.3970 0.1917
vn -0.8013 0.5618 0.2057
vn -0.7619 0.6175 0.1955
vn -0.5599 0.8242 -0.0850
vn -0.6258 0.7707 -0.1200
vn -0.7086 0.6817 -0.1818
vn -0.5843 0.6725 -0.4543
vn -0.5274 0.6353 -0.5641
vn -0.0246 -0.0799 -0.9965
vn -0.1645 -0.7195 -0.6747
vn -0.1787 -0.6405 -0.7468
vn -0.2597 -0.5682 -0.7809
vn -0.7626 -0.5568 0.3292
vn -0.4073 -0.7017 -0.5846
vn -0.3952 -0.6931 -0.6028
vn -0.4655 -0.6554 -0.5949
vn -0.4780 -0.7379 -0.4764
vn -0.3417 -0.7002 -0.6269
vn -0.6441 -0.7005 -0.3074
vn -0.3917 -0.8708 -0.2971
vn -0.5281 -0.4475 -0.7217
vn -0.5399 -0.4337 -0.7214
vn -0.7605 0.1015 -0.6413
vn -0.3398 -0.4328 -0.8350
vn -0.3871 -0.4580 -0.8003
vn -0.7448 -0.2514 -0.6181
vn -0.7026 -0.2696 -0.6585
vn -0.6856 -0.3064 -0.6603
vn -0.6609 0.7386 -0.1329
vn -0.5625 0.5628 -0.6057
vn -0.6420 0.5678 -0.5152
vn -0.1955 -0.4647 -0.8636
vn -0.1920 -0.4633 -0.8652
vn -0.1835 -0.4596 -0.8690
vn -0.1802 -0.4582 -0.8704
vn -0.1929 -0.1411 -0.9710
vn -0.2841 -0.2343 -0.9297
vn -0.1925 -0.1414 -0.9711
vn -0.1998 -0.5041 -0.8402
vn -0.1590 -0.6090 -0.7771
vn -0.7893 -0.0957 -0.6065
vn -0.5953 -0.3706 -0.7129
vn -0.2330 -0.1531 -0.9603
vn -0.1341 -0.1515 -0.9793
vn -0.6116 -0.7286 -0.3084
vn -0.5170 -0.7935 -0.3211
vn -0.5261 -0.7928 -0.3079
vn -0.5219 -0.5260 -0.6716
vn -0.5459 -0.5564 -0.6264
vn -0.5254 -0.2726 -0.8060
vn -0.6843 -0.6704 -0.2870
vn -0.6992 -0.6573 -0.2811
vn -0.8465 -0.5211 0.1093
vn -0.8837 0.4182 0.2103
vn -0.8593 0.4867 0.1573
vn -0.7883 0.5773 0.2129
vn -0.7243 0.5893 -0.3579
vn -0.9565 0.2914 0.0156
vn -0.5305 0.3553 -0.7696
vn -0.1356 -0.0067 -0.9907
vn -0.2021 -0.6138 -0.7631
vn -0.1037 -0.1503 -0.9832
vn -0.3478 -0.4807 -0.8050
vn -0.1511 -0.1871 -0.9707
vn -0.4072 -0.5179 -0.7523
vn -0.6249 -0.5674 -0.5362
vn -0.6002 -0.4519 -0.6600
vn -0.7090 0.6547 0.2622
vn -0.7317 0.6569 0.1821
vn -0.7518 0.6407 0.1562
vn -0.7716 0.6263 0.1113
vn -0.4651 0.7980 -0.3833
vn -0.7541 0.6494 -0.0976
vn -0.6570 0.5726 -0.4904
vn -0.7606 0.5072 -0.4053
vn -0.6800 0.4924 -0.5433
vn -0.6367 0.6227 -0.4547
vn -0.8316 0.5441 -0.1112
vn -0.0886 0.0229 -0.9958
vn -0.1096 -0.0740 -0.9912
vn 0.0139 0.0057 -0.9999
vn -0.1237 -0.1126 -0.9859
vn -0.6075 -0.4463 -0.6571
vn -0.6721 -0.5117 -0.5353
vn -0.6448 -0.4115 -0.6441
vn -0.7835 -0.3658 -0.5024
vn -0.6184 -0.3673 -0.6947
vn -0.5569 -0.2385 -0.7956
vn -0.9643 0.0855 0.2508
vn -0.9136 0.3835 -0.1352
vn -0.8407 0.5403 -0.0351
vn -0.7771 0.4699 -0.4187
vn -0.0957 -0.0261 -0.9951
vn -0.7027 -0.4860 -0.5196
vn -0.9195 -0.3709 -0.1304
vn -0.9302 -0.3670 -0.0047
vn -0.9960 -0.0333 0.0830
vn -0.9536 0.2699 0.1331
vn -0.8522 0.5220 -0.0359
vn -0.8664 0.4595 0.1955
vn -0.4956 0.8629 0.0984
vn -0.6092 0.7818 0.1332
vn -0.8477 0.5305 0.0063
vn -0.6396 0.7597 -0.1172
vn -0.7942 0.5502 -0.2580
vn -0.7585 0.4224 -0.4963
vn -0.6493 0.5281 -0.5472
vn -0.7569 0.3976 -0.5187
vn -0.6005 0.5328 -0.5962
vn -0.3676 0.1142 -0.9229
vn -0.3229 0.1165 -0.9392
vn -0.0821 0.0195 -0.9964
vn -0.6811 -0.5154 -0.5201
vn -0.7257 -0.3638 -0.5841
vn -0.9351 0.3469 -0.0722
vn -0.7537 0.4286 -0.4983
vn -0.7531 0.4011 -0.5214
vn -0.7674 0.3684 -0.5248
vn -0.7582 0.3114 -0.5729
vn -0.0975 0.2076 -0.9733
vn -0.4863 0.3533 -0.7992
vn -0.3548 0.4832 -0.8004
vn -0.7483 0.4192 -0.5141
vn -0.7277 0.2521 -0.6379
vn -0.1877 0.0653 -0.9801
vn -0.8225 0.2750 -0.4978
vn -0.2910 -0.0501 -0.9554
vn -0.7834 -0.2646 -0.5623
vn -0.9455 -0.3022 0.1217
vn -0.7920 0.3515 -0.4991
vn -0.7613 0.3372 -0.5539
vn -0.8266 0.3156 -0.4661
vn -0.7231 0.1277 -0.6789
vn 0.1535 -0.2811 -0.9473
vn -0.3044 -0.1009 -0.9472
vn -0.4431 -0.0138 -0.8964
vn -0.6947 -0.2903 -0.6581
vn -0.7956 0.4105 -0.4455
vn -0.9074 0.3545 -0.2255
vn -0.2298 0.2627 -0.9371
vn -0.1519 -0.0091 -0.9884
vn -0.1915 -0.0196 -0.9813
vn -0.7109 -0.1655 -0.6835
vn -0.7169 0.1874 -0.6715
vn -0.6818 0.1780 -0.7095
vn -0.6833 0.1370 -0.7172
vn -0.7251 0.1387 -0.6745
vn -0.1861 -0.0051 -0.9825
vn -0.7956 -0.0402 -0.6044
vn -0.9826 0.1849 0.0166
vn -0.6791 0.1390 -0.7207
vn -0.6583 0.1032 -0.7456
vn -0.5938 0.0817 -0.8004
vn -0.5554 -0.2636 -0.7887
vn -0.6279 -0.1532 -0.7630
vn -0.9441 -0.3277 -0.0361
vn -0.7204 0.0384 -0.6925
vn -0.6539 0.1543 -0.7407
vn -0.7255 0.1233 -0.6771
vn -0.6244 0.0986 -0.7749
vn -0.5102 -0.2760 -0.8146
vn -0.7446 -0.1796 -0.6429
vn -0.9747 -0.2219 -0.0268
vn -0.9009 0.2697 0.3401
vn -0.7512 0.1376 -0.6456
vn -0.7482 0.0195 -0.6632
vn -0.7030 0.0365 -0.7103
vn -0.7280 -0.0252 -0.6851
vn -0.7563 -0.0427 -0.6528
vn -0.7253 0.1083 -0.6799
vn -0.9944 0.0850 -0.0624
vn -0.8116 -0.0603 -0.5811
vn -0.8471 -0.0629 -0.5278
vn -0.8087 -0.0409 -0.5868
vn -0.7109 -0.0819 -0.6985
vn -0.9191 -0.0777 -0.3864
vn -0.9924 -0.0284 -0.1195
vt 0.216955 0.764682
vt 0.227825 0.768693
vt 0.217630 0.781539
vt 0.926283 0.720092
vt 0.934683 0.705997
vt 0.939174 0.712445
vt 0.923961 0.703322
vt 0.904985 0.705948
vt 0.218223 0.869951
vt 0.217051 0.856840
vt 0.226426 0.869666
vt 0.227236 0.800279
vt 0.218031 0.833780
vt 0.921684 0.725778
vt 0.926349 0.720312
vt 0.936649 0.725453
vt 0.936915 0.724928
vt 0.224726 0.849940
vt 0.226782 0.785989
vt 0.897118 0.702642
vt 0.534728 0.724660
vt 0.545696 0.717592
vt 0.555082 0.722656
vt 0.546728 0.717330
vt 0.555914 0.716259
vt 0.555075 0.722653
vt 0.566349 0.716734
vt 0.566337 0.716732
vt 0.605773 0.716505
vt 0.612712 0.720693
vt 0.904935 0.372430
vt 0.896832 0.377916
vt 0.893197 0.366907
vt 0.932739 0.769652
vt 0.938343 0.760577
vt 0.936938 0.576078
vt 0.925310 0.580336
vt 0.937313 0.511646
vt 0.640931 0.729967
vt 0.630116 0.717992
vt 0.643152 0.727407
vt 0.830935 0.715294
vt 0.832612 0.711168
vt 0.843012 0.704052
vt 0.945085 0.543560
vt 0.536991 0.818208
vt 0.906457 0.376817
vt 0.828617 0.778334
vt 0.644080 0.777918
vt 0.895786 0.383822
vt 0.949287 0.515158
vt 0.644151 0.733916
vt 0.916408 0.421344
vt 0.932732 0.769560
vt 0.938333 0.761460
vt 0.937523 0.788061
vt 0.936106 0.816859
vt 0.937039 0.790253
vt 0.951231 0.488094
vt 0.902268 0.423179
vt 0.903159 0.433119
vt 0.902267 0.423173
vt 0.911400 0.425817
vt 0.645638 0.802876
vt 0.905769 0.453354
vt 0.905681 0.452981
vt 0.952085 0.465192
vt 0.950468 0.475797
vt 0.921545 0.455095
vt 0.828569 0.851431
vt 0.929512 0.844703
vt 0.936894 0.831358
vt 0.938966 0.451014
vt 0.950482 0.449855
vt 0.906504 0.505060
vt 0.938464 0.842376
vt 0.929477 0.844698
vt 0.936623 0.850331
vt 0.951125 0.447236
vt 0.938966 0.451019
vt 0.933844 0.417802
vt 0.635396 0.864645
vt 0.936841 0.851663
vt 0.535373 0.936901
vt 0.922320 0.498717
vt 0.938512 0.386312
vt 0.938608 0.913532
vt 0.933890 0.917257
vt 0.923104 0.912639
vt 0.931641 0.919666
vt 0.927468 0.925205
vt 0.927716 0.918159
vt 0.935977 0.932061
vt 0.927025 0.925326
vt 0.938966 0.924161
vt 0.931680 0.919857
vt 0.934488 0.381776
vt 0.924456 0.372547
vt 0.914473 0.918096
vt 0.937265 0.887677
vt 0.914496 0.918087
vt 0.923515 0.913888
vt 0.919729 0.923181
vt 0.924141 0.930906
vt 0.929689 0.935232
vt 0.903791 0.672133
vt 0.904021 0.688223
vt 0.895643 0.677965
vt 0.894246 0.693954
vt 0.903941 0.690471
vt 0.903771 0.695738
vt 0.894323 0.696520
vt 0.933358 0.366955
vt 0.915058 0.549595
vt 0.925370 0.921061
vt 0.919990 0.923189
vt 0.914437 0.935411
vt 0.555000 0.940682
vt 0.546038 0.943270
vt 0.899344 0.571824
vt 0.829383 0.920669
vt 0.894021 0.659225
vt 0.892120 0.936239
vt 0.904080 0.647554
vt 0.637819 0.925535
vt 0.644711 0.916929
vt 0.904563 0.590514
vt 0.894097 0.590521
vt 0.907161 0.580828
vt 0.907166 0.580799
vt 0.873612 0.931712
vt 0.894765 0.584746
vt 0.894172 0.586822
vt 0.893205 0.595023
vt 0.904243 0.592336
vt 0.903506 0.610015
vt 0.872436 0.931563
vt 0.888095 0.935896
vt 0.873190 0.936848
vt 0.902355 0.634876
vt 0.563335 0.944062
vt 0.644091 0.928649
vt 0.639558 0.938623
vt 0.832020 0.928237
vt 0.903921 0.624389
vt 0.628908 0.943710
vt 0.848317 0.935818
vt 0.849450 0.931233
vt 0.864088 0.936243
vt 0.916028 0.607252
vt 0.912891 0.599583
vt 0.918307 0.605034
vt 0.905643 0.602876
vt 0.108102 0.785067
vt 0.117619 0.801058
vt 0.110344 0.811337
vt 0.596080 0.699836
vt 0.561121 0.714491
vt 0.557679 0.711184
vt 0.549805 0.714034
vt 0.525303 0.679096
vt 0.110446 0.773702
vt 0.485513 0.740673
vt 0.505657 0.762998
vt 0.463987 0.754831
vt 0.599036 0.709399
vt 0.514227 0.708845
vt 0.102299 0.766510
vt 0.484685 0.782903
vt 0.116192 0.835500
vt 0.613415 0.695647
vt 0.612980 0.701521
vt 0.604978 0.701328
vt 0.494740 0.802734
vt 0.528670 0.799406
vt 0.107358 0.864013
vt 0.114980 0.855924
vt 0.113724 0.868452
vt 0.111155 0.866900
vt 0.614267 0.695910
vt 0.615414 0.692407
vt 0.564880 0.666936
vt 0.537389 0.664920
vt 0.529527 0.663075
vt 0.515472 0.711688
vt 0.521198 0.781697
vt 0.633469 0.679893
vt 0.627969 0.690314
vt 0.618192 0.697304
vt 0.533946 0.642894
vt 0.858052 0.988062
vt 0.853876 0.981291
vt 0.861877 0.976093
vt 0.847406 0.974480
vt 0.520068 0.663069
vt 0.966383 0.171080
vt 0.961190 0.172692
vt 0.966524 0.156658
vt 0.958631 0.137526
vt 0.965707 0.146705
vt 0.461373 0.727463
vt 0.407106 0.754126
vt 0.405616 0.742157
vt 0.112975 0.878134
vt 0.109332 0.880589
vt 0.107352 0.864119
vt 0.103978 0.896593
vt 0.851853 0.963315
vt 0.502256 0.704981
vt 0.403683 0.749746
vt 0.424729 0.766349
vt 0.532325 0.822516
vt 0.529709 0.847035
vt 0.112255 0.883751
vt 0.107436 0.899560
vt 0.109955 0.894841
vt 0.110947 0.900446
vt 0.639013 0.677097
vt 0.634241 0.678033
vt 0.639682 0.667918
vt 0.635137 0.671206
vt 0.605369 0.669880
vt 0.535475 0.635257
vt 0.530754 0.655029
vt 0.526801 0.641434
vt 0.867221 0.964390
vt 0.474411 0.675941
vt 0.962158 0.127533
vt 0.141668 0.821288
vt 0.142889 0.835976
vt 0.138894 0.826331
vt 0.408607 0.766158
vt 0.105178 0.911321
vt 0.109170 0.912061
vt 0.917424 0.641501
vt 0.921102 0.642296
vt 0.921025 0.652351
vt 0.652154 0.654872
vt 0.590894 0.650111
vt 0.564765 0.613401
vt 0.539217 0.621736
vt 0.527505 0.635176
vt 0.525317 0.633959
vt 0.514684 0.652058
vt 0.498907 0.644629
vt 0.493218 0.697603
vt 0.478564 0.683715
vt 0.966682 0.143903
vt 0.963557 0.127358
vt 0.966868 0.124167
vt 0.961193 0.117352
vt 0.954412 0.111953
vt 0.426902 0.721019
vt 0.420049 0.727485
vt 0.402963 0.742149
vt 0.403491 0.733410
vt 0.138070 0.827412
vt 0.141733 0.837584
vt 0.137018 0.838785
vt 0.339297 0.533515
vt 0.339213 0.542082
vt 0.334743 0.540645
vt 0.303238 0.550262
vt 0.312181 0.518573
vt 0.327259 0.540532
vt 0.321154 0.549667
vt 0.333609 0.548189
vt 0.478033 0.955334
vt 0.485079 0.955345
vt 0.475423 0.962329
vt 0.485483 0.967999
vt 0.424793 0.780803
vt 0.419594 0.772465
vt 0.487056 0.834541
vt 0.102168 0.920371
vt 0.106453 0.917090
vt 0.946699 0.695329
vt 0.946592 0.690141
vt 0.948778 0.699779
vt 0.948713 0.685637
vt 0.128833 0.909029
vt 0.126745 0.892718
vt 0.134301 0.901492
vt 0.127786 0.881251
vt 0.140631 0.900867
vt 0.128685 0.874982
vt 0.531963 0.622711
vt 0.518616 0.628038
vt 0.516827 0.632386
vt 0.864681 0.950930
vt 0.860971 0.941405
vt 0.847803 0.946178
vt 0.472224 0.642187
vt 0.962229 0.115477
vt 0.654826 0.952226
vt 0.654784 0.961671
vt 0.648155 0.958959
vt 0.406338 0.725844
vt 0.132305 0.813841
vt 0.335414 0.518125
vt 0.339591 0.523016
vt 0.292907 0.506045
vt 0.305943 0.517684
vt 0.271791 0.576614
vt 0.329010 0.553242
vt 0.417574 0.784529
vt 0.419645 0.776184
vt 0.423643 0.777746
vt 0.655138 0.642061
vt 0.130155 0.869664
vt 0.526815 0.622828
vt 0.486616 0.636356
vt 0.497765 0.637881
vt 0.491922 0.635352
vt 0.968557 0.115740
vt 0.965950 0.110251
vt 0.960316 0.104276
vt 0.646945 0.965171
vt 0.411944 0.724464
vt 0.135386 0.813087
vt 0.331826 0.511839
vt 0.322547 0.503269
vt 0.318052 0.497873
vt 0.309020 0.516326
vt 0.307662 0.503469
vt 0.293651 0.505741
vt 0.320333 0.550150
vt 0.424634 0.782387
vt 0.420181 0.786353
vt 0.423716 0.790928
vt 0.441774 0.803757
vt 0.510851 0.887846
vt 0.522027 0.871263
vt 0.555677 0.609866
vt 0.553445 0.603623
vt 0.152734 0.879893
vt 0.153168 0.861975
vt 0.129941 0.861128
vt 0.858661 0.938185
vt 0.480796 0.638780
vt 0.468403 0.672438
vt 0.466596 0.662523
vt 0.970166 0.094194
vt 0.970757 0.100472
vt 0.969591 0.089360
vt 0.960368 0.102838
vt 0.966074 0.109803
vt 0.960153 0.108855
vt 0.953949 0.109532
vt 0.408040 0.716290
vt 0.415109 0.719450
vt 0.403593 0.718918
vt 0.417571 0.720541
vt 0.403712 0.722673
vt 0.325983 0.506351
vt 0.302571 0.501234
vt 0.290970 0.495085
vt 0.294103 0.492459
vt 0.273182 0.496041
vt 0.261807 0.557952
vt 0.248221 0.506585
vt 0.252967 0.537811
vt 0.305157 0.559489
vt 0.317962 0.555740
vt 0.427711 0.800744
vt 0.517169 0.879227
vt 0.519505 0.884635
vt 0.516474 0.889675
vt 0.595632 0.605443
vt 0.530471 0.596102
vt 0.525729 0.583930
vt 0.132932 0.858239
vt 0.134855 0.854148
vt 0.138410 0.851058
vt 0.142461 0.846780
vt 0.159202 0.845770
vt 0.462708 0.657550
vt 0.460493 0.651955
vt 0.957346 0.091344
vt 0.330226 0.502478
vt 0.315973 0.495858
vt 0.308334 0.498182
vt 0.315722 0.495905
vt 0.307523 0.504196
vt 0.301606 0.504151
vt 0.306149 0.498008
vt 0.302828 0.492423
vt 0.294106 0.492467
vt 0.226784 0.587333
vt 0.226015 0.617844
vt 0.220808 0.596210
vt 0.189872 0.544298
vt 0.261621 0.567025
vt 0.259523 0.577068
vt 0.320006 0.563476
vt 0.326050 0.564798
vt 0.506447 0.892745
vt 0.641876 0.612628
vt 0.557616 0.587224
vt 0.537926 0.583153
vt 0.557810 0.587175
vt 0.526548 0.584060
vt 0.533369 0.582927
vt 0.529155 0.577795
vt 0.149326 0.833301
vt 0.145023 0.811499
vt 0.145118 0.809153
vt 0.148175 0.817576
vt 0.151809 0.800351
vt 0.130035 0.795326
vt 0.122440 0.797308
vt 0.127810 0.791217
vt 0.120318 0.793820
vt 0.306869 0.498138
vt 0.313274 0.482471
vt 0.313311 0.482431
vt 0.241854 0.449866
vt 0.243677 0.513462
vt 0.231713 0.644446
vt 0.229736 0.653561
vt 0.222021 0.656005
vt 0.254871 0.571065
vt 0.259078 0.585937
vt 0.276286 0.579748
vt 0.301762 0.563716
vt 0.429833 0.800503
vt 0.503887 0.898444
vt 0.529143 0.570263
vt 0.536602 0.571794
vt 0.954072 0.276625
vt 0.954597 0.268669
vt 0.960231 0.278051
vt 0.963412 0.286623
vt 0.963266 0.259171
vt 0.517161 0.553951
vt 0.520405 0.560596
vt 0.514397 0.569057
vt 0.954508 0.254057
vt 0.515595 0.576333
vt 0.515588 0.576326
vt 0.518095 0.593343
vt 0.512687 0.599162
vt 0.158119 0.825505
vt 0.142744 0.803099
vt 0.155309 0.791369
vt 0.137600 0.786825
vt 0.133986 0.795896
vt 0.323387 0.485486
vt 0.318821 0.493217
vt 0.276022 0.447613
vt 0.227360 0.530717
vt 0.225203 0.662988
vt 0.214165 0.673453
vt 0.221600 0.671659
vt 0.267782 0.583920
vt 0.262210 0.589128
vt 0.267209 0.584237
vt 0.269935 0.591733
vt 0.288392 0.583142
vt 0.298859 0.583076
vt 0.315351 0.572463
vt 0.320026 0.576319
vt 0.422058 0.802963
vt 0.420043 0.808175
vt 0.422857 0.833185
vt 0.443151 0.852290
vt 0.445930 0.861125
vt 0.462117 0.867810
vt 0.924257 0.586140
vt 0.929227 0.588648
vt 0.938030 0.610131
vt 0.538741 0.565875
vt 0.547523 0.563820
vt 0.976199 0.271282
vt 0.969281 0.255293
vt 0.519354 0.545808
vt 0.534120 0.549158
vt 0.526076 0.542889
vt 0.534182 0.537435
vt 0.527238 0.542881
vt 0.544306 0.527275
vt 0.518604 0.545576
vt 0.491848 0.551575
vt 0.515794 0.543545
vt 0.492635 0.557193
vt 0.488033 0.557259
vt 0.495218 0.596516
vt 0.157636 0.868400
vt 0.473193 0.600703
vt 0.476611 0.604233
vt 0.457179 0.610211
vt 0.155690 0.806489
vt 0.129012 0.789982
vt 0.329432 0.485148
vt 0.326301 0.491125
vt 0.320480 0.483251
vt 0.264311 0.444218
vt 0.245601 0.444501
vt 0.198051 0.680265
vt 0.252950 0.590873
vt 0.258247 0.603232
vt 0.273106 0.584028
vt 0.280328 0.587733
vt 0.951494 0.986006
vt 0.962203 0.983628
vt 0.953684 0.991285
vt 0.309903 0.583625
vt 0.315423 0.572228
vt 0.315254 0.578608
vt 0.317332 0.581655
vt 0.320633 0.573795
vt 0.323022 0.590110
vt 0.337343 0.589195
vt 0.330231 0.576143
vt 0.337608 0.580228
vt 0.658554 0.633216
vt 0.661526 0.604112
vt 0.654503 0.613695
vt 0.623703 0.597083
vt 0.571824 0.577226
vt 0.555266 0.570694
vt 0.957623 0.295389
vt 0.969542 0.303284
vt 0.976239 0.289576
vt 0.532117 0.539952
vt 0.557792 0.541313
vt 0.541970 0.536310
vt 0.516419 0.543584
vt 0.492170 0.551556
vt 0.484628 0.561147
vt 0.464877 0.599934
vt 0.151295 0.769999
vt 0.328796 0.476359
vt 0.305847 0.460585
vt 0.242215 0.604707
vt 0.241629 0.610220
vt 0.270120 0.599762
vt 0.975915 0.937855
vt 0.970949 0.948299
vt 0.961625 0.933545
vt 0.976536 0.955944
vt 0.970642 0.967722
vt 0.970044 0.975512
vt 0.945143 0.973058
vt 0.952806 0.984789
vt 0.946201 0.982733
vt 0.311885 0.588398
vt 0.905497 0.343210
vt 0.904337 0.337047
vt 0.909356 0.329728
vt 0.417333 0.828793
vt 0.417856 0.809771
vt 0.419463 0.840451
vt 0.445787 0.860899
vt 0.657375 0.609724
vt 0.077286 0.938263
vt 0.081925 0.937414
vt 0.083738 0.946737
vt 0.646362 0.609554
vt 0.088911 0.948486
vt 0.082105 0.953024
vt 0.633900 0.604473
vt 0.642392 0.604503
vt 0.613625 0.584684
vt 0.960110 0.316190
vt 0.953560 0.313213
vt 0.564702 0.560120
vt 0.552126 0.551479
vt 0.582108 0.565587
vt 0.100731 0.962411
vt 0.111413 0.953305
vt 0.107889 0.967467
vt 0.931007 0.342787
vt 0.929510 0.349857
vt 0.916372 0.351640
vt 0.105862 0.986775
vt 0.098926 0.986200
vt 0.106157 0.983447
vt 0.098582 0.972927
vt 0.092880 0.973289
vt 0.925280 0.334297
vt 0.110013 0.975579
vt 0.099304 0.967189
vt 0.915145 0.327900
vt 0.930253 0.331969
vt 0.928097 0.324695
vt 0.947706 0.720635
vt 0.947735 0.720632
vt 0.947572 0.720616
vt 0.111510 0.936740
vt 0.106919 0.938995
vt 0.093006 0.960346
vt 0.094565 0.947227
vt 0.947638 0.720450
vt 0.947583 0.720574
vt 0.947519 0.719695
vt 0.945853 0.722473
vt 0.099524 0.936683
vt 0.424174 0.601300
vt 0.451053 0.615551
vt 0.427003 0.618177
vt 0.429160 0.611887
vt 0.143393 0.768862
vt 0.137617 0.779264
vt 0.336645 0.474767
vt 0.332750 0.480111
vt 0.327952 0.474798
vt 0.295020 0.452694
vt 0.259882 0.433588
vt 0.157457 0.597044
vt 0.188120 0.685846
vt 0.972055 0.008760
vt 0.971342 0.001870
vt 0.976865 0.003218
vt 0.332058 0.593115
vt 0.340027 0.597561
vt 0.904876 0.344230
vt 0.905295 0.347512
vt 0.900737 0.352916
vt 0.908904 0.349685
vt 0.421388 0.858145
vt 0.495918 0.904323
vt 0.933111 0.622355
vt 0.660836 0.596460
vt 0.661529 0.604149
vt 0.656737 0.602122
vt 0.657014 0.609502
vt 0.650551 0.603114
vt 0.076088 0.947228
vt 0.064313 0.949243
vt 0.087239 0.960022
vt 0.087380 0.973088
vt 0.617617 0.595159
vt 0.575661 0.571371
vt 0.591089 0.567463
vt 0.966946 0.331066
vt 0.966864 0.321319
vt 0.589683 0.544874
vt 0.093633 0.939694
vt 0.557012 0.528251
vt 0.509123 0.515886
vt 0.525219 0.482493
vt 0.655263 0.843641
vt 0.650891 0.848759
vt 0.648152 0.829231
vt 0.538670 0.376133
vt 0.531555 0.374680
vt 0.523404 0.369399
vt 0.539828 0.436303
vt 0.479858 0.406859
vt 0.568136 0.400536
vt 0.574619 0.395519
vt 0.655832 0.832212
vt 0.652948 0.766211
vt 0.653442 0.794826
vt 0.647599 0.785579
vt 0.647285 0.812577
vt 0.516812 0.373862
vt 0.239335 0.859401
vt 0.243448 0.854529
vt 0.242702 0.862848
vt 0.234152 0.820303
vt 0.233917 0.799720
vt 0.237921 0.778622
vt 0.273686 0.810960
vt 0.249728 0.763085
vt 0.243269 0.767211
vt 0.647722 0.760864
vt 0.474076 0.371595
vt 0.504905 0.367037
vt 0.486888 0.373571
vt 0.512230 0.435968
vt 0.245738 0.870133
vt 0.246574 0.852255
vt 0.238596 0.841406
vt 0.276321 0.729604
vt 0.245421 0.762533
vt 0.486723 0.373453
vt 0.257294 0.874077
vt 0.648053 0.729101
vt 0.654273 0.755625
vt 0.649015 0.761554
vt 0.470905 0.454385
vt 0.574087 0.411194
vt 0.579420 0.401604
vt 0.568285 0.400622
vt 0.575064 0.395911
vt 0.300410 0.849784
vt 0.472410 0.465219
vt 0.472385 0.470290
vt 0.579806 0.410029
vt 0.264941 0.891777
vt 0.268445 0.886563
vt 0.245905 0.857372
vt 0.510947 0.496422
vt 0.028548 0.960390
vt 0.025346 0.943840
vt 0.036077 0.941257
vt 0.030088 0.940479
vt 0.601027 0.423919
vt 0.584847 0.413517
vt 0.270402 0.889723
vt 0.281010 0.773975
vt 0.304251 0.743350
vt 0.656291 0.719366
vt 0.444181 0.392289
vt 0.469183 0.468280
vt 0.502343 0.471200
vt 0.531112 0.467137
vt 0.524632 0.483503
vt 0.531114 0.467107
vt 0.555987 0.452633
vt 0.957826 0.353600
vt 0.961610 0.363237
vt 0.954207 0.361959
vt 0.649696 0.716172
vt 0.437956 0.448015
vt 0.462374 0.456853
vt 0.465579 0.462149
vt 0.470705 0.455067
vt 0.472033 0.465694
vt 0.466915 0.468951
vt 0.486356 0.474420
vt 0.194348 0.878158
vt 0.190959 0.895048
vt 0.188706 0.890618
vt 0.505364 0.476426
vt 0.425657 0.605375
vt 0.337255 0.468581
vt 0.316498 0.460431
vt 0.622101 0.028703
vt 0.631089 0.039836
vt 0.620153 0.047657
vt 0.624861 0.050973
vt 0.659991 0.069684
vt 0.667363 0.096292
vt 0.654259 0.090960
vt 0.670696 0.077834
vt 0.659176 0.057840
vt 0.251557 0.430619
vt 0.244979 0.429852
vt 0.221645 0.511548
vt 0.251060 0.610550
vt 0.975982 0.928713
vt 0.942803 0.950157
vt 0.941375 0.964547
vt 0.981595 0.005038
vt 0.336523 0.602932
vt 0.345219 0.606461
vt 0.344897 0.595112
vt 0.350149 0.604089
vt 0.414786 0.872070
vt 0.436705 0.904431
vt 0.656382 0.592688
vt 0.071623 0.942811
vt 0.620626 0.561136
vt 0.942226 0.726301
vt 0.947961 0.725235
vt 0.956482 0.746003
vt 0.950194 0.721468
vt 0.559167 0.445313
vt 0.561397 0.436939
vt 0.569907 0.427080
vt 0.025243 0.973699
vt 0.032609 0.974266
vt 0.274225 0.886882
vt 0.306507 0.831516
vt 0.322117 0.788752
vt 0.281253 0.727314
vt 0.961617 0.333186
vt 0.955960 0.332990
vt 0.459441 0.436742
vt 0.010668 0.998535
vt 0.006504 0.978021
vt 0.015543 0.988552
vt 0.023196 0.977359
vt 0.008870 0.958047
vt 0.002637 0.972789
vt 0.001000 0.965140
vt 0.468114 0.477501
vt 0.184595 0.894231
vt 0.498970 0.511991
vt 0.510970 0.496169
vt 0.494973 0.518875
vt 0.482560 0.555773
vt 0.492114 0.557209
vt 0.418344 0.607963
vt 0.159743 0.778729
vt 0.161279 0.770826
vt 0.498644 0.007508
vt 0.507392 0.004353
vt 0.504835 0.011665
vt 0.509433 0.009042
vt 0.146656 0.765262
vt 0.517886 0.013588
vt 0.521838 0.009031
vt 0.523479 0.016147
vt 0.531547 0.010793
vt 0.095682 0.890402
vt 0.097863 0.899674
vt 0.091346 0.897683
vt 0.604557 0.024057
vt 0.608910 0.031967
vt 0.076471 0.911701
vt 0.083252 0.912968
vt 0.071939 0.918711
vt 0.630819 0.064225
vt 0.642808 0.078016
vt 0.648891 0.050645
vt 0.644388 0.086855
vt 0.853388 0.342621
vt 0.858585 0.351221
vt 0.859681 0.358297
vt 0.838640 0.340929
vt 0.843385 0.346044
vt 0.850227 0.354087
vt 0.661412 0.099164
vt 0.837667 0.348943
vt 0.668254 0.103466
vt 0.236132 0.431225
vt 0.231565 0.525418
vt 0.132518 0.541532
vt 0.194572 0.684756
vt 0.236467 0.614591
vt 0.265695 0.616299
vt 0.267619 0.620663
vt 0.957833 0.930135
vt 0.270428 0.619088
vt 0.288472 0.617041
vt 0.282828 0.622227
vt 0.288646 0.619231
vt 0.960024 0.023338
vt 0.967979 0.013526
vt 0.958861 0.029872
vt 0.996958 0.025658
vt 0.335371 0.612743
vt 0.350136 0.603430
vt 0.358447 0.608055
vt 0.353784 0.609185
vt 0.659681 0.574757
vt 0.654077 0.585089
vt 0.058407 0.956297
vt 0.060697 0.972350
vt 0.068845 0.974349
vt 0.082267 0.989498
vt 0.089171 0.979743
vt 0.966814 0.735103
vt 0.966239 0.708207
vt 0.952819 0.714822
vt 0.573324 0.464972
vt 0.557999 0.460155
vt 0.565717 0.447651
vt 0.567296 0.440701
vt 0.047142 0.946573
vt 0.592413 0.423113
vt 0.928495 0.967811
vt 0.923047 0.962230
vt 0.928550 0.938582
vt 0.301079 0.872793
vt 0.316262 0.785432
vt 0.350556 0.761743
vt 0.420228 0.415046
vt 0.427555 0.411884
vt 0.466635 0.469029
vt 0.466642 0.472934
vt 0.459344 0.475383
vt 0.001805 0.959281
vt 0.007197 0.950365
vt 0.467271 0.471848
vt 0.471455 0.472405
vt 0.463400 0.478967
vt 0.188474 0.849546
vt 0.173621 0.876853
vt 0.495964 0.494384
vt 0.458385 0.568676
vt 0.409543 0.590462
vt 0.417934 0.598735
vt 0.497461 0.016807
vt 0.508078 0.009395
vt 0.513666 0.012560
vt 0.505639 0.013448
vt 0.096933 0.883546
vt 0.085265 0.906754
vt 0.046439 0.895737
vt 0.057808 0.914153
vt 0.967760 0.665861
vt 0.968025 0.682342
vt 0.962458 0.678415
vt 0.959487 0.661849
vt 0.954229 0.662599
vt 0.950235 0.650518
vt 0.919467 0.699350
vt 0.914517 0.691726
vt 0.920989 0.686104
vt 0.353230 0.962382
vt 0.353230 0.954203
vt 0.358981 0.956036
vt 0.834745 0.342928
vt 0.678272 0.095598
vt 0.208828 0.496436
vt 0.124343 0.649791
vt 0.239280 0.641695
vt 0.283089 0.622358
vt 0.289940 0.618564
vt 0.289388 0.622788
vt 0.290818 0.613825
vt 0.343160 0.616665
vt 0.606415 0.947022
vt 0.595998 0.958363
vt 0.596978 0.953027
vt 0.598776 0.959592
vt 0.606088 0.961507
vt 0.595222 0.962961
vt 0.413358 0.861339
vt 0.940564 0.633957
vt 0.639196 0.576092
vt 0.062248 0.977779
vt 0.069981 0.979043
vt 0.627852 0.574488
vt 0.908736 0.616017
vt 0.830097 0.348164
vt 0.828492 0.359943
vt 0.826276 0.349966
vt 0.996286 0.752831
vt 0.988488 0.751047
vt 0.993142 0.744413
vt 0.985296 0.741632
vt 0.909115 0.592339
vt 0.970903 0.765692
vt 0.962052 0.753474
vt 0.972239 0.752873
vt 0.956431 0.746050
vt 0.967430 0.735864
vt 0.968897 0.746935
vt 0.980978 0.717252
vt 0.968763 0.737072
vt 0.973387 0.716935
vt 0.555167 0.526270
vt 0.028614 0.991597
vt 0.030422 0.982253
vt 0.053613 0.977336
vt 0.057042 0.957147
vt 0.922339 0.945671
vt 0.273722 0.893410
vt 0.304997 0.870297
vt 0.317950 0.847402
vt 0.293157 0.717374
vt 0.297259 0.716266
vt 0.311981 0.709682
vt 0.384135 0.886413
vt 0.375442 0.871113
vt 0.379744 0.865320
vt 0.413328 0.424245
vt 0.454073 0.447988
vt 0.446684 0.456744
vt 0.020409 0.960818
vt 0.462025 0.487071
vt 0.498375 0.497908
vt 0.491174 0.511497
vt 0.492562 0.509969
vt 0.458238 0.568691
vt 0.412357 0.595276
vt 0.417506 0.598457
vt 0.410914 0.603232
vt 0.415295 0.611869
vt 0.491383 0.011897
vt 0.500197 0.024223
vt 0.497849 0.015946
vt 0.504225 0.014284
vt 0.093048 0.878311
vt 0.060672 0.918311
vt 0.949812 0.628005
vt 0.968126 0.630597
vt 0.858961 0.352007
vt 0.859708 0.337910
vt 0.854085 0.331456
vt 0.853434 0.330895
vt 0.853314 0.322287
vt 0.846133 0.327971
vt 0.834814 0.335965
vt 0.669980 0.109215
vt 0.233346 0.416613
vt 0.217373 0.496802
vt 0.162275 0.494520
vt 0.079076 0.593829
vt 0.234029 0.625809
vt 0.289355 0.622779
vt 0.292293 0.617959
vt 0.293071 0.625563
vt 0.294265 0.617492
vt 0.998600 0.041512
vt 0.333934 0.629146
vt 0.348037 0.632292
vt 0.353729 0.616260
vt 0.358492 0.613203
vt 0.367023 0.622333
vt 0.409674 0.876273
vt 0.633569 0.573599
vt 0.633891 0.578864
vt 0.628527 0.580087
vt 0.065679 0.982755
vt 0.597452 0.546148
vt 0.958030 0.760629
vt 0.971224 0.772998
vt 0.954209 0.777029
vt 0.973032 0.793630
vt 0.941452 0.855339
vt 0.942747 0.822474
vt 0.950523 0.824937
vt 0.957912 0.822045
vt 0.972571 0.823334
vt 0.988006 0.732948
vt 0.984887 0.742944
vt 0.979205 0.733997
vt 0.980254 0.752003
vt 0.971911 0.752291
vt 0.986596 0.710575
vt 0.987670 0.718746
vt 0.986682 0.709765
vt 0.997708 0.709627
vt 0.905557 0.694092
vt 0.907345 0.687036
vt 0.911411 0.700436
vt 0.913191 0.686128
vt 0.972289 0.711421
vt 0.572565 0.500330
vt 0.585411 0.492767
vt 0.568709 0.460457
vt 0.034652 0.997416
vt 0.048974 0.992313
vt 0.048584 0.983054
vt 0.596331 0.437293
vt 0.305324 0.916408
vt 0.445743 0.478148
vt 0.448742 0.472325
vt 0.023471 0.954444
vt 0.447568 0.498284
vt 0.465403 0.481573
vt 0.456328 0.493300
vt 0.498193 0.512548
vt 0.420272 0.581640
vt 0.485483 0.006331
vt 0.486332 0.015406
vt 0.090874 0.865483
vt 0.095965 0.870229
vt 0.090428 0.873204
vt 0.096254 0.875530
vt 0.948846 0.613970
vt 0.944769 0.632769
vt 0.654994 0.132416
vt 0.655136 0.121661
vt 0.683823 0.128039
vt 0.662449 0.120455
vt 0.657248 0.116726
vt 0.840947 0.324654
vt 0.679073 0.108136
vt 0.686007 0.101090
vt 0.210473 0.486762
vt 0.205129 0.487045
vt 0.282232 0.624347
vt 0.285023 0.655349
vt 0.297018 0.647908
vt 0.953653 0.034229
vt 0.410800 0.899608
vt 0.402107 0.879685
vt 0.401094 0.886276
vt 0.401970 0.904951
vt 0.602178 0.540266
vt 0.610860 0.536969
vt 0.917102 0.639197
vt 0.988949 0.719384
vt 0.580256 0.499223
vt 0.576480 0.455522
vt 0.583583 0.453249
vt 0.322051 0.892978
vt 0.323245 0.786885
vt 0.338468 0.706660
vt 0.378725 0.909817
vt 0.403759 0.446228
vt 0.405747 0.461177
vt 0.438248 0.499753
vt 0.018827 0.936614
vt 0.169480 0.877292
vt 0.166326 0.844754
vt 0.471650 0.517800
vt 0.411304 0.582549
vt 0.473883 0.017336
vt 0.480775 0.017155
vt 0.482577 0.024336
vt 0.481546 0.012669
vt 0.484620 0.024763
vt 0.489905 0.012924
vt 0.492210 0.019530
vt 0.489580 0.021097
vt 0.490132 0.028899
vt 0.484571 0.027230
vt 0.487774 0.036008
vt 0.051228 0.850389
vt 0.095736 0.846970
vt 0.493951 0.030359
vt 0.026537 0.923709
vt 0.026645 0.928324
vt 0.972579 0.664500
vt 0.948735 0.606163
vt 0.971572 0.600286
vt 0.954373 0.592347
vt 0.946847 0.586051
vt 0.683628 0.110986
vt 0.179621 0.694025
vt 0.157191 0.710494
vt 0.170485 0.715102
vt 0.174760 0.709971
vt 0.954937 0.046962
vt 0.966757 0.068238
vt 0.979072 0.082023
vt 0.997198 0.056387
vt 0.338846 0.639690
vt 0.329469 0.643447
vt 0.341918 0.651340
vt 0.386254 0.633656
vt 0.387521 0.639944
vt 0.380323 0.644699
vt 0.390700 0.649270
vt 0.441972 0.966052
vt 0.446152 0.952658
vt 0.448405 0.963293
vt 0.457800 0.931967
vt 0.933801 0.651008
vt 0.659823 0.565889
vt 0.910240 0.629577
vt 0.978427 0.851991
vt 0.958026 0.855696
vt 0.942676 0.861756
vt 0.977541 0.866730
vt 0.977191 0.861262
vt 0.979524 0.857837
vt 0.957740 0.855613
vt 0.978760 0.851871
vt 0.978981 0.825441
vt 0.832244 0.334527
vt 0.827281 0.332142
vt 0.830143 0.324249
vt 0.390629 0.706999
vt 0.396572 0.706673
vt 0.383138 0.717538
vt 0.213589 0.892547
vt 0.213399 0.880211
vt 0.217144 0.887355
vt 0.326111 0.793425
vt 0.345290 0.742624
vt 0.383747 0.904347
vt 0.382750 0.899604
vt 0.384339 0.888744
vt 0.388084 0.896658
vt 0.448855 0.495709
vt 0.173027 0.830585
vt 0.473169 0.521011
vt 0.474736 0.526224
vt 0.469578 0.528593
vt 0.293779 0.971506
vt 0.287273 0.966131
vt 0.293779 0.964836
vt 0.470514 0.023178
vt 0.477641 0.023304
vt 0.480478 0.029415
vt 0.095208 0.845738
vt 0.090163 0.836949
vt 0.037578 0.860225
vt 0.014563 0.928276
vt 0.972539 0.631739
vt 0.970912 0.619048
vt 0.006492 0.915772
vt 0.001746 0.934530
vt 0.967929 0.605210
vt 0.954080 0.586524
vt 0.643732 0.132137
vt 0.643152 0.126208
vt 0.677719 0.139032
vt 0.189632 0.474335
vt 0.193811 0.470697
vt 0.301793 0.660710
vt 0.974475 0.078404
vt 0.984727 0.082997
vt 0.995223 0.075530
vt 0.337917 0.655141
vt 0.323065 0.663289
vt 0.342229 0.651190
vt 0.338968 0.639508
vt 0.374401 0.626509
vt 0.380375 0.653715
vt 0.449334 0.968710
vt 0.819182 0.332980
vt 0.814710 0.324259
vt 0.822126 0.323679
vt 0.451516 0.934258
vt 0.935979 0.663996
vt 0.623623 0.534169
vt 0.199519 0.769027
vt 0.203905 0.766289
vt 0.209641 0.773048
vt 0.942572 0.923562
vt 0.977904 0.905968
vt 0.874179 0.956465
vt 0.875294 0.962683
vt 0.870400 0.957916
vt 0.876222 0.963318
vt 0.876350 0.967870
vt 0.871581 0.964875
vt 0.876870 0.976717
vt 0.876945 0.965324
vt 0.883199 0.967780
vt 0.877562 0.970755
vt 0.879781 0.941534
vt 0.882478 0.944963
vt 0.874454 0.948115
vt 0.879940 0.949599
vt 0.871774 0.951573
vt 0.882846 0.973043
vt 0.882832 0.978532
vt 0.901714 0.981193
vt 0.891086 0.980971
vt 0.900653 0.940046
vt 0.884300 0.973392
vt 0.883140 0.945946
vt 0.883199 0.967780
vt 0.878760 0.963100
vt 0.880182 0.948581
vt 0.197088 0.872995
vt 0.202818 0.871815
vt 0.198915 0.878241
vt 0.806581 0.337616
vt 0.805985 0.351812
vt 0.801131 0.351692
vt 0.807860 0.351265
vt 0.805218 0.358373
vt 0.796979 0.361418
vt 0.396284 0.864026
vt 0.389954 0.857889
vt 0.396229 0.850901
vt 0.780925 0.349509
vt 0.787316 0.323173
vt 0.788806 0.362698
vt 0.791415 0.323156
vt 0.885803 0.940534
vt 0.207421 0.871329
vt 0.197669 0.867465
vt 0.793205 0.330206
vt 0.800815 0.328756
vt 0.799673 0.339709
vt 0.802197 0.333869
vt 0.396185 0.851206
vt 0.389740 0.857333
vt 0.384566 0.851331
vt 0.576658 0.956052
vt 0.580756 0.963248
vt 0.577318 0.964676
vt 0.961983 0.244504
vt 0.966400 0.246368
vt 0.959190 0.246567
vt 0.587427 0.950336
vt 0.584336 0.954656
vt 0.581197 0.948899
vt 0.575325 0.954195
vt 0.963679 0.367078
vt 0.971504 0.374459
vt 0.965589 0.379798
vt 0.965771 0.381772
vt 0.968455 0.381285
vt 0.966837 0.397739
vt 0.472076 0.965963
vt 0.468596 0.959302
vt 0.472818 0.960118
vt 0.416553 0.960296
vt 0.414855 0.966542
vt 0.411167 0.961499
vt 0.518878 0.954709
vt 0.517872 0.957912
vt 0.511421 0.953374
vt 0.510206 0.958595
vt 0.959547 0.400641
vt 0.967863 0.409972
vt 0.207771 0.896464
vt 0.204846 0.895708
vt 0.210158 0.888608
vt 0.204634 0.895378
vt 0.200761 0.896996
vt 0.199670 0.890367
vt 0.195835 0.895320
vt 0.944886 0.345393
vt 0.942944 0.348642
vt 0.942290 0.339563
vt 0.938298 0.342575
vt 0.970488 0.426286
vt 0.973668 0.434118
vt 0.968191 0.434845
vt 0.966935 0.434330
vt 0.968049 0.440601
vt 0.959617 0.434040
vt 0.205430 0.881387
vt 0.202791 0.886082
vt 0.201048 0.881785
vt 0.951773 0.349218
vt 0.948203 0.350252
vt 0.948162 0.346175
vt 0.948090 0.345991
vt 0.944448 0.344663
vt 0.944628 0.340067
vt 0.949115 0.326661
vt 0.940145 0.335318
vt 0.943751 0.326673
vt 0.512934 0.958840
vt 0.518182 0.964307
vt 0.514019 0.965652
vt 0.412693 0.952330
vt 0.419369 0.957465
vt 0.411263 0.958605
vt 0.912594 0.955934
vt 0.907825 0.957008
vt 0.909675 0.951637
vt 0.960859 0.248121
vt 0.956596 0.251091
vt 0.957291 0.245120
vt 0.224666 0.950214
vt 0.222155 0.955239
vt 0.217042 0.950083
vt 0.574431 0.953029
vt 0.576142 0.945578
vt 0.959307 0.372980
vt 0.959311 0.372943
vt 0.964371 0.376436
vt 0.959448 0.385552
vt 0.966048 0.427118
vt 0.200664 0.881787
vt 0.199793 0.886712
vt 0.195734 0.884127
vt 0.963303 0.182543
vt 0.971131 0.181011
vt 0.971726 0.185325
vt 0.281741 0.959311
vt 0.282227 0.963552
vt 0.278224 0.956071
vt 0.942541 0.339416
vt 0.948458 0.335980
vt 0.973662 0.216236
vt 0.968693 0.216387
vt 0.967924 0.207102
vt 0.959524 0.230724
vt 0.966214 0.228788
vt 0.966706 0.235952
vt 0.969167 0.239969
vt 0.962129 0.240930
vt 0.222082 0.945099
vt 0.221703 0.942721
vt 0.216752 0.938278
vt 0.953995 0.370304
vt 0.955569 0.381197
vt 0.221076 0.924928
vt 0.215416 0.930176
vt 0.225957 0.903934
vt 0.220863 0.905280
vt 0.957241 0.399630
vt 0.962783 0.392314
vt 0.959991 0.424374
vt 0.966911 0.434194
vt 0.962456 0.432624
vt 0.549878 0.961181
vt 0.552124 0.967161
vt 0.545187 0.962607
vt 0.955742 0.180859
vt 0.961511 0.183108
vt 0.955432 0.187377
vt 0.956002 0.188560
vt 0.959140 0.184738
vt 0.960958 0.190489
vt 0.959729 0.186606
vt 0.962059 0.183440
vt 0.965169 0.189583
vt 0.963293 0.184162
vt 0.971789 0.185336
vt 0.965314 0.189531
vt 0.969290 0.191729
vt 0.967309 0.198562
vt 0.965120 0.190048
vt 0.967114 0.198199
vt 0.974134 0.204262
vt 0.967364 0.204869
vt 0.211619 0.851451
vt 0.200673 0.855277
vt 0.796733 0.322310
vt 0.771593 0.354520
vt 0.764558 0.355819
vt 0.753242 0.335100
vt 0.756772 0.347469
vt 0.762597 0.322971
vt 0.773015 0.337879
vt 0.390899 0.838013
vt 0.393827 0.844452
vt 0.386286 0.842212
vt 0.394803 0.847401
vt 0.384384 0.850841
vt 0.377487 0.827779
vt 0.778354 0.327402
vt 0.909709 0.938909
vt 0.910207 0.950204
vt 0.904729 0.951470
vt 0.959296 0.235798
vt 0.961864 0.242583
vt 0.957296 0.245044
vt 0.958648 0.238320
vt 0.957568 0.241684
vt 0.953831 0.242083
vt 0.957054 0.233264
vt 0.230855 0.938953
vt 0.228925 0.946021
vt 0.225515 0.938400
vt 0.229510 0.948732
vt 0.224314 0.949515
vt 0.226386 0.937886
vt 0.229641 0.906193
vt 0.541325 0.945578
vt 0.551132 0.946498
vt 0.554959 0.956004
vt 0.549712 0.952725
vt 0.541528 0.959266
vt 0.965120 0.190048
vt 0.959242 0.194219
vt 0.779564 0.362581
vt 0.762018 0.364055
vt 0.771808 0.362464
vt 0.158378 0.982160
vt 0.150973 0.983507
vt 0.143174 0.978575
vt 0.777028 0.347010
vt 0.134428 0.983246
vt 0.121168 0.972875
vt 0.120900 0.980941
vt 0.776299 0.324392
vt 0.390826 0.837737
vt 0.966748 0.230891
vt 0.156948 0.936904
vt 0.968652 0.925019
vt 0.213544 0.839734
vt 0.202764 0.828579
vt 0.125791 0.946887
vt 0.977458 0.925654
vt 0.121004 0.953401
vt 0.384121 0.802359
vt 0.375459 0.809695
vt 0.386879 0.720686
vt 0.393821 0.734491
vt 0.613622 0.486002
vt 0.591927 0.494278
vt 0.631729 0.957930
vt 0.625105 0.964121
vt 0.625105 0.953963
vt 0.346832 0.803870
vt 0.347005 0.818552
vt 0.342576 0.790057
vt 0.334369 0.789580
vt 0.333031 0.784166
vt 0.348635 0.754488
vt 0.371673 0.736979
vt 0.383873 0.904950
vt 0.386479 0.910170
vt 0.404701 0.560525
vt 0.404688 0.578748
vt 0.462321 0.025599
vt 0.471110 0.021823
vt 0.468133 0.031989
vt 0.469437 0.026932
vt 0.474446 0.031852
vt 0.483347 0.026174
vt 0.482483 0.035368
vt 0.474298 0.033984
vt 0.092140 0.831030
vt 0.609082 0.109892
vt 0.625440 0.114913
vt 0.624623 0.120024
vt 0.632982 0.170168
vt 0.177558 0.470487
vt 0.238446 0.648475
vt 0.251936 0.664506
vt 0.282807 0.680375
vt 0.305776 0.665320
vt 0.334459 0.662696
vt 0.383701 0.671001
vt 0.388182 0.660736
vt 0.389420 0.672824
vt 0.814974 0.335113
vt 0.819015 0.335455
vt 0.820199 0.329151
vt 0.823404 0.340348
vt 0.404389 0.918499
vt 0.402051 0.905012
vt 0.404062 0.903531
vt 0.933954 0.672385
vt 0.654922 0.540682
vt 0.646528 0.525066
vt 0.625864 0.528233
vt 0.908941 0.638816
vt 0.207276 0.775977
vt 0.213417 0.819750
vt 0.202088 0.811819
vt 0.120981 0.939894
vt 0.319763 0.957031
vt 0.314199 0.962905
vt 0.314199 0.954203
vt 0.376216 0.798824
vt 0.382964 0.760239
vt 0.386645 0.758353
vt 0.383779 0.756000
vt 0.616670 0.446942
vt 0.631032 0.945916
vt 0.344030 0.845609
vt 0.353931 0.863623
vt 0.348521 0.848055
vt 0.340015 0.844826
vt 0.322819 0.791941
vt 0.326352 0.784798
vt 0.333197 0.788472
vt 0.363248 0.745082
vt 0.344864 0.742981
vt 0.356448 0.738106
vt 0.356388 0.738093
vt 0.378662 0.910977
vt 0.385625 0.911589
vt 0.164867 0.818549
vt 0.162934 0.844124
vt 0.449161 0.532619
vt 0.406889 0.552120
vt 0.400620 0.569385
vt 0.468967 0.030139
vt 0.474280 0.034238
vt 0.467891 0.039620
vt 0.285085 0.954203
vt 0.293779 0.954203
vt 0.290809 0.963502
vt 0.183710 0.468196
vt 0.168824 0.734026
vt 0.309317 0.677533
vt 0.989020 0.087163
vt 0.337923 0.655038
vt 0.337212 0.675633
vt 0.819141 0.341365
vt 0.651711 0.528835
vt 0.198196 0.777472
vt 0.385831 0.800288
vt 0.393110 0.766665
vt 0.382805 0.754862
vt 0.353944 0.894806
vt 0.356117 0.876757
vt 0.342377 0.834487
vt 0.348608 0.744669
vt 0.348661 0.744647
vt 0.360857 0.744989
vt 0.361836 0.757196
vt 0.374122 0.721459
vt 0.357746 0.712217
vt 0.351897 0.706527
vt 0.376450 0.928286
vt 0.383197 0.922727
vt 0.382769 0.918471
vt 0.389412 0.918154
vt 0.402170 0.469948
vt 0.410468 0.482116
vt 0.421703 0.506003
vt 0.176611 0.803031
vt 0.172868 0.799648
vt 0.427993 0.534867
vt 0.452520 0.023305
vt 0.461227 0.026883
vt 0.451440 0.031026
vt 0.457910 0.035087
vt 0.459343 0.035002
vt 0.006168 0.850618
vt 0.018422 0.818458
vt 0.010306 0.905782
vt 0.600677 0.133781
vt 0.049739 0.501122
vt 0.035324 0.638540
vt 0.120490 0.696462
vt 0.265722 0.673101
vt 0.290687 0.685926
vt 0.371962 0.968642
vt 0.365873 0.970603
vt 0.365873 0.963308
vt 0.317537 0.681840
vt 0.324336 0.683367
vt 0.386350 0.681546
vt 0.394470 0.684446
vt 0.392014 0.694705
vt 0.384115 0.694164
vt 0.404712 0.920392
vt 0.412369 0.926553
vt 0.415391 0.935828
vt 0.420428 0.950872
vt 0.195710 0.784875
vt 0.199595 0.804318
vt 0.629898 0.479730
vt 0.614045 0.485868
vt 0.625871 0.474766
vt 0.625386 0.465393
vt 0.625139 0.460014
vt 0.331196 0.932469
vt 0.355798 0.887708
vt 0.678814 0.900261
vt 0.684855 0.894082
vt 0.677421 0.909982
vt 0.347442 0.818160
vt 0.349082 0.803788
vt 0.348014 0.792066
vt 0.338275 0.784990
vt 0.344962 0.775690
vt 0.354993 0.752459
vt 0.368870 0.743590
vt 0.369224 0.709782
vt 0.402911 0.953291
vt 0.406763 0.963450
vt 0.401019 0.960470
vt 0.402138 0.969812
vt 0.384648 0.924918
vt 0.395089 0.924046
vt 0.170644 0.772894
vt 0.402655 0.549725
vt 0.443607 0.032559
vt 0.451977 0.036038
vt 0.449609 0.036741
vt 0.458576 0.035047
vt 0.457260 0.046845
vt 0.465205 0.042508
vt 0.094911 0.824187
vt 0.072909 0.810316
vt 0.036605 0.798959
vt 0.015280 0.877739
vt 0.020068 0.884273
vt 0.017993 0.892119
vt 0.008709 0.896995
vt 0.589728 0.109873
vt 0.598296 0.106913
vt 0.690234 0.188838
vt 0.694842 0.141003
vt 0.699139 0.159645
vt 0.162225 0.460415
vt 0.027853 0.555993
vt 0.161098 0.737224
vt 0.784959 0.287280
vt 0.780401 0.283732
vt 0.789136 0.282854
vt 0.777769 0.268473
vt 0.782930 0.249047
vt 0.281050 0.687502
vt 0.796793 0.225603
vt 0.777410 0.241526
vt 0.776167 0.250610
vt 0.304950 0.688155
vt 0.763437 0.219783
vt 0.762868 0.213268
vt 0.773432 0.228455
vt 0.331142 0.683552
vt 0.761423 0.207090
vt 0.753194 0.203349
vt 0.763147 0.187955
vt 0.352728 0.687930
vt 0.357691 0.687037
vt 0.383715 0.670721
vt 0.366651 0.689180
vt 0.392058 0.696217
vt 0.382331 0.699286
vt 0.928957 0.686113
vt 0.152998 0.912134
vt 0.158375 0.911824
vt 0.151666 0.919167
vt 0.142288 0.913697
vt 0.128001 0.918731
vt 0.120756 0.912123
vt 0.651716 0.866946
vt 0.654065 0.851156
vt 0.659034 0.852002
vt 0.864762 0.322363
vt 0.867371 0.331041
vt 0.863897 0.337147
vt 0.869517 0.345422
vt 0.868677 0.322383
vt 0.672847 0.906344
vt 0.675515 0.910222
vt 0.677462 0.910058
vt 0.654607 0.946611
vt 0.648426 0.938652
vt 0.657722 0.943609
vt 0.649141 0.924214
vt 0.736711 0.852004
vt 0.717948 0.850309
vt 0.725271 0.841748
vt 0.341747 0.787662
vt 0.432673 0.965132
vt 0.430520 0.958957
vt 0.438607 0.963896
vt 0.435147 0.952203
vt 0.439999 0.954744
vt 0.721821 0.808327
vt 0.719098 0.812097
vt 0.717486 0.805268
vt 0.365765 0.752245
vt 0.380911 0.936858
vt 0.400620 0.483685
vt 0.407108 0.494784
vt 0.405840 0.502448
vt 0.182096 0.793047
vt 0.191458 0.782068
vt 0.180512 0.769103
vt 0.175883 0.764591
vt 0.444171 0.040451
vt 0.096788 0.819386
vt 0.016591 0.866115
vt 0.569553 0.107363
vt 0.574815 0.100994
vt 0.579038 0.109662
vt 0.010904 0.886487
vt 0.583173 0.101393
vt 0.696669 0.168518
vt 0.102061 0.749930
vt 0.156272 0.734352
vt 0.772146 0.173280
vt 0.374441 0.700392
vt 0.366759 0.698847
vt 0.924293 0.687781
vt 0.927885 0.694785
vt 0.151666 0.919167
vt 0.144326 0.913521
vt 0.150907 0.911650
vt 0.653966 0.915514
vt 0.653205 0.889809
vt 0.657408 0.899886
vt 0.141801 0.911258
vt 0.128039 0.918710
vt 0.129562 0.912040
vt 0.630971 0.475250
vt 0.657992 0.880014
vt 0.343650 0.906467
vt 0.340312 0.920711
vt 0.344542 0.912821
vt 0.922425 0.361513
vt 0.921878 0.355048
vt 0.930503 0.354283
vt 0.352058 0.904930
vt 0.872062 0.344918
vt 0.670782 0.925921
vt 0.685739 0.893306
vt 0.711547 0.908299
vt 0.695575 0.884921
vt 0.704308 0.887852
vt 0.911610 0.684597
vt 0.905594 0.660364
vt 0.914137 0.672084
vt 0.719531 0.862547
vt 0.733346 0.841820
vt 0.383819 0.924790
vt 0.387591 0.933718
vt 0.383290 0.938574
vt 0.388149 0.935505
vt 0.387439 0.944793
vt 0.383511 0.940224
vt 0.378005 0.946833
vt 0.382821 0.962870
vt 0.382821 0.952561
vt 0.388042 0.959439
vt 0.188441 0.793923
vt 0.187629 0.766492
vt 0.453384 0.050246
vt 0.444685 0.048156
vt 0.092713 0.802479
vt 0.086221 0.796852
vt 0.009632 0.859387
vt 0.557785 0.109001
vt 0.553161 0.117719
vt 0.700505 0.178312
vt 0.147913 0.448406
vt 0.157626 0.452412
vt 0.030462 0.680772
vt 0.153385 0.743380
vt 0.790167 0.289937
vt 0.795609 0.282301
vt 0.812565 0.278494
vt 0.762106 0.183520
vt 0.658088 0.913643
vt 0.655131 0.883701
vt 0.654084 0.882465
vt 0.336410 0.922277
vt 0.861102 0.343213
vt 0.863564 0.336092
vt 0.864527 0.349292
vt 0.865937 0.350990
vt 0.668084 0.941245
vt 0.671613 0.936745
vt 0.666753 0.946017
vt 0.669181 0.950718
vt 0.672554 0.946411
vt 0.712298 0.881340
vt 0.907614 0.657194
vt 0.729391 0.866471
vt 0.742204 0.824259
vt 0.738788 0.839892
vt 0.728707 0.828994
vt 0.735864 0.843501
vt 0.722223 0.810900
vt 0.718352 0.789270
vt 0.728314 0.806633
vt 0.725325 0.777912
vt 0.845119 0.986064
vt 0.837363 0.986415
vt 0.834177 0.974146
vt 0.832293 0.984074
vt 0.832399 0.982968
vt 0.828068 0.965746
vt 0.832035 0.961085
vt 0.735342 0.735796
vt 0.724674 0.736994
vt 0.730370 0.733351
vt 0.453753 0.052531
vt 0.441941 0.056007
vt 0.092680 0.801946
vt 0.085790 0.797651
vt 0.091918 0.795897
vt 0.058795 0.780782
vt 0.011902 0.825147
vt 0.545258 0.123429
vt 0.575862 0.194546
vt 0.694440 0.203146
vt 0.699698 0.184650
vt 0.143835 0.443509
vt 0.077924 0.428766
vt 0.145091 0.741725
vt 0.802971 0.286309
vt 0.909145 0.232987
vt 0.763809 0.175216
vt 0.777211 0.165443
vt 0.818380 0.140140
vt 0.772790 0.161128
vt 0.774572 0.148212
vt 0.773375 0.156852
vt 0.369347 0.950957
vt 0.360601 0.946729
vt 0.372963 0.944765
vt 0.359070 0.940055
vt 0.363802 0.939994
vt 0.354863 0.934619
vt 0.349063 0.939528
vt 0.338682 0.930560
vt 0.331220 0.932482
vt 0.672876 0.949108
vt 0.700066 0.943805
vt 0.721391 0.885377
vt 0.722623 0.898277
vt 0.167449 0.911060
vt 0.166379 0.900300
vt 0.168100 0.925138
vt 0.179198 0.915457
vt 0.746102 0.856117
vt 0.742663 0.859488
vt 0.746860 0.850869
vt 0.735678 0.818816
vt 0.729936 0.820735
vt 0.833005 0.945944
vt 0.837178 0.938301
vt 0.842230 0.941504
vt 0.742929 0.757028
vt 0.740447 0.760979
vt 0.739410 0.749726
vt 0.730319 0.752299
vt 0.441702 0.065193
vt 0.437347 0.076962
vt 0.445009 0.069705
vt 0.442486 0.091444
vt 0.072062 0.780543
vt 0.036763 0.780611
vt 0.671319 0.248854
vt 0.133717 0.427302
vt 0.147055 0.433567
vt 0.133913 0.435350
vt 0.700447 0.197491
vt 0.029693 0.467548
vt 0.138050 0.752079
vt 0.639614 0.959695
vt 0.633700 0.960487
vt 0.635740 0.952425
vt 0.670890 0.964618
vt 0.677746 0.961346
vt 0.689531 0.954845
vt 0.689390 0.949504
vt 0.723556 0.909557
vt 0.162989 0.928036
vt 0.750643 0.869672
vt 0.742734 0.859607
vt 0.744908 0.856344
vt 0.979937 0.518170
vt 0.985172 0.517480
vt 0.986817 0.525066
vt 0.754413 0.852173
vt 0.743361 0.824278
vt 0.738371 0.821946
vt 0.942375 0.365506
vt 0.935033 0.365506
vt 0.937655 0.353967
vt 0.831954 0.961140
vt 0.838422 0.945386
vt 0.846013 0.950284
vt 0.846009 0.942980
vt 0.739782 0.768539
vt 0.741368 0.761404
vt 0.746489 0.765533
vt 0.750786 0.764141
vt 0.741256 0.761420
vt 0.740765 0.750222
vt 0.751149 0.725051
vt 0.759555 0.724855
vt 0.774091 0.722227
vt 0.432231 0.081558
vt 0.432211 0.089314
vt 0.967249 0.514374
vt 0.962005 0.502053
vt 0.970330 0.501301
vt 0.974087 0.488822
vt 0.958968 0.469303
vt 0.953995 0.487328
vt 0.954231 0.475827
vt 0.016829 0.806541
vt 0.014186 0.812487
vt 0.505847 0.125126
vt 0.510478 0.119288
vt 0.518730 0.123977
vt 0.112401 0.422034
vt 0.120333 0.754819
vt 0.830050 0.280786
vt 0.772423 0.136577
vt 0.773364 0.127174
vt 0.777173 0.112628
vt 0.770907 0.109521
vt 0.777809 0.104589
vt 0.699485 0.951268
vt 0.711398 0.941508
vt 0.172175 0.968960
vt 0.167573 0.958693
vt 0.174322 0.966573
vt 0.162705 0.946850
vt 0.206885 0.980005
vt 0.194828 0.923557
vt 0.968554 0.526313
vt 0.984012 0.538436
vt 0.766027 0.859231
vt 0.762895 0.844571
vt 0.753025 0.831136
vt 0.735430 0.780270
vt 0.751796 0.780668
vt 0.755416 0.773917
vt 0.751413 0.768225
vt 0.444314 0.104132
vt 0.026060 0.772150
vt 0.010383 0.799606
vt 0.494631 0.133033
vt 0.499290 0.124366
vt 0.488929 0.167082
vt 0.015065 0.586753
vt 0.109956 0.758039
vt 0.790567 0.064417
vt 0.774889 0.098028
vt 0.762822 0.086651
vt 0.764039 0.076257
vt 0.768138 0.086173
vt 0.756495 0.076069
vt 0.762061 0.069390
vt 0.706329 0.949550
vt 0.723030 0.915948
vt 0.726453 0.908133
vt 0.203112 0.932449
vt 0.203460 0.927995
vt 0.959700 0.531507
vt 0.964047 0.531010
vt 0.954963 0.538683
vt 0.774433 0.858728
vt 0.763046 0.844643
vt 0.763351 0.837693
vt 0.753207 0.831178
vt 0.749519 0.793828
vt 0.751671 0.780691
vt 0.782665 0.776482
vt 0.427451 0.093149
vt 0.428953 0.103555
vt 0.440188 0.108369
vt 0.437742 0.127530
vt 0.977426 0.461534
vt 0.979436 0.471637
vt 0.972445 0.465218
vt 0.442359 0.123657
vt 0.002559 0.769714
vt 0.008944 0.785877
vt 0.482518 0.139736
vt 0.489244 0.142258
vt 0.618501 0.257376
vt 0.704058 0.222885
vt 0.094587 0.416648
vt 0.096436 0.422404
vt 0.053055 0.432090
vt 0.018380 0.520482
vt 0.024643 0.509723
vt 0.021641 0.526482
vt 0.015773 0.537210
vt 0.014174 0.555626
vt 0.013915 0.556302
vt 0.016810 0.565798
vt 0.012102 0.578022
vt 0.014154 0.666570
vt 0.027100 0.739661
vt 0.080943 0.759334
vt 0.091887 0.756171
vt 0.857652 0.287094
vt 0.846481 0.290336
vt 0.840899 0.280610
vt 0.913475 0.274209
vt 0.726437 0.923649
vt 0.180638 0.980683
vt 0.174109 0.975066
vt 0.785385 0.851658
vt 0.763237 0.837627
vt 0.757132 0.787466
vt 0.752439 0.780552
vt 0.765524 0.790309
vt 0.762642 0.774907
vt 0.754499 0.768478
vt 0.965507 0.461183
vt 0.954567 0.460966
vt 0.958769 0.445733
vt 0.006326 0.779615
vt 0.001000 0.784918
vt 0.004051 0.790950
vt 0.484987 0.147720
vt 0.734668 0.274571
vt 0.711065 0.240339
vt 0.720233 0.242930
vt 0.714448 0.235328
vt 0.086907 0.422438
vt 0.026152 0.474408
vt 0.021424 0.501196
vt 0.016847 0.533126
vt 0.014618 0.525179
vt 0.394953 0.152318
vt 0.399090 0.165168
vt 0.393595 0.177749
vt 0.016806 0.566211
vt 0.010227 0.561945
vt 0.227826 0.880110
vt 0.222911 0.885916
vt 0.220777 0.873961
vt 0.219630 0.886422
vt 0.227559 0.897467
vt 0.009199 0.588897
vt 0.937239 0.938185
vt 0.938520 0.947732
vt 0.934092 0.944970
vt 0.012187 0.597284
vt 0.012136 0.624858
vt 0.006009 0.647101
vt 0.010640 0.635949
vt 0.014278 0.649428
vt 0.012594 0.670498
vt 0.060012 0.756744
vt 0.868970 0.286789
vt 0.753644 0.064523
vt 0.770519 0.045389
vt 0.731460 0.956009
vt 0.732719 0.948578
vt 0.761551 0.890107
vt 0.766308 0.893811
vt 0.769674 0.915201
vt 0.767776 0.893925
vt 0.763673 0.886726
vt 0.782055 0.889734
vt 0.962677 0.572286
vt 0.986765 0.546291
vt 0.768236 0.793087
vt 0.415345 0.127378
vt 0.422568 0.104792
vt 0.440633 0.137184
vt 0.416019 0.138608
vt 0.437486 0.143094
vt 0.876689 0.357974
vt 0.873561 0.352438
vt 0.890021 0.339879
vt 0.980380 0.460098
vt 0.970635 0.443072
vt 0.429195 0.957758
vt 0.421995 0.969208
vt 0.421995 0.952203
vt 0.467942 0.155014
vt 0.477602 0.145598
vt 0.504065 0.213804
vt 0.657803 0.310445
vt 0.730622 0.246428
vt 0.736889 0.258680
vt 0.064392 0.426764
vt 0.026312 0.469797
vt 0.021858 0.482741
vt 0.024811 0.490438
vt 0.024812 0.490435
vt 0.021361 0.498899
vt 0.018291 0.491134
vt 0.020797 0.499361
vt 0.018038 0.519407
vt 0.390913 0.136486
vt 0.389557 0.142413
vt 0.382855 0.143425
vt 0.538519 0.948431
vt 0.539999 0.960838
vt 0.534854 0.949214
vt 0.535435 0.968652
vt 0.391081 0.199251
vt 0.399390 0.230874
vt 0.390058 0.232778
vt 0.931264 0.965714
vt 0.009173 0.616783
vt 0.395876 0.241509
vt 0.393885 0.262947
vt 0.392454 0.248547
vt 0.392438 0.256923
vt 0.002727 0.655261
vt 0.006043 0.684771
vt 0.008055 0.672931
vt 0.012956 0.671539
vt 0.015743 0.726645
vt 0.038889 0.763198
vt 0.910462 0.291565
vt 0.888620 0.293938
vt 0.911576 0.192915
vt 0.729619 0.944422
vt 0.210603 0.956714
vt 0.788396 0.893943
vt 0.956557 0.558163
vt 0.978927 0.564557
vt 0.795271 0.861543
vt 0.790367 0.869889
vt 0.765528 0.790316
vt 0.766071 0.780639
vt 0.774796 0.799780
vt 0.788031 0.716348
vt 0.802755 0.711699
vt 0.891407 0.350388
vt 0.880867 0.347511
vt 0.883717 0.322438
vt 0.887629 0.330715
vt 0.381495 0.962902
vt 0.375458 0.962023
vt 0.381495 0.952561
vt 0.920552 0.365527
vt 0.914433 0.358789
vt 0.920552 0.354283
vt 0.465397 0.163606
vt 0.553239 0.279844
vt 0.693737 0.306877
vt 0.747069 0.267438
vt 0.048942 0.427507
vt 0.042878 0.431956
vt 0.354748 0.069968
vt 0.362640 0.079599
vt 0.365830 0.093670
vt 0.027547 0.455644
vt 0.020034 0.468525
vt 0.026968 0.468954
vt 0.371267 0.091404
vt 0.366651 0.103835
vt 0.377516 0.111817
vt 0.383442 0.117963
vt 0.377127 0.127194
vt 0.386458 0.169151
vt 0.391778 0.186068
vt 0.388200 0.247178
vt 0.388172 0.258902
vt 0.001346 0.665812
vt 0.013378 0.672889
vt 0.011997 0.705952
vt 0.006660 0.706925
vt 0.005566 0.716049
vt 0.017293 0.735819
vt 0.911797 0.103002
vt 0.734960 0.941290
vt 0.193277 0.996956
vt 0.196186 0.991560
vt 0.210428 0.970601
vt 0.766876 0.920718
vt 0.768368 0.932934
vt 0.802213 0.913054
vt 0.775344 0.894503
vt 0.816591 0.710297
vt 0.811093 0.704258
vt 0.429730 0.161739
vt 0.883995 0.346087
vt 0.890606 0.339423
vt 0.456236 0.170665
vt 0.458576 0.168060
vt 0.623616 0.951053
vt 0.617652 0.964288
vt 0.616327 0.945502
vt 0.737186 0.291414
vt 0.743606 0.283764
vt 0.751128 0.285512
vt 0.751829 0.273023
vt 0.028386 0.445993
vt 0.350423 0.081858
vt 0.357817 0.088717
vt 0.367478 0.105296
vt 0.349046 0.079541
vt 0.385733 0.161848
vt 0.391187 0.186669
vt 0.390552 0.232595
vt 0.392016 0.213254
vt 0.387789 0.248195
vt 0.387807 0.265550
vt 0.381310 0.283523
vt 0.380539 0.282472
vt 0.382620 0.292723
vt 0.377029 0.298588
vt 0.005615 0.700783
vt 0.007650 0.724529
vt 0.911600 0.145237
vt 0.788751 0.023335
vt 0.505655 0.952810
vt 0.506904 0.964098
vt 0.504499 0.959659
vt 0.498972 0.966553
vt 0.200563 0.994157
vt 0.788412 0.893946
vt 0.954028 0.565391
vt 0.811002 0.872156
vt 0.799991 0.860483
vt 0.794731 0.851613
vt 0.795514 0.861800
vt 0.794742 0.851556
vt 0.798917 0.829775
vt 0.820629 0.754469
vt 0.822317 0.728165
vt 0.415747 0.144323
vt 0.440298 0.176690
vt 0.439388 0.170298
vt 0.896226 0.339356
vt 0.891794 0.329631
vt 0.440518 0.176699
vt 0.605601 0.333117
vt 0.305154 0.039139
vt 0.321016 0.037136
vt 0.318338 0.041493
vt 0.267092 0.958165
vt 0.261186 0.963695
vt 0.261186 0.954203
vt 0.274204 0.954203
vt 0.274204 0.963695
vt 0.268418 0.956914
vt 0.746734 0.289284
vt 0.335153 0.059229
vt 0.342773 0.056538
vt 0.340666 0.068279
vt 0.347935 0.067630
vt 0.033904 0.424154
vt 0.027369 0.436300
vt 0.239082 0.954203
vt 0.244833 0.961549
vt 0.239082 0.963968
vt 0.347189 0.074332
vt 0.345027 0.083833
vt 0.376669 0.124961
vt 0.379314 0.134235
vt 0.002845 0.691191
vt 0.377033 0.298570
vt 0.377647 0.306728
vt 0.374044 0.308785
vt 0.374819 0.313222
vt 0.370946 0.319479
vt 0.373397 0.309932
vt 0.366796 0.321920
vt 0.928807 0.320959
vt 0.919533 0.316286
vt 0.922563 0.312765
vt 0.024021 0.743403
vt 0.833874 0.015217
vt 0.769212 0.041777
vt 0.779357 0.029403
vt 0.101116 0.922741
vt 0.106563 0.927736
vt 0.100709 0.931266
vt 0.106563 0.935224
vt 0.498972 0.955250
vt 0.211369 0.997945
vt 0.769964 0.958091
vt 0.766839 0.950107
vt 0.773439 0.954504
vt 0.780026 0.953270
vt 0.785771 0.955111
vt 0.824777 0.913086
vt 0.797184 0.886964
vt 0.805927 0.889750
vt 0.968032 0.577847
vt 0.961433 0.581296
vt 0.973410 0.580144
vt 0.803563 0.880154
vt 0.802016 0.854586
vt 0.665059 0.573893
vt 0.663404 0.551487
vt 0.668870 0.544767
vt 0.811248 0.785587
vt 0.816913 0.710073
vt 0.816373 0.702018
vt 0.821490 0.704178
vt 0.407752 0.151313
vt 0.428409 0.169796
vt 0.440614 0.196207
vt 0.626198 0.330876
vt 0.646443 0.326889
vt 0.654885 0.317471
vt 0.662103 0.319098
vt 0.665906 0.319967
vt 0.668102 0.313399
vt 0.681538 0.312904
vt 0.290399 0.034440
vt 0.287907 0.020679
vt 0.311255 0.031428
vt 0.720864 0.297173
vt 0.308363 0.044582
vt 0.324304 0.057405
vt 0.331842 0.053036
vt 0.335456 0.048422
vt 0.329082 0.065128
vt 0.374602 0.302718
vt 0.365053 0.323284
vt 0.362759 0.330629
vt 0.343480 0.347837
vt 0.005468 0.731466
vt 0.015867 0.741019
vt 0.939979 0.320195
vt 0.930360 0.315531
vt 0.939064 0.315677
vt 0.932178 0.306106
vt 0.932109 0.305609
vt 0.927694 0.295837
vt 0.931787 0.291877
vt 0.930687 0.282977
vt 0.932458 0.249160
vt 0.777999 0.959242
vt 0.801360 0.939986
vt 0.804789 0.884567
vt 0.815588 0.883755
vt 0.673001 0.574370
vt 0.805681 0.824594
vt 0.809423 0.800187
vt 0.826298 0.706315
vt 0.670850 0.422723
vt 0.664145 0.432026
vt 0.669646 0.411903
vt 0.412845 0.160824
vt 0.409034 0.165296
vt 0.425240 0.166315
vt 0.579149 0.341138
vt 0.221134 0.002254
vt 0.238643 0.004535
vt 0.228872 0.015219
vt 0.249807 0.011105
vt 0.658733 0.325012
vt 0.258677 0.017041
vt 0.261606 0.011464
vt 0.264582 0.021796
vt 0.676914 0.313986
vt 0.672652 0.325556
vt 0.276122 0.015539
vt 0.268479 0.022949
vt 0.282829 0.029895
vt 0.305044 0.043473
vt 0.315374 0.048114
vt 0.302466 0.048545
vt 0.324997 0.057823
vt 0.325992 0.058420
vt 0.335152 0.059229
vt 0.329073 0.065127
vt 0.329050 0.065123
vt 0.340369 0.067712
vt 0.319043 0.066097
vt 0.372839 0.310392
vt 0.353450 0.342176
vt 0.937814 0.307118
vt 0.927695 0.295837
vt 0.933130 0.294218
vt 0.937082 0.222753
vt 0.929897 0.221913
vt 0.716041 0.685341
vt 0.704783 0.687790
vt 0.722306 0.681197
vt 0.708384 0.674542
vt 0.702352 0.675993
vt 0.790694 0.954492
vt 0.794502 0.949753
vt 0.805518 0.942492
vt 0.697374 0.595355
vt 0.688254 0.587279
vt 0.698208 0.588973
vt 0.673121 0.580646
vt 0.665812 0.526205
vt 0.667463 0.513560
vt 0.679832 0.413087
vt 0.677081 0.409206
vt 0.505846 0.323950
vt 0.560557 0.344348
vt 0.535186 0.345463
vt 0.221670 0.009288
vt 0.255883 0.022183
vt 0.258884 0.025432
vt 0.291486 0.034336
vt 0.302331 0.048481
vt 0.353888 0.342123
vt 0.352171 0.349612
vt 0.346469 0.352189
vt 0.939926 0.290115
vt 0.930673 0.283012
vt 0.944118 0.273291
vt 0.939775 0.265562
vt 0.930337 0.242160
vt 0.943823 0.262863
vt 0.929594 0.239894
vt 0.936325 0.234165
vt 0.944862 0.234834
vt 0.935488 0.229447
vt 0.938164 0.220349
vt 0.936749 0.208308
vt 0.912328 0.049857
vt 0.800905 0.016706
vt 0.793316 0.017092
vt 0.712235 0.671045
vt 0.711331 0.664072
vt 0.715174 0.666210
vt 0.713709 0.652842
vt 0.718686 0.652840
vt 0.732260 0.645545
vt 0.822360 0.882958
vt 0.825442 0.891877
vt 0.406546 0.168784
vt 0.544541 0.350893
vt 0.143585 0.010430
vt 0.152786 0.006304
vt 0.152209 0.019789
vt 0.157932 0.016019
vt 0.160639 0.011489
vt 0.554633 0.346977
vt 0.566289 0.344283
vt 0.562085 0.352361
vt 0.166872 0.004259
vt 0.163388 0.018498
vt 0.572392 0.345727
vt 0.592089 0.340685
vt 0.197995 0.014148
vt 0.198585 0.001254
vt 0.205143 0.009338
vt 0.608478 0.342750
vt 0.600464 0.336228
vt 0.624551 0.337417
vt 0.619169 0.330740
vt 0.229107 0.014943
vt 0.252795 0.018897
vt 0.346595 0.350704
vt 0.346379 0.353883
vt 0.337119 0.361052
vt 0.321418 0.370407
vt 0.943686 0.255133
vt 0.944363 0.242086
vt 0.941004 0.241705
vt 0.945029 0.216648
vt 0.936133 0.209110
vt 0.936318 0.193063
vt 0.937376 0.189325
vt 0.930554 0.171925
vt 0.936519 0.148652
vt 0.735014 0.678922
vt 0.729654 0.683047
vt 0.726893 0.677418
vt 0.796632 0.012201
vt 0.719777 0.617085
vt 0.728042 0.612834
vt 0.667875 0.472105
vt 0.727150 0.427373
vt 0.703888 0.398959
vt 0.693951 0.399336
vt 0.412296 0.187600
vt 0.413092 0.217911
vt 0.509158 0.350948
vt 0.513203 0.354811
vt 0.520752 0.351046
vt 0.529025 0.352484
vt 0.130800 0.023202
vt 0.128874 0.013354
vt 0.136061 0.015836
vt 0.535189 0.345462
vt 0.536129 0.355519
vt 0.145824 0.018272
vt 0.177967 0.001771
vt 0.197497 0.013897
vt 0.147711 0.028615
vt 0.312916 0.380554
vt 0.309994 0.380570
vt 0.949442 0.201570
vt 0.934522 0.201165
vt 0.948029 0.193099
vt 0.938376 0.190430
vt 0.942706 0.184749
vt 0.932441 0.182165
vt 0.932120 0.181315
vt 0.930962 0.167987
vt 0.940293 0.180148
vt 0.945938 0.169898
vt 0.940327 0.179786
vt 0.939924 0.162667
vt 0.942327 0.164502
vt 0.936213 0.159834
vt 0.948163 0.131547
vt 0.936627 0.147908
vt 0.941111 0.103829
vt 0.941096 0.103867
vt 0.933834 0.081276
vt 0.938916 0.100683
vt 0.937609 0.087400
vt 0.833323 0.008433
vt 0.804829 0.011254
vt 0.712547 0.603077
vt 0.708161 0.595277
vt 0.726260 0.591978
vt 0.408806 0.196979
vt 0.452635 0.336854
vt 0.500908 0.362010
vt 0.507647 0.351604
vt 0.507500 0.360173
vt 0.115440 0.029797
vt 0.106014 0.028167
vt 0.119053 0.023112
vt 0.114090 0.018689
vt 0.527625 0.352240
vt 0.519706 0.359842
vt 0.124947 0.021031
vt 0.129627 0.023445
vt 0.145818 0.018274
vt 0.125967 0.027172
vt 0.152175 0.019819
vt 0.156751 0.016721
vt 0.156501 0.022437
vt 0.167672 0.016349
vt 0.094339 0.045370
vt 0.297834 0.386291
vt 0.278171 0.396109
vt 0.272954 0.399486
vt 0.264670 0.400867
vt 0.949411 0.203387
vt 0.934558 0.202525
vt 0.247646 0.404267
vt 0.248337 0.412036
vt 0.240137 0.407624
vt 0.942772 0.184693
vt 0.949558 0.173550
vt 0.950585 0.163465
vt 0.945402 0.153344
vt 0.946028 0.107542
vt 0.935723 0.097356
vt 0.943449 0.086806
vt 0.937610 0.086645
vt 0.935027 0.070977
vt 0.915791 0.001220
vt 0.889493 0.005188
vt 0.881006 0.009751
vt 0.855986 0.010572
vt 0.763344 0.683987
vt 0.728113 0.612691
vt 0.746186 0.509806
vt 0.498595 0.356728
vt 0.076287 0.045474
vt 0.083367 0.042029
vt 0.076953 0.052484
vt 0.089203 0.036322
vt 0.087975 0.043995
vt 0.095708 0.037160
vt 0.103958 0.021078
vt 0.105712 0.035278
vt 0.115507 0.038495
vt 0.113302 0.030957
vt 0.123524 0.026129
vt 0.128075 0.028074
vt 0.252505 0.401591
vt 0.236325 0.408242
vt 0.229196 0.407304
vt 0.226571 0.409034
vt 0.222006 0.415279
vt 0.217695 0.407227
vt 0.214814 0.413192
vt 0.945594 0.151335
vt 0.200776 0.409775
vt 0.174093 0.414149
vt 0.166284 0.408751
vt 0.950221 0.097179
vt 0.138433 0.409125
vt 0.143488 0.402472
vt 0.939515 0.076380
vt 0.943449 0.086804
vt 0.933861 0.081270
vt 0.939248 0.076174
vt 0.937876 0.075112
vt 0.934115 0.053473
vt 0.938167 0.044956
vt 0.934277 0.038220
vt 0.937680 0.031292
vt 0.937926 0.020953
vt 0.338824 0.954203
vt 0.337029 0.962470
vt 0.332757 0.954203
vt 0.865255 0.677638
vt 0.872219 0.677812
vt 0.846258 0.695288
vt 0.860348 0.700684
vt 0.873288 0.006686
vt 0.848448 0.008858
vt 0.778011 0.688504
vt 0.762241 0.690618
vt 0.769722 0.625178
vt 0.722097 0.387876
vt 0.485755 0.359941
vt 0.479838 0.356437
vt 0.484960 0.360725
vt 0.474876 0.365572
vt 0.082830 0.033183
vt 0.464801 0.355243
vt 0.473178 0.359511
vt 0.466167 0.365146
vt 0.069261 0.056178
vt 0.073148 0.055026
vt 0.083701 0.048874
vt 0.095558 0.037311
vt 0.099510 0.036712
vt 0.217568 0.407135
vt 0.943434 0.071350
vt 0.934931 0.071437
vt 0.939253 0.059861
vt 0.939275 0.059260
vt 0.939336 0.057588
vt 0.943016 0.051714
vt 0.942293 0.039301
vt 0.948217 0.048175
vt 0.942377 0.039186
vt 0.938100 0.032634
vt 0.930787 0.012763
vt 0.936075 0.007008
vt 0.572611 0.963730
vt 0.563462 0.966460
vt 0.566414 0.958936
vt 0.116612 0.922741
vt 0.112610 0.933999
vt 0.107959 0.923002
vt 0.809922 0.697304
vt 0.803001 0.692498
vt 0.819388 0.694653
vt 0.785039 0.692101
vt 0.753368 0.392029
vt 0.401068 0.246975
vt 0.410234 0.267233
vt 0.472970 0.359425
vt 0.464813 0.355235
vt 0.456746 0.360518
vt 0.065956 0.046605
vt 0.061446 0.054645
vt 0.123883 0.393932
vt 0.951975 0.075705
vt 0.947173 0.062137
vt 0.945813 0.032791
vt 0.948303 0.027450
vt 0.936975 0.029040
vt 0.943541 0.020131
vt 0.936554 0.018884
vt 0.940447 0.013134
vt 0.935970 0.018004
vt 0.937941 0.003160
vt 0.948409 0.006749
vt 0.945394 0.001923
vt 0.567958 0.954072
vt 0.562085 0.945736
vt 0.486809 0.959892
vt 0.490890 0.957645
vt 0.496806 0.961542
vt 0.448269 0.364570
vt 0.054959 0.057326
vt 0.048745 0.075879
vt 0.136907 0.401015
vt 0.128738 0.402765
vt 0.123832 0.393880
vt 0.114647 0.393075
vt 0.101646 0.392032
vt 0.100113 0.387760
vt 0.095766 0.386580
vt 0.088240 0.387024
vt 0.089603 0.377760
vt 0.077868 0.375076
vt 0.069237 0.368173
vt 0.071958 0.364476
vt 0.058455 0.358403
vt 0.487241 0.965003
vt 0.494617 0.966537
vt 0.877750 0.670366
vt 0.872874 0.672148
vt 0.870067 0.633543
vt 0.872034 0.632248
vt 0.776189 0.383955
vt 0.770920 0.378574
vt 0.403963 0.271277
vt 0.039737 0.081392
vt 0.035949 0.093761
vt 0.035349 0.094305
vt 0.048797 0.076036
vt 0.114315 0.392525
vt 0.104530 0.388157
vt 0.096283 0.386866
vt 0.089598 0.377755
vt 0.083409 0.379306
vt 0.880599 0.658259
vt 0.877863 0.647008
vt 0.410447 0.294984
vt 0.407075 0.305341
vt 0.406598 0.322846
vt 0.410085 0.342402
vt 0.447417 0.364403
vt 0.418386 0.362833
vt 0.041604 0.071678
vt 0.036422 0.073640
vt 0.039051 0.082194
vt 0.033409 0.082061
vt 0.032724 0.083978
vt 0.032001 0.113789
vt 0.026815 0.312336
vt 0.053291 0.357999
vt 0.045760 0.343035
vt 0.047144 0.347427
vt 0.038225 0.342541
vt 0.038741 0.333939
vt 0.883888 0.640607
vt 0.882162 0.619439
vt 0.876256 0.623221
vt 0.809936 0.487743
vt 0.408147 0.365171
vt 0.409718 0.355049
vt 0.031990 0.113837
vt 0.024232 0.287559
vt 0.030538 0.321803
vt 0.876957 0.618322
vt 0.872548 0.606220
vt 0.844679 0.507930
vt 0.834731 0.441233
vt 0.854127 0.377132
vt 0.802028 0.373738
vt 0.826515 0.373009
vt 0.845750 0.367442
vt 0.400620 0.350197
vt 0.858670 0.366907
vt 0.868963 0.367956
vt 0.868313 0.389423
vt 0.869249 0.368688
vt 0.879255 0.392745
vt 0.026768 0.106772
vt 0.026800 0.110400
vt 0.022415 0.129520
vt 0.010949 0.167438
vt 0.886030 0.610861
vt 0.872652 0.606092
vt 0.870085 0.402344
vt 0.532439 0.952203
vt 0.532439 0.963243
vt 0.524568 0.956809
vt 0.524048 0.965443
vt 0.022332 0.130105
vt 0.020351 0.122397
vt 0.025411 0.111291
vt 0.016437 0.121338
vt 0.008766 0.127475
vt 0.020343 0.122424
vt 0.011892 0.159106
vt 0.021617 0.296569
vt 0.883060 0.601158
vt 0.846831 0.576513
vt 0.870444 0.398709
vt 0.878498 0.402586
vt 0.870418 0.407210
vt 0.877703 0.411370
vt 0.011978 0.114509
vt 0.011955 0.159045
vt 0.016284 0.285120
vt 0.016221 0.291720
vt 0.021627 0.296576
vt 0.888994 0.584654
vt 0.875865 0.426622
vt 0.869996 0.423436
vt 0.010029 0.142579
vt 0.006487 0.236360
vt 0.011574 0.271279
vt 0.879243 0.576869
vt 0.870014 0.423482
vt 0.879738 0.433690
vt 0.877327 0.441237
vt 0.001529 0.153376
vt 0.006160 0.184754
vt 0.887994 0.570888
vt 0.877297 0.441395
vt 0.009395 0.167002
vt 0.003417 0.172803
vt 0.005801 0.189632
vt 0.887555 0.551927
vt 0.875218 0.556122
vt 0.879094 0.575090
vt 0.875706 0.449512
vt 0.882600 0.467300
vt 0.874339 0.467070
vt 0.001040 0.183622
vt 0.885558 0.545172
vt 0.878535 0.543644
vt 0.875049 0.555886
vt 0.874404 0.466473
vt 0.882368 0.478597
vt 0.876888 0.493838
vt 0.888695 0.492088
vt 0.615001 0.961981
vt 0.608527 0.964525
vt 0.610653 0.946737
vt 0.876730 0.494375
vt 0.887677 0.513306
vt 0.873687 0.515490
vt 0.878530 0.543620
vt 0.889088 0.527480
vt 0.878548 0.543697
vt 0.873625 0.515180
s 1
f 231/1/1 203/2/2 233/3/3
f 224/4/4 244/5/5 221/6/6
f 244/5/5 224/4/4 214/7/7
f 240/8/8 214/7/7 224/4/4
f 245/9/9 216/10/10 191/11/11
f 236/12/12 211/13/13 233/3/3
f 178/14/14 240/8/8 224/4/4
f 178/14/14 226/15/15 167/16/16
f 224/4/4 221/6/6 167/17/17
f 191/11/11 216/10/10 186/18/18
f 216/10/10 211/13/13 186/18/18
f 211/13/13 236/12/12 186/18/18
f 236/12/12 233/3/3 205/19/19
f 238/20/20 240/8/8 178/14/14
f 195/21/21 192/22/22 161/23/23
s 0
f 190/24/24 188/25/24 174/26/24
f 189/25/25 187/27/25 175/26/25
s 1
f 173/28/26 185/29/27 161/23/23
f 161/23/23 185/29/27 209/30/28
f 205/19/19 233/3/3 203/2/2
f 200/31/29 180/32/30 204/33/31
f 154/34/32 178/14/14 152/35/33
f 178/14/14 167/16/16 152/35/33
f 168/36/34 176/37/35 128/38/36
f 161/23/23 209/30/28 166/39/37
f 166/39/37 209/30/28 184/40/38
f 184/40/38 202/41/39 166/39/37
f 162/42/40 228/43/41 238/20/20
f 228/43/41 232/44/42 238/20/20
f 162/42/40 238/20/20 178/14/14
f 151/45/43 168/36/34 128/38/36
f 195/21/21 161/23/23 97/46/44
f 200/31/29 179/47/45 180/32/30
f 145/48/46 178/14/14 154/34/32
f 134/49/47 161/23/23 166/39/37
f 164/50/48 180/32/30 179/47/45
f 151/45/43 128/38/36 140/51/49
f 97/46/44 161/23/23 134/49/47
f 166/39/37 165/52/50 134/49/47
f 164/50/48 179/47/45 155/53/51
f 162/42/40 178/14/14 145/48/46
f 153/54/52 147/55/53 142/56/53
f 145/48/46 154/34/32 135/57/54
f 135/57/54 154/34/32 141/58/55
f 130/59/56 140/51/49 128/38/36
f 159/60/57 164/50/48 155/53/51
f 150/61/58 160/62/58 158/63/58
f 159/60/57 155/53/51 156/63/59
f 97/46/44 134/49/47 139/64/60
f 149/61/61 157/63/62 148/65/62
f 138/66/63 156/63/59 155/53/51
f 125/67/64 131/68/65 128/38/36
f 131/68/65 130/59/56 128/38/36
f 138/66/63 155/53/51 146/69/66
f 87/70/67 135/57/54 103/71/68
f 103/71/68 135/57/54 126/72/69
f 128/38/36 99/73/70 125/67/64
f 125/67/64 99/73/70 101/74/71
f 124/75/72 138/66/63 146/69/66
f 145/48/46 135/57/54 87/70/67
f 126/72/69 116/76/73 103/71/68
s 0
f 117/77/74 115/76/74 100/78/74
s 1
f 83/79/75 98/80/76 39/81/77
f 139/64/60 65/82/78 97/46/44
f 87/70/67 103/71/68 102/83/79
f 14/84/80 97/46/44 65/82/78
f 124/75/72 146/69/66 129/85/81
f 83/79/75 39/81/77 17/86/82
f 18/87/83 7/88/84 40/89/85
f 9/90/86 1/91/87 10/92/88
f 11/93/89 1/94/90 5/95/91
f 1/94/90 2/96/92 5/95/91
f 2/96/92 7/88/93 5/95/91
f 17/86/82 39/81/77 4/97/94
f 4/97/94 39/81/77 15/98/95
f 87/70/67 102/83/79 56/99/96
f 56/99/96 102/83/79 54/100/97
f 54/100/97 18/87/83 40/89/85
f 55/101/98 41/102/98 10/92/98
f 10/92/88 1/91/87 43/103/99
f 1/94/90 11/93/89 23/104/100
f 11/93/89 26/105/101 23/104/100
f 57/106/102 30/107/103 60/108/104
f 60/108/104 30/107/103 48/109/105
f 29/110/106 34/111/106 47/112/106
f 13/113/107 4/97/94 15/98/95
f 124/75/72 129/85/81 127/114/108
f 54/100/97 40/89/85 56/99/96
f 56/99/96 10/115/109 42/116/110
f 42/116/110 1/94/90 44/117/111
f 1/94/90 23/104/100 44/117/111
f 52/118/112 50/119/113 14/84/80
f 105/120/114 124/75/72 127/114/108
f 77/121/115 87/70/67 56/99/96
f 57/106/102 60/108/104 64/122/116
f 14/84/80 65/82/78 52/118/112
f 56/99/96 42/116/110 63/123/117
f 42/116/110 44/117/111 63/123/117
f 69/124/118 57/106/102 64/122/116
f 52/118/112 65/82/78 74/125/119
f 74/125/119 65/82/78 104/126/120
f 111/127/121 109/128/122 88/129/123
f 88/130/124 105/120/114 127/114/108
f 77/121/115 56/99/96 66/131/125
f 56/99/96 63/123/117 66/131/125
f 105/120/114 88/130/124 121/132/126
f 88/129/123 109/128/122 122/133/127
f 82/134/128 112/135/129 96/136/130
f 67/137/131 68/138/132 72/139/131
f 73/140/133 69/124/118 64/122/116
f 52/118/112 74/125/119 61/141/134
f 120/142/135 114/143/136 74/125/119
f 90/144/137 77/121/115 66/131/125
f 80/145/138 73/140/133 64/122/116
f 61/141/134 74/125/119 81/146/139
f 74/125/119 114/143/136 81/146/139
f 113/147/140 90/144/137 92/148/141
f 90/144/137 66/131/125 92/148/141
f 92/148/141 66/131/125 78/149/142
f 80/145/138 64/122/116 82/134/128
f 80/145/138 82/134/128 96/136/130
f 3128/150/143 3441/151/144 3452/152/145
f 3441/151/144 3128/150/143 3305/153/146
f 4543/154/147 4539/155/148 4514/156/149
f 4468/157/150 4540/158/151 4501/159/152
f 4501/159/152 4537/160/153 4458/161/154
f 4539/155/148 4543/154/147 4536/162/155
f 4495/163/156 4516/164/157 4448/165/158
f 4538/166/159 4540/158/151 4468/157/150
f 4458/161/154 4537/160/153 4518/167/160
f 4536/162/155 4543/154/147 4535/168/161
f 4448/165/158 4516/164/157 4361/169/162
f 4539/155/148 4533/170/163 4514/156/149
f 4502/171/164 4509/172/165 4526/173/166
f 4509/172/167 4538/166/159 4468/157/150
f 4516/164/157 4416/174/168 4361/169/162
f 4416/174/168 4516/164/157 4360/175/169
f 4514/156/149 4533/170/163 4494/176/170
f 4494/176/170 4533/170/163 4511/177/171
f 4511/177/171 4532/178/172 4493/179/173
f 4503/180/174 4509/172/165 4502/171/164
f 4502/171/164 4526/173/166 4469/181/175
f 4526/173/166 4468/157/150 4469/181/175
f 4501/159/152 4458/161/154 4441/182/176
f 4441/182/176 4458/161/154 4500/183/177
f 4500/183/177 4458/161/154 4522/184/178
f 4537/160/153 4534/185/179 4518/167/160
f 4516/164/157 4515/186/180 4360/175/169
f 4511/177/171 4493/179/173 4494/176/170
f 4470/187/181 4489/188/182 4503/180/183
f 4489/188/182 4506/189/184 4503/180/183
f 4501/159/152 4441/182/176 4468/157/150
f 4441/182/176 4500/183/177 4485/190/185
f 4524/191/186 4523/192/187 4499/193/188
f 4499/193/188 4523/192/187 4484/194/189
f 4522/184/178 4458/161/154 4459/195/190
f 4520/196/191 4517/197/192 4496/198/193
f 4517/197/192 4433/199/194 4496/198/193
f 4496/198/193 4433/199/194 4453/200/195
f 4432/201/196 4495/163/156 4448/165/158
f 4417/202/197 4379/203/198 4448/165/158
f 4492/204/199 4478/205/200 4481/206/201
f 4481/206/201 4478/205/200 4359/207/202
f 4470/187/181 4503/180/183 4469/181/175
f 4461/208/203 4499/193/188 4484/194/189
f 4518/167/160 4457/209/204 4458/161/154
f 4432/201/196 4448/165/158 4379/203/198
f 4379/203/198 4417/202/197 4430/210/205
f 4448/165/158 4362/211/206 4417/202/197
f 4360/175/169 4480/212/207 4303/213/208
f 4478/205/200 4487/214/209 4359/207/202
f 4359/207/202 4487/214/209 4446/215/210
f 4487/214/209 4473/216/211 4446/215/210
f 4473/216/211 4475/217/212 4446/215/210
f 4472/218/213 4442/219/214 4443/220/215
f 4293/221/216 4470/187/181 4121/222/217
f 4470/187/181 4469/181/175 4121/222/217
f 4469/181/175 4468/157/150 4121/222/217
f 4468/157/150 4441/182/176 4121/222/217
f 4441/182/176 4485/190/185 4404/223/218
f 4485/190/219 4498/224/220 4464/225/221
f 4499/193/188 4461/208/203 4465/226/222
f 4458/161/154 4457/209/204 4280/227/223
f 4453/200/195 4433/199/194 4435/228/224
f 4322/229/225 4429/230/226 4375/231/227
f 4364/232/228 4417/202/197 4362/211/206
f 4362/211/206 4448/165/158 4361/169/162
f 4359/207/202 4446/215/210 4414/233/229
f 4414/233/229 4446/215/210 4409/234/230
f 4447/235/231 4477/236/232 4410/237/233
f 4472/218/213 4443/220/215 4236/238/234
f 4121/222/217 4441/182/176 4292/239/235
f 4441/182/176 4404/223/218 4292/239/235
f 4291/240/236 4404/223/218 4402/241/237
f 4404/223/218 4485/190/185 4467/242/238
f 4485/190/219 4464/225/221 4438/243/239
f 4460/244/240 4459/195/190 4386/245/241
f 4386/245/241 4459/195/190 4458/161/154
f 4457/209/204 4456/246/242 4280/227/223
f 4280/227/223 4456/246/242 4384/247/243
f 4455/248/244 4437/249/245 4385/250/246
f 4435/228/224 4433/199/194 4383/251/247
f 4383/251/247 4433/199/194 4327/252/248
f 4380/253/249 4432/201/196 4325/254/250
f 4325/254/250 4432/201/196 4379/203/198
f 4379/203/198 4377/255/251 4320/256/252
f 4375/257/253 4427/258/253 4374/259/254
f 4316/260/255 4422/261/256 4372/262/257
f 4198/263/258 4315/264/259 4313/265/260
f 4315/264/259 4372/262/257 4313/265/260
f 4197/266/261 4312/265/262 4310/267/263
f 4309/268/264 4365/269/265 4254/270/266
f 4365/269/265 4363/271/267 4254/270/266
f 4362/211/206 4189/272/268 4308/273/269
f 4189/272/268 4362/211/206 4361/169/162
f 4416/174/168 4360/175/169 4188/274/270
f 4359/207/202 4414/233/229 4355/275/271
f 4414/233/229 4412/276/272 4355/275/271
f 4353/277/273 4357/278/274 4295/279/275
f 4357/278/274 4413/280/276 4295/279/275
f 4292/239/235 4404/223/218 4291/240/236
f 4290/281/277 4403/282/278 4288/283/279
f 4403/282/278 4401/284/280 4288/283/279
f 4288/283/279 4401/284/280 4235/285/281
f 4235/285/281 4401/284/280 4439/286/282
f 4440/287/283 4402/241/237 4404/223/218
f 4404/223/218 4466/242/284 4398/288/285
f 4464/225/221 4462/289/286 4438/243/239
f 4463/290/287 4465/226/222 4345/291/288
f 4465/226/222 4461/208/203 4345/291/288
f 4461/208/203 4389/292/289 4345/291/288
f 4458/161/154 4280/227/223 4165/293/290
f 4437/249/245 4330/294/291 4385/250/246
f 4381/295/292 4326/296/293 4271/297/294
f 4325/254/250 4379/203/198 4266/298/295
f 4379/203/198 4320/256/252 4266/298/295
f 4322/229/225 4375/231/227 4263/299/296
f 4318/300/297 4376/301/298 4316/260/255
f 4316/260/255 4372/262/257 4315/264/259
f 4095/302/299 4256/303/300 4021/304/301
f 4256/303/300 4315/264/259 4198/263/258
f 4198/263/258 4312/265/262 4197/266/261
f 4197/266/261 4310/267/263 4194/305/302
f 4191/306/303 4306/307/304 4245/308/305
f 4360/175/169 4303/213/208 4188/274/270
f 4443/220/215 4293/221/216 4011/309/306
f 4293/221/216 4121/222/217 4011/309/306
f 4235/285/281 4439/286/282 4399/310/307
f 4440/287/283 4404/223/218 4400/311/308
f 4404/223/218 4398/288/285 4400/311/308
f 4386/245/241 4281/312/309 4388/313/310
f 4388/313/310 4281/312/309 4334/314/311
f 4385/250/246 4330/294/291 4332/315/312
f 4332/315/312 4330/294/291 4276/316/313
f 4276/316/313 4330/294/291 4216/317/314
f 4271/297/294 4326/296/293 4269/318/315
f 4325/254/250 4266/298/295 4268/319/316
f 4322/229/225 4263/299/296 4264/320/317
f 4318/300/297 4316/260/255 4210/321/318
f 4316/260/255 4315/264/259 4210/321/318
f 4205/322/319 4315/264/259 4140/323/320
f 4140/323/320 4315/264/259 4257/324/321
f 4257/324/321 4256/303/300 4132/325/322
f 4256/303/300 4095/302/299 4132/325/322
f 4132/325/322 4095/302/299 4130/326/323
f 4256/303/300 4198/263/258 4021/304/301
f 4198/263/258 4197/266/261 4196/327/324
f 4245/308/305 4243/328/325 4191/306/303
f 4190/329/326 4189/272/268 4083/330/327
f 4361/169/162 4416/174/168 4082/331/328
f 4188/274/270 4303/213/208 4186/332/329
f 4303/213/208 4300/333/330 4186/332/329
f 4236/238/234 4443/220/215 4011/309/306
f 4291/240/236 4289/334/331 4179/335/332
f 4287/336/333 4235/285/281 4170/337/334
f 4235/285/281 4399/310/307 4170/337/334
f 4170/337/334 4399/310/307 4349/338/335
f 4345/291/288 4389/292/289 4339/339/336
f 4281/312/309 4386/245/241 4168/340/337
f 4168/340/337 4386/245/241 4165/293/290
f 4386/245/241 4458/161/154 4165/293/290
f 4280/227/223 4277/341/338 4278/342/339
f 4221/343/340 4279/344/341 4162/345/342
f 4162/345/342 4279/344/341 4219/346/343
f 4279/344/341 4276/347/344 4219/346/343
f 4274/348/345 4273/349/346 4217/346/346
f 4157/350/347 4272/351/348 4153/352/347
f 4270/353/349 4268/319/316 4213/354/350
f 4268/319/316 4266/298/295 4213/354/350
f 4210/321/318 4315/264/259 4208/355/351
f 4315/264/259 4205/322/319 4208/355/351
f 4140/323/320 4257/324/321 4132/325/322
f 4131/356/352 4095/302/299 4028/357/353
f 3975/358/354 4028/357/353 3698/359/355
f 4028/357/353 4095/302/299 3698/359/355
f 3698/359/355 4095/302/299 4093/360/356
f 3974/361/357 4093/360/356 4094/362/358
f 4095/302/299 4021/304/301 4093/360/356
f 4021/304/301 4198/263/258 4089/363/359
f 3963/364/360 4197/266/261 4194/305/302
f 4189/272/268 4082/331/328 4083/330/327
f 4189/272/268 4361/169/162 4082/331/328
f 4082/331/328 4188/274/270 3959/365/361
f 4082/331/328 4416/174/168 4188/274/270
f 4183/366/362 4242/367/363 4122/368/364
f 4011/309/306 4121/222/217 3663/369/365
f 4292/239/235 4291/240/236 3663/369/365
f 3663/369/365 4291/240/236 4179/335/332
f 4179/335/332 4234/370/366 3985/371/367
f 4349/338/335 4348/372/368 4170/337/334
f 4348/372/368 4344/373/369 4170/337/334
f 4170/337/334 4344/373/369 4285/374/370
f 4285/374/370 4284/375/371 4045/376/372
f 4280/227/223 4278/342/339 4165/293/290
f 4278/342/339 4220/377/373 4165/293/290
f 4220/377/373 4230/378/374 4165/293/290
f 4162/345/342 4219/346/343 4106/379/375
f 4210/321/318 4208/355/351 4148/380/376
f 4139/381/377 4137/382/377 4134/383/377
f 4200/384/378 4133/385/379 4135/386/380
f 4096/387/381 4028/357/382 4029/388/383
f 3973/389/384 4027/390/385 3794/391/386
f 2064/392/387 3794/391/386 4027/390/385
f 4093/360/356 4021/304/301 4092/393/388
f 4024/394/389 4092/393/388 4021/304/301
f 4198/263/258 4196/327/324 4089/363/359
f 3963/364/360 4194/305/302 4020/395/390
f 4194/305/302 4129/396/391 4020/395/390
f 4183/366/362 4122/368/364 4123/397/392
f 3945/398/393 4011/309/306 3663/369/365
f 4121/222/217 4292/239/235 3663/369/365
f 3663/369/365 4179/335/332 4120/399/394
f 4079/400/395 4010/401/396 3985/402/397
f 4120/399/394 4179/335/332 3985/371/367
f 4079/400/395 4178/403/398 4078/404/399
f 4078/404/399 4178/403/398 3985/371/367
f 4285/374/370 4045/376/372 4170/337/334
f 4284/375/371 4167/405/400 4045/376/372
f 4227/406/401 4224/407/402 4164/408/403
f 4042/409/404 4164/408/403 4224/407/402
f 4038/410/405 4143/411/406 4035/412/407
f 4035/412/407 4143/411/406 4098/413/408
f 4134/414/409 4096/387/381 4030/415/410
f 4134/414/409 4028/357/382 4096/387/381
f 3976/416/411 3975/358/354 3698/359/355
f 3698/359/355 4093/360/356 3350/417/412
f 4093/360/356 3974/361/357 3350/417/412
f 3350/417/412 3974/361/357 3795/418/413
f 4027/390/385 4026/419/414 2064/392/387
f 4026/419/414 4091/420/415 3793/421/416
f 4092/393/388 4024/394/389 4025/422/417
f 3972/423/418 4024/394/389 4021/304/301
f 4021/304/301 4089/363/359 3964/424/419
f 3964/424/419 4089/363/359 4090/425/420
f 4090/425/420 4196/327/421 3963/364/360
f 4083/330/327 4082/331/328 4014/426/422
f 4123/397/392 4122/368/364 4080/427/423
f 4078/404/399 4118/428/424 4009/429/425
f 4077/430/426 4119/431/427 4076/432/428
f 4007/433/429 4076/432/428 4074/434/430
f 4076/432/428 4119/431/427 4074/434/430
f 4071/435/431 4073/436/432 4116/437/433
f 4074/434/430 4119/431/427 4117/438/434
f 4116/437/433 4118/428/424 4175/439/435
f 4118/428/424 4078/404/399 4175/439/435
f 4174/440/436 4078/404/399 3985/371/367
f 3985/371/367 4234/370/366 4173/441/437
f 4234/370/366 4171/442/438 4173/441/437
f 4167/405/400 4164/408/403 4045/376/372
f 4045/376/372 4164/408/403 4044/443/439
f 4044/443/439 4164/408/403 4042/409/404
f 4042/409/404 4224/407/402 4108/444/440
f 3801/445/441 4108/444/440 3800/446/442
f 4108/444/440 4036/447/443 3800/446/442
f 4031/448/444 4097/449/445 4030/415/410
f 4097/449/445 4134/414/409 4030/415/410
f 4096/387/446 3975/358/354 3976/416/411
f 3976/416/411 3698/359/355 3487/450/447
f 3181/451/448 3794/391/386 2064/392/387
f 2064/392/387 4026/419/414 3793/421/416
f 3793/421/416 4023/452/449 3791/453/450
f 4023/452/449 3971/454/451 3791/453/450
f 3972/423/418 3970/455/452 3790/456/453
f 3790/456/453 3969/457/454 3789/458/455
f 3972/423/418 4021/304/301 3970/455/452
f 3784/459/456 3964/424/419 3783/460/457
f 3964/424/419 4090/425/420 3783/460/457
f 4090/425/420 3963/364/360 3783/460/457
f 3963/364/360 4020/395/390 3778/461/458
f 3778/461/458 4020/395/390 3961/462/459
f 3955/463/460 3959/365/361 3952/464/461
f 3952/464/461 3959/365/361 3674/465/462
f 3674/465/462 3959/365/361 4188/274/270
f 3762/466/463 4188/274/270 3949/467/464
f 3949/467/464 4188/274/270 3462/468/465
f 3761/469/466 4081/470/467 3461/471/468
f 4079/400/395 4078/404/399 4010/401/396
f 4010/401/396 4078/404/399 4009/429/425
f 4009/429/425 4075/472/469 4008/473/470
f 4007/433/429 4074/434/430 3938/474/471
f 4074/434/430 4072/475/472 3938/474/471
f 4071/435/431 4070/476/473 3937/477/474
f 3937/477/474 4070/476/473 4069/478/475
f 3648/479/476 4068/480/477 3559/481/478
f 4068/480/477 4115/482/479 3559/481/478
f 4176/483/480 4114/484/481 4177/485/482
f 4114/484/481 4115/482/483 4177/485/482
f 4070/476/473 4071/435/431 4112/486/484
f 4071/435/431 4116/437/433 4112/486/484
f 4112/486/484 4116/437/433 4175/439/435
f 3985/371/367 4173/441/437 4046/487/485
f 4172/488/486 4170/337/334 4045/376/372
f 3984/489/487 4109/490/488 3983/491/489
f 4044/443/439 4042/409/404 4043/492/490
f 4108/444/440 3801/445/441 4042/409/404
f 3800/446/442 4036/447/443 3980/493/491
f 3977/494/492 4033/495/493 3796/496/494
f 3796/496/494 3976/416/411 3487/450/447
f 3351/497/495 3487/450/447 3183/498/496
f 3487/450/447 3698/359/355 3183/498/496
f 3698/359/355 3350/417/412 3183/498/496
f 3349/499/497 3793/421/416 3791/453/450
f 3792/500/498 3972/423/418 3790/456/453
f 3697/501/499 3790/456/453 3789/458/455
f 3969/457/454 3966/502/500 3789/458/455
f 3789/458/455 3966/502/500 3786/503/501
f 3966/502/500 3964/424/419 3786/503/501
f 3964/424/419 3784/459/456 3786/503/501
f 3693/504/502 3596/505/503 3781/506/504
f 3783/460/457 3963/364/360 3779/507/505
f 3963/364/360 3778/461/458 3779/507/505
f 3962/508/506 3960/462/507 3776/509/507
f 3684/510/508 3774/511/509 3473/512/510
f 3682/513/511 3772/514/512 3766/515/513
f 3674/465/462 4188/274/270 3762/466/463
f 3462/468/465 4188/274/270 4186/332/329
f 4012/516/514 4011/309/306 3670/517/515
f 3670/517/515 4011/309/306 3948/518/516
f 3948/518/516 4011/309/306 3945/398/393
f 3664/519/517 3945/398/393 3663/369/365
f 3663/369/365 4010/401/396 3943/520/518
f 3943/520/518 4010/401/396 3941/521/519
f 4010/401/396 4009/429/425 3941/521/519
f 4009/429/425 4008/473/470 3941/521/519
f 3942/522/520 4007/433/429 3751/523/521
f 3751/523/521 4007/433/429 3940/524/522
f 4007/433/429 3938/474/471 3940/524/522
f 4069/478/475 4006/525/523 3733/526/524
f 3733/526/524 4006/525/523 3649/527/525
f 3559/481/526 4114/528/527 4113/529/528
f 4175/439/435 4174/440/436 3708/530/529
f 3708/530/529 4174/440/436 3985/371/367
f 3985/371/367 4046/487/485 3805/531/530
f 4046/487/485 3984/489/531 3805/531/530
f 3801/445/441 3800/446/442 3619/532/532
f 3977/494/492 3796/496/494 3701/533/533
f 3796/496/494 3487/450/447 3700/534/534
f 2064/392/387 3793/421/416 3349/499/497
f 3486/535/535 3792/500/498 3485/536/536
f 3792/500/498 3790/456/453 3485/536/536
f 3790/456/453 3697/501/499 3485/536/536
f 3789/458/455 3696/537/537 3697/501/499
f 3597/538/538 3479/539/539 3480/540/540
f 3788/541/541 3787/542/542 3479/539/539
f 3479/539/539 3787/542/542 3596/505/503
f 3787/542/542 3785/543/543 3596/505/503
f 3596/505/503 3693/504/502 3478/544/544
f 3478/544/545 3782/545/546 3694/546/547
f 3779/507/505 3778/461/458 3688/547/548
f 3473/512/510 3774/511/509 3682/513/511
f 3774/511/509 3772/514/512 3682/513/511
f 3679/548/549 3767/549/550 3677/550/551
f 3676/551/552 3764/552/553 3674/465/552
f 3463/553/554 3674/465/462 3580/554/555
f 3580/554/555 3674/465/462 3762/466/463
f 3670/517/515 3948/518/516 3760/555/556
f 3759/556/557 3947/557/558 3757/558/559
f 3948/518/516 3945/398/393 3758/559/560
f 3757/558/559 3946/560/561 3755/561/562
f 3945/398/393 3754/562/563 3756/563/564
f 3945/398/393 3664/519/517 3754/562/563
f 3456/564/565 3663/369/365 3943/520/518
f 3753/565/566 3944/566/567 3751/523/521
f 3944/566/567 3942/522/520 3751/523/521
f 3750/567/568 3939/568/569 3134/569/570
f 3134/569/570 3939/568/569 3733/526/524
f 3939/568/569 3937/477/474 3733/526/524
f 3937/477/474 4069/478/475 3733/526/524
f 3831/570/571 3855/571/572 3885/572/573
f 3905/573/574 3933/574/575 3897/575/576
f 3924/576/577 3922/577/578 3912/578/579
f 3912/578/579 3922/577/578 3901/579/580
f 3922/577/578 3920/580/581 3901/579/580
f 3905/573/574 3897/575/576 3874/581/582
f 3902/582/583 3912/578/579 3885/572/573
f 3912/578/579 3901/579/580 3885/572/573
f 3885/572/573 3901/579/580 3883/583/584
f 3874/581/582 3897/575/576 3869/584/585
f 3885/572/573 3883/583/584 3831/570/571
f 3880/585/586 3874/581/582 3838/586/587
f 3874/581/582 3869/584/585 3838/586/587
f 3866/587/588 3835/588/589 3839/589/590
f 3824/590/591 3855/571/572 3742/591/592
f 3742/591/592 3855/571/572 3831/570/571
f 3831/570/571 3846/592/593 3739/593/594
f 3735/594/595 3840/595/596 3652/596/597
f 3840/595/596 3839/589/590 3652/596/597
f 3839/589/590 3835/588/589 3652/596/597
f 3652/596/597 3835/588/589 3734/597/598
f 3742/591/592 3831/570/571 3564/598/599
f 3831/570/571 3739/593/594 3564/598/599
f 4112/486/484 4175/439/435 3708/530/529
f 3984/489/487 3983/491/489 3521/599/600
f 3521/599/600 3983/491/489 3804/600/601
f 3804/600/601 3707/601/602 3803/602/603
f 3617/603/604 3619/532/532 3706/604/605
f 3619/532/532 3800/446/442 3706/604/605
f 3703/605/606 3798/606/607 3702/607/606
f 3701/533/533 3796/496/494 3700/534/534
f 3700/534/534 3487/450/447 3699/608/608
f 3487/450/447 3351/497/495 3353/609/609
f 2063/610/610 2064/392/387 3179/611/611
f 3340/612/612 3687/613/613 3593/614/614
f 3473/512/510 3682/513/511 3591/615/615
f 3591/615/615 3682/513/511 3590/616/616
f 3680/617/617 3681/618/618 3335/619/619
f 3679/548/549 3677/550/551 3588/620/620
f 3675/551/621 3674/465/462 3463/553/554
f 3580/554/555 3322/621/622 3463/553/554
f 4186/332/329 2959/622/623 3462/468/465
f 2958/623/624 3761/469/466 3461/471/468
f 3460/624/625 3672/625/626 3669/626/627
f 3672/625/626 3760/627/628 3669/626/627
f 3669/626/627 3760/627/628 3667/628/629
f 3759/556/557 3757/558/559 3666/629/630
f 3757/558/559 3755/561/562 3666/629/630
f 3666/629/630 3755/561/562 3573/630/631
f 3755/561/562 3665/631/632 3573/630/631
f 3458/632/633 3573/630/631 3665/631/632
f 3572/633/634 3664/519/517 3663/369/365
f 3943/520/518 3752/634/635 3569/635/636
f 3570/636/637 3753/565/566 3568/637/638
f 3753/565/566 3751/523/521 3568/637/638
f 3433/638/639 3134/569/570 3733/526/524
f 3564/598/599 3739/593/594 3657/639/640
f 3651/640/641 3733/526/524 3649/527/525
f 3559/481/526 3732/641/642 3731/642/643
f 4621/643/644 4625/644/645 4647/645/646
f 4623/646/647 4666/647/648 4656/648/649
f 4623/646/650 3647/649/651 4629/650/652
f 3647/649/651 4623/646/650 4003/651/653
f 4003/651/653 4623/646/650 4001/652/654
f 4621/643/644 4647/645/646 4617/653/655
f 4651/654/656 4643/655/657 4659/656/658
f 4659/656/658 4643/655/657 4645/657/659
f 4656/648/649 4666/647/648 4665/658/660
f 4624/659/661 4567/660/662 4592/661/663
f 4617/653/655 4647/645/646 4643/655/657
f 4647/645/646 4645/657/659 4643/655/657
f 4615/662/664 4640/663/665 4614/664/666
f 4586/665/667 4614/664/666 4613/666/668
f 4675/667/669 4613/666/668 4614/664/666
f 4651/654/656 4659/656/658 4672/668/670
f 4648/669/671 4661/670/672 4673/671/673
f 4661/670/672 4656/648/649 4665/658/660
f 4623/646/650 4629/650/652 4665/658/674
f 4629/650/652 3647/649/651 4004/672/675
f 4002/673/676 4592/661/663 4567/660/662
f 3726/674/677 4587/675/678 4586/665/667
f 4587/675/678 4615/662/664 4586/665/667
f 4615/662/664 4614/664/666 4586/665/667
f 4637/676/679 4613/666/668 4679/677/680
f 4648/669/671 4673/671/673 4667/678/681
f 4673/671/673 4661/670/672 4665/658/660
f 4665/658/674 4629/650/652 4667/678/681
f 4002/673/676 4567/660/662 3998/679/682
f 4630/680/683 4677/681/684 4668/682/685
f 4629/650/652 4004/672/675 4604/683/686
f 3646/684/687 4003/651/653 3727/685/688
f 3727/685/689 4065/686/689 4000/687/690
f 3420/688/691 3726/674/677 4586/665/667
f 4604/683/686 4004/672/675 4626/689/692
f 4626/689/692 4004/672/675 4595/690/693
f 3647/649/651 4003/651/653 3646/684/687
f 3646/684/687 3727/685/688 3821/691/694
f 3728/692/695 4002/673/676 3998/679/682
f 3642/693/696 4064/694/697 3726/674/677
f 4004/672/675 3647/649/651 3823/695/698
f 3554/696/699 3822/697/700 3552/698/701
f 3822/697/700 3820/699/702 3552/698/701
f 1998/700/703 3553/701/704 3727/685/688
f 3553/701/704 3821/691/694 3727/685/688
f 3728/692/695 3998/679/682 3644/702/705
f 4586/665/667 4613/666/668 4585/703/706
f 4585/703/706 4613/666/668 3637/704/707
f 4677/681/684 4630/680/683 4632/705/708
f 4556/706/709 4648/669/671 4629/650/652
f 4648/669/671 4667/678/681 4629/650/652
f 4627/707/710 4626/689/692 4595/690/693
f 4569/708/711 4595/690/693 4004/672/675
f 3647/649/651 3729/709/712 3823/695/698
f 3823/695/698 3729/709/712 3731/710/713
f 3730/711/714 3558/712/715 3731/642/643
f 3730/711/714 3729/709/712 3558/712/715
f 3729/709/712 3647/649/651 3558/712/715
f 3642/693/696 3726/674/677 3420/688/691
f 4613/666/668 4637/676/679 3637/704/707
f 4610/713/716 4633/714/717 4606/715/718
f 4632/705/708 4630/680/683 4605/716/719
f 4629/650/652 3533/717/720 4556/706/709
f 4603/718/721 4604/683/686 4601/719/722
f 4604/683/686 4628/720/723 4601/719/722
f 4628/720/723 4626/721/724 4601/719/722
f 4626/721/724 4577/722/725 4601/719/722
f 4595/690/693 4569/708/711 4546/723/726
f 4571/724/727 4568/725/728 4570/726/729
f 4569/708/711 4004/672/675 4067/727/730
f 4067/727/730 4004/672/675 3823/695/698
f 3559/481/526 4113/529/528 3732/641/642
f 3708/530/529 3985/371/367 3521/599/731
f 3985/371/367 3805/531/530 3521/599/731
f 3804/600/601 3803/602/603 3521/599/600
f 3521/599/600 3803/602/603 3621/728/732
f 3704/605/733 3701/533/533 3607/729/734
f 3701/533/533 3700/534/534 3607/729/734
f 3607/729/734 3700/534/534 3603/730/735
f 3602/731/736 3598/732/737 3500/733/738
f 3500/733/738 3598/732/737 3599/734/739
f 3354/735/740 2989/736/741 3185/737/742
f 2989/736/741 3354/735/740 2988/738/743
f 3354/735/740 3352/739/744 2988/738/743
f 3184/740/745 3351/497/495 2825/741/746
f 3351/497/495 3183/498/496 2825/741/746
f 3181/451/448 2064/392/387 2823/742/747
f 3179/611/611 2064/392/387 3349/499/497
f 3483/743/748 3485/536/536 3697/501/499
f 3482/744/749 3597/538/538 3480/540/540
f 3172/745/750 3480/540/540 3479/539/539
f 3479/539/539 3596/505/503 3344/746/751
f 3596/505/503 3478/544/544 3344/746/751
f 3340/612/612 3593/614/614 3474/747/752
f 3473/512/510 3591/615/615 3338/748/753
f 3467/749/754 3585/750/755 3583/751/756
f 3140/752/757 3322/621/622 1702/753/758
f 1702/753/758 3322/621/622 3580/554/555
f 3949/467/464 3462/468/465 3580/554/555
f 3460/624/625 3669/626/627 3574/754/759
f 3668/755/760 3666/629/630 3573/630/631
f 3572/633/634 3663/369/365 3456/564/565
f 1901/756/761 3943/520/518 3569/635/636
f 3567/757/762 3660/758/763 3431/759/764
f 3431/759/764 3660/758/763 3563/760/765
f 3650/640/766 3649/527/767 3559/481/478
f 3649/527/767 3648/479/476 3559/481/478
f 3557/761/768 3558/712/715 3556/762/769
f 3558/712/715 3647/649/651 3556/762/769
f 3647/649/651 3646/684/687 3556/762/769
f 3646/684/687 3645/763/770 3556/762/769
f 3555/764/771 3554/696/699 3423/765/772
f 3642/693/696 3420/688/691 3421/766/773
f 3420/688/691 4586/665/667 3641/767/774
f 4586/665/667 4585/703/706 3722/768/775
f 3637/704/707 4637/676/679 4566/769/776
f 4562/770/777 4610/713/716 4059/771/778
f 4610/713/716 4606/715/718 4059/771/778
f 4629/650/652 4604/683/686 4555/772/779
f 4604/683/686 4603/718/721 4555/772/779
f 4578/773/780 4602/774/781 4553/775/782
f 4553/775/782 4602/774/781 4057/776/783
f 4057/776/783 4602/774/781 4551/777/784
f 4602/774/781 4600/778/785 4551/777/784
f 4600/778/785 4598/779/786 4551/777/784
f 4548/780/787 4595/690/693 4546/723/726
f 4571/724/727 4570/726/729 4066/781/788
f 3988/782/789 4005/783/790 3732/641/642
f 4005/783/790 3731/642/643 3732/641/642
f 3732/641/642 4113/529/528 3710/784/791
f 3710/784/791 4113/529/528 3806/785/792
f 4113/529/528 4111/786/793 3806/785/792
f 3621/728/732 3803/602/603 3518/787/794
f 3802/788/795 3619/532/796 3620/789/797
f 3517/790/798 3618/791/799 3378/792/800
f 3378/792/800 3618/791/799 3513/793/801
f 3619/532/532 3617/603/604 3511/794/802
f 3510/795/803 3611/796/804 3508/797/805
f 3611/796/804 3609/798/806 3508/797/805
f 3507/799/807 3608/800/808 3505/801/809
f 3605/802/810 3602/731/736 3503/803/811
f 3503/803/811 3602/731/736 3500/733/738
f 3367/804/812 3501/805/812 3364/806/812
f 3599/734/739 3598/732/737 3361/807/813
f 3361/807/813 3598/732/737 3491/808/814
f 3598/732/737 3488/809/815 3491/808/814
f 3488/809/815 3354/735/740 3491/808/814
f 3491/808/814 3354/735/740 3357/810/816
f 3354/735/740 3185/737/742 3357/810/816
f 2829/811/817 2994/812/818 2993/813/819
f 2828/814/820 2993/813/819 2992/815/821
f 2993/813/819 3186/816/822 2992/815/821
f 3185/737/742 2989/736/741 2991/817/823
f 2828/814/820 2992/815/821 2990/818/824
f 2989/736/741 2988/738/743 2826/819/825
f 2825/741/746 3183/498/496 2824/820/826
f 3182/821/827 3181/451/448 2823/742/747
f 2064/392/387 2063/610/610 1162/822/828
f 3349/499/497 3484/823/829 3179/611/611
f 3180/824/830 3485/536/536 3483/743/748
f 3483/743/748 3481/825/831 3347/826/832
f 3480/540/540 3172/745/750 3348/827/833
f 3347/828/834 3345/829/835 3346/830/836
f 3174/831/837 3346/830/836 3345/829/835
f 3479/539/539 3344/746/751 3172/745/750
f 3343/832/838 3475/833/839 2975/834/840
f 2975/834/840 3475/833/839 3167/835/841
f 3475/833/839 3340/612/612 3167/835/841
f 3340/612/612 3474/747/752 3167/835/841
f 3166/836/842 3473/512/510 3338/748/753
f 3583/837/843 3324/838/844 3327/839/845
f 2956/840/846 3460/624/625 3317/841/847
f 3460/624/625 3574/754/759 3317/841/847
f 3573/630/631 3458/632/633 3459/842/848
f 3459/842/848 3458/632/633 3315/843/849
f 3457/844/850 3458/632/633 3311/845/851
f 3458/632/633 3571/846/852 3311/845/851
f 3943/520/518 1901/756/761 3456/564/565
f 1901/756/761 3569/635/636 3134/569/570
f 3429/847/853 3431/759/764 3108/848/854
f 3431/759/764 3563/760/765 3108/848/854
f 3108/848/854 3563/760/765 3428/849/855
f 2928/850/856 3559/481/526 3731/642/643
f 3731/642/643 3558/712/715 3273/851/857
f 3558/712/715 3557/761/768 3426/852/858
f 3557/761/768 3556/762/769 3424/853/859
f 3423/765/772 3554/696/699 3270/854/860
f 3554/696/699 3552/698/701 3270/854/860
f 3553/701/704 1998/700/703 3269/855/861
f 3551/856/862 3422/857/863 2924/858/864
f 3421/766/773 3420/688/691 3099/859/865
f 3641/767/774 4586/665/667 3722/768/775
f 3722/768/775 4585/703/706 3996/860/866
f 2886/861/867 4585/703/706 3637/704/707
f 4557/862/868 4579/863/869 3533/717/720
f 4579/863/869 4556/706/709 3533/717/720
f 4577/864/870 4575/865/871 4552/866/872
f 4551/777/784 4574/867/873 4053/868/874
f 4576/869/875 4573/870/876 4550/871/876
f 3809/872/877 4571/724/727 3808/873/878
f 4571/724/727 4066/781/788 3808/873/878
f 4067/727/730 3823/695/698 3991/874/879
f 3708/530/529 3986/875/880 3806/785/881
f 3708/530/529 3521/599/731 3386/876/882
f 3520/877/883 3621/728/732 3518/787/794
f 3197/878/884 3517/790/798 3378/792/800
f 3514/879/885 3512/880/886 3377/881/887
f 3370/882/888 3368/883/889 1737/884/890
f 1737/884/890 3368/883/889 2998/885/891
f 2997/886/892 3369/887/893 3365/888/894
f 3363/889/895 3493/890/896 3189/891/897
f 3360/892/898 3489/893/899 3358/894/899
s 0
f 3490/895/900 3355/896/900 3359/897/900
s 1
f 2993/813/819 2828/814/820 2829/811/817
f 2828/814/820 2990/818/824 2827/898/901
f 2826/819/825 2988/738/743 2068/899/902
f 2823/742/747 2064/392/387 1918/900/903
f 2063/610/610 3179/611/611 1376/901/904
f 3483/743/748 3347/826/832 1816/902/905
f 3177/903/906 3175/904/906 3176/905/906
f 3174/831/837 3345/829/835 3171/906/907
f 3166/836/842 3338/748/753 3163/907/908
f 3339/908/909 3160/909/910 3164/910/911
f 3330/911/912 3328/912/913 3157/913/914
f 3319/914/915 3322/621/622 3140/752/757
f 1702/753/758 3580/554/555 3462/468/465
f 3461/471/468 2806/915/916 2958/623/624
f 3317/841/847 3316/916/917 2956/840/846
f 3458/632/633 3457/844/850 3315/843/849
f 3137/917/918 3457/844/850 3312/918/919
f 3457/844/850 3311/845/851 3312/918/919
f 3136/919/920 3456/564/565 1901/756/761
f 3305/153/146 3128/150/143 2952/920/921
f 3127/921/922 3298/922/922 3121/923/923
f 3451/924/924 3448/925/925 3122/926/926
f 3122/926/926 3448/925/925 3118/927/927
f 3441/151/144 3305/153/146 3286/928/928
f 3438/929/929 3436/930/930 3287/931/931
f 3432/932/932 3430/933/933 3284/934/934
f 3278/935/935 3280/936/936 3276/937/937
f 3280/936/936 3108/848/938 3276/937/937
f 3274/938/939 3559/481/526 2928/850/856
f 2928/850/856 3731/642/643 3273/851/857
f 3271/939/940 3425/940/941 2926/941/942
f 2926/941/942 3425/940/941 2925/942/943
f 3425/940/941 3423/765/772 2925/942/943
f 3423/765/772 3270/854/860 2925/942/943
f 2924/858/864 3422/857/863 3100/943/944
f 3268/944/945 3421/766/773 3099/859/865
f 3099/859/865 3420/688/691 3266/945/946
f 3266/945/946 3420/688/691 1997/946/947
f 1997/946/947 3420/688/691 3641/767/774
f 3637/704/707 4566/769/776 4559/947/948
f 4559/947/948 4564/948/949 3994/949/950
f 3817/950/951 3995/951/952 4062/952/953
f 4557/862/868 3533/717/720 3993/953/954
f 4629/650/652 4555/772/779 3533/717/720
f 4555/772/779 4554/954/955 3533/717/720
f 4554/954/955 4058/955/956 3533/717/720
f 4057/776/783 4551/777/784 4055/956/957
f 4055/956/957 4551/777/784 4053/868/874
f 4548/780/787 4546/723/726 4052/957/958
f 3991/874/879 3823/695/698 3989/958/959
f 3989/958/959 3823/695/698 3807/959/960
f 4005/783/790 3988/782/789 3807/960/961
f 3709/961/962 3986/875/880 3386/876/882
f 3986/875/880 3708/530/529 3386/876/882
f 3384/962/963 3386/876/882 3520/963/964
f 3386/876/882 3521/599/731 3520/963/964
f 3520/877/883 3518/787/794 3379/964/965
f 3518/787/794 3515/965/966 3379/964/965
f 3517/790/798 3197/878/884 3381/966/967
f 3002/967/968 3198/968/968 3195/969/969
f 3000/970/970 3370/882/888 1737/884/890
f 3368/883/889 3190/971/971 2998/885/891
f 3365/888/894 3363/889/895 2997/886/892
f 3363/889/895 3189/891/897 2997/886/892
f 3189/891/897 3187/972/972 2832/973/973
f 2995/974/974 2829/811/975 2831/975/976
f 2829/811/817 2828/814/820 2076/976/977
f 2075/977/978 2828/814/979 1928/978/980
f 1928/978/980 2828/814/979 2072/979/981
f 2072/979/981 2828/814/979 2069/980/982
f 1921/981/983 2826/819/825 2068/899/902
f 2825/741/746 2824/820/826 2067/982/984
f 2066/983/985 2823/742/747 1918/900/903
f 1918/900/903 2064/392/387 1045/984/986
f 1045/984/986 2064/392/387 1162/822/828
f 1291/985/987 2063/610/610 1376/901/904
f 3180/824/830 3483/743/748 2822/986/988
f 2822/986/988 3483/743/748 1816/902/905
f 2986/987/989 2983/988/990 2984/989/991
f 3174/831/837 3171/906/907 2982/990/992
f 2820/991/993 2975/834/840 3167/835/841
f 3166/836/842 3163/907/908 2819/992/994
f 2819/992/994 3163/907/908 2056/993/995
f 2818/994/996 3155/995/997 2055/996/998
f 3140/752/757 1702/753/758 2960/997/999
f 2956/840/846 3316/916/917 2955/998/1000
f 3316/916/917 3314/999/1001 2955/998/1000
f 2955/998/1000 3313/1000/1002 3136/919/920
f 3312/918/919 3311/845/851 3135/1001/1003
f 3134/569/570 3433/638/639 2805/1002/1004
f 3310/1003/1005 3304/1004/1006 3133/1005/1007
f 3133/1005/1007 3304/1004/1006 3132/1006/1008
f 2025/1007/1009 3300/1008/1010 2947/1009/1011
f 2947/1009/1011 3124/1010/1012 2170/1011/1013
s 0
f 3120/1012/1014 3296/1013/1014 3117/1014/1014
s 1
f 3295/1013/1015 3292/1015/1016 3116/1014/1017
f 3292/1015/1016 3281/1016/1018 3116/1014/1017
f 3281/1016/1018 3280/936/936 3116/1014/1017
f 3280/936/936 3278/935/935 3116/1014/1017
f 3116/1014/1017 3278/935/935 3113/1017/1019
f 2943/1018/1020 3279/1019/1021 2166/1020/1022
f 3277/1021/1023 3275/1022/1024 3111/1023/1025
f 3111/1023/1025 3275/1022/1024 3109/1024/1026
f 3276/937/937 3108/848/938 2933/1025/1027
f 3274/938/939 2928/850/856 3104/1026/1028
f 3104/1026/1028 2928/850/856 2002/1027/1029
f 2928/850/856 3273/851/857 3103/1028/1030
f 3272/1029/1031 3271/939/940 2927/1030/1032
f 3271/939/940 3101/1031/1033 2927/1030/1032
f 3101/1031/1033 3271/939/940 2926/941/942
f 2001/1032/1034 3269/855/861 1998/700/703
f 3268/944/945 3099/859/865 1585/1033/1035
f 3996/860/866 4585/703/706 2886/861/867
f 4058/955/956 3814/1034/1036 3533/717/720
f 4058/955/956 4056/1035/1037 3814/1034/1036
f 3813/1036/1038 4055/956/957 4053/868/874
f 3714/1037/1039 4051/1038/1040 3810/1039/1041
f 3988/782/789 3732/641/642 3987/1040/1042
f 3987/1040/1042 3732/641/642 3710/784/791
f 3710/784/791 3806/785/792 3709/961/962
f 3709/961/962 3386/876/882 3622/1041/1043
f 3522/1042/1044 3380/966/1045 3385/1043/1046
f 2836/1044/1047 3194/1045/1048 2834/1046/1049
f 3191/1047/1050 3000/970/970 2834/1046/1049
f 3189/891/897 2832/973/973 2997/886/892
f 2832/973/973 3187/972/972 2830/1048/1051
f 3187/972/972 2996/1049/1052 2830/1048/1051
f 1732/1050/1053 2074/1051/1054 1641/1052/1055
f 1641/1052/1055 2074/1051/1054 1922/1053/1056
f 2074/1051/1054 2071/1054/1057 1922/1053/1056
f 2072/979/981 2069/980/982 1923/1055/1058
f 1922/1053/1056 1921/981/983 1641/1052/1055
f 1921/981/983 2068/899/902 1920/1056/1059
f 2068/899/902 2065/1057/1060 1920/1056/1059
f 1919/1058/1061 1918/900/903 1819/1059/1062
f 1162/822/828 2063/610/610 1291/985/987
f 1816/902/905 3347/826/832 3178/1060/1063
f 3178/1060/1063 2986/987/989 1730/1061/1064
f 1730/1061/1064 2986/987/989 2062/1062/1065
f 2986/987/989 2984/989/991 2062/1062/1065
f 2975/834/840 2820/991/993 2821/1063/1066
f 2056/993/995 3163/907/908 2818/994/996
f 2960/997/999 2045/1064/1067 2815/1065/1068
f 2815/1065/1068 2045/1064/1067 2812/1066/1069
f 2048/1067/1070 2812/1066/1069 2045/1064/1067
f 3462/468/465 2959/622/623 1702/753/758
f 2956/840/846 2955/998/1000 1901/756/761
f 3136/919/920 1901/756/761 2955/998/1000
f 1901/756/761 3134/569/570 2805/1002/1004
f 2805/1002/1004 3131/1068/1071 2804/1069/1072
f 2952/920/921 3128/150/143 2033/1070/1073
f 3122/926/926 3118/927/927 2166/1020/1022
f 2166/1020/1022 3118/927/927 2943/1018/1020
s 0
f 3119/1012/1074 3114/1014/1074 2941/1071/1074
s 1
f 2930/1072/1075 3104/1026/1028 2002/1027/1029
f 2928/850/856 3102/1073/1076 1868/1074/1077
f 1582/1075/1078 3099/859/865 1997/946/947
f 3640/1076/1079 3996/860/866 2886/861/867
f 4559/947/948 3994/949/950 3636/1077/1080
f 3541/1078/1081 3995/951/952 3817/950/951
f 3816/1079/1082 3993/953/954 3400/1080/1083
f 3400/1080/1083 3993/953/954 3533/717/720
f 3533/717/720 3814/1034/1036 3629/1081/1084
f 3813/1036/1038 4053/868/874 3811/1082/1085
f 3808/873/878 3990/1083/1086 3625/1084/1087
f 3989/958/959 3807/959/960 3713/1085/1088
f 3988/782/789 3710/784/791 3807/960/961
f 3710/784/791 3709/961/962 3524/1086/1089
f 3709/961/962 3622/1041/1043 3524/1086/1089
f 3523/1087/1090 3387/1088/1091 3205/1089/1092
f 3388/1090/1093 3385/1043/1094 3210/1091/1095
f 3383/1092/1096 3202/1093/1097 3209/1091/1096
f 3203/1094/1098 3010/1095/1099 3207/1096/1100
f 3207/1096/1100 3010/1095/1099 3015/1097/1101
f 1828/1098/1102 3014/1099/1103 2836/1044/1047
f 3015/1097/1101 3010/1095/1099 2839/1100/1104
f 2834/1046/1049 3000/970/970 1737/884/890
f 1737/884/890 2998/885/891 2078/1101/1105
f 2078/1101/1105 2998/885/891 2833/1102/1106
f 2999/1103/1107 2997/886/892 2832/973/973
f 2830/1048/1051 1929/1104/1108 1826/1105/1109
f 1826/1105/1109 1929/1104/1108 1931/1106/1110
f 1931/1106/1110 1929/1104/1108 1823/1107/1111
f 1641/1052/1055 1921/981/983 1820/1108/1112
f 1921/981/983 1920/1056/1059 1820/1108/1112
f 1819/1059/1062 1918/900/903 1045/984/986
f 3179/611/611 2987/1109/1113 1375/1110/1114
f 1817/1111/1115 2987/1109/1113 1917/1112/1116
f 1816/902/905 3178/1060/1063 1730/1061/1064
f 2985/1113/1117 2821/1063/1066 2061/1114/1118
f 2821/1063/1066 2820/991/993 2061/1114/1118
f 1815/1115/1119 2820/991/993 2060/1116/1120
f 2819/992/994 2058/1117/1121 2059/1118/1122
f 2819/992/994 2056/993/995 2058/1117/1121
f 2056/993/995 2818/994/996 1621/1119/1123
f 2818/994/996 2055/996/998 1621/1119/1123
f 2053/1120/1124 2810/1121/1125 1913/1122/1126
f 2810/1121/1125 2809/1123/1127 1913/1122/1126
f 1910/1124/1128 1914/1125/1129 2052/1126/1130
f 2045/1064/1067 2960/997/999 1702/753/758
f 2959/622/623 2807/1127/1131 1702/753/758
f 2958/623/624 2806/915/916 1613/1128/1132
f 2956/840/846 1901/756/761 2039/1129/1133
f 2952/920/921 2033/1070/1073 2035/1130/1134
f 1870/1131/1135 2948/1132/1136 2025/1007/1009
f 2948/1132/1136 1891/1133/1137 2025/1007/1009
f 1891/1133/1137 2948/1132/1136 1876/1134/1138
f 1876/1134/1138 2948/1132/1136 2011/1135/1139
f 2008/1136/1140 2949/1137/1141 1871/1138/1141
f 1870/1131/1135 2025/1007/1009 2006/1139/1142
f 2025/1007/1009 2947/1009/1011 2006/1139/1142
f 2947/1009/1011 2170/1011/1013 2006/1139/1142
f 2946/1140/1143 2169/1141/1143 2004/1142/1143
f 2937/1143/1144 2932/1144/1145 2165/1145/1146
f 2162/1146/1147 2929/1147/1148 2161/1148/1149
f 2002/1027/1029 2928/850/856 1868/1074/1077
f 1585/1033/1035 3099/859/865 1582/1075/1078
f 3641/767/774 3722/768/775 3725/1149/1150
f 3637/704/707 4559/947/948 3411/1150/1151
f 3541/1078/1081 3817/950/951 3635/1151/1152
s 0
f 3721/1152/1153 3815/1153/1153 3718/1154/1153
s 1
f 3814/1034/1036 3717/1155/1154 3629/1081/1084
f 3809/872/877 3808/873/878 3529/1156/1155
f 3808/873/878 3625/1084/1087 3529/1156/1155
f 3713/1085/1088 3807/959/960 3623/1157/1156
f 3623/1157/1156 3807/959/960 3712/1158/1157
f 3807/960/961 3710/784/791 3711/1159/1158
f 3525/1160/1159 3389/1161/1160 3526/1162/1161
f 3395/1163/1162 3390/1164/1163 3392/1165/1164
f 3016/1166/1165 1828/1098/1166 2080/1167/1167
f 1828/1098/1102 2836/1044/1047 1560/1168/1168
f 2836/1044/1047 2834/1046/1049 1560/1168/1168
f 1560/1168/1168 2834/1046/1049 1737/884/890
f 1737/884/890 2078/1101/1105 1827/1169/1169
f 2079/1170/1170 2832/973/973 2077/1171/1171
f 2832/973/973 2830/1048/1051 2077/1171/1171
f 1734/1172/1172 1827/1169/1169 1932/1173/1173
f 2077/1171/1171 2830/1048/1051 1933/1174/1174
f 1933/1174/1174 2830/1048/1051 1826/1105/1109
f 1826/1105/1109 1931/1106/1110 1825/1175/1175
f 1824/1176/1176 1930/1177/1177 1732/1050/1053
f 1732/1050/1053 1641/1052/1055 1457/1178/1178
f 1819/1059/1062 1637/1179/1179 1639/1180/1180
f 1819/1059/1062 1045/984/986 1637/1179/1179
f 1375/1110/1114 2987/1109/1113 1817/1111/1115
f 1730/1061/1064 2062/1062/1065 1916/1181/1181
f 2061/1114/1118 2820/991/993 1915/1182/1182
f 2820/991/993 1815/1115/1119 1915/1182/1182
f 1729/1183/1183 1815/1115/1119 1813/1184/1184
f 1815/1115/1119 2060/1116/1120 1813/1184/1184
f 2059/1118/1122 1812/1185/1185 1723/1186/1186
f 1812/1185/1185 2059/1118/1122 1621/1187/1187
f 2059/1118/1122 2058/1117/1121 1621/1187/1187
f 2057/1188/1188 2056/993/995 1621/1119/1123
f 1621/1119/1123 2055/996/998 2054/1189/1189
f 1544/1190/1190 2054/1189/1189 1913/1122/1126
f 2054/1189/1189 2053/1120/1124 1913/1122/1126
f 2052/1126/1130 2050/1191/1191 1910/1124/1128
f 1805/1192/1192 1911/1193/1193 2047/1194/1194
f 1702/753/758 2807/1127/1131 1799/1195/1195
f 1613/1128/1132 2806/915/916 2040/1196/1196
f 1901/756/761 2805/1002/1004 2038/1197/1197
f 2805/1002/1004 2804/1069/1072 2038/1197/1197
f 1894/1198/1198 2029/1199/1199 2023/1200/1200
f 2203/1201/1201 1876/1134/1138 1878/1202/1202
f 2783/1203/1203 2794/1204/1204 2752/1205/1205
f 2795/1206/1206 2775/1207/1207 2778/1208/1208
f 2778/1208/1208 2775/1207/1207 2741/1209/1209
f 2789/1210/1210 2791/1211/1211 2774/1212/1212
f 2760/1213/1213 2761/1214/1214 2759/1215/1215
f 2765/1216/1216 2783/1203/1217 2757/1217/1217
f 2775/1207/1207 2772/1218/1218 2741/1209/1209
f 2741/1209/1209 2772/1218/1218 2737/1219/1219
f 2351/1220/1220 2352/1221/1221 2292/1222/1222
f 2352/1221/1221 2733/1223/1223 2292/1222/1222
f 2292/1222/1222 2733/1223/1223 2731/1224/1224
f 2733/1223/1223 2767/1225/1225 2731/1224/1224
f 2767/1225/1225 2766/1226/1226 2731/1224/1224
f 2766/1226/1226 2764/1227/1227 2731/1224/1224
f 2725/1228/1228 2729/1229/1229 2721/1230/1230
f 2710/1231/1231 2745/1232/1232 2707/1233/1233
f 2744/1234/1234 2740/1235/1235 2702/1236/1236
f 2742/1237/1237 2701/1238/1238 2362/1239/1238
f 2294/1240/1239 2272/1241/1240 2293/1242/1241
f 2272/1241/1240 2350/1243/1242 2293/1242/1241
f 2731/1224/1224 2375/1244/1243 2292/1222/1222
f 2374/1245/1244 2729/1229/1229 2289/1246/1245
f 2729/1229/1229 2725/1228/1228 2289/1246/1245
f 2287/1247/1246 2370/1248/1247 2368/1249/1248
f 2718/1250/1249 2710/1231/1231 2368/1249/1250
f 2710/1231/1231 2707/1233/1233 2368/1249/1250
f 2357/1251/1251 2700/1252/1252 2354/1253/1252
f 2676/1254/1253 2692/1255/1254 2675/1256/1255
f 2451/1257/1256 2455/1258/1257 2448/1259/1258
f 2548/1260/1259 2679/1261/1260 2546/1262/1260
f 2682/1261/1261 2543/1263/1261 2547/1262/1262
f 2542/1264/1263 2672/1265/1264 2538/1266/1265
f 2537/1267/1266 2573/1268/1267 2535/1269/1268
f 2660/1270/1269 2652/1271/1270 2656/1272/1270
f 2650/1273/1271 2647/1274/1271 2581/1275/1271
f 2658/1276/1272 2600/1277/1273 2637/1278/1274
f 2603/1279/1275 2637/1278/1274 2600/1277/1273
f 2421/1280/1276 2535/1269/1268 2530/1281/1277
f 2629/1282/1278 2632/1283/1279 2624/1284/1279
f 2633/1285/1280 2615/1286/1281 2619/1287/1282
f 2619/1287/1282 2615/1286/1281 2617/1288/1283
f 2607/1289/1284 2608/1290/1285 2498/1291/1286
f 2498/1291/1286 2608/1290/1285 2528/1292/1287
f 2420/1293/1288 2628/1294/1289 2524/1295/1290
f 2526/1296/1291 2623/1297/1292 2415/1298/1293
f 2522/1299/1294 2622/1300/1294 2521/1301/1295
f 2506/1302/1296 2611/1303/1296 2504/1304/1296
f 2501/1305/1297 2605/1306/1297 2499/1307/1298
f 2382/1308/1299 2495/1309/1300 2494/1310/1301
f 2601/1311/1302 2594/1312/1303 2489/1313/1304
f 2588/1314/1305 2587/1315/1305 2478/1316/1305
f 2571/1317/1306 2568/1318/1306 2463/1319/1306
f 2552/1320/1307 2549/1321/1307 2450/1322/1307
f 2444/1323/1308 2544/1324/1309 2439/1325/1310
f 2545/1262/1311 2543/1326/1312 2440/1327/1313
f 2542/1264/1263 2538/1266/1265 2434/1328/1314
f 2432/1329/1315 2541/1330/1315 2431/1331/1315
f 2537/1267/1266 2535/1269/1268 2421/1280/1276
f 2421/1280/1276 2530/1281/1277 2418/1332/1316
f 2519/1333/1317 2517/1334/1317 2408/1335/1317
f 2393/1336/1318 2505/1337/1318 2388/1338/1318
f 2386/1339/1319 2500/1340/1320 2304/1341/1320
f 2497/1342/1321 2495/1309/1300 2384/1343/1322
f 2495/1309/1300 2382/1308/1299 2384/1343/1322
f 2483/1344/1323 2480/1345/1324 2297/1346/1325
f 2297/1346/1325 2480/1345/1324 2270/1347/1326
f 2270/1347/1326 2480/1345/1324 2265/1348/1327
f 2259/1349/1328 2458/1350/1329 2337/1351/1330
f 2442/1323/1331 2438/1325/1331 2330/1352/1331
f 2256/1353/1332 2436/1325/1333 2323/1354/1334
f 2437/1355/1335 2433/1328/1335 2328/1356/1335
f 2324/1357/1336 2423/1358/1337 2321/1359/1338
f 2321/1359/1338 2423/1358/1337 2317/1360/1339
f 2426/1361/1340 2422/1362/1341 2316/1363/1342
f 2421/1280/1343 2417/1364/1344 2313/1365/1344
f 2308/1366/1345 2401/1367/1345 2242/1368/1345
f 2400/1369/1346 2397/1370/1346 2305/1371/1347
f 2237/1372/1348 2398/1373/1349 2234/1374/1350
f 2233/1375/1351 2396/1376/1352 2229/1377/1353
f 2395/1378/1354 2390/1379/1355 2229/1380/1356
f 2302/1381/1357 2300/1382/1358 2228/1383/1359
f 2300/1384/1360 2380/1385/1361 2299/1386/1362
f 2190/1387/1363 2374/1245/1244 2187/1388/1364
f 2374/1245/1244 2289/1246/1245 2187/1388/1364
f 2291/1389/1365 2370/1248/1247 2287/1247/1246
f 2285/1390/1366 2286/1391/1367 2366/1392/1368
f 2286/1391/1367 2367/1393/1369 2366/1392/1368
f 2366/1392/1368 2278/1394/1370 2282/1395/1371
f 2276/1396/1372 2281/1397/1372 2274/1398/1372
f 2358/1399/1373 2348/1400/1374 2275/1398/1375
f 2275/1398/1375 2348/1400/1374 2176/1401/1376
f 2272/1241/1240 2294/1240/1239 2268/1402/1377
f 2344/1403/1378 2340/1404/1378 2261/1405/1379
f 2259/1349/1328 2337/1351/1330 2215/1406/1380
f 2336/1407/1381 2334/1408/1381 2257/1409/1382
f 2258/1410/1383 2332/1411/1384 2212/1412/1385
f 2213/1413/1386 2333/1414/1387 2211/1415/1388
f 2331/1416/1389 2329/1417/1390 2182/1418/1391
f 2182/1418/1391 2329/1417/1390 2256/1353/1332
f 2256/1353/1332 2323/1354/1334 2208/1419/1392
f 2319/1420/1393 2315/1421/1394 2246/1422/1395
f 2248/1423/1396 2309/1366/1396 2200/1424/1397
f 2227/1425/1398 2297/1346/1325 2192/1426/1399
f 2297/1346/1325 2270/1347/1326 2192/1426/1399
f 2294/1240/1239 2293/1242/1241 2191/1427/1400
f 2290/1428/1401 2286/1391/1367 2223/1429/1402
f 2286/1391/1367 2285/1390/1366 2223/1429/1402
f 2186/1430/1403 2284/1431/1404 2220/1432/1405
f 2285/1390/1366 2366/1392/1368 2221/1433/1406
f 2366/1392/1368 2282/1395/1371 2221/1433/1406
f 2220/1432/1405 2283/1434/1407 2177/1435/1408
f 2177/1435/1408 2283/1434/1407 2218/1436/1409
f 2282/1395/1371 2278/1394/1370 2219/1437/1410
f 2275/1398/1375 2176/1401/1376 2178/1438/1411
f 2264/1439/1412 2259/1349/1328 2215/1406/1380
f 2256/1353/1332 2208/1419/1392 2182/1418/1391
f 2186/1430/1403 2220/1432/1405 1690/1440/1413
f 2220/1432/1405 2177/1435/1408 1690/1440/1413
f 1878/1202/1202 2209/1441/1414 2203/1201/1201
f 2190/1387/1363 2187/1388/1364 2179/1442/1415
f 2179/1442/1415 2187/1388/1364 2020/1443/1416
f 1690/1440/1413 2177/1435/1408 2018/1444/1417
f 2174/1445/1418 2209/1441/1414 1878/1202/1202
f 2018/1444/1417 2177/1435/1408 2016/1446/1419
f 2178/1438/1411 2176/1401/1376 1885/1447/1420
f 1885/1447/1420 2176/1401/1376 2015/1448/1421
f 2165/1145/1146 2932/1144/1145 1869/1449/1422
f 2932/1144/1145 1784/1450/1423 1869/1449/1422
f 1782/1451/1424 2163/1452/1425 2002/1027/1029
f 2000/1453/1426 2157/1454/1427 1864/1455/1428
f 3641/767/774 3263/1456/1429 1997/946/947
f 1997/946/947 3263/1456/1429 3264/1457/1430
f 3263/1456/1429 3641/767/774 3085/1458/1431
f 3641/767/774 3725/1149/1150 3415/1459/1432
f 3412/1460/1433 3640/1076/1079 2886/861/867
f 2886/861/867 3637/704/707 3061/1461/1434
f 3049/1462/1435 4559/947/948 3636/1077/1080
f 3632/1463/1436 3719/1154/1436 3534/1464/1437
f 3623/1157/1156 3712/1158/1157 3711/1159/1158
f 3711/1159/1158 3710/784/791 3031/1465/1438
f 3710/784/791 3524/1086/1089 3031/1465/1438
f 3031/1465/1438 3524/1086/1089 3396/1466/1439
f 3221/1467/1440 3395/1468/1441 3219/1469/1442
f 3394/1470/1443 3392/1165/1443 3393/1471/1444
f 3206/1472/1445 3212/1473/1446 3213/1474/1445
f 1738/1475/1447 2080/1167/1167 1828/1098/1166
f 1643/1476/1448 1934/1477/1449 1733/1478/1450
f 1824/1176/1176 1732/1050/1053 1064/1479/1451
f 1064/1479/1451 1732/1050/1053 1457/1178/1178
f 1455/1480/1452 1637/1179/1179 1045/984/986
f 1376/901/904 3179/611/611 1375/1110/1114
f 1818/1481/1453 1816/902/905 1634/1482/1454
f 1816/902/905 1730/1061/1064 1630/1483/1455
f 1730/1061/1064 1916/1181/1181 1814/1484/1456
f 1723/1186/1186 1812/1185/1185 1624/1485/1457
f 1721/1486/1458 1909/1487/1459 1719/1488/1460
f 1911/1193/1193 1805/1192/1192 1720/1489/1461
f 1806/1490/1462 1908/1491/1463 1803/1492/1464
f 1907/1493/1465 2046/1494/1466 1906/1495/1467
f 1906/1495/1467 2045/1064/1067 1702/753/758
f 1613/1128/1132 2040/1196/1196 1699/1496/1468
f 1796/1497/1469 2039/1129/1133 1901/756/761
f 1901/756/761 2038/1197/1197 1696/1498/1470
f 1696/1498/1470 2038/1197/1197 1900/1499/1471
f 2035/1130/1134 2033/1070/1073 1899/1500/1472
f 1894/1198/1198 2023/1200/1200 1789/1501/1473
f 1876/1134/1138 2203/1201/1201 1891/1133/1137
f 1890/1502/1474 2179/1442/1415 1788/1503/1475
f 2179/1442/1415 2020/1443/1416 1788/1503/1475
f 1690/1440/1413 2018/1444/1417 1689/1504/1476
f 2019/1505/1477 2017/1506/1477 1880/1507/1477
f 1877/1508/1478 2013/1509/1479 1874/1510/1480
f 2013/1509/1479 2009/1511/1481 1874/1510/1480
f 1782/1451/1424 2002/1027/1029 1780/1512/1482
f 2002/1027/1029 1868/1074/1077 1780/1512/1482
f 1868/1074/1077 2001/1032/1034 1780/1512/1482
f 2001/1032/1034 1998/700/703 1780/1512/1482
f 1866/1513/1483 2000/1453/1426 1864/1455/1428
f 1997/946/947 2146/1514/1484 1582/1075/1078
f 1582/1075/1078 2146/1514/1484 1860/1515/1485
f 1860/1515/1485 2146/1514/1484 2154/1516/1486
f 2146/1514/1484 1997/946/947 2144/1517/1487
f 3085/1458/1431 3641/767/774 3415/1459/1432
f 3723/1518/1488 3639/1519/1488 3546/1520/1488
f 3061/1461/1434 3637/704/707 3411/1150/1151
f 3241/1521/1489 3411/1522/1490 3240/1523/1491
f 3411/1150/1151 4559/947/948 3543/1524/1492
f 3543/1524/1492 4559/947/948 3049/1462/1435
s 0
f 3539/1525/1493 3633/1463/1493 3537/1526/1493
s 1
f 3529/1156/1155 3625/1084/1087 3527/1527/1494
f 3625/1084/1087 3624/1528/1495 3527/1527/1494
f 3623/1157/1156 3711/1159/1158 3528/1529/1496
f 3528/1529/1496 3711/1159/1158 3032/1530/1497
f 3711/1159/1158 3031/1465/1438 3032/1530/1497
f 3031/1465/1438 3396/1466/1439 3220/1531/1498
f 3218/1532/1499 3215/1533/1500 3217/1534/1501
f 1733/1478/1450 1824/1176/1176 1064/1479/1451
f 1642/1535/1502 1640/1536/1503 1553/1537/1504
f 1637/1179/1179 1455/1480/1452 1552/1538/1505
f 1375/1110/1114 1817/1111/1115 1636/1539/1506
f 1816/902/905 1630/1483/1455 1634/1482/1454
f 1730/1061/1064 1814/1484/1456 1630/1483/1455
f 1630/1483/1455 1814/1484/1456 1628/1540/1507
f 1729/1183/1183 1813/1184/1184 1726/1541/1508
f 1624/1485/1457 1722/1542/1509 1622/1543/1510
f 1621/1119/1123 2054/1189/1189 1544/1190/1190
f 1720/1489/1461 1805/1192/1192 1716/1544/1511
f 1907/1493/1465 1906/1495/1467 1702/753/758
f 1796/1497/1469 1901/756/761 1698/1545/1512
f 1698/1545/1512 1901/756/761 1696/1498/1470
f 1894/1198/1198 1789/1501/1473 1791/1546/1513
f 1884/1547/1514 1877/1508/1478 1687/1548/1515
f 1877/1508/1478 1874/1510/1480 1687/1548/1515
f 1687/1548/1515 1874/1510/1480 1784/1450/1423
f 1874/1510/1480 1872/1549/1516 1784/1450/1423
f 1872/1549/1516 1869/1449/1422 1784/1450/1423
f 1580/1550/1517 1582/1075/1078 1772/1551/1518
f 1582/1075/1078 1860/1515/1485 1772/1551/1518
f 2144/1517/1487 1997/946/947 2141/1552/1519
f 2141/1552/1519 1997/946/947 3264/1457/1430
f 3411/1522/1490 3241/1521/1489 3410/1553/1520
f 3409/1554/1521 3241/1555/1522 3242/1556/1523
f 3543/1524/1492 3049/1462/1435 3240/1523/1491
f 2867/1557/1524 3636/1077/1080 3407/1558/1525
f 3407/1558/1525 3636/1077/1080 3406/1559/1526
f 3237/1560/1527 3540/1525/1528 3043/1561/1529
s 0
f 3542/1525/1530 3538/1526/1530 3405/1562/1530
s 1
f 3404/1562/1531 3536/1526/1531 3401/1563/1531
f 3535/1564/1532 3400/1080/1083 3231/1565/1533
f 3400/1080/1083 3533/717/720 3231/1565/1533
f 3231/1565/1533 3533/717/720 3230/1566/1534
f 3533/717/720 3629/1081/1084 3230/1566/1534
f 3228/1567/1535 3529/1156/1155 3223/1568/1536
f 3529/1156/1155 3527/1527/1494 3223/1568/1536
f 3528/1529/1496 3032/1530/1497 3224/1569/1537
f 3222/1570/1538 3221/1571/1539 3030/1572/1540
f 3030/1572/1540 3221/1571/1539 3028/1573/1541
f 3221/1467/1440 3219/1469/1442 3026/1574/1542
f 3218/1532/1499 3217/1534/1501 3027/1574/1543
f 1828/1098/1166 1463/1575/1544 1738/1475/1447
f 1738/1475/1447 1463/1575/1544 1465/1576/1545
f 1737/884/890 1827/1169/1169 1735/1577/1546
f 1735/1577/1546 1827/1169/1169 1734/1172/1172
f 1643/1476/1448 1733/1478/1450 1458/1578/1547
f 1458/1578/1547 1733/1478/1450 1064/1479/1451
f 1045/984/986 1162/822/828 1012/1579/1548
f 1291/985/987 1376/901/904 1060/1580/1549
f 1376/901/904 1375/1110/1114 1124/1581/1550
f 1634/1482/1454 1630/1483/1455 1632/1582/1551
f 1547/1583/1552 1630/1483/1455 1628/1540/1507
f 1728/1584/1553 1725/1585/1554 1629/1586/1555
f 1628/1540/1507 1723/1186/1186 1626/1587/1556
f 1626/1587/1556 1624/1485/1457 1625/1588/1557
f 1626/1587/1556 1723/1186/1186 1624/1485/1457
f 1622/1543/1510 1722/1542/1509 1621/1119/1123
f 1721/1486/1458 1719/1488/1460 1542/1589/1558
f 1719/1488/1460 1714/1590/1559 1542/1589/1558
f 1714/1590/1559 1618/1591/1560 1542/1589/1558
f 1618/1591/1560 1541/1592/1561 1542/1589/1558
f 1800/1593/1562 1702/753/758 1703/1594/1563
f 1703/1594/1563 1702/753/758 1614/1595/1564
f 1702/753/758 1799/1195/1195 1529/1596/1565
f 1791/1546/1513 1789/1501/1473 1693/1597/1566
f 1693/1597/1566 1789/1501/1473 1691/1598/1567
f 1789/1501/1473 1890/1502/1474 1691/1598/1567
f 1890/1502/1474 1788/1503/1475 1691/1598/1567
f 1686/1599/1568 1783/1600/1569 1590/1601/1570
f 1782/1451/1424 1780/1512/1482 1590/1601/1571
f 1590/1601/1571 1780/1512/1482 1500/1602/1572
f 1500/1602/1572 1780/1512/1482 1684/1603/1573
f 1585/1033/1035 1582/1075/1078 1420/1604/1574
f 1679/1605/1575 1580/1550/1517 1772/1551/1518
f 1765/1606/1576 1857/1607/1576 1404/1608/1576
f 2141/1552/1519 3264/1457/1430 3095/1609/1577
f 3258/1610/1578 3263/1456/1429 3255/1611/1579
f 3251/1612/1580 3412/1460/1433 3064/1613/1581
f 3064/1613/1581 3412/1460/1433 2886/861/867
f 3411/1150/1151 3409/1554/1521 3061/1461/1434
f 3061/1461/1434 3409/1554/1521 3246/1614/1582
f 3409/1554/1521 3242/1556/1523 3246/1614/1582
f 3052/1615/1583 3241/1521/1489 3240/1523/1491
f 3049/1462/1435 3636/1077/1080 2867/1557/1524
f 2867/1557/1524 3407/1558/1525 2864/1616/1584
f 2865/1617/1585 3408/1618/1586 3239/1619/1587
f 3408/1618/1586 3236/1620/1588 3239/1619/1587
f 3233/1621/1589 3402/1563/1590 3232/1622/1591
f 3228/1567/1535 3223/1568/1536 2845/1623/1592
f 3032/1530/1497 3031/1465/1438 2846/1624/1593
f 2847/1625/1594 3030/1572/1595 2844/1626/1596
f 2844/1627/1597 3029/1628/1598 2085/1629/1599
f 3029/1628/1598 2841/1630/1600 2085/1629/1599
f 1935/1631/1601 1738/1475/1447 1739/1632/1602
f 1739/1632/1602 1738/1475/1447 1220/1633/1603
f 1556/1634/1604 1560/1168/1168 1647/1635/1605
f 1560/1168/1168 1737/884/890 1647/1635/1605
f 1647/1635/1605 1737/884/890 1645/1636/1606
f 1645/1636/1606 1737/884/890 1644/1637/1607
f 1737/884/890 1735/1577/1546 1644/1637/1607
f 1459/1638/1608 1736/1639/1609 1643/1476/1448
f 1064/1479/1451 1457/1178/1178 1166/1640/1610
f 1166/1640/1610 1457/1178/1178 1456/1641/1611
f 1166/1640/1610 1456/1641/1611 1377/1642/1612
f 1213/1643/1613 1455/1480/1452 1045/984/986
f 1291/985/987 1061/1644/1614 1162/822/828
f 1375/1110/1114 1636/1539/1506 1451/1645/1615
f 1551/1646/1616 1635/1647/1617 1452/1648/1618
f 1635/1647/1617 1633/1649/1619 1452/1648/1618
f 1452/1648/1618 1633/1649/1619 1550/1650/1620
f 1632/1582/1551 1630/1483/1455 1549/1651/1621
f 1024/1652/1622 1550/1650/1620 1548/1653/1623
f 1550/1650/1620 1631/1654/1624 1548/1653/1623
f 1547/1583/1552 1628/1540/1507 1546/1655/1625
f 1628/1540/1507 1626/1587/1556 1546/1655/1625
f 1627/1656/1626 1371/1657/1627 1372/1658/1628
f 1625/1588/1557 1624/1485/1457 1545/1659/1629
f 1624/1485/1457 1622/1543/1510 1545/1659/1629
f 1210/1660/1630 1623/1661/1631 1450/1662/1632
f 1449/1663/1633 1622/1543/1510 1369/1664/1634
f 1622/1543/1510 1621/1119/1123 1369/1664/1634
f 1621/1119/1123 1544/1190/1190 1369/1664/1634
f 1544/1190/1190 1543/1665/1635 1367/1666/1636
f 1541/1592/1561 1619/1667/1637 1447/1668/1638
f 1614/1595/1564 1702/753/758 1529/1596/1565
f 1613/1128/1132 1699/1496/1468 1608/1669/1639
f 1606/1670/1640 1692/1671/1641 1603/1672/1642
f 1692/1671/1641 1690/1440/1413 1603/1672/1642
f 1600/1673/1643 1603/1672/1642 1599/1674/1644
f 1603/1672/1642 1690/1440/1413 1599/1674/1644
f 1690/1440/1413 1689/1504/1476 1599/1674/1644
f 1599/1674/1644 1689/1504/1476 1510/1675/1645
f 1501/1676/1646 1683/1677/1647 1586/1678/1648
f 1680/1679/1649 1579/1680/1650 1492/1681/1651
f 1492/1681/1651 1579/1680/1650 1490/1682/1652
f 1579/1680/1650 1680/1679/1649 1676/1683/1653
f 1768/1684/1654 1766/1606/1655 1672/1685/1656
f 1766/1606/1655 1404/1686/1657 1672/1685/1656
f 2136/1687/1658 2912/1688/1659 2134/1689/1660
f 2912/1688/1659 3093/1690/1661 2134/1689/1660
f 2125/1691/1662 3087/1692/1663 3256/1693/1664
f 3255/1611/1579 3263/1456/1429 3085/1458/1431
f 3085/1458/1431 3415/1459/1432 3080/1694/1665
f 3062/1695/1666 3247/1696/1667 2888/1697/1668
f 3247/1696/1667 3244/1698/1669 2888/1697/1668
f 2888/1697/1670 3245/1698/1670 2885/1699/1671
f 2881/1700/1672 3243/1701/1672 2875/1702/1673
f 3242/1556/1523 3241/1555/1522 3054/1703/1674
f 3240/1523/1491 3049/1462/1435 3052/1615/1583
f 2858/1704/1675 3237/1560/1527 3043/1561/1529
f 3234/1705/1676 3231/1565/1533 3040/1706/1677
f 3231/1565/1533 3230/1566/1534 3040/1706/1677
f 3040/1706/1677 3230/1566/1534 3038/1707/1678
f 3228/1567/1535 2845/1623/1592 2849/1708/1679
f 2849/1708/1679 2845/1623/1592 1941/1709/1680
f 1941/1709/1680 2845/1623/1592 2087/1710/1681
f 2845/1623/1592 2843/1711/1682 2087/1710/1681
f 2844/1627/1597 2085/1629/1599 2088/1712/1683
f 1936/1713/1684 1935/1631/1601 1739/1632/1602
f 1560/1168/1168 1556/1634/1604 1558/1714/1685
f 1557/1715/1686 1648/1716/1687 1460/1717/1688
f 1647/1635/1605 1645/1636/1606 1555/1718/1689
f 1646/1719/1690 1459/1638/1608 1460/1717/1688
f 1459/1638/1608 1643/1476/1448 1458/1578/1547
f 1166/1640/1610 1377/1642/1612 1293/1720/1691
f 1060/1580/1549 1376/901/904 1124/1581/1550
f 1124/1581/1550 1375/1110/1114 1122/1721/1692
f 1375/1110/1114 1451/1645/1615 1453/1722/1693
f 1452/1648/1618 1550/1650/1620 1024/1652/1622
f 1548/1653/1623 1372/1658/1628 1024/1652/1622
f 1210/1660/1630 1450/1662/1632 1209/1723/1694
f 1369/1664/1634 1544/1190/1190 1367/1666/1636
f 1543/1665/1635 1542/1589/1558 1367/1666/1636
f 1542/1589/1558 1363/1724/1695 1367/1666/1636
f 1367/1666/1636 1363/1724/1695 1288/1725/1696
f 1363/1724/1695 1542/1589/1558 1447/1668/1638
f 1542/1589/1558 1541/1592/1561 1447/1668/1638
f 1613/1128/1132 1608/1669/1639 1527/1726/1697
f 1608/1669/1639 1524/1727/1698 1527/1726/1697
s 0
f 1605/1728/1699 1602/1729/1699 1526/1730/1699
s 1
f 1515/1731/1700 1509/1732/1701 1424/1733/1702
f 1517/1734/1703 1598/1735/1703 1512/1736/1704
f 1513/1736/1705 1599/1674/1644 1510/1675/1645
f 1504/1737/1706 1590/1601/1571 1500/1602/1572
f 1501/1676/1646 1586/1678/1648 1421/1738/1707
f 1582/1075/1078 1583/1739/1708 1338/1740/1709
f 1338/1740/1709 1583/1739/1708 1499/1741/1710
f 1497/1742/1711 1584/1743/1712 1495/1744/1713
f 1583/1739/1708 1582/1075/1078 1494/1745/1714
f 1582/1075/1078 1580/1550/1517 1494/1745/1714
f 1579/1680/1650 1578/1746/1715 1490/1682/1652
f 1672/1685/1656 1404/1686/1657 1576/1747/1716
f 1404/1686/1657 1671/1748/1717 1488/1749/1718
f 1671/1748/1717 1855/1750/1719 1488/1749/1718
f 1488/1749/1718 1855/1750/1719 1850/1751/1720
f 2135/1752/1721 2911/1753/1722 2128/1754/1723
f 1978/1755/1724 3087/1692/1663 2125/1691/1662
f 2125/1691/1662 3256/1693/1664 2908/1756/1725
f 3042/1757/1726 3041/1758/1727 2855/1759/1728
f 3039/1760/1729 3037/1761/1730 2853/1762/1731
f 2853/1762/1731 3037/1761/1730 2090/1763/1732
f 3036/1764/1733 2848/1765/1733 2851/1766/1733
f 2089/1767/1734 2849/1708/1679 1941/1709/1680
f 1941/1709/1680 2087/1710/1681 1940/1768/1735
f 2086/1712/1736 2083/1769/1736 1939/1770/1737
f 1832/1771/1738 1936/1713/1684 1739/1632/1602
f 1650/1772/1739 1739/1632/1602 1220/1633/1603
f 1220/1633/1603 1738/1475/1447 1465/1576/1545
f 1463/1575/1740 1560/1168/1168 1462/1773/1741
f 1560/1168/1168 1558/1714/1685 1462/1773/1741
f 1559/1774/1742 1557/1715/1686 1461/1775/1743
f 1461/1775/1743 1557/1715/1686 1460/1717/1688
f 1166/1640/1610 1293/1720/1691 1215/1776/1744
f 1214/1777/1745 1292/1778/1746 1213/1643/1613
f 1060/1580/1549 1124/1581/1550 940/1779/1747
f 1375/1110/1114 1453/1722/1693 1373/1780/1748
f 1454/1781/1749 1452/1648/1618 1374/1782/1750
f 1374/1782/1750 1452/1648/1618 1212/1783/1751
f 1209/1723/1694 1450/1662/1632 1370/1784/1752
f 1515/1731/1700 1424/1733/1702 1429/1785/1753
f 1509/1732/1701 1419/1786/1754 1424/1733/1702
f 1506/1787/1755 1501/1676/1646 1421/1738/1707
f 1420/1604/1574 1582/1075/1078 1342/1788/1756
f 1582/1075/1078 1338/1740/1709 1342/1788/1756
f 1496/1789/1757 1493/1790/1757 1413/1791/1757
f 1492/1681/1651 1490/1682/1652 1409/1792/1758
f 1489/1793/1759 1327/1794/1760 1406/1795/1761
f 1330/1796/1762 1406/1795/1761 1405/1797/1763
f 1406/1795/1761 1327/1794/1760 1405/1797/1763
f 1327/1794/1764 1576/1747/1716 1404/1686/1657
f 1853/1751/1765 1980/1798/1766 1488/1749/1718
f 2911/1753/1722 2910/1799/1767 2128/1754/1723
f 1978/1755/1724 2125/1691/1662 1975/1800/1768
f 1844/1801/1769 1969/1802/1770 2116/1803/1771
f 1969/1802/1770 2905/1804/1772 2116/1803/1771
f 2880/1805/1773 2105/1806/1774 1751/1807/1775
f 1751/1807/1775 2105/1806/1774 1750/1808/1776
f 2879/1809/1777 2876/1810/1778 2106/1811/1779
f 2876/1810/1778 2872/1812/1780 2106/1811/1779
f 2107/1813/1781 2869/1814/1782 2104/1815/1783
f 1745/1816/1784 1938/1817/1785 1834/1818/1786
f 1937/1770/1787 1831/1819/1788 1744/1820/1789
f 1739/1632/1602 1650/1772/1739 1833/1821/1790
f 1830/1821/1791 1829/1822/1792 1741/1823/1793
f 1650/1772/1739 1220/1633/1603 1469/1824/1794
f 1465/1576/1545 1463/1575/1544 1464/1825/1795
f 1461/1775/1743 1460/1717/1688 1167/1826/1796
f 1460/1717/1688 1459/1638/1608 1167/1826/1796
f 1459/1638/1608 1458/1578/1547 1167/1826/1796
f 1019/1827/1797 1458/1578/1547 1064/1479/1451
f 1064/1479/1451 1166/1640/1610 1063/1828/1798
f 1166/1640/1610 1215/1776/1744 1164/1829/1799
f 1163/1830/1800 1214/1777/1745 1014/1831/1801
f 1214/1777/1745 1213/1643/1613 1014/1831/1801
f 1213/1643/1613 1045/984/986 1014/1831/1801
f 1122/1721/1692 1375/1110/1114 1289/1832/1802
f 1375/1110/1114 1373/1780/1748 1289/1832/1802
f 1290/1833/1803 1374/1782/1750 1212/1783/1751
f 1212/1783/1751 1452/1648/1618 795/1834/1804
f 1452/1648/1618 1024/1652/1622 795/1834/1804
f 1372/1658/1628 1371/1657/1627 1024/1652/1622
f 1024/1652/1622 1371/1657/1627 1210/1660/1630
f 1370/1784/1752 1368/1835/1805 1209/1723/1694
f 1209/1723/1694 1365/1836/1806 889/1837/1807
f 1365/1836/1806 1361/1838/1808 1208/1839/1809
f 1361/1838/1808 1358/1840/1810 1208/1839/1809
f 1433/1841/1811 1428/1842/1812 1355/1843/1813
f 1428/1842/1812 1431/1844/1814 1355/1843/1813
f 1353/1845/1815 1431/1844/1814 1352/1846/1816
f 1431/1844/1814 1428/1842/1812 1352/1846/1816
f 1428/1842/1812 1425/1847/1817 1352/1846/1816
f 1352/1846/1816 1425/1847/1817 1345/1848/1818
f 1425/1847/1817 1422/1849/1819 1345/1848/1818
f 1330/1796/1762 1405/1797/1763 1328/1850/1820
f 1404/1686/1657 1488/1749/1718 1264/1851/1821
f 1977/1852/1822 1764/1853/1823 1978/1755/1724
f 1764/1853/1823 1488/1749/1718 1978/1755/1724
f 1488/1749/1718 1980/1798/1766 1978/1755/1724
f 2124/1854/1824 2118/1855/1825 1849/1856/1826
f 1849/1856/1826 2118/1855/1825 1974/1857/1827
f 2120/1858/1828 2119/1859/1829 1970/1860/1830
f 1970/1860/1830 2119/1859/1829 1969/1802/1770
f 1844/1801/1769 2116/1803/1771 1966/1861/1831
f 2116/1803/1771 2112/1862/1832 1966/1861/1831
f 2091/1863/1833 1945/1864/1834 1952/1865/1835
f 1837/1866/1836 1944/1867/1837 1946/1868/1838
f 1946/1868/1838 1944/1867/1837 1835/1869/1839
f 1938/1817/1785 1745/1816/1784 1835/1869/1839
f 1831/1819/1788 1742/1870/1840 1744/1820/1789
f 1744/1820/1789 1742/1870/1840 1561/1871/1841
f 1742/1870/1840 1649/1872/1842 1561/1871/1841
f 1561/1871/1841 1649/1872/1842 1472/1873/1843
f 1650/1772/1739 1469/1824/1794 1473/1874/1844
f 1382/1875/1845 1469/1824/1794 1220/1633/1603
f 1064/1479/1451 1063/1828/1798 930/1876/1846
f 1127/1877/1847 1165/1878/1848 1125/1879/1849
f 1166/1640/1610 1164/1829/1799 1126/1880/1850
f 1125/1879/1849 1163/1830/1800 1014/1831/1801
f 972/1881/1851 1045/984/986 1012/1579/1548
f 1012/1579/1548 1162/822/828 1061/1644/1614
f 1122/1721/1692 1289/1832/1802 1211/1882/1852
f 1024/1652/1622 1210/1660/1630 1209/1723/1694
f 1365/1836/1806 1208/1839/1809 889/1837/1807
f 1334/1883/1853 1329/1884/1854 1273/1885/1855
f 1330/1796/1762 1328/1850/1820 1269/1886/1856
f 1269/1886/1856 1328/1850/1820 1202/1887/1857
f 1328/1850/1820 1327/1794/1764 1268/1888/1858
f 1327/1794/1764 1266/1889/1859 1268/1888/1858
f 1266/1889/1859 1327/1794/1764 1264/1851/1821
f 1327/1794/1764 1404/1686/1657 1264/1851/1821
f 1488/1749/1718 1764/1853/1823 1670/1890/1860
f 1978/1755/1724 1975/1800/1768 1977/1852/1822
f 2126/1891/1861 2124/1854/1824 1849/1856/1826
f 1973/1892/1862 2123/1893/1863 2122/1894/1864
f 2121/1895/1865 1971/1896/1866 1846/1897/1867
f 1844/1801/1769 1845/1898/1868 1969/1802/1770
f 1845/1898/1868 1970/1860/1830 1969/1802/1770
f 1844/1899/1869 1968/1900/1870 1751/1807/1775
f 1843/1901/1871 1961/1902/1872 1839/1903/1873
f 1962/1904/1874 1953/1905/1875 1841/1906/1876
f 1953/1905/1875 1950/1907/1877 1841/1906/1876
f 1840/1908/1878 1948/1909/1878 1749/1910/1879
f 1652/1911/1880 1947/1912/1881 1837/1866/1882
f 1651/1913/1883 1946/1868/1838 1562/1914/1884
f 1946/1868/1838 1835/1869/1839 1562/1914/1884
f 1835/1869/1839 1745/1816/1784 1562/1914/1884
f 1562/1914/1884 1475/1915/1885 1311/1916/1886
f 1563/1917/1887 1561/1871/1841 1386/1918/1888
f 1561/1871/1841 1472/1873/1843 1386/1918/1888
f 1474/1919/1889 1470/1920/1890 1385/1921/1891
f 1226/1922/1892 1385/1921/1891 1222/1923/1893
f 1385/1921/1891 1470/1920/1890 1222/1923/1893
f 1470/1920/1890 1468/1924/1894 1222/1923/1893
f 1222/1923/1893 1468/1924/1894 1383/1925/1895
f 1220/1633/1603 1465/1576/1545 1380/1926/1896
f 1465/1576/1545 1467/1927/1897 1380/1926/1896
f 1379/1928/1898 1466/1929/1899 1378/1930/1900
f 1167/1826/1796 1458/1578/1547 1019/1827/1797
f 1127/1877/1847 1125/1879/1849 1062/1931/1901
f 1125/1879/1849 1014/1831/1801 1062/1931/1901
f 940/1779/1747 1124/1581/1550 1122/1721/1692
f 1122/1721/1692 1211/1882/1852 1161/1932/1902
f 1212/1783/1751 795/1834/1804 1085/1933/1903
f 1024/1652/1622 1209/1723/1694 889/1837/1807
f 1207/1934/1904 1286/1935/1905 1120/1936/1906
f 1271/1937/1907 1203/1938/1908 1120/1936/1906
f 1328/1850/1820 1268/1888/1858 1202/1887/1857
f 1266/1889/1859 1264/1851/1821 1200/1939/1909
f 1264/1851/1821 1488/1749/1718 1263/1940/1910
f 1669/1941/1911 1763/1942/1912 1761/1943/1913
f 1763/1942/1912 1976/1944/1914 1399/1945/1915
f 1399/1945/1915 1976/1944/1914 1849/1856/1916
f 1974/1857/1827 1760/1946/1917 1849/1856/1826
f 1972/1947/1918 2121/1895/1865 1754/1948/1919
f 2121/1895/1865 1846/1897/1867 1754/1948/1919
f 1753/1949/1920 1845/1898/1868 1662/1950/1921
f 1845/1898/1868 1844/1801/1769 1662/1950/1921
f 1844/1899/1869 1751/1807/1775 1570/1951/1922
f 1842/1952/1923 1838/1908/1924 1658/1953/1925
f 1658/1953/1925 1838/1908/1924 1656/1954/1926
f 1656/1954/1926 1838/1908/1924 1654/1955/1927
f 1652/1911/1880 1837/1866/1882 1651/1913/1883
f 1472/1873/1843 1471/1956/1928 1386/1918/1888
f 1296/1957/1929 1382/1875/1845 1220/1633/1603
f 1220/1633/1603 1380/1926/1896 1294/1958/1930
f 1295/1959/1931 1381/1960/1932 932/1961/1933
f 1381/1960/1932 1379/1928/1898 932/1961/1933
f 1379/1928/1898 1378/1930/1900 932/1961/1933
f 1378/1930/1900 1167/1826/1796 932/1961/1933
f 1028/1962/1934 1061/1644/1614 1060/1580/1549
f 1061/1644/1614 1291/985/987 1060/1580/1549
f 1122/1721/1692 1161/1932/1902 1121/1963/1935
f 1208/1839/1809 1207/1934/1904 889/1837/1807
f 889/1837/1807 1207/1934/1904 1120/1936/1906
f 1120/1936/1906 1203/1938/1908 1023/1964/1936
f 1023/1964/1936 1203/1938/1908 1160/1965/1937
f 1267/1966/1938 1119/1967/1939 1201/1968/1940
f 1119/1967/1939 1265/1969/1941 1118/1970/1942
f 1264/1851/1821 1263/1940/1910 1199/1971/1943
f 1488/1749/1718 1670/1890/1860 1668/1972/1944
f 1668/1972/1944 1670/1890/1860 1762/1973/1945
f 1761/1943/1913 1763/1942/1912 1399/1945/1915
f 1574/1974/1946 1849/1856/1916 1757/1975/1947
f 1759/1976/1948 1847/1977/1949 1756/1978/1950
f 1847/1977/1949 1972/1947/1918 1756/1978/1950
f 1394/1979/1951 1753/1949/1920 1663/1980/1952
f 1753/1949/1920 1662/1950/1921 1663/1980/1952
f 1662/1950/1921 1844/1801/1769 1571/1981/1953
f 1844/1801/1769 1752/1982/1954 1571/1981/1953
f 1570/1951/1922 1751/1807/1775 1661/1983/1955
f 1751/1807/1775 1750/1808/1776 1661/1983/1955
f 1750/1808/1776 1659/1984/1956 1661/1983/1955
f 1651/1913/1883 1562/1914/1884 1239/1985/1957
f 1239/1985/1957 1562/1914/1884 1311/1916/1886
f 1476/1986/1958 1386/1918/1959 1235/1987/1960
f 1386/1918/1959 1298/1988/1961 1235/1987/1960
f 1235/1987/1960 1298/1988/1961 1301/1989/1962
f 1175/1990/1963 1308/1991/1964 1228/1992/1965
f 1301/1989/1962 1298/1988/1961 1223/1993/1966
f 1171/1994/1967 1296/1957/1929 1220/1633/1603
f 1220/1633/1603 1294/1958/1930 1218/1995/1968
f 1219/1996/1969 1295/1959/1931 1217/1997/1970
f 1019/1827/1797 1064/1479/1451 931/1998/1971
f 931/1998/1971 1064/1479/1451 930/1876/1846
f 930/1876/1846 1063/1828/1798 1049/1999/1972
f 1048/2000/1973 1062/1931/1901 1046/2001/1974
f 1046/2001/1974 1062/1931/1901 1014/1831/1801
f 1014/1831/1801 1045/984/986 975/2002/1975
f 1044/2003/1976 1010/2004/1977 1043/2005/1978
f 1010/2004/1977 1012/1579/1548 1043/2005/1978
f 1012/1579/1548 1061/1644/1614 1043/2005/1978
f 1043/2005/1978 1061/1644/1614 1040/2006/1979
f 1040/2006/1979 1061/1644/1614 1038/2007/1980
f 1037/2008/1981 1061/1644/1614 1033/2009/1982
f 1031/2010/1983 1033/2009/1982 1028/1962/1934
f 1033/2009/1982 1061/1644/1614 1028/1962/1934
f 1060/1580/1549 940/1779/1747 1026/2011/1984
f 936/2012/1985 940/1779/1747 1122/1721/1692
f 1058/2013/1986 1122/1721/1692 1087/2014/1987
f 1088/2015/1988 1123/2016/1989 1086/2017/1990
f 890/2018/1991 1086/2017/1990 1085/1933/1903
f 1023/1964/1936 1160/1965/1937 1119/1967/1939
f 1160/1965/1937 1201/1968/1940 1119/1967/1939
f 1263/1940/1910 1488/1749/1718 1575/2019/1992
f 1488/1749/1718 1668/1972/1944 1575/2019/1992
f 1487/2020/1993 1667/2021/1994 1399/1945/1915
f 1667/2021/1994 1761/1943/1913 1399/1945/1915
f 1756/1978/1950 1972/1947/1918 1754/1948/1919
f 1240/2022/1995 1663/1980/1952 1571/2023/1996
f 1570/1951/1922 1661/1983/1955 1568/2024/1997
s 0
f 1660/1983/1998 1657/2025/1998 1567/2024/1998
s 1
f 1569/2024/1999 1658/1953/1925 1480/2026/2000
f 1658/1953/1925 1656/1954/1926 1480/2026/2000
f 1480/2026/2000 1656/1954/1926 1391/2027/2001
f 1652/1911/1880 1651/1913/1883 1478/2028/2002
f 1478/2028/2002 1651/1913/1883 1239/1985/1957
f 1175/1990/1963 1228/1992/1965 1173/2029/2003
f 1228/1992/1965 1226/1922/1892 1173/2029/2003
f 1226/1922/1892 1222/1923/1893 1173/2029/2003
f 1222/1923/1893 1221/2030/2004 1173/2029/2003
f 1173/2029/2003 1221/2030/2004 1133/2031/2005
f 1171/1994/1967 1220/1633/1603 1169/2032/2006
f 1220/1633/1603 1218/1995/1968 1169/2032/2006
f 1169/2032/2006 1218/1995/1968 1168/2033/2007
f 1218/1995/1968 1216/2034/2008 1168/2033/2007
f 1128/2035/2009 1217/1997/1970 932/1961/1933
f 1217/1997/1970 1295/1959/1931 932/1961/1933
f 932/1961/1933 1167/1826/1796 1019/1827/1797
f 928/2036/2010 1018/2037/2011 1017/2038/2012
f 1018/2037/2011 1047/2039/2013 1017/2038/2012
f 1046/2001/1974 1014/1831/1801 1016/2040/2014
f 1045/984/986 972/1881/1851 975/2002/1975
f 972/1881/1851 1012/1579/1548 1013/2041/2015
f 1012/1579/1548 1010/2004/1977 1011/2042/2016
s 0
f 1041/2005/2017 1039/2043/2017 1008/2044/2017
s 1
f 963/2045/2018 1036/2046/2019 962/2047/2020
f 1035/2008/2021 1034/2048/2022 1006/2049/2023
f 1030/2050/2024 1000/2051/2025 1002/2052/2026
f 1002/2052/2026 1000/2051/2025 959/2053/2027
f 1000/2051/2025 1030/2050/2024 997/2054/2028
f 1029/2010/2029 1028/1962/1934 996/2055/2030
f 999/2056/2031 991/2057/2032 994/2058/2033
f 996/2055/2030 1028/1962/1934 992/2059/2034
f 992/2059/2034 1028/1962/1934 990/2060/2035
f 1028/1962/1934 1060/1580/1549 990/2060/2035
f 943/2061/2036 986/2062/2037 984/2063/2038
f 990/2060/2035 1060/1580/1549 984/2063/2038
f 1060/1580/1549 1026/2011/1984 984/2063/2038
f 984/2063/2038 1026/2011/1984 900/2064/2039
f 1026/2011/1984 940/1779/1747 983/2064/2040
f 1122/1721/1692 1058/2013/1986 1059/2065/2041
f 1088/2015/1988 1086/2017/1990 1057/2066/2042
f 1086/2017/1990 890/2018/1991 1057/2066/2042
f 890/2018/1991 1085/1933/1903 795/1834/1804
f 1120/1936/1906 1023/1964/1936 889/1837/1807
f 1118/1970/1942 1262/2067/2043 1023/1964/1936
f 1023/1964/1936 1262/2067/2043 1261/2068/2044
f 1260/2069/2045 1263/1940/1910 1326/2070/2046
f 1399/1945/1915 1849/1856/1916 1574/1974/1946
f 1666/2071/2047 1665/2072/2048 1319/2073/2049
f 1665/2074/2050 1755/2075/2051 1664/2076/2052
f 1756/1978/1950 1754/1948/1919 1395/2077/2053
f 1754/1948/1919 1482/2078/2054 1395/2077/2053
f 1394/1979/1951 1663/1980/1952 1240/2022/1995
f 1571/2023/1996 1570/1951/1922 1240/2022/1995
f 1239/1985/1957 1240/2022/1995 1392/2079/2055
f 1240/2022/1995 1570/1951/1922 1392/2079/2055
f 1570/1951/1922 1568/2024/1997 1392/2079/2055
f 1236/2080/2056 1310/2081/2057 1235/1987/1960
f 1301/1989/1962 1307/2082/2058 1235/1987/1960
f 1235/1987/1960 1307/2082/2058 1177/2083/2059
f 1307/2082/2058 1231/2084/2060 1177/2083/2059
f 1234/2085/2061 1232/2086/2062 1096/2087/2063
f 1176/2088/2064 1175/1990/1963 1137/2089/2065
f 1175/1990/1963 1173/2029/2003 1137/2089/2065
f 1135/2090/2066 1172/2091/2067 1130/2092/2068
f 932/1961/1933 1131/2093/2069 1128/2035/2009
f 1131/2093/2069 1170/2094/2070 1128/2035/2009
f 840/2095/2071 932/1961/1933 1019/1827/1797
f 931/1998/1971 930/1876/1846 837/2096/2072
f 930/1876/1846 1049/1999/1972 928/2036/2010
f 1049/1999/1972 1018/2037/2011 928/2036/2010
f 1017/2038/2012 1015/2097/2073 928/2036/2010
f 928/2036/2010 1015/2097/2073 929/2098/2074
f 1014/1831/1801 975/2002/1975 976/2099/2075
f 970/2100/2076 1013/2041/2015 969/2101/2077
f 969/2101/2077 1013/2041/2015 968/2102/2078
f 1013/2041/2015 1012/1579/1548 968/2102/2078
f 1012/1579/1548 1011/2042/2016 968/2102/2078
f 967/2103/2079 966/2104/2080 918/2105/2081
f 966/2106/2082 1010/2004/2082 964/2107/2083
f 965/2108/2084 1007/2109/2085 915/2110/2086
f 915/2110/2086 1007/2109/2085 963/2045/2018
f 1001/2111/2087 998/2112/2088 957/2113/2089
f 998/2112/2088 995/2114/2090 957/2113/2089
f 913/2115/2091 952/2116/2092 869/2117/2093
f 994/2058/2033 991/2057/2032 954/2118/2094
f 992/2059/2034 990/2060/2035 955/2119/2095
f 947/2120/2096 944/2121/2097 946/2122/2098
f 946/2122/2098 944/2121/2097 945/2123/2099
f 943/2061/2036 984/2063/2038 904/2124/2100
f 984/2063/2038 900/2064/2039 904/2124/2100
f 863/2125/2101 941/2126/2102 900/2127/2103
f 896/2128/2104 940/1779/1747 936/2012/1985
f 1122/1721/1692 1059/2065/2041 936/2012/1985
f 936/2012/1985 1059/2065/2041 935/2129/2105
f 982/2130/2106 1025/2131/2107 890/2018/1991
f 1025/2131/2107 1057/2066/2042 890/2018/1991
f 795/1834/1804 1024/1652/1622 741/2132/2108
f 741/2132/2108 1024/1652/1622 889/1837/1807
f 1023/1964/1936 1119/1967/1939 1118/1970/1942
f 1326/2070/2046 1263/1940/1910 1403/2133/2109
f 1263/1940/1910 1575/2019/1992 1403/2133/2109
f 1399/1945/1915 1574/1974/1946 1485/2134/2110
f 1665/2074/2050 1664/2076/2052 1397/2135/2111
f 1756/1978/1950 1395/2077/2053 1572/2136/2112
f 1395/2077/2053 1482/2078/2054 1314/2137/2113
f 1312/2138/2114 1315/2139/2115 1394/1979/1951
f 1481/2140/2116 1479/2141/2116 1393/2142/2116
f 1392/2079/2055 1391/2027/2117 1239/1985/1957
f 1478/2028/2002 1239/1985/1957 1391/2027/2117
f 1311/1916/1886 1237/2143/2118 1238/2144/2119
f 1236/2080/2056 1235/1987/1960 1177/2083/2059
f 1234/2085/2061 1096/2087/2063 1098/2145/2120
f 1140/2146/2121 1094/2147/2122 1065/2148/2123
f 1138/2149/2124 1134/2150/2125 1089/2151/2126
f 1136/2152/2125 1132/2153/2068 1092/2154/2126
f 1131/2093/2069 932/1961/1933 1090/2155/2127
f 1019/1827/1797 931/1998/1971 839/2156/2128
f 837/2096/2072 930/1876/1846 836/2157/2129
f 928/2036/2010 929/2098/2074 926/2158/2130
f 925/2159/2131 975/2002/1975 878/2160/2132
f 878/2160/2132 975/2002/1975 972/1881/1851
f 874/2161/2133 973/2162/2134 923/2163/2135
f 974/2164/2136 972/1881/1851 922/2165/2137
f 972/1881/1851 970/2166/2138 922/2165/2137
f 923/2163/2135 971/2167/2139 921/2168/2140
f 921/2168/2140 971/2167/2139 919/2169/2141
f 969/2101/2142 967/2103/2079 918/2105/2081
f 965/2108/2084 915/2110/2086 917/2170/2143
f 917/2170/2143 915/2110/2086 872/2171/2144
f 963/2045/2018 962/2047/2020 915/2110/2086
f 915/2110/2086 962/2047/2020 914/2172/2145
f 962/2047/2020 961/2173/2146 914/2172/2145
f 952/2116/2092 947/2120/2096 869/2117/2093
f 947/2120/2096 946/2122/2098 869/2117/2093
f 869/2117/2093 946/2122/2098 908/2174/2147
f 946/2122/2098 945/2123/2099 905/2175/2148
f 941/2126/2102 863/2125/2101 901/2176/2149
f 899/2177/2150 940/1779/1747 898/2178/2151
f 859/2179/2152 898/2178/2151 807/2180/2153
f 898/2178/2151 940/1779/1747 896/2128/2104
f 896/2128/2104 936/2012/1985 938/2181/2154
f 889/1837/1807 1023/1964/1936 692/2182/2155
f 1326/2070/2046 1403/2133/2109 1401/2183/2156
f 1402/2184/2157 1487/2020/1993 1400/2185/2158
f 1400/2185/2158 1487/2020/1993 1399/1945/1915
f 1399/1945/1915 1485/2134/2110 1398/2186/2159
f 1486/2187/2160 1319/2073/2049 1320/2188/2161
f 1665/2072/2048 1318/2189/2162 1319/2073/2049
f 1318/2189/2162 1665/2072/2048 1484/2190/2163
f 1394/1979/1951 1240/2022/1995 1312/2138/2114
f 1311/1916/1886 1238/2144/2119 1143/2191/2164
f 1143/2191/2164 1238/2144/2119 1178/2192/2165
f 1177/2083/2059 1231/2084/2060 1099/2193/2166
f 1140/2194/2167 1095/2148/2168 1097/2195/2168
f 1050/2196/2169 1093/2197/2170 932/1961/1933
f 1093/2197/2170 1090/2155/2127 932/1961/1933
f 840/2095/2071 1019/1827/1797 839/2156/2128
f 836/2157/2129 930/1876/1846 928/2036/2010
f 882/2198/2171 927/2199/2172 828/2200/2173
f 829/2201/2174 928/2036/2010 826/2202/2175
f 928/2036/2010 926/2158/2130 826/2202/2175
f 826/2202/2175 926/2158/2130 821/2203/2176
f 926/2158/2130 924/2204/2177 821/2203/2176
f 972/1881/1851 974/2164/2136 878/2160/2132
f 878/2160/2132 974/2164/2136 876/2205/2178
f 874/2161/2133 923/2163/2135 813/2206/2179
f 923/2163/2135 921/2168/2140 813/2206/2179
f 873/2207/2180 920/2208/2181 812/2209/2182
f 921/2168/2140 919/2169/2141 872/2171/2144
f 919/2169/2141 917/2170/2143 872/2171/2144
f 713/2210/2183 911/2211/2184 674/2212/2185
f 674/2212/2185 911/2211/2184 871/2213/2186
f 867/2214/2187 902/2215/2188 865/2216/2189
f 866/2217/2190 864/2218/2191 810/2219/2192
f 863/2125/2101 900/2127/2103 861/2220/2193
f 900/2127/2103 898/2178/2151 861/2220/2193
f 861/2220/2193 898/2178/2151 859/2179/2152
f 856/2221/2194 807/2180/2153 896/2128/2104
f 807/2180/2153 898/2178/2151 896/2128/2104
f 741/2132/2108 889/1837/1807 794/2222/2195
f 1023/1964/1936 1261/2068/2044 1056/2223/2196
f 1197/2224/2197 1259/2225/2198 1257/2226/2199
f 1257/2226/2199 1259/2225/2198 1324/2227/2200
f 1400/2185/2158 1399/1945/1915 1323/2228/2201
f 1484/2190/2163 1397/2229/2202 1318/2189/2162
f 1573/2230/2203 1572/2136/2112 1395/2077/2053
f 1315/2139/2115 1312/2138/2114 1185/2231/2204
f 1185/2231/2204 1312/2138/2114 1244/2232/2205
f 1244/2232/2205 1312/2138/2114 1242/2233/2206
f 1313/2234/2207 1240/2022/1995 1242/2235/2208
f 1242/2235/2208 1240/2022/1995 1180/2236/2209
f 1240/2022/1995 1239/1985/1957 1106/2237/2210
f 1239/1985/1957 1311/1916/1886 1106/2237/2210
f 1311/1916/1886 1143/2191/2164 1106/2237/2210
f 1106/2237/2210 1143/2191/2164 1105/2238/2211
f 1177/2083/2059 1099/2193/2166 1141/2239/2212
f 1071/2240/2213 1099/2193/2166 1070/2241/2214
f 1098/2145/2120 1096/2087/2063 1069/2242/2215
f 1096/2087/2063 1066/2243/2216 1069/2242/2215
f 1070/2241/2214 1050/2196/2169 1051/2244/2217
f 839/2156/2128 931/1998/1971 683/2245/2218
f 931/1998/1971 837/2096/2072 683/2245/2218
f 723/2246/2219 835/2247/2220 832/2248/2221
f 883/2249/2222 880/2250/2223 830/2251/2224
f 831/2252/2224 881/2253/2225 827/2254/2226
f 823/2255/2227 826/2202/2175 821/2203/2176
f 767/2256/2228 819/2257/2229 765/2258/2230
f 765/2258/2230 819/2257/2229 817/2259/2231
f 820/2260/2232 878/2160/2232 818/2261/2233
s 0
f 877/2262/2234 875/2263/2234 816/2264/2234
s 1
f 817/2259/2231 874/2161/2133 815/2265/2235
f 815/2265/2235 874/2161/2133 813/2206/2179
f 812/2209/2182 920/2208/2181 714/2266/2236
f 714/2266/2236 920/2208/2181 811/2267/2237
f 811/2267/2237 916/2268/2238 713/2210/2183
f 867/2214/2187 865/2216/2189 674/2212/2185
f 863/2125/2101 861/2220/2193 809/2269/2239
f 810/2270/2240 862/2271/2241 808/2272/2242
f 860/2273/2243 858/2274/2244 808/2275/2245
f 808/2275/2245 858/2274/2244 805/2276/2246
f 894/2277/2247 937/2278/2248 848/2279/2249
f 936/2012/1985 935/2129/2105 891/2280/2250
f 848/2279/2249 982/2130/2106 890/2018/1991
f 934/2281/2251 1023/1964/1936 1056/2223/2196
f 1261/2068/2044 1198/2282/2252 1195/2283/2253
f 1194/2284/2254 1196/2285/2255 1251/2286/2256
f 1196/2285/2255 1256/2287/2257 1251/2286/2256
f 1257/2226/2199 1324/2227/2200 1254/2288/2256
f 1323/2228/2201 1399/1945/1915 1252/2289/2258
f 1255/2290/2259 1321/2291/2260 1249/2292/2261
f 1249/2292/2261 1321/2291/2260 1188/2293/2262
f 1321/2291/2260 1320/2188/2161 1188/2293/2262
f 1320/2188/2161 1319/2073/2049 1188/2293/2262
f 1319/2073/2049 1318/2189/2162 1188/2293/2262
f 1188/2293/2262 1318/2189/2162 1158/2294/2263
f 1152/2295/2264 1158/2294/2263 1318/2189/2162
f 1397/2229/2202 1483/2296/2265 1317/2297/2266
f 1314/2137/2113 1316/2298/2267 1395/2077/2053
f 1395/2077/2053 1316/2298/2267 1396/2299/2268
f 1316/2298/2267 1314/2137/2113 1246/2300/2269
f 1315/2139/2115 1185/2231/2204 1245/2301/2270
f 1244/2232/2205 1242/2233/2206 1183/2302/2271
f 1182/2303/2272 1241/2304/2273 1077/2305/2274
f 1180/2236/2209 1240/2022/1995 1107/2306/2275
f 1240/2022/1995 1106/2237/2210 1107/2306/2275
f 1105/2238/2211 1143/2191/2164 1144/2307/2276
f 1178/2192/2165 1179/2308/2277 1143/2191/2164
f 1143/2191/2164 1179/2308/2277 1142/2309/2278
f 1101/2310/2279 1141/2239/2212 1100/2311/2280
f 1141/2239/2212 1099/2193/2166 1100/2311/2280
f 1099/2193/2166 1071/2240/2213 1100/2311/2280
f 1071/2240/2213 1070/2241/2214 1051/2244/2217
f 1051/2244/2217 932/1961/1933 739/2312/2281
f 1051/2244/2217 1050/2196/2169 932/1961/1933
f 683/2245/2218 837/2096/2072 680/2313/2282
f 738/2314/2283 680/2313/2282 788/2315/2284
f 680/2313/2282 837/2096/2072 788/2315/2284
f 788/2315/2284 837/2096/2072 787/2316/2285
f 785/2317/2286 837/2096/2072 782/2318/2287
f 782/2318/2287 837/2096/2072 778/2319/2288
f 837/2096/2072 836/2157/2129 778/2319/2288
f 726/2320/2289 777/2321/2290 775/2322/2291
f 836/2157/2129 928/2036/2010 776/2323/2292
f 835/2247/2220 723/2246/2219 775/2322/2291
f 723/2246/2219 832/2248/2221 771/2324/2293
f 719/2325/2294 771/2324/2293 768/2326/2295
f 771/2324/2293 832/2248/2221 768/2326/2295
f 832/2248/2221 825/2327/2296 768/2326/2295
f 768/2326/2295 819/2257/2229 767/2256/2228
f 767/2256/2228 765/2258/2230 716/2328/2297
f 817/2259/2231 815/2265/2235 765/2258/2230
f 714/2266/2236 811/2267/2237 713/2210/2183
f 674/2212/2185 865/2216/2189 616/2329/2298
f 804/2330/2299 851/2331/2300 551/2332/2301
f 856/2221/2194 896/2128/2104 855/2333/2302
f 896/2128/2104 892/2334/2303 855/2333/2302
f 854/2335/2304 893/2336/2305 850/2337/2306
f 850/2337/2306 893/2336/2305 800/2338/2307
f 801/2339/2308 894/2277/2247 848/2279/2249
f 848/2279/2249 890/2018/1991 846/2340/2309
f 846/2340/2309 890/2018/1991 844/2341/2310
f 844/2341/2310 890/2018/1991 797/2342/2311
f 751/2343/2312 890/2018/1991 795/1834/1804
f 794/2222/2195 889/1837/1807 692/2182/2155
f 1261/2068/2044 1195/2283/2253 1056/2223/2196
f 1193/2344/2313 1249/2292/2261 1188/2293/2262
f 1155/2345/2314 1158/2294/2263 1152/2295/2264
f 1318/2189/2162 1397/2229/2202 1317/2297/2266
f 1317/2297/2266 1247/2346/2315 1187/2347/2316
f 1247/2346/2315 1245/2301/2270 1187/2347/2316
f 1187/2347/2316 1245/2301/2270 1185/2231/2204
f 1182/2303/2272 1077/2305/2274 1146/2348/2317
f 1181/2349/2318 1180/2236/2209 1108/2350/2319
f 1180/2236/2209 1107/2306/2275 1108/2350/2319
f 1105/2238/2211 1144/2307/2276 1103/2351/2320
f 1144/2307/2276 1142/2309/2321 1103/2351/2320
f 1075/2352/2322 1102/2353/2323 1073/2354/2324
f 1101/2310/2325 739/2312/2281 1072/2355/2326
f 1072/2355/2326 739/2312/2281 1052/2356/2327
f 1100/2357/2328 1051/2244/2217 739/2312/2281
f 626/2358/2329 839/2156/2128 683/2245/2218
f 681/2359/2330 790/2360/2331 679/2361/2332
f 679/2361/2332 790/2360/2331 737/2362/2333
f 738/2314/2283 788/2315/2284 736/2363/2334
f 733/2364/2335 784/2365/2336 730/2366/2336
f 781/2318/2337 780/2367/2338 729/2368/2339
f 779/2369/2340 777/2321/2290 728/2370/2341
f 728/2370/2341 777/2321/2290 675/2371/2342
f 777/2321/2290 726/2320/2289 675/2371/2342
f 726/2320/2289 775/2322/2291 723/2246/2219
f 722/2372/2343 770/2373/2344 721/2374/2345
f 721/2374/2345 770/2373/2344 718/2375/2346
f 768/2326/2295 767/2256/2228 719/2325/2294
s 0
f 720/2376/2347 766/2377/2347 717/2378/2347
s 1
f 715/2379/2348 763/2380/2349 552/2381/2350
f 763/2380/2349 714/2266/2236 552/2381/2350
f 714/2266/2236 713/2210/2183 552/2381/2350
f 552/2381/2350 713/2210/2183 674/2212/2185
f 616/2329/2298 760/2382/2351 551/2332/2301
f 760/2382/2351 804/2330/2299 551/2332/2301
f 551/2332/2301 851/2331/2300 759/2383/2352
f 850/2337/2306 800/2338/2307 758/2384/2353
f 848/2279/2249 846/2340/2309 801/2339/2308
f 800/2338/2307 845/2385/2354 798/2386/2355
f 890/2018/1991 751/2343/2312 797/2342/2311
f 743/2387/2356 795/1834/1804 742/2388/2357
f 1159/2389/2358 1192/2390/2359 1115/2391/2360
f 1115/2391/2360 1192/2390/2359 1157/2392/2361
f 1192/2390/2359 1189/2393/2362 1157/2392/2361
f 1114/2394/2363 1158/2294/2263 1112/2395/2364
f 1112/2395/2364 1158/2294/2263 1155/2345/2314
f 1155/2345/2314 1152/2295/2264 1153/2396/2365
f 1152/2295/2264 1318/2189/2162 1187/2347/2316
f 1318/2189/2162 1317/2297/2266 1187/2347/2316
f 1186/2397/2366 1184/2398/2367 1078/2399/2368
f 1184/2398/2367 1243/2400/2369 1078/2399/2368
f 1243/2400/2369 1146/2348/2317 1078/2399/2368
f 1078/2399/2368 1146/2348/2317 1077/2305/2274
f 1077/2305/2274 1145/2401/2370 1076/2402/2371
f 1021/2403/2372 1075/2352/2322 1053/2404/2373
f 840/2095/2071 839/2156/2128 506/2405/2374
f 626/2358/2329 627/2406/2375 563/2407/2376
f 681/2359/2330 679/2361/2332 619/2408/2377
f 679/2361/2332 737/2362/2333 677/2409/2378
f 737/2362/2333 735/2364/2379 677/2409/2378
f 732/2364/2380 728/2370/2341 553/2410/2381
f 553/2410/2381 728/2370/2341 675/2371/2342
f 675/2371/2342 725/2411/2382 617/2412/2383
f 725/2411/2382 722/2372/2343 617/2412/2383
f 722/2372/2343 721/2374/2345 617/2412/2383
f 721/2374/2345 718/2375/2346 552/2381/2350
f 718/2375/2346 715/2379/2348 552/2381/2350
f 803/2413/2384 802/2414/2385 757/2415/2384
f 800/2338/2307 798/2386/2355 758/2384/2353
f 798/2386/2355 754/2416/2386 758/2384/2353
f 798/2386/2355 796/2417/2387 712/2418/2388
f 712/2418/2388 796/2417/2387 752/2419/2389
f 796/2417/2387 748/2420/2390 752/2419/2389
f 752/2419/2389 748/2420/2390 709/2421/2391
f 751/2343/2312 795/1834/1804 749/2422/2392
f 749/2422/2392 795/1834/1804 746/2423/2393
f 795/1834/1804 743/2387/2356 746/2423/2393
f 705/2424/2394 745/2425/2395 744/2426/2396
f 795/1834/1804 703/2427/2397 742/2388/2357
f 795/1834/1804 741/2132/2108 703/2427/2397
f 1023/1964/1936 589/2428/2398 692/2182/2155
f 589/2428/2398 1023/1964/1936 934/2281/2251
f 934/2281/2251 1056/2223/2196 1084/2429/2399
f 1084/2429/2399 1056/2223/2196 1116/2430/2400
f 1115/2391/2360 1157/2392/2361 1113/2431/2401
f 1113/2431/2401 1156/2432/2402 1111/2433/2403
f 1154/2434/2404 1110/2435/2405 1111/2433/2403
f 1111/2433/2403 1110/2435/2405 1022/2436/2406
f 1187/2347/2316 1147/2437/2407 1150/2438/2408
f 1020/2439/2409 1052/2356/2327 739/2312/2281
f 932/1961/1933 840/2095/2071 739/2312/2281
f 839/2156/2128 626/2358/2329 506/2405/2374
f 506/2405/2374 626/2358/2329 563/2407/2376
f 563/2407/2376 627/2406/2375 561/2440/2410
f 560/2441/2411 631/2442/2412 494/2443/2413
f 559/2444/2414 494/2443/2413 556/2445/2415
f 494/2443/2413 631/2442/2412 556/2445/2415
f 630/2446/2416 629/2447/2417 557/2448/2418
f 628/2449/2419 490/2450/2420 556/2445/2415
f 685/2451/2421 627/2406/2375 626/2358/2329
f 626/2358/2329 683/2245/2218 624/2452/2422
f 554/2453/2423 623/2454/2424 621/2455/2425
f 622/2456/2426 684/2457/2427 620/2458/2428
f 684/2457/2427 682/2459/2429 620/2458/2428
f 618/2460/2430 678/2461/2431 553/2410/2381
f 553/2410/2381 675/2371/2342 617/2412/2383
f 552/2381/2350 674/2212/2185 616/2329/2298
f 759/2383/2352 755/2462/2432 551/2332/2301
f 756/2463/2433 753/2464/2434 551/2332/2301
f 551/2332/2301 753/2464/2434 673/2465/2435
f 754/2416/2386 798/2386/2355 712/2418/2388
f 709/2421/2391 748/2420/2390 671/2466/2436
f 671/2466/2436 748/2420/2390 668/2467/2437
f 750/2422/2438 747/2423/2438 706/2468/2438
f 668/2467/2439 745/2425/2395 705/2424/2394
f 705/2424/2394 744/2426/2396 665/2469/2440
f 665/2469/2440 744/2426/2396 662/2470/2441
f 744/2426/2396 742/2388/2442 662/2470/2441
f 741/2132/2108 702/2471/2443 703/2427/2397
f 699/2472/2444 741/2132/2108 695/2473/2445
f 695/2473/2445 741/2132/2108 693/2474/2446
f 741/2132/2108 794/2222/2195 693/2474/2446
f 693/2474/2446 794/2222/2195 692/2182/2155
f 1055/2475/2447 1117/2476/2448 1081/2477/2449
f 1084/2429/2399 1116/2430/2400 1082/2478/2450
f 1081/2477/2449 1115/2391/2360 1022/2436/2406
f 1115/2391/2360 1113/2431/2401 1022/2436/2406
f 1113/2431/2401 1111/2433/2403 1022/2436/2406
f 1110/2435/2405 1151/2479/2451 1022/2436/2406
f 1022/2436/2406 1151/2479/2451 1080/2480/2452
f 1152/2295/2264 1187/2347/2316 1150/2438/2408
f 1078/2399/2368 1077/2305/2274 979/2481/2453
f 1077/2305/2274 1076/2402/2371 979/2481/2453
f 979/2481/2453 1102/2353/2323 1075/2352/2322
f 507/2482/2454 1075/2352/2322 885/2483/2455
f 1075/2352/2322 1021/2403/2372 885/2483/2455
f 885/2483/2455 1021/2403/2372 978/2484/2456
f 1020/2439/2409 739/2312/2281 977/2485/2457
f 977/2485/2457 739/2312/2281 632/2486/2458
f 840/2095/2071 506/2405/2374 739/2312/2281
f 459/2487/2459 506/2405/2374 456/2488/2460
f 456/2488/2460 506/2405/2374 505/2489/2461
f 505/2489/2461 506/2405/2374 504/2490/2462
f 506/2405/2374 563/2407/2376 504/2490/2462
f 449/2491/2463 502/2492/2464 499/2493/2465
s 0
f 501/2490/2466 562/2494/2466 498/2495/2466
s 1
f 563/2407/2376 561/2440/2410 500/2495/2467
f 499/2493/2465 560/2441/2411 497/2496/2468
f 560/2441/2411 494/2443/2413 497/2496/2468
f 559/2444/2414 556/2445/2415 490/2450/2420
f 628/2449/2419 625/2497/2469 490/2450/2420
f 625/2497/2469 623/2454/2424 490/2450/2420
f 623/2454/2424 554/2453/2423 490/2450/2420
f 621/2455/2425 619/2408/2377 554/2453/2423
f 619/2408/2377 679/2361/2332 554/2453/2423
f 489/2498/2470 618/2460/2430 372/2499/2471
f 372/2499/2471 618/2460/2430 553/2410/2381
f 553/2410/2381 617/2412/2383 552/2381/2350
f 552/2381/2350 616/2329/2298 551/2332/2301
f 673/2465/2435 707/2500/2472 670/2501/2473
f 660/2502/2474 661/2503/2475 658/2504/2476
f 661/2503/2475 701/2505/2477 658/2504/2476
f 658/2504/2476 701/2505/2477 655/2506/2478
f 701/2505/2477 698/2507/2479 655/2506/2478
f 697/2508/2480 694/2509/2481 651/2510/2482
f 648/2511/2483 650/2512/2484 644/2513/2485
f 651/2510/2482 694/2509/2481 646/2514/2486
s 0
f 647/2514/2487 696/2509/2487 645/2515/2487
s 1
f 695/2473/2445 693/2474/2446 644/2513/2485
f 544/2516/2488 600/2517/2489 642/2518/2490
f 693/2474/2446 692/2182/2155 643/2519/2491
f 692/2182/2155 636/2520/2492 641/2521/2493
f 641/2521/2493 636/2520/2492 689/2522/2494
f 692/2182/2155 589/2428/2398 636/2520/2492
f 934/2281/2251 1084/2429/2399 980/2523/2495
f 1084/2429/2399 1083/2524/2496 980/2523/2495
f 1081/2477/2449 1022/2436/2406 1055/2475/2447
f 1151/2479/2451 1149/2525/2497 1080/2480/2452
f 1149/2525/2497 1148/2526/2498 1080/2480/2452
f 740/2527/2499 1148/2526/2498 1078/2399/2368
f 884/2528/2500 977/2485/2457 632/2486/2458
f 392/2529/2501 739/2312/2281 506/2405/2374
f 414/2530/2502 458/2531/2503 412/2532/2504
f 410/2533/2505 411/2534/2506 453/2535/2507
f 411/2534/2506 454/2536/2508 453/2535/2507
f 455/2488/2509 503/2537/2510 451/2538/2511
f 502/2492/2464 449/2491/2463 450/2539/2512
f 499/2493/2465 497/2496/2468 449/2491/2463
f 448/2540/2513 496/2541/2514 407/2542/2515
f 407/2542/2515 496/2541/2514 372/2499/2471
f 496/2541/2514 495/2543/2516 372/2499/2471
f 558/2544/2517 492/2545/2518 372/2499/2471
f 492/2545/2518 555/2546/2519 372/2499/2471
f 555/2546/2519 489/2498/2470 372/2499/2471
f 553/2410/2381 552/2381/2350 372/2499/2471
f 372/2499/2471 552/2381/2350 268/2547/2520
f 551/2332/2301 673/2465/2435 669/2548/2521
f 673/2465/2435 670/2501/2473 669/2548/2521
f 550/2549/2522 663/2550/2523 614/2551/2524
f 665/2469/2440 662/2470/2441 615/2552/2525
f 662/2470/2441 661/2553/2526 615/2552/2525
f 611/2554/2527 653/2555/2528 609/2556/2529
f 654/2557/2530 650/2512/2484 607/2558/2531
f 650/2512/2484 648/2511/2483 607/2558/2531
f 648/2511/2483 644/2513/2485 603/2559/2532
f 603/2559/2532 644/2513/2485 545/2560/2533
f 644/2513/2485 693/2474/2446 545/2560/2533
f 544/2516/2488 642/2518/2490 598/2561/2534
f 642/2518/2490 691/2562/2535 638/2563/2536
f 691/2562/2535 690/2564/2537 638/2563/2536
f 636/2520/2492 589/2428/2398 591/2565/2538
f 580/2566/2539 589/2428/2398 688/2567/2540
f 793/2568/2541 589/2428/2398 888/2569/2542
f 589/2428/2398 934/2281/2251 888/2569/2542
f 841/2570/2543 1055/2475/2447 1022/2436/2406
f 1022/2436/2406 1080/2480/2452 1054/2571/2544
f 1148/2526/2498 740/2527/2499 1080/2480/2452
f 979/2481/2453 1075/2352/2322 634/2572/2545
f 634/2572/2545 1075/2352/2322 507/2482/2454
f 632/2486/2458 739/2312/2281 392/2529/2501
f 459/2487/2459 415/2573/2546 506/2405/2374
f 385/2574/2547 420/2575/2548 343/2576/2549
f 420/2575/2550 416/2577/2551 381/2578/2552
f 381/2578/2552 416/2577/2551 379/2579/2553
f 416/2577/2551 460/2580/2554 379/2579/2553
f 379/2579/2553 460/2580/2554 375/2581/2555
f 460/2580/2554 411/2534/2506 375/2581/2555
f 411/2534/2506 410/2533/2505 375/2581/2555
f 373/2582/2556 374/2583/2557 407/2584/2558
f 453/2535/2507 450/2539/2559 410/2533/2505
f 410/2533/2505 450/2539/2559 408/2585/2560
f 551/2332/2301 669/2548/2521 550/2549/2522
f 550/2549/2522 614/2551/2524 610/2586/2561
f 610/2586/2561 606/2587/2562 549/2588/2563
f 602/2589/2564 601/2590/2565 548/2591/2566
f 548/2591/2566 601/2590/2565 546/2592/2567
f 545/2593/2568 600/2517/2489 544/2516/2488
f 542/2594/2569 597/2595/2570 541/2596/2571
f 598/2561/2534 642/2518/2490 596/2597/2572
f 642/2518/2490 638/2563/2536 596/2597/2572
f 541/2596/2571 538/2598/2573 486/2599/2574
f 596/2597/2572 638/2563/2536 594/2600/2575
f 639/2601/2576 635/2602/2576 593/2603/2576
f 636/2520/2492 591/2565/2538 595/2604/2577
f 587/2605/2578 589/2428/2398 584/2606/2579
f 584/2606/2579 589/2428/2398 582/2607/2580
f 582/2607/2580 589/2428/2398 529/2608/2581
f 529/2608/2581 589/2428/2398 525/2609/2582
f 525/2609/2582 589/2428/2398 580/2566/2539
f 576/2610/2583 577/2611/2584 575/2612/2585
f 510/2613/2586 569/2614/2587 509/2615/2588
f 569/2614/2587 579/2616/2589 509/2615/2588
f 589/2428/2398 793/2568/2541 688/2567/2540
f 843/2617/2590 793/2568/2541 888/2569/2542
f 888/2569/2542 934/2281/2251 933/2618/2591
f 886/2619/2592 981/2620/2593 841/2570/2543
f 841/2570/2543 1022/2436/2406 508/2621/2594
f 1078/2399/2368 979/2481/2453 634/2572/2545
f 885/2483/2455 791/2622/2595 507/2482/2454
f 415/2573/2546 418/2623/2596 506/2405/2374
f 506/2405/2374 418/2623/2596 462/2624/2597
f 417/2625/2598 421/2626/2599 461/2624/2600
f 420/2575/2548 385/2574/2547 422/2627/2601
f 425/2628/2602 423/2629/2603 386/2630/2604
f 344/2631/2605 385/2574/2547 343/2576/2549
f 251/2632/2606 380/2633/2607 268/2547/2520
f 380/2633/2607 378/2634/2608 268/2547/2520
f 376/2635/2609 374/2583/2557 268/2547/2610
f 374/2583/2557 373/2582/2556 268/2547/2610
f 551/2332/2301 550/2549/2522 610/2586/2561
f 549/2588/2563 447/2636/2611 610/2586/2561
f 547/2592/2612 542/2594/2569 447/2636/2611
f 447/2636/2611 542/2594/2569 541/2596/2571
f 596/2597/2572 594/2600/2575 539/2637/2613
f 539/2637/2614 590/2638/2615 535/2639/2616
f 591/2565/2538 589/2428/2398 536/2640/2617
f 589/2428/2398 587/2605/2578 536/2640/2617
f 537/2641/2618 588/2605/2618 534/2642/2618
f 586/2605/2619 532/2643/2620 483/2644/2621
f 585/2606/2622 583/2607/2622 533/2645/2622
s 0
f 531/2645/2623 581/2607/2623 530/2646/2623
s 1
f 525/2609/2582 580/2566/2539 523/2647/2624
f 580/2566/2539 522/2648/2625 523/2647/2624
f 473/2649/2626 574/2650/2627 519/2651/2628
f 573/2652/2629 570/2653/2630 518/2654/2631
f 792/2655/2632 842/2656/2633 687/2657/2634
f 842/2656/2633 887/2658/2635 886/2619/2592
f 1022/2436/2406 1054/2571/2544 508/2621/2594
f 508/2621/2594 1054/2571/2544 740/2527/2499
f 740/2527/2499 1078/2399/2368 634/2572/2545
f 791/2622/2595 633/2659/2636 507/2482/2454
f 686/2660/2637 632/2486/2458 564/2661/2638
f 564/2661/2638 632/2486/2458 392/2529/2501
f 506/2405/2374 462/2624/2597 392/2529/2501
f 462/2624/2597 424/2662/2639 392/2529/2501
f 424/2662/2639 389/2663/2640 392/2529/2501
f 425/2628/2602 386/2630/2604 388/2664/2641
f 385/2574/2547 344/2631/2605 387/2665/2642
f 387/2665/2642 344/2631/2605 390/2666/2643
f 268/2547/2520 407/2542/2515 372/2499/2471
f 268/2547/2520 552/2381/2350 551/2332/2301
f 541/2596/2571 486/2599/2574 371/2667/2644
f 487/2668/2645 539/2637/2614 485/2669/2646
f 539/2637/2614 535/2639/2616 485/2669/2646
f 535/2639/2616 483/2644/2647 485/2669/2646
f 483/2644/2621 532/2643/2620 482/2670/2648
f 482/2670/2648 532/2643/2620 443/2671/2649
f 532/2643/2620 528/2672/2650 443/2671/2649
f 443/2671/2649 528/2672/2650 480/2673/2651
f 528/2672/2650 526/2674/2652 480/2673/2651
f 480/2673/2651 526/2674/2652 476/2675/2653
f 527/2676/2654 524/2647/2654 477/2675/2654
f 523/2647/2624 522/2648/2625 475/2675/2655
f 476/2675/2653 520/2677/2656 437/2678/2657
f 520/2677/2656 474/2679/2658 437/2678/2657
f 473/2649/2626 519/2651/2628 472/2680/2659
f 472/2680/2659 519/2651/2628 469/2681/2660
f 516/2682/2661 567/2683/2662 511/2684/2663
f 389/2663/2640 391/2685/2664 392/2529/2501
f 390/2666/2643 344/2631/2605 345/2686/2665
f 345/2686/2665 344/2631/2605 292/2687/2666
f 610/2586/2561 447/2636/2611 551/2332/2301
f 447/2636/2611 541/2596/2571 551/2332/2301
f 551/2332/2301 541/2596/2571 371/2667/2644
f 488/2688/2667 484/2689/2668 446/2690/2669
f 446/2690/2669 484/2689/2668 445/2691/2670
f 445/2691/2671 481/2692/2672 444/2693/2673
f 442/2694/2674 479/2695/2675 440/2696/2674
f 480/2673/2651 476/2675/2653 437/2678/2657
f 438/2697/2676 471/2698/2677 435/2699/2678
f 435/2699/2678 471/2698/2677 405/2700/2679
f 468/2701/2680 511/2684/2681 467/2702/2682
f 434/2703/2683 512/2704/2684 466/2705/2685
f 514/2704/2686 510/2613/2687 466/2705/2687
f 510/2613/2586 509/2615/2588 465/2706/2688
f 687/2657/2634 842/2656/2633 509/2615/2588
f 842/2656/2633 886/2619/2592 509/2615/2588
f 509/2615/2588 886/2619/2592 841/2570/2543
f 507/2482/2454 633/2659/2636 464/2707/2689
f 633/2659/2636 565/2708/2690 464/2707/2689
f 463/2709/2691 564/2661/2638 392/2529/2501
f 293/2710/2692 292/2687/2666 280/2711/2693
f 279/2712/2694 291/2713/2695 251/2632/2606
f 445/2714/2696 370/2715/2697 371/2667/2644
f 441/2716/2698 406/2717/2699 370/2715/2697
f 436/2718/2700 435/2699/2678 406/2717/2699
f 434/2703/2683 466/2705/2685 433/2719/2701
f 433/2719/2701 466/2705/2685 430/2720/2702
f 509/2615/2588 841/2570/2543 508/2621/2594
f 463/2709/2691 392/2529/2501 426/2721/2703
f 392/2529/2501 393/2722/2704 426/2721/2703
f 393/2722/2704 392/2529/2501 347/2723/2705
f 327/2724/2706 347/2723/2705 392/2529/2501
f 392/2529/2501 346/2725/2707 326/2726/2708
f 345/2686/2665 292/2687/2666 325/2727/2709
f 292/2687/2666 293/2710/2692 325/2727/2709
f 305/2728/2710 293/2729/2711 295/2730/2712
f 293/2710/2692 280/2711/2693 296/2731/2713
f 279/2712/2694 251/2632/2606 252/2732/2714
f 370/2715/2697 406/2717/2699 341/2733/2715
f 406/2717/2699 435/2699/2678 341/2733/2715
f 435/2699/2678 405/2700/2679 341/2733/2715
f 405/2700/2679 432/2734/2716 369/2735/2717
f 404/2736/2718 431/2737/2719 402/2738/2720
f 403/2739/2721 430/2720/2702 401/2740/2722
f 401/2740/2722 430/2720/2702 429/2741/2723
f 430/2720/2702 466/2705/2685 429/2741/2723
f 465/2706/2688 509/2615/2588 508/2621/2594
f 634/2572/2545 507/2482/2454 394/2742/2724
f 327/2724/2706 392/2529/2501 326/2726/2708
f 326/2726/2708 297/2743/2725 308/2744/2726
f 296/2731/2713 280/2711/2693 254/2745/2727
f 551/2332/2301 371/2667/2644 290/2746/2728
f 371/2667/2644 370/2715/2697 290/2746/2728
f 370/2715/2697 341/2733/2715 290/2746/2728
f 405/2700/2679 369/2735/2717 341/2733/2715
f 399/2747/2729 341/2733/2715 369/2735/2717
f 428/2748/2730 465/2706/2688 395/2749/2731
f 740/2527/2499 634/2572/2545 350/2750/2732
f 311/2751/2733 507/2482/2454 299/2752/2734
f 507/2482/2454 464/2707/2689 299/2752/2734
f 464/2707/2689 349/2753/2735 299/2752/2734
f 349/2753/2735 348/2754/2736 299/2752/2734
f 348/2754/2736 328/2755/2737 299/2752/2734
f 326/2726/2708 308/2744/2726 327/2724/2706
f 327/2724/2706 308/2744/2726 310/2756/2738
f 299/2752/2734 309/2757/2739 298/2758/2740
f 282/2759/2741 298/2760/2742 271/2761/2743
f 296/2731/2713 254/2745/2727 269/2762/2744
f 256/2763/2745 252/2732/2714 246/2764/2746
f 246/2764/2746 252/2732/2714 248/2765/2747
f 248/2765/2747 252/2732/2714 251/2632/2606
f 268/2547/2520 551/2332/2301 290/2746/2728
f 368/2766/2748 401/2740/2722 397/2767/2749
f 401/2740/2722 429/2741/2723 397/2767/2749
f 298/2758/2740 274/2768/2750 299/2752/2734
f 281/2769/2751 270/2770/2752 272/2771/2753
f 272/2771/2753 270/2770/2752 262/2772/2754
f 247/2773/2755 250/2774/2756 257/2775/2757
f 257/2775/2757 250/2774/2756 264/2776/2758
f 264/2776/2758 250/2774/2756 266/2777/2759
f 249/2778/2760 246/2764/2746 267/2779/2761
f 267/2779/2761 246/2764/2746 248/2765/2747
f 251/2632/2606 268/2547/2520 248/2765/2747
f 341/2733/2715 340/2780/2762 290/2746/2728
f 368/2766/2748 397/2767/2749 396/2781/2763
f 508/2621/2594 740/2527/2499 427/2782/2764
f 427/2782/2764 740/2527/2499 350/2750/2732
f 350/2750/2732 634/2572/2545 394/2742/2724
f 394/2742/2724 507/2482/2454 311/2751/2733
f 273/2783/2753 263/2784/2754 276/2785/2765
f 263/2784/2754 265/2786/2766 276/2785/2765
f 275/2787/2767 264/2776/2758 266/2777/2759
f 266/2777/2759 250/2774/2756 278/2788/2768
f 248/2765/2747 268/2547/2520 290/2746/2728
f 339/2789/2769 290/2746/2728 364/2790/2770
f 290/2746/2728 366/2791/2771 364/2790/2770
f 362/2792/2772 396/2781/2763 397/2767/2749
f 395/2749/2731 465/2706/2688 427/2782/2764
f 427/2782/2764 465/2706/2688 508/2621/2594
f 274/2768/2750 277/2793/2773 299/2752/2734
f 299/2752/2734 277/2793/2773 284/2794/2774
f 266/2777/2759 278/2788/2768 285/2795/2775
f 248/2765/2747 290/2746/2728 289/2796/2776
f 290/2746/2728 339/2789/2769 324/2797/2777
f 362/2792/2772 397/2767/2749 360/2798/2778
f 283/2799/2779 286/2800/2780 301/2801/2781
f 285/2795/2775 278/2788/2768 300/2802/2782
f 288/2803/2783 248/2765/2747 289/2796/2776
f 337/2804/2784 362/2792/2772 360/2798/2778
f 299/2752/2734 284/2794/2774 311/2751/2733
f 311/2751/2733 284/2794/2774 302/2805/2785
f 278/2788/2768 287/2806/2786 300/2802/2782
f 300/2802/2782 287/2806/2786 313/2807/2787
f 313/2807/2787 287/2806/2786 303/2808/2788
f 290/2746/2728 324/2797/2777 289/2796/2776
f 337/2804/2784 360/2798/2778 323/2809/2789
f 323/2809/2789 360/2798/2778 358/2810/2790
f 361/2811/2791 395/2749/2731 427/2782/2764
f 312/2812/2792 314/2813/2793 330/2814/2794
f 313/2807/2787 303/2808/2788 331/2815/2795
f 323/2809/2789 358/2810/2790 336/2816/2796
f 336/2816/2796 358/2810/2790 355/2817/2797
f 361/2811/2791 427/2782/2764 359/2818/2798
f 311/2751/2733 302/2805/2785 350/2750/2732
f 302/2805/2785 329/2819/2799 350/2750/2732
f 314/2813/2793 332/2820/2800 330/2814/2794
f 330/2814/2794 332/2820/2800 351/2821/2801
f 332/2820/2800 315/2822/2802 351/2821/2801
f 335/2823/2803 357/2824/2804 320/2825/2805
f 359/2818/2798 427/2782/2764 350/2750/2732
f 394/2742/2724 311/2751/2733 350/2750/2732
f 329/2819/2799 352/2826/2806 350/2750/2732
f 315/2822/2802 318/2827/2807 351/2821/2801
f 351/2821/2801 318/2827/2807 353/2828/2808
f 353/2828/2808 318/2827/2807 355/2829/2809
f 318/2827/2807 321/2830/2810 355/2829/2809
f 356/2831/2811 359/2818/2798 354/2832/2812
f 352/2826/2806 354/2832/2812 350/2750/2732
f 350/2750/2732 354/2832/2812 359/2818/2798
l 212 239
l 198 223
l 143 144
l 76 85
l 8 16
l 37 38
l 51 59
l 71 79
l 91 95
l 4505 4531
l 4479 4488
l 4483 4497
l 4366 4419
l 4206 4260
l 4185 4187
l 4228 4229
l 3957 4019
l 3796 4032
l 3771 3954
l 3765 3773
l 3925 3929
l 3871 3888
l 3856 3860
l 3845 3850
l 3832 3854
l 3827 3829
l 3826 3834
l 3584 3678
l 4588 4618
l 4635 4639
l 4608 4638
l 3512 3616
l 3337 3471
l 3151 3327
l 3144 3147
l 3306 3438
l 3302 3455
l 3291 3294
l 2979 3171
l 3126 3299
l 3992 4049
l 3006 3201
l 2935 3110
l 2837 2840
l 2164 2167
l 2026 2803
l 2021 2797
l 2790 2792
l 2781 2786
l 2750 2780
l 2561 2671
l 2555 2686
l 2551 2554
l 2657 2659
l 2602 2635
l 2597 2598
l 2583 2596
l 2580 2644
l 2534 2640
l 2613 2630
l 2610 2612
l 2490 2493
l 2486 2590
l 2410 2413
l 2403 2405
l 2399 2511
l 2387 2392
l 2379 2383
l 2314 2414
l 2301 2385
l 2216 2271
l 2197 2202
l 2185 2214
l 2181 2183
l 2010 2173
l 1807 1808
l 1905 2043
l 1897 2032
l 1709 1712
l 1795 1893
l 2917 2921
l 3414 3547
l 1635 1731
l 1620 1710
l 1994 1995
l 2147 2922
l 2138 2918
l 3235 3403
l 3225 3398
l 1612 1697
l 1593 1685
l 1445 1540
l 1518 1520
l 1489 1491
l 1851 1992
l 2892 2897
l 2889 3066
l 2852 2854
l 1359 1439
l 2132 2133
l 1740 1743
l 1344 1423
l 1337 1414
l 1965 2114
l 1278 1341
l 1270 1276
l 1842 1960
l 1206 1274
l 1297 1299
l 1302 1304
l 1225 1227
l 1565 1566
l 1006 1032
l 960 1003
l 870 910
l 1250 1322
l 724 773
l 799 847
l 382 384
l 294 307
l 253 255
l 365 367
l 338 363
l 213 215
l 193 220
l 177 197
l 70 75
l 45 58
l 4512 4529
l 4474 4476
l 4367 4369
l 4248 4307
l 4302 4358
l 4238 4294
l 4340 4390
l 4125 4127
l 4180 4182
l 4282 4337
l 4225 4226
l 4145 4149
l 4124 4184
l 4105 4160
l 4016 4086
l 3958 4013
l 3686 3777
l 3926 3930
l 3922 3931
l 3894 3903
l 3877 3899
l 3857 3865
l 3853 3878
l 3841 3844
l 3743 3748
l 3673 3763
l 3656 3736
l 4591 4593
l 4609 4612
l 4561 4584
l 3168 3170
l 3152 3323
l 3307 3309
l 2966 2967
l 2961 3141
l 2951 2954
l 2936 3106
l 2931 3105
l 2838 3009
l 1821 1924
l 2049 2051
l 2027 2031
l 2782 2788
l 2768 2769
l 2755 2784
l 2714 2719
l 2372 2724
l 2353 2699
l 2685 2681
l 2678 2695
l 2570 2670
l 2562 2566
l 2556 2558
l 2662 2663
l 2648 2668
l 2584 2591
l 2620 2634
l 2460 2567
l 2456 2559
l 2424 2429
l 2411 2520
l 2338 2464
l 2277 2359
l 2239 2243
l 2217 2267
l 2180 2198
l 2007 2172
l 1873 1875
l 1856 1859
l 2153 2155
l 3397 3532
l 1615 1706
l 1704 1804
l 2148 2151
l 3226 3399
l 1538 1617
l 1989 2145
l 3094 3097
l 3090 3260
l 3079 3083
l 3044 3238
l 2082 2084
l 1523 1604
l 1519 1521
l 1503 1507
l 1852 1985
l 2903 3076
l 2899 3063
l 2893 3070
l 2873 3053
l 2860 3048
l 1360 1443
l 1435 1522
l 1411 1416
l 2117 2895
l 2102 2868
l 1955 2103
l 1284 1349
l 1279 1348
l 1384 1387
l 1758 1848
l 988 1027
l 1129 1171
l 1258 1325
l 1065 1067
l 824 879
l 852 895
l 1074 1104
l 610 657
l 383 419
l 543 599
l 439 478
l 319 334
l 194 196
l 199 229
l 93 94
l 3449 4680
l 4423 4449
l 4411 4415
l 4407 4444
l 4321 4324
l 4252 4305
l 4193 4249
l 4239 4297
l 4341 4391
l 4211 4262
l 4181 4240
l 4283 4335
l 4154 4215
l 4166 4231
l 4159 4222
l 4037 4040
l 3978 3979
l 3797 3982
l 3918 3935
l 3915 3927
l 3887 3891
l 3867 3872
l 3863 3864
l 3858 3890
l 3847 3838
l 3747 3825
l 3586 3681
l 3659 3745
l 4616 4619
l 4646 4657
l 4589 4590
l 4660 4662
l 3818 3999
l 4649 4658
l 4596 4599
l 3464 3587
l 3575 3576
l 3565 3658
l 3548 3643
l 3341 3476
l 3373 3374
l 3146 3320
l 3293 3442
l 3285 3289
l 4063 4565
l 4048 4050
l 2971 2973
l 3098 3267
l 3001 3005
l 2817 2962
l 2811 2813
l 2942 3115
l 3013 3017
l 2044 2808
l 2028 2801
l 2766 2796
l 2739 2770
l 2715 2720
l 2709 2747
l 2694 2696
l 2563 2673
l 2553 2684
l 2649 2666
l 2638 2661
l 2585 2653
l 2419 2531
l 2496 2527
l 2488 2593
l 2477 2479
l 2466 2470
l 2425 2427
l 2412 2416
l 2394 2507
l 2389 2502
l 2381 2491
l 2339 2461
l 2310 2411
l 2273 2280
l 2260 2266
l 2254 2322
l 2250 2252
l 2012 1876
l 1887 1889
l 1879 1883
l 3021 3216
l 1717 1802
l 1790 1794
l 1785 1787
l 1770 1861
l 3250 3417
l 1581 1681
l 1677 1775
l 1990 2142
l 3091 3262
l 3254 3418
l 3033 3229
l 3086 3253
l 2904 3081
l 2890 3065
l 2874 2877
l 1440 1528
l 1436 1525
l 1981 2130
l 2127 2910
l 2111 2115
l 2099 2861
l 2094 2097
l 1339 1343
l 1331 1418
l 1949 1951
l 1836 1942
l 1287 1354
l 1272 1347
l 1009 1042
l 956 987
l 948 951
l 849 853
l 605 608
l 517 572
l 234 243
l 206 210
l 182 183
l 163 170
l 132 137
l 3 6
l 24 27
l 108 123
l 3439 3443
l 4541 4544
l 4507 4530
l 4408 4445
l 4329 4331
l 4317 4319
l 4333 4387
l 4346 4394
l 4126 4192
l 4155 4218
l 4146 4150
l 4163 4232
l 4102 4156
l 3764 3952
l 3907 3910
l 3895 3898
l 3859 3861
l 3848 3876
l 3843 3881
l 3592 3685
l 4653 4655
l 4669 4670
l 3819 3997
l 4611 4636
l 3613 3705
l 3468 3469
l 3566 3654
l 3560 3653
l 3549 3550
l 3506 3610
l 3495 3499
l 3342 3477
l 4549 4572
l 3158 3162
l 3199 3382
l 2070 2073
l 2981 3173
l 2972 3161
l 2963 2965
l 3139 3318
l 3007 3011
l 2957 3138
l 2938 3112
l 2787 2793
l 2776 2779
l 2716 2758
l 2680 2683
l 2572 2575
l 2564 2688
l 2599 2655
l 2586 2482
l 2577 2643
l 2614 2631
l 2513 2516
l 2435 2441
l 2430 2539
l 2377 2487
l 2335 2446
l 2325 2326
l 2311 2404
l 2298 2376
l 2279 2355
l 2251 2320
l 2245 2318
l 2204 2207
l 3626 3716
l 1902 2042
l 1898 2030
l 1554 1638
l 1724 1727
l 1858 1996
l 1705 1801
l 1776 1862
l 2913 2915
l 3261 3419
l 1986 2140
l 3092 3265
l 3075 3078
l 3071 3248
l 3059 3060
l 3050 3051
l 1854 1982
l 1362 1366
l 1412 1498
l 2100 2866
l 2095 2859
l 1943 2092
l 1332 1407
l 1957 2093
l 1285 1351
l 1281 1346
l 1228 1303
l 949 989
l 786 838
l 1190 1248
l 731 783
l 676 727
l 710 711
l 612 656
l 637 640
l 409 452
l 521 578
l 398 400
l 217 219
l 207 235
l 169 171
l 133 136
l 19 21
l 25 46
l 53 62
l 106 119
l 3445 3447
l 4490 4493
l 4378 4431
l 4370 4373
l 4244 4304
l 4296 4299
l 4347 4395
l 4203 4261
l 4141 4202
l 4087 4088
l 4017 4085
l 4039 4103
l 4034 4099
l 3799 3981
l 3934 3936
l 3908 3919
l 3889 3896
l 3868 3886
l 3849 3882
l 3833 3837
l 3830 3842
l 3661 3746
l 4650 4652
l 4674 4678
l 4631 4634
l 3614 3615
l 3604 3606
l 3466 3581
l 4580 4607
l 3188 3356
l 3154 3326
l 3196 3375
l 2976 3169
l 2968 3148
l 3008 3204
l 3003 3200
l 2953 3129
l 2939 2940
l 2800 2802
l 2158 2160
l 3715 3812
l 2734 2736
l 2722 2726
l 2711 2753
l 2706 2708
l 2369 2717
l 2364 2704
l 2557 2565
l 2540 2669
l 2536 2642
l 2529 2604
l 2523 2625
l 2505 2509
l 2473 2579
l 2468 2574
l 2443 2447
l 2406 2515
l 2391 2501
l 2269 2295
l 2262 2344
l 2235 2240
l 2199 2241
l 2193 2232
l 1809 1811
l 3530 3627
l 3022 3024
l 1786 1888
l 1777 1863
l 1771 1773
l 2914 3096
l 1595 1688
l 1991 2150
l 1987 2139
l 3088 3257
l 3046 3047
l 3035 3227
l 1442 1446
l 1502 1588
l 1979 1984
l 2906 3074
l 2900 3067
l 2870 2871
l 1356 1357
l 1432 1434
l 1426 1514
l 2129 2131
l 1333 1340
l 1958 2101
l 1653 1747
l 1229 1306
l 950 985
l 912 958
l 897 939
l 761 764
l 1191 1253
l 413 457
l 513 566
l 470 515
l 208 237
l 201 230
l 107 118
l 89 110
l 3440 3450
l 4525 4527
l 4519 4521
l 4491 4508
l 4471 4486
l 4424 4428
l 4420 4421
l 4343 4393
l 4214 4267
l 4286 4342
l 4152 4212
l 4138 4201
l 4169 4233
l 4104 4158
l 3965 3968
l 3956 4015
l 3768 3950
l 3692 3695
l 3683 3775
l 3921 3923
l 3916 3928
l 3909 3911
l 3836 3862
l 3737 3828
l 3577 3579
l 4581 4583
l 3372 3612
l 3504 3505
l 3334 3472
l 3331 3159
l 3308 3437
l 3288 3446
l 3282 3435
l 4054 4547
l 3000 3193
l 2977 2980
l 2973 3164
l 2964 3142
l 3130 3303
l 1822 1925
l 3012 3211
l 2034 2037
l 2024 2798
l 2748 2751
l 2727 2730
l 2712 2756
l 2365 2703
l 2356 2360
l 2687 2689
l 2674 2690
l 2646 2664
l 2641 2645
l 2532 2636
l 2616 2618
l 2484 2485
l 2474 2578
l 2462 2467
l 2407 2512
l 2341 2465
l 2337 2453
l 2312 2316
l 2263 2345
l 2247 2307
l 2210 2203
l 2194 2236
l 2188 2226
l 2175 2184
l 2003 2168
l 1903 2041
l 1881 1886
l 1792 1895
l 1781 1865
l 3023 3025
l 3413 3416
l 1610 1694
l 1591 1594
l 1587 1589
l 1673 1774
l 3072 3249
l 3052 3055
l 1530 1533
l 3082 3252
l 2901 3073
l 2896 3068
l 2876 3056
l 2856 3045
l 2850 3034
l 1364 1448
l 1408 1490
l 2113 2887
l 2109 2884
l 1963 1967
l 1959 2096
l 1275 1282
l 1204 1283
l 1235 1477
l 1305 1389
l 1564 1655
l 1004 1005
l 906 907
l 868 909
l 1068 1098
l 833 834
l 762 814
l 491 493
l 667 704
l 664 666
l 613 659
l 1079 1109
l 304 306
l 172 181
l 84 86
l 20 22
l 31 35
l 4454 4482
l 4425 4450
l 4371 4418
l 4434 4452
l 4382 4436
l 4351 4356
l 4250 4253
l 4246 4251
l 4265 4323
l 4336 4338
l 4142 4207
l 4128 4195
l 4136 4199
l 4107 4161
l 3769 3953
l 3689 3780
l 3913 3914
l 3900 3906
l 3893 3904
l 3851 3879
l 3738 3740
l 3594 3690
l 3582 3677
l 3662 3749
l 4641 4654
l 4663 4664
l 4671 4676
l 4594 4597
l 3578 3671
l 3562 3655
l 4047 4110
l 3497 3600
l 3492 3494
l 3332 3328
l 3325 3465
l 3427 3561
l 4558 4582
l 3366 3502
l 3156 3329
l 3149 3153
l 3143 3145
l 3301 3454
l 3297 3453
l 3283 3434
l 4060 4563
l 2978 2975
l 2974 3165
l 2944 3123
l 2835 3004
l 2799 2950
l 2159 2923
l 2746 2777
l 2732 2763
l 2728 2762
l 2713 2749
l 2705 2743
l 2697 2738
l 2371 2723
l 2361 2363
l 2677 2693
l 2665 2667
l 2651 2654
l 2589 2592
l 2518 2621
l 2503 2606
l 2475 2476
l 2469 2576
l 2454 2457
l 2445 2550
l 2342 2472
l 2306 2402
l 2288 2373
l 2230 2303
l 2222 2224
l 2205 2253
l 2195 2244
l 2201 2238
l 2189 2231
l 3638 3724
l 3634 3720
l 3628 3630
l 3018 3214
l 1810 1912
l 1892 2022
l 1882 2014
l 1707 1713
l 1715 1718
l 1793 1896
l 1778 1867
l 3544 3545
l 1700 1797
l 1695 1696
l 2081 2842
l 1535 1616
l 1577 1678
l 1674 1675
l 1988 2149
l 1983 2137
l 3077 3249
l 1516 1601
l 1508 1511
l 2891 2894
l 2857 2862
l 1437 1441
l 1427 1430
l 1335 1410
l 1964 2108
l 1120 1350
l 1205 1280
l 1388 1390
l 1174 1233
l 805 857
l 734 789
l 672 708
l 652 700
l 342 377
l 540 592
l 568 571
l 258 260
l 316 317
l 322 333
l 241 242
l 225 227
l 218 222
l 28 49
l 12 33
l 32 36
l 4542 4545
l 4510 4513
l 4504 4528
l 4426 4451
l 4405 4406
l 4311 4314
l 4310 4368
l 4352 4298
l 4247 4255
l 4301 4354
l 4392 4397
l 4275 4328
l 4258 4259
l 4237 4241
l 4350 4396
l 4223 4226
l 4147 4209
l 4144 4204
l 4100 4151
l 4018 4084
l 4041 4101
l 3967 4022
l 3770 3951
l 3917 3932
l 3875 3884
l 3870 3892
l 3852 3873
l 3741 3744
l 3595 3691
l 4620 4622
l 4642 4644
l 3470 3589
l 3509 3371
l 3498 3601
l 3333 3336
l 3516 3519
l 3362 3496
l 3150 3321
l 3290 3444
l 4061 4560
l 3192 3376
l 2969 2970
l 1926 1927
l 2814 2816
l 2945 3125
l 2934 3107
l 3208 3391
l 2036 2804
l 2771 2773
l 2754 2785
l 2698 2735
l 2347 2349
l 2560 2691
l 2582 2595
l 2533 2639
l 2609 2626
l 2525 2627
l 2508 2510
l 2459 2569
l 2449 2452
l 2409 2514
l 2378 2492
l 2346 2481
l 2343 2471
l 2327 2428
l 2225 2296
l 2206 2255
l 2196 2249
l 2005 2171
l 1999 2156
l 3019 3020
l 3531 3631
l 1708 1711
l 1798 1904
l 2916 2920
l 1682 1779
l 1767 1769
l 1993 2152
l 2143 2919
l 1536 1539
l 1611 1701
l 1607 1609
l 1596 1597
l 3089 3259
l 1444 1534
l 1532 1537
l 1505 1592
l 2909 3084
l 2902 2907
l 2898 3069
l 2883 3058
l 2878 3057
l 1438 1531
l 1415 1417
l 2110 2882
l 2098 2863
l 1954 1956
l 1277 1336
l 1746 1748
l 1224 1300
l 1230 1309
l 953 993
l 1091 1139
l 903 942
l 806 857
l 772 774
l 769 822
l 604 649
l 259 261
