# Blender 5.0.1
# www.blender.org
o BagC_lp
v -0.135318 0.006582 -0.067547
v -0.136205 0.006616 -0.067168
v -0.131053 0.001613 -0.053049
v -0.126608 0.012516 -0.063119
v -0.126306 0.013258 -0.064218
v -0.128208 0.011165 -0.068357
v -0.125003 0.013465 -0.066509
v -0.127573 0.012499 -0.064819
v -0.129514 0.013668 -0.068404
v -0.129576 0.013477 -0.063861
v -0.134449 0.010687 -0.070568
v -0.137658 0.005636 -0.066560
v -0.136488 0.002322 -0.061707
v -0.139136 0.001788 -0.062551
v -0.126463 0.007083 -0.059860
v -0.127086 0.008420 -0.059019
v -0.125409 0.011685 -0.063168
v -0.125584 0.010802 -0.061804
v -0.125369 0.010210 -0.061354
v -0.125097 0.011241 -0.063135
v -0.124814 0.011859 -0.063763
v -0.124814 0.011859 -0.063763
v -0.125794 0.014672 -0.063855
v -0.126350 0.015266 -0.062782
v -0.125794 0.014672 -0.063855
v -0.125534 0.014628 -0.064058
v -0.125233 0.013864 -0.064784
v -0.129337 0.015569 -0.066340
v -0.128212 0.016158 -0.064520
v -0.130192 0.018311 -0.065585
v -0.136556 0.012497 -0.068201
v -0.137621 0.010178 -0.067353
v -0.142057 0.007408 -0.069947
v -0.139932 0.009567 -0.067045
v -0.138239 0.010564 -0.067539
v -0.142878 0.003582 -0.067682
v -0.143081 0.003738 -0.067352
v -0.141648 -0.001264 -0.065640
v -0.139517 -0.002235 -0.063838
v -0.138611 0.000828 -0.062516
v -0.139328 0.001418 -0.063903
v -0.138649 -0.000002 -0.061711
v -0.138617 -0.000490 -0.061064
v -0.139065 -0.000435 -0.062292
v -0.136710 0.000442 -0.061995
v -0.137515 -0.000590 -0.059862
v -0.136365 -0.000309 -0.058776
v -0.137118 -0.000325 -0.059377
v -0.135548 0.000441 -0.058231
v -0.135548 0.000441 -0.058231
v -0.130774 0.000306 -0.057245
v -0.134729 -0.000272 -0.056728
v -0.131913 0.001256 -0.054311
v -0.128266 0.002642 -0.052802
v -0.129423 0.002501 -0.053013
v -0.127366 0.004792 -0.054519
v -0.127131 0.005408 -0.054822
v -0.127366 0.004792 -0.054519
v -0.125616 0.006845 -0.054096
v -0.126363 0.006288 -0.056143
v -0.126192 0.006404 -0.056428
v -0.126183 0.006826 -0.057458
v -0.124950 0.006325 -0.057909
v -0.125487 0.005979 -0.056505
v -0.125326 0.010531 -0.062774
v -0.124793 0.009366 -0.064189
v -0.124793 0.009366 -0.064189
v -0.124636 -0.008520 -0.069162
v -0.125075 -0.017283 -0.068862
v -0.124726 0.014189 -0.065531
v -0.124685 0.013795 -0.066302
v -0.126813 0.012798 -0.061403
v -0.124620 0.014321 -0.065307
v -0.126319 0.015368 -0.061319
v -0.124515 0.016946 -0.061078
v -0.126319 0.015368 -0.061319
v -0.130808 0.016296 -0.064487
v -0.129312 0.017111 -0.064654
v -0.128213 0.016856 -0.063696
v -0.129688 0.017446 -0.064068
v -0.130315 0.017951 -0.063066
v -0.130370 0.018674 -0.063257
v -0.140111 0.007428 -0.064116
v -0.140225 0.011249 -0.065637
v -0.142867 0.007907 -0.067396
v -0.143115 0.007076 -0.066992
v -0.142867 0.007907 -0.067396
v -0.143287 0.002691 -0.068218
v -0.143455 0.003322 -0.066831
v -0.144106 0.000827 -0.065037
v -0.143539 -0.001109 -0.064574
v -0.144216 0.002199 -0.065843
v -0.143233 -0.000644 -0.064474
v -0.142459 0.000612 -0.067272
v -0.140429 -0.001522 -0.063545
v -0.138965 -0.002059 -0.062265
v -0.139779 -0.003842 -0.060967
v -0.137730 -0.003001 -0.063105
v -0.133747 -0.001133 -0.062540
v -0.136448 -0.002456 -0.059188
v -0.136577 -0.002027 -0.059091
v -0.136906 -0.002546 -0.059792
v -0.136081 -0.002032 -0.058301
v -0.136728 -0.002370 -0.058869
v -0.135656 -0.001520 -0.057557
v -0.130020 -0.003020 -0.058540
v -0.133526 -0.001849 -0.057257
v -0.134214 -0.002562 -0.056291
v -0.131378 -0.002801 -0.052873
v -0.128753 -0.002871 -0.054174
v -0.130950 -0.004566 -0.055976
v -0.132009 -0.003972 -0.054766
v -0.131378 -0.002801 -0.052873
v -0.130955 -0.000935 -0.052141
v -0.130177 0.000026 -0.051027
v -0.128299 0.000669 -0.053265
v -0.129024 -0.001261 -0.050250
v -0.129744 -0.001473 -0.050636
v -0.127330 -0.001327 -0.053586
v -0.124208 0.005891 -0.050557
v -0.127342 0.002324 -0.052236
v -0.126297 0.001519 -0.052808
v -0.127342 0.002324 -0.052236
v -0.124974 0.003330 -0.054741
v -0.124974 0.003330 -0.054741
v -0.126090 -0.000913 -0.051740
v -0.122790 0.106949 -0.069025
v -0.124617 0.017459 -0.059296
v -0.124355 0.016265 -0.059335
v -0.123877 0.018154 -0.058436
v -0.124622 0.015763 -0.053249
v -0.134920 0.016328 -0.059792
v -0.134920 0.016328 -0.059792
v -0.143748 0.010912 -0.062727
v -0.143008 0.010851 -0.060945
v -0.143468 0.003544 -0.065471
v -0.144441 0.002951 -0.063452
v -0.144948 0.004624 -0.064487
v -0.149157 0.001016 -0.063683
v -0.144812 0.001568 -0.062402
v -0.143938 -0.000683 -0.062927
v -0.148952 -0.001813 -0.064331
v -0.141375 -0.004851 -0.071035
v -0.140913 -0.003960 -0.065333
v -0.140913 -0.003960 -0.065333
v -0.140913 -0.003960 -0.065333
v -0.134229 -0.010117 -0.066363
v -0.134385 -0.005526 -0.060446
v -0.128726 -0.006556 -0.056555
v -0.129058 -0.006935 -0.056014
v -0.126451 -0.004391 -0.057548
v -0.127468 -0.008451 -0.054991
v -0.128462 -0.003973 -0.051965
v -0.129207 -0.003526 -0.051751
v -0.128938 -0.002492 -0.050122
v -0.128938 -0.002492 -0.050122
v -0.125569 -0.005015 -0.047929
v -0.126616 -0.000430 -0.049971
v -0.125957 -0.000840 -0.050192
v -0.126181 -0.000210 -0.050555
v -0.126064 -0.000408 -0.050634
v -0.125712 -0.000152 -0.051798
v -0.124692 -0.002775 -0.052098
v -0.125038 -0.009900 -0.058546
v -0.126699 -0.007213 -0.061422
v -0.125013 -0.008229 -0.054480
v -0.126979 -0.013532 -0.062824
v -0.124996 -0.009716 -0.058466
v -0.112526 -0.000304 -0.069637
v -0.113127 0.022163 -0.069106
v -0.124680 0.057777 -0.069173
v -0.124644 0.015255 -0.052768
v -0.123015 0.017232 -0.046234
v -0.130069 0.017868 -0.051489
v -0.129799 0.019490 -0.051142
v -0.140401 0.007711 -0.057703
v -0.140098 0.006155 -0.058677
v -0.141061 0.012877 -0.056962
v -0.144857 0.010687 -0.058716
v -0.142740 0.005278 -0.059523
v -0.143687 -0.005708 -0.063709
v -0.152191 -0.002247 -0.063102
v -0.146756 -0.003481 -0.059444
v -0.143268 -0.007288 -0.065173
v -0.143696 -0.007189 -0.067093
v -0.140891 -0.008870 -0.066919
v -0.139450 -0.007328 -0.067277
v -0.136246 -0.010011 -0.066395
v -0.133843 -0.014581 -0.064202
v -0.133459 -0.010810 -0.066336
v -0.132873 -0.011019 -0.066046
v -0.127247 -0.009918 -0.057510
v -0.127477 -0.012998 -0.061494
v -0.126951 -0.007297 -0.057963
v -0.127812 -0.004360 -0.052225
v -0.125676 -0.002135 -0.051845
v -0.126624 -0.011904 -0.060666
v -0.125938 -0.015352 -0.062431
v -0.125341 -0.017466 -0.069098
v -0.112150 0.005778 -0.068240
v -0.112929 0.046210 -0.069972
v -0.123756 0.015935 -0.048031
v -0.123440 0.016084 -0.048516
v -0.122764 0.017562 -0.041876
v -0.123620 0.016613 -0.045291
v -0.122912 0.017514 -0.044146
v -0.128994 0.018233 -0.047158
v -0.129636 0.019574 -0.042498
v -0.129486 0.018199 -0.045854
v -0.130852 0.017979 -0.046492
v -0.130423 0.017374 -0.048881
v -0.135165 0.015791 -0.048735
v -0.131951 0.019992 -0.046039
v -0.142453 0.014587 -0.046937
v -0.143274 0.013839 -0.049034
v -0.142063 0.011794 -0.050047
v -0.142063 0.011794 -0.050047
v -0.140012 0.009107 -0.048169
v -0.144822 0.007810 -0.053170
v -0.144310 0.007751 -0.050874
v -0.145351 0.005946 -0.048454
v -0.146269 0.005356 -0.057696
v -0.150081 -0.000111 -0.062696
v -0.147412 0.000034 -0.059447
v -0.144545 -0.000764 -0.060667
v -0.148142 -0.001405 -0.059134
v -0.146480 -0.003981 -0.058802
v -0.146129 -0.011400 -0.059981
v -0.144728 -0.009642 -0.063196
v -0.143946 -0.011169 -0.063448
v -0.144175 -0.010949 -0.063524
v -0.143615 -0.011699 -0.064322
v -0.142655 -0.011270 -0.067653
v -0.141529 -0.011116 -0.067469
v -0.141987 -0.010726 -0.067484
v -0.139857 -0.011022 -0.070943
v -0.139972 -0.011067 -0.065534
v -0.140293 -0.010954 -0.068282
v -0.134184 -0.012612 -0.065807
v -0.136307 -0.013682 -0.067617
v -0.136600 -0.013821 -0.070981
v -0.135077 -0.013286 -0.068021
v -0.131225 -0.014199 -0.067208
v -0.131231 -0.014578 -0.067319
v -0.131772 -0.014945 -0.067655
v -0.131032 -0.014047 -0.066688
v -0.130223 -0.013858 -0.066156
v -0.129715 -0.013381 -0.065140
v -0.125900 -0.010022 -0.067293
v -0.124961 -0.014624 -0.065818
v -0.126073 -0.016032 -0.064668
v -0.125156 -0.016154 -0.064468
v -0.124957 -0.016251 -0.064626
v -0.124752 -0.017752 -0.068710
v -0.125557 -0.017871 -0.068925
v -0.124706 -0.057095 -0.069182
v -0.115696 -0.054193 -0.069108
v -0.114461 -0.049881 -0.069676
v -0.113620 -0.013767 -0.070086
v -0.114178 -0.008570 -0.070178
v -0.112526 -0.007737 -0.069083
v -0.112756 -0.005381 -0.068804
v -0.112663 -0.003862 -0.069265
v -0.112748 0.000146 -0.069424
v -0.112679 -0.000293 -0.069499
v -0.112578 0.005141 -0.069351
v -0.112025 0.017177 -0.068157
v -0.110783 0.014514 -0.068553
v -0.110892 0.030674 -0.069611
v -0.112560 0.040603 -0.069758
v -0.112514 0.041848 -0.069569
v -0.112740 0.050848 -0.069909
v -0.112974 0.048621 -0.070260
v -0.113290 0.048540 -0.069112
v -0.120866 0.018075 -0.030946
v -0.121024 0.018194 -0.031859
v -0.122981 0.018298 -0.034309
v -0.120821 0.018109 -0.027382
v -0.122050 0.018043 -0.041773
v -0.121949 0.017765 -0.040642
v -0.124698 0.018441 -0.035126
v -0.124116 0.015743 -0.038174
v -0.129917 0.018352 -0.044616
v -0.131525 0.018024 -0.045927
v -0.143817 0.008664 -0.044667
v -0.145867 0.004640 -0.049851
v -0.144591 0.005946 -0.048184
v -0.144591 0.005946 -0.048184
v -0.145712 0.003002 -0.052196
v -0.145712 0.003002 -0.052196
v -0.145712 0.003002 -0.052196
v -0.145712 0.003002 -0.052196
v -0.145500 -0.002187 -0.055486
v -0.145762 -0.002958 -0.055892
v -0.152052 -0.006601 -0.056475
v -0.144577 -0.011111 -0.060796
v -0.144411 -0.012417 -0.060961
v -0.143037 -0.014081 -0.061434
v -0.143037 -0.014081 -0.061434
v -0.143037 -0.014081 -0.061434
v -0.139948 -0.014009 -0.064908
v -0.135987 -0.015752 -0.066350
v -0.135204 -0.015887 -0.066680
v -0.135888 -0.016545 -0.066953
v -0.131253 -0.018203 -0.064945
v -0.129933 -0.018917 -0.066386
v -0.129712 -0.018208 -0.063910
v -0.130248 -0.019784 -0.064654
v -0.127796 -0.016600 -0.065537
v -0.129262 -0.018678 -0.066565
v -0.129262 -0.018678 -0.066565
v -0.129616 -0.018582 -0.066587
v -0.129262 -0.018678 -0.066565
v -0.129262 -0.018678 -0.066565
v -0.129262 -0.018678 -0.066565
v -0.124516 -0.016688 -0.064822
v -0.125620 -0.016874 -0.064675
v -0.124958 -0.016684 -0.062466
v -0.113385 0.050144 -0.070764
v -0.112665 0.050058 -0.070792
v -0.112817 0.055113 -0.069472
v -0.121012 0.017904 -0.029902
v -0.120711 0.017951 -0.030361
v -0.123924 0.017149 -0.025189
v -0.123924 0.017149 -0.025189
v -0.123924 0.017149 -0.025189
v -0.123924 0.017149 -0.025189
v -0.121594 0.017296 -0.025843
v -0.123924 0.017149 -0.025189
v -0.123924 0.017149 -0.025189
v -0.124051 0.021714 -0.027139
v -0.123924 0.017149 -0.025189
v -0.125611 0.017041 -0.033871
v -0.126618 0.016764 -0.031145
v -0.126428 0.017648 -0.035068
v -0.130195 0.019741 -0.041920
v -0.141072 0.012201 -0.036752
v -0.141220 0.012395 -0.035001
v -0.143828 0.007826 -0.032818
v -0.144838 0.001476 -0.036091
v -0.143529 0.001090 -0.035983
v -0.143497 -0.000550 -0.046845
v -0.147290 -0.001425 -0.049978
v -0.142153 -0.001570 -0.045138
v -0.144970 -0.003326 -0.051579
v -0.138144 -0.003468 -0.055014
v -0.145160 -0.001935 -0.053460
v -0.143316 -0.003702 -0.051470
v -0.146124 -0.006586 -0.055683
v -0.143981 -0.006245 -0.056054
v -0.138211 -0.007827 -0.055542
v -0.137014 -0.017528 -0.058725
v -0.130589 -0.019786 -0.059531
v -0.131004 -0.020366 -0.062317
v -0.130549 -0.020744 -0.059668
v -0.129672 -0.019928 -0.064153
v -0.125881 -0.015230 -0.063965
v -0.126377 -0.015496 -0.063829
v -0.125071 -0.014198 -0.059354
v -0.125148 -0.017010 -0.062026
v -0.123726 -0.021091 -0.057698
v -0.114738 -0.051457 -0.069170
v -0.113107 -0.046193 -0.069309
v -0.112934 -0.047605 -0.069593
v -0.114164 -0.043887 -0.070101
v -0.112626 -0.033952 -0.071460
v -0.112981 -0.035518 -0.088902
v -0.112168 0.029600 -0.088749
v -0.112625 0.037212 -0.085833
v -0.112786 0.065080 -0.070211
v -0.112703 0.064254 -0.069548
v -0.112720 0.066134 -0.069332
v -0.122172 0.106966 -0.069100
v -0.118323 0.107135 -0.030883
v -0.118096 0.101965 -0.025984
v -0.120781 0.018397 -0.025653
v -0.120599 0.018611 -0.025646
v -0.119529 0.018587 -0.016253
v -0.130641 0.015266 -0.017659
v -0.130641 0.015266 -0.017659
v -0.130962 0.016032 -0.015457
v -0.131143 0.011966 -0.022561
v -0.131143 0.011966 -0.022561
v -0.131143 0.011966 -0.022561
v -0.133007 0.010292 -0.028274
v -0.128638 0.016644 -0.030562
v -0.129655 0.016532 -0.030383
v -0.129067 0.017993 -0.030810
v -0.130533 0.016790 -0.030290
v -0.130234 0.020364 -0.035788
v -0.130234 0.020364 -0.035788
v -0.130139 0.018997 -0.031317
v -0.129795 0.018475 -0.030687
v -0.139130 0.012632 -0.030858
v -0.139130 0.012632 -0.030858
v -0.139130 0.012632 -0.030858
v -0.140623 0.011811 -0.032920
v -0.143109 0.009326 -0.032765
v -0.143699 0.006967 -0.034510
v -0.147664 -0.000587 -0.037661
v -0.145473 -0.006390 -0.044175
v -0.144973 -0.008815 -0.052236
v -0.141994 -0.014839 -0.044587
v -0.144327 -0.015553 -0.044407
v -0.130397 -0.021570 -0.046431
v -0.130320 -0.020977 -0.059188
v -0.130121 -0.020794 -0.055473
v -0.126531 -0.015993 -0.054787
v -0.123611 -0.015481 -0.053193
v -0.124422 -0.017897 -0.055715
v -0.120004 -0.019090 -0.045474
v -0.126720 -0.021466 -0.047189
v -0.124299 -0.018936 -0.050683
v -0.116633 -0.070500 0.005465
v -0.113214 -0.063234 -0.069051
v -0.114475 -0.057029 -0.068219
v -0.114897 -0.057334 -0.069224
v -0.112918 -0.053829 -0.069672
v -0.113282 -0.054579 -0.069433
v -0.113626 -0.057194 -0.069632
v -0.112639 -0.047542 -0.084767
v -0.112639 -0.047542 -0.084767
v -0.112453 -0.048173 -0.086443
v -0.112382 -0.040655 -0.088870
v -0.111725 -0.043333 -0.088194
v -0.112488 0.004827 -0.088667
v -0.112567 0.013583 -0.088379
v -0.112608 0.022092 -0.088725
v -0.111850 0.030459 -0.088567
v -0.112307 0.030284 -0.088918
v -0.112158 0.095984 -0.088595
v -0.112215 0.086831 -0.088528
v -0.112584 0.088004 -0.088166
v -0.112502 0.066191 -0.069378
v -0.112903 0.106225 -0.069406
v -0.112528 0.084996 -0.069306
v -0.112686 0.084306 -0.069427
v -0.118724 0.019226 -0.006585
v -0.119892 0.020119 -0.020837
v -0.119609 0.018235 -0.017174
v -0.120558 0.018079 -0.002988
v -0.116241 0.014863 -0.005703
v -0.119341 0.019125 -0.004106
v -0.120558 0.018079 -0.002988
v -0.120558 0.018079 -0.002988
v -0.129044 0.017066 0.003935
v -0.121915 0.008365 0.003737
v -0.127787 0.016140 0.001908
v -0.130920 0.014547 -0.008238
v -0.130833 0.014319 -0.008309
v -0.130833 0.014319 -0.008309
v -0.130846 -0.016631 -0.013452
v -0.132012 0.011358 -0.028288
v -0.132065 0.011209 -0.029370
v -0.131651 0.012817 -0.029113
v -0.130437 0.019384 -0.030798
v -0.130437 0.019384 -0.030798
v -0.142831 0.004377 -0.030385
v -0.142373 0.008091 -0.031582
v -0.142574 0.008793 -0.032004
v -0.144958 -0.003524 -0.037456
v -0.145955 -0.005433 -0.038900
v -0.145072 -0.011569 -0.042841
v -0.144019 -0.010839 -0.043041
v -0.137711 -0.011549 -0.041946
v -0.131371 -0.018492 -0.047822
v -0.129948 -0.020453 -0.049610
v -0.128267 -0.019203 -0.048656
v -0.126411 -0.019384 -0.050265
v -0.128066 -0.019142 -0.048871
v -0.124675 -0.016357 -0.049388
v -0.123888 -0.018708 -0.045726
v -0.125147 -0.021822 -0.041545
v -0.122534 -0.018908 -0.044842
v -0.121815 -0.021061 -0.039298
v -0.121866 -0.109659 -0.069117
v -0.114822 -0.063099 -0.073126
v -0.113620 -0.075984 -0.069825
v -0.112628 -0.055625 -0.071541
v -0.111489 -0.051937 -0.088497
v -0.112470 -0.051909 -0.088511
v -0.113539 -0.059928 -0.090536
v -0.111266 -0.044101 -0.088675
v -0.111266 -0.044101 -0.088675
v -0.111897 0.095852 -0.087198
v -0.111809 0.095551 -0.087935
v -0.113119 0.094012 -0.069323
v -0.116259 0.109644 -0.026444
v -0.117445 0.107728 -0.030268
v -0.117960 0.101965 -0.025988
v -0.117960 0.101965 -0.025988
v -0.116131 0.103269 -0.005663
v -0.115364 0.087248 0.005069
v -0.116436 0.061342 0.005196
v -0.117845 0.042968 0.005664
v -0.119378 0.018571 -0.010927
v -0.117867 0.016618 -0.010892
v -0.117868 0.022474 -0.001356
v -0.117947 0.021953 -0.000297
v -0.117748 0.022648 0.000905
v -0.117684 0.020073 0.002129
v -0.116972 0.018556 0.005759
v -0.119902 0.019620 0.004876
v -0.117312 0.019138 0.005468
v -0.124312 0.017665 0.005765
v -0.124064 0.017401 0.006274
v -0.124049 0.017533 0.006330
v -0.124055 0.017540 0.006389
v -0.124292 0.017197 0.003795
v -0.130736 0.016275 0.010808
v -0.129847 0.015194 0.009343
v -0.130605 0.011015 0.000167
v -0.130605 0.011015 0.000167
v -0.130673 -0.014062 0.000555
v -0.129283 -0.017312 -0.003245
v -0.130746 -0.016314 -0.011632
v -0.130518 -0.015016 -0.012173
v -0.130716 -0.017445 -0.014846
v -0.129717 -0.016744 -0.019704
v -0.130768 -0.015491 -0.021690
v -0.132361 -0.015225 -0.022507
v -0.131130 -0.015535 -0.024349
v -0.130298 -0.016587 -0.025727
v -0.130834 -0.016122 -0.027081
v -0.131728 -0.017064 -0.030323
v -0.138501 -0.000986 -0.030123
v -0.140463 0.000072 -0.030469
v -0.138504 -0.000986 -0.030098
v -0.140683 -0.001914 -0.032670
v -0.143416 -0.003537 -0.032541
v -0.142279 -0.004616 -0.031328
v -0.143511 -0.013251 -0.036304
v -0.144290 -0.009080 -0.039177
v -0.144281 -0.012370 -0.039336
v -0.143488 -0.012775 -0.039520
v -0.126428 -0.019984 -0.037400
v -0.125979 -0.016724 -0.043284
v -0.124611 -0.018848 -0.039872
v -0.125854 -0.015938 -0.039624
v -0.124065 -0.018416 -0.040788
v -0.122977 -0.019647 -0.041387
v -0.122210 -0.020095 -0.039699
v -0.121568 -0.027447 -0.038706
v -0.114327 -0.091176 -0.069750
v -0.113132 -0.065312 -0.068955
v -0.111798 -0.072191 -0.067020
v -0.112540 -0.064443 -0.071906
v -0.112639 -0.070168 -0.072102
v -0.112547 -0.111467 -0.088392
v -0.111628 -0.068004 -0.088664
v -0.112615 -0.072903 -0.091606
v -0.100498 0.141287 -0.088728
v -0.112481 0.111165 -0.088729
v -0.112496 0.110507 -0.088748
v -0.112525 0.108290 -0.069533
v -0.112463 0.107947 -0.069719
v -0.110218 0.110847 -0.069718
v -0.112327 0.100904 -0.069507
v -0.114666 0.111631 -0.025176
v -0.116356 0.107031 -0.018445
v -0.115718 0.107123 -0.018236
v -0.116605 0.107395 -0.017564
v -0.117471 0.025174 0.007342
v -0.117792 0.024605 0.005711
v -0.117221 0.020788 0.004987
v -0.117362 0.020418 0.005364
v -0.118079 0.024232 0.005951
v -0.123634 0.022399 0.005953
v -0.124334 0.017188 0.006051
v -0.123947 0.017647 0.007247
v -0.129815 0.019017 0.009750
v -0.123290 0.016299 0.019793
v -0.123601 0.017540 0.015300
v -0.127939 0.016836 0.022804
v -0.127686 0.015064 0.021717
v -0.129669 0.015410 0.019787
v -0.127955 -0.017216 0.017401
v -0.130349 -0.017211 0.013425
v -0.129682 -0.016059 0.020419
v -0.129806 -0.017350 -0.002857
v -0.130021 -0.017254 -0.003346
v -0.129525 -0.017777 -0.007310
v -0.126321 -0.018879 -0.022111
v -0.127536 -0.018108 -0.021089
v -0.128439 -0.018024 -0.019968
v -0.125419 -0.018787 -0.022052
v -0.130933 -0.018047 -0.029422
v -0.130851 -0.017237 -0.029243
v -0.132011 -0.013174 -0.029366
v -0.132011 -0.013174 -0.029366
v -0.132011 -0.013174 -0.029366
v -0.140295 -0.011936 -0.033615
v -0.141025 -0.011994 -0.030603
v -0.139325 -0.011737 -0.029938
v -0.141860 -0.007104 -0.030072
v -0.142102 -0.008714 -0.031248
v -0.141801 -0.006970 -0.030359
v -0.143011 -0.009479 -0.032674
v -0.143011 -0.009479 -0.032674
v -0.143011 -0.009479 -0.032674
v -0.142777 -0.011617 -0.037629
v -0.142363 -0.012811 -0.034069
v -0.140242 -0.013686 -0.034076
v -0.139475 -0.015262 -0.033416
v -0.139475 -0.015262 -0.033416
v -0.135381 -0.017589 -0.031047
v -0.135420 -0.018036 -0.031794
v -0.135596 -0.017571 -0.031181
v -0.129777 -0.020741 -0.030032
v -0.134681 -0.018975 -0.033540
v -0.130515 -0.022040 -0.039753
v -0.130395 -0.021970 -0.039874
v -0.130202 -0.022109 -0.040990
v -0.125573 -0.024405 -0.036437
v -0.121758 -0.019490 -0.037946
v -0.123246 -0.025146 -0.036283
v -0.121703 -0.020093 -0.037620
v -0.123652 -0.020902 -0.036804
v -0.121523 -0.021189 -0.036599
v -0.122587 -0.019945 -0.034691
v -0.121319 -0.021782 -0.035991
v -0.120861 -0.032927 -0.031869
v -0.120861 -0.032927 -0.031869
v -0.120861 -0.032927 -0.031869
v -0.113295 -0.079846 -0.068648
v -0.111079 -0.085291 -0.068217
v -0.112575 -0.083986 -0.070073
v -0.112312 -0.098536 -0.069697
v -0.112603 -0.111651 -0.088057
v -0.109186 0.117501 -0.070283
v -0.110147 0.116349 -0.069919
v -0.109230 0.116891 -0.071531
v -0.111439 0.111975 -0.069119
v -0.111439 0.111975 -0.069119
v -0.107610 0.122651 -0.070058
v -0.110561 0.116530 -0.069017
v -0.110561 0.116530 -0.069017
v -0.101855 0.142633 -0.069062
v -0.100558 0.145390 -0.068706
v -0.101821 0.141669 -0.063924
v -0.099512 0.138826 -0.028445
v -0.112677 0.112891 -0.014525
v -0.116930 0.105065 -0.010635
v -0.115979 0.083271 0.005227
v -0.115367 0.087283 0.004474
v -0.115413 0.086814 0.004016
v -0.115729 0.079252 0.005233
v -0.115995 0.082664 0.005502
v -0.115493 0.070132 0.006223
v -0.116239 0.067753 0.005231
v -0.117299 0.062487 0.005428
v -0.117328 0.044953 0.006228
v -0.117929 0.054049 0.006031
v -0.119970 0.033366 0.005882
v -0.123607 0.020945 0.010300
v -0.123607 0.020945 0.010300
v -0.123607 0.020945 0.010300
v -0.123292 0.018163 0.015544
v -0.123248 0.018258 0.015375
v -0.124544 0.017395 0.019767
v -0.122427 0.012731 0.019457
v -0.124544 0.017395 0.019767
v -0.127215 0.013900 0.025536
v -0.128373 0.009011 0.024294
v -0.128373 0.009011 0.024294
v -0.128373 0.009011 0.024294
v -0.128329 -0.017195 0.018736
v -0.128821 -0.016888 0.021108
v -0.126946 -0.018363 0.018476
v -0.125265 -0.020765 0.009509
v -0.126217 -0.018596 0.009207
v -0.120335 -0.022469 -0.012539
v -0.121196 -0.019877 -0.013187
v -0.119638 -0.018783 -0.019542
v -0.120276 -0.020319 -0.018844
v -0.120116 -0.021117 -0.017779
v -0.120842 -0.021475 -0.027102
v -0.120276 -0.020578 -0.026053
v -0.123311 -0.018989 -0.034710
v -0.122426 -0.019460 -0.030617
v -0.121297 -0.021735 -0.028996
v -0.122426 -0.019460 -0.030617
v -0.122426 -0.019460 -0.030617
v -0.128915 -0.020525 -0.026260
v -0.127654 -0.019130 -0.031592
v -0.128944 -0.019293 -0.032591
v -0.131509 -0.017915 -0.029449
v -0.131249 -0.017343 -0.029955
v -0.131672 -0.018524 -0.030334
v -0.135819 -0.016913 -0.029537
v -0.136471 -0.009600 -0.032567
v -0.136706 -0.015942 -0.030483
v -0.141620 -0.012677 -0.031674
v -0.131297 -0.020377 -0.030825
v -0.131192 -0.021376 -0.032506
v -0.131561 -0.020240 -0.038418
v -0.127911 -0.020793 -0.037034
v -0.123254 -0.019104 -0.034751
v -0.123254 -0.019104 -0.034751
v -0.123254 -0.019104 -0.034751
v -0.122019 -0.109800 -0.068950
v -0.121817 -0.109582 -0.069084
v -0.122150 -0.106475 -0.068400
v -0.111915 -0.113088 -0.068751
v -0.112435 -0.095783 -0.071967
v -0.106040 -0.119484 -0.088729
v -0.107228 -0.125836 -0.088785
v -0.106040 -0.119484 -0.088729
v -0.099176 0.141975 -0.088596
v -0.108405 0.119852 -0.068920
v -0.107069 0.122777 -0.071432
v -0.108642 0.118930 -0.069422
v -0.108227 0.120426 -0.069458
v -0.104970 0.129716 -0.069749
v -0.105273 0.129618 -0.069234
v -0.105402 0.129079 -0.069785
v -0.101848 0.142691 -0.069074
v -0.100830 0.143378 -0.069016
v -0.101848 0.142691 -0.069074
v -0.099841 0.141073 -0.067444
v -0.099667 0.143353 -0.069047
v -0.100464 0.144451 -0.068982
v -0.099616 0.145031 -0.068422
v -0.095857 0.148438 -0.068526
v -0.096201 0.148223 -0.068911
v -0.095983 0.146472 -0.069694
v -0.095645 0.148387 -0.068727
v -0.093211 0.147497 -0.063850
v -0.095425 0.149107 -0.068443
v -0.095925 0.147568 -0.059097
v -0.095925 0.147568 -0.059097
v -0.099718 0.143104 -0.053160
v -0.104615 0.122776 0.004190
v -0.116593 0.082291 0.005538
v -0.116254 0.083161 0.005767
v -0.118942 0.060727 0.005941
v -0.116277 0.061005 0.005863
v -0.116724 0.062297 0.005618
v -0.117140 0.056472 0.006542
v -0.116767 0.056012 0.006272
v -0.123009 0.038000 0.013735
v -0.115654 0.038356 0.012051
v -0.123559 0.038104 0.013723
v -0.122310 0.018067 0.017481
v -0.122373 0.018672 0.016565
v -0.122875 0.018820 0.015968
v -0.122543 0.024435 0.016154
v -0.114331 0.017349 0.017607
v -0.126915 0.012940 0.029093
v -0.127075 0.015019 0.030842
v -0.127178 -0.018833 0.023079
v -0.128437 -0.017957 0.023193
v -0.128579 -0.017999 0.023299
v -0.126265 -0.017806 0.026176
v -0.125939 -0.017476 0.027671
v -0.120951 -0.020027 0.020863
v -0.121662 -0.022023 0.020646
v -0.124387 -0.019758 0.015583
v -0.124008 -0.019831 0.012772
v -0.123310 -0.019675 0.016238
v -0.124347 -0.019036 0.015600
v -0.123487 -0.021063 0.013803
v -0.124460 -0.019274 0.005976
v -0.124416 -0.020126 0.006106
v -0.122669 -0.020206 0.005624
v -0.121638 -0.019738 0.002691
v -0.120882 -0.019235 0.001318
v -0.121638 -0.019738 0.002691
v -0.119057 -0.021120 -0.003005
v -0.119107 -0.020872 -0.000081
v -0.118282 -0.022278 -0.008226
v -0.118482 -0.021011 -0.008193
v -0.119061 -0.020713 -0.012538
v -0.119639 -0.022106 -0.017819
v -0.120364 -0.021419 -0.018226
v -0.119007 -0.104800 -0.033968
v -0.112364 -0.114062 -0.069346
v -0.112074 -0.111489 -0.069334
v -0.112064 -0.110048 -0.070064
v -0.112930 -0.099175 -0.069175
v -0.112773 -0.099276 -0.069385
v -0.113165 -0.099125 -0.069289
v -0.113968 -0.093946 -0.069316
v -0.113037 -0.098438 -0.069363
v -0.112599 -0.092911 -0.070044
v -0.112336 -0.099529 -0.069426
v -0.112336 -0.099529 -0.069426
v -0.111177 -0.114722 -0.070295
v -0.112840 -0.111565 -0.088533
v -0.107356 -0.125531 -0.088518
v -0.106929 -0.126905 -0.088422
v -0.106627 -0.127431 -0.088468
v -0.103849 0.130583 -0.069898
v -0.104447 0.129195 -0.070733
v -0.104624 0.129669 -0.069829
v -0.106314 0.124720 -0.069237
v -0.103002 0.132496 -0.069504
v -0.099667 0.141759 -0.069318
v -0.098504 0.140388 -0.070958
v -0.099208 0.141518 -0.069644
v -0.099454 0.140473 -0.070041
v -0.099365 0.142285 -0.068969
v -0.099365 0.142285 -0.068969
v -0.094231 0.145435 -0.069830
v -0.094500 0.144902 -0.070836
v -0.096689 0.143136 -0.071017
v -0.094359 0.145937 -0.069833
v -0.093836 0.145542 -0.069188
v -0.093836 0.145542 -0.069188
v -0.091561 0.152147 -0.064073
v -0.091561 0.152147 -0.064073
v -0.090998 0.153395 -0.066553
v -0.089522 0.149671 -0.054068
v -0.090047 0.152548 -0.055483
v -0.088354 0.153461 -0.049607
v -0.099757 0.143127 -0.053159
v -0.095322 0.143677 -0.041850
v -0.096823 0.144558 -0.041876
v -0.096447 0.141673 -0.025468
v -0.105087 0.124089 0.006617
v -0.105213 0.122561 0.003944
v -0.110837 0.113587 0.005125
v -0.110560 0.113555 0.005118
v -0.115996 0.105637 0.005453
v -0.114096 0.105051 0.005507
v -0.114172 0.104634 0.005423
v -0.122878 0.077244 0.006000
v -0.121669 0.038686 0.017581
v -0.122885 0.025714 0.015666
v -0.118530 0.030604 0.022224
v -0.118563 0.030604 0.022247
v -0.118770 0.018420 0.021816
v -0.118515 0.017428 0.032100
v -0.120695 0.018130 0.027800
v -0.120695 0.018130 0.027800
v -0.120695 0.018130 0.027800
v -0.125663 0.014072 0.033073
v -0.125635 0.013879 0.033264
v -0.125185 -0.013747 0.034462
v -0.125535 -0.013853 0.033371
v -0.124875 -0.015023 0.034591
v -0.125474 -0.016825 0.030530
v -0.122035 -0.019552 0.036962
v -0.123924 -0.018874 0.031464
v -0.123924 -0.018874 0.031464
v -0.123924 -0.018874 0.031464
v -0.117720 -0.018706 0.023663
v -0.118187 -0.019986 0.022893
v -0.117390 -0.020478 0.024310
v -0.117113 -0.020269 0.024247
v -0.122182 -0.020057 0.017391
v -0.121844 -0.022125 0.015342
v -0.123093 -0.022692 0.014807
v -0.120936 -0.020602 0.005602
v -0.117815 -0.020502 0.006233
v -0.118039 -0.020726 0.005848
v -0.115675 -0.020157 0.003938
v -0.117840 -0.024364 -0.001090
v -0.117840 -0.024364 -0.001090
v -0.117881 -0.024365 -0.001084
v -0.117105 -0.029578 0.005409
v -0.115420 -0.110922 -0.018019
v -0.118132 -0.109737 -0.027877
v -0.117029 -0.109688 -0.028019
v -0.108954 -0.120169 -0.070896
v -0.108946 -0.118806 -0.069425
v -0.109495 -0.115550 -0.070574
v -0.111913 -0.109398 -0.070651
v -0.107752 -0.123846 -0.076416
v -0.100022 -0.140278 -0.071572
v -0.099263 -0.143557 -0.088901
v -0.070870 0.153911 -0.088538
v -0.086272 0.153417 -0.088566
v -0.080003 0.153794 -0.088576
v -0.086752 0.153141 -0.088576
v -0.086752 0.153141 -0.088576
v -0.086557 0.153094 -0.088588
v -0.092809 0.147786 -0.088604
v -0.099425 0.142223 -0.087761
v -0.096994 0.142667 -0.071428
v -0.088283 0.150359 -0.071412
v -0.090740 0.149111 -0.070104
v -0.091240 0.148531 -0.070084
v -0.090892 0.149794 -0.069109
v -0.084062 0.152380 -0.070220
v -0.087482 0.155913 -0.068835
v -0.086003 0.158141 -0.075039
v -0.088307 0.155628 -0.068130
v -0.083579 0.155646 -0.062610
v -0.083579 0.155646 -0.062610
v -0.083579 0.155646 -0.062610
v -0.083579 0.155646 -0.062610
v -0.079993 0.155206 -0.052762
v -0.079993 0.155206 -0.052762
v -0.088035 0.153714 -0.049692
v -0.091874 0.149608 -0.044887
v -0.091874 0.149608 -0.044887
v -0.091874 0.149608 -0.044887
v -0.094386 0.146410 -0.027205
v -0.093808 0.146011 -0.027267
v -0.096759 0.142739 -0.024352
v -0.092661 0.145921 -0.018387
v -0.092661 0.145921 -0.018387
v -0.095776 0.144735 -0.007095
v -0.093877 0.143403 -0.007004
v -0.099768 0.133245 0.003493
v -0.097395 0.136887 -0.000678
v -0.102221 0.126931 0.004552
v -0.105553 0.124238 0.001919
v -0.106729 0.125789 0.004483
v -0.110634 0.113397 0.005137
v -0.108637 0.115439 0.005052
v -0.112159 0.116698 0.005114
v -0.121418 0.112531 0.005592
v -0.121761 0.112032 0.005711
v -0.121684 0.112753 0.005710
v -0.121325 0.103771 0.014838
v -0.121979 0.083890 0.012246
v -0.121979 0.083890 0.012246
v -0.109791 0.015954 0.035385
v -0.118899 0.017539 0.031815
v -0.118157 0.017105 0.031908
v -0.121266 0.013224 0.042377
v -0.119169 0.014935 0.041201
v -0.119169 0.014935 0.041201
v -0.119169 0.014935 0.041201
v -0.119169 0.014935 0.041201
v -0.122719 0.012523 0.042278
v -0.122995 0.012863 0.041382
v -0.124145 -0.015466 0.037873
v -0.122754 -0.017793 0.036731
v -0.124145 -0.015466 0.037873
v -0.122008 -0.018530 0.038628
v -0.117755 -0.020328 0.029290
v -0.122823 -0.034156 0.016111
v -0.118448 -0.030620 0.005532
v -0.117509 -0.023256 0.006357
v -0.117903 -0.020709 0.005654
v -0.117317 -0.024643 0.004576
v -0.116722 -0.029642 0.005711
v -0.116966 -0.034070 0.005136
v -0.117514 -0.033697 0.005282
v -0.117913 -0.039882 0.004938
v -0.117080 -0.038436 0.005330
v -0.117428 -0.040745 0.005676
v -0.117160 -0.047044 0.004527
v -0.117252 -0.042819 0.005583
v -0.116183 -0.106533 -0.009286
v -0.115300 -0.111111 -0.018147
v -0.099724 -0.134152 0.002886
v -0.100114 -0.147159 -0.068395
v -0.101563 -0.145347 -0.068902
v -0.107677 -0.123122 -0.069251
v -0.105251 -0.129665 -0.069402
v -0.099995 -0.143716 -0.088745
v -0.039114 -0.156177 -0.088638
v 0.115168 -0.005165 -0.089087
v 0.103140 0.141293 -0.088803
v -0.073129 0.153228 -0.088067
v -0.070937 0.153780 -0.088319
v -0.079995 0.153632 -0.088587
v -0.079995 0.153632 -0.088587
v -0.084734 0.152087 -0.070286
v -0.085425 0.156142 -0.070371
v -0.087440 0.150563 -0.069583
v -0.088664 0.150426 -0.070371
v -0.088863 0.150070 -0.071325
v -0.082649 0.152808 -0.069552
v -0.082054 0.155614 -0.069003
v -0.082054 0.155614 -0.069003
v -0.081725 0.153742 -0.066032
v -0.074209 0.152311 -0.065943
v -0.074614 0.155224 -0.067800
v -0.072696 0.155368 -0.067105
v -0.074352 0.156055 -0.066264
v -0.074352 0.156055 -0.066264
v -0.068809 0.155581 -0.055997
v -0.068837 0.155709 -0.056034
v -0.086490 0.154313 -0.033927
v -0.082799 0.154769 -0.044985
v -0.082799 0.154769 -0.044985
v -0.082799 0.154769 -0.044985
v -0.085910 0.154327 -0.037021
v -0.086630 0.154168 -0.036853
v -0.083190 0.154107 -0.013471
v -0.093751 0.142509 0.002359
v -0.097340 0.139271 0.003058
v -0.097184 0.137524 0.003460
v -0.099898 0.132376 0.003683
v -0.099835 0.133026 0.003658
v -0.101411 0.128586 0.004199
v -0.119053 0.116008 0.013455
v -0.118740 0.116459 0.012231
v -0.119194 0.115548 0.013438
v -0.121444 0.112452 0.007640
v -0.121263 0.108507 0.012204
v -0.121263 0.108507 0.012204
v -0.121263 0.108507 0.012204
v -0.121082 0.099079 0.015579
v -0.120581 0.087456 0.016420
v -0.120270 0.087895 0.016601
v -0.113358 0.016562 0.044604
v -0.111676 0.017223 0.046866
v -0.113955 0.011775 0.052004
v -0.116832 0.013399 0.051106
v -0.116832 0.013399 0.051106
v -0.116832 0.013399 0.051106
v -0.120079 0.010289 0.046382
v -0.120080 0.010289 0.046383
v -0.120079 0.010289 0.046382
v -0.122438 -0.018518 0.041203
v -0.122823 -0.018549 0.042214
v -0.113881 -0.021452 0.042146
v -0.117132 -0.022296 0.039181
v -0.115816 -0.019871 0.039947
v -0.121347 -0.095152 0.014444
v -0.121396 -0.114248 0.006054
v -0.116322 -0.057337 0.005803
v -0.117113 -0.054592 0.005222
v -0.114800 -0.091159 0.004825
v -0.105508 -0.124599 -0.002402
v -0.098549 -0.145743 -0.043425
v -0.097677 -0.147297 -0.054931
v -0.101015 -0.140045 -0.067984
v -0.101993 -0.138031 -0.070286
v -0.102523 -0.137298 -0.069769
v -0.101580 -0.137963 -0.071425
v -0.099153 -0.144508 -0.088605
v -0.097794 -0.145716 -0.088725
v -0.098750 -0.144851 -0.088660
v -0.086517 -0.155399 -0.088605
v -0.084905 -0.154000 -0.088770
v -0.070276 0.154069 -0.088546
v -0.068960 0.153839 -0.085275
v -0.068810 0.153870 -0.085230
v -0.068731 0.153837 -0.085095
v -0.073547 0.153316 -0.077747
v -0.073547 0.153315 -0.077747
v -0.074967 0.153628 -0.067455
v -0.075568 0.148996 -0.070700
v -0.077101 0.152722 -0.069337
v -0.074677 0.153858 -0.069365
v -0.070213 0.151910 -0.068772
v -0.070859 0.154450 -0.069146
v -0.070859 0.154450 -0.069146
v -0.070808 0.154686 -0.068881
v -0.061515 0.157901 -0.067556
v -0.063190 0.155666 -0.067628
v -0.064931 0.155049 -0.068448
v -0.052718 0.156022 -0.064423
v -0.082261 0.153558 -0.010608
v -0.089112 0.147514 -0.003176
v -0.094928 0.144097 0.002183
v -0.096635 0.140302 0.003120
v -0.095967 0.141371 0.001828
v -0.107932 0.134416 0.003831
v -0.100390 0.145847 0.013117
v -0.103625 0.141795 0.012856
v -0.112373 0.118088 0.016267
v -0.114568 0.119882 0.017539
v -0.118688 0.113193 0.014300
v -0.118083 0.113731 0.014416
v -0.111934 0.111511 0.028429
v -0.108335 0.015557 0.037612
v -0.109584 0.017143 0.047572
v -0.101862 0.015870 0.055171
v -0.113333 0.012608 0.054285
v -0.112739 0.012165 0.055626
v -0.112626 0.011649 0.057257
v -0.117121 -0.017993 0.049625
v -0.115776 -0.018101 0.049906
v -0.118766 -0.017127 0.047884
v -0.119945 -0.016672 0.046510
v -0.119945 -0.016672 0.046510
v -0.115039 -0.014687 0.045796
v -0.120531 -0.018654 0.044259
v -0.121437 -0.015783 0.042898
v -0.122522 -0.018849 0.042744
v -0.118708 -0.018981 0.044659
v -0.116522 -0.019836 0.045202
v -0.114263 -0.022090 0.041956
v -0.104899 -0.020416 0.041828
v -0.117579 -0.050816 0.006372
v -0.116648 -0.065091 0.005565
v -0.116057 -0.069089 0.005344
v -0.116294 -0.068495 0.005372
v -0.116328 -0.070429 0.005511
v -0.115977 -0.076624 0.003436
v -0.113206 -0.089424 0.005426
v -0.114639 -0.103648 0.003395
v -0.108040 -0.115427 0.004525
v -0.101630 -0.145392 -0.068906
v -0.098143 -0.143743 -0.069905
v -0.098942 -0.142703 -0.069887
v -0.099384 -0.142402 -0.069252
v -0.100315 -0.141038 -0.071793
v -0.099489 -0.142020 -0.072058
v -0.098011 -0.141620 -0.075434
v -0.098181 -0.141898 -0.075617
v -0.099055 -0.144637 -0.088555
v -0.092967 -0.148432 -0.074080
v -0.088288 -0.153619 -0.084768
v -0.086276 -0.155295 -0.088501
v -0.084722 -0.156309 -0.088174
v -0.046716 -0.156364 -0.088626
v -0.012578 0.153287 -0.088581
v -0.071303 0.153037 -0.070986
v -0.066019 0.153969 -0.070539
v -0.066080 0.153807 -0.069296
v -0.064726 0.153141 -0.070062
v -0.065999 0.155179 -0.069920
v -0.058065 0.156067 -0.069094
v -0.058923 0.154955 -0.071330
v -0.058065 0.156067 -0.069094
v -0.052718 0.156047 -0.064422
v -0.083803 0.153179 0.001796
v -0.084523 0.151326 0.001061
v -0.085567 0.150699 0.002493
v -0.091847 0.144666 0.003162
v -0.092427 0.144081 0.002935
v -0.091847 0.144666 0.003162
v -0.093793 0.143706 0.003094
v -0.093516 0.143559 0.003033
v -0.093421 0.143497 0.003148
v -0.093403 0.143311 0.002823
v -0.095290 0.144717 0.003102
v -0.103466 0.141596 0.003246
v -0.085654 0.170126 0.001027
v -0.103932 0.140890 0.003263
v -0.111862 0.111529 0.028342
v -0.099151 0.015235 0.059713
v -0.103670 0.014541 0.061239
v -0.103670 0.014541 0.061239
v -0.104520 0.013453 0.064013
v -0.111359 0.013208 0.059016
v -0.111359 0.013208 0.059016
v -0.111359 0.013208 0.059016
v -0.112442 -0.016360 0.057274
v -0.109329 -0.014593 0.057565
v -0.108039 -0.016964 0.058410
v -0.115101 -0.016914 0.053517
v -0.114355 -0.016097 0.050234
v -0.115993 -0.015709 0.051771
v -0.115732 -0.016301 0.052339
v -0.116513 -0.014655 0.051539
v -0.114939 -0.019356 0.049908
v -0.115821 -0.019221 0.049936
v -0.111268 -0.020417 0.045498
v -0.121719 -0.093912 0.005899
v -0.115430 -0.079977 0.005870
v -0.116571 -0.070983 0.005675
v -0.115197 -0.091445 0.005083
v -0.112753 -0.094612 0.005471
v -0.114714 -0.106064 0.004884
v -0.110588 -0.105168 0.005588
v -0.113331 -0.109339 0.007688
v -0.112978 -0.112801 0.005193
v -0.112653 -0.110360 0.005432
v -0.111276 -0.114446 0.004916
v -0.110499 -0.114511 0.004046
v -0.110768 -0.114637 0.004566
v -0.108866 -0.117225 0.004910
v -0.109106 -0.116793 0.004738
v -0.109106 -0.116793 0.004738
v -0.108602 -0.117600 0.005073
v -0.108312 -0.120552 0.004544
v -0.105514 -0.124603 -0.002401
v -0.105514 -0.124603 -0.002401
v -0.097790 -0.147399 -0.054928
v -0.098253 -0.148560 -0.068798
v -0.097055 -0.148633 -0.068226
v -0.096786 -0.145777 -0.066976
v -0.098032 -0.148307 -0.068737
v -0.098032 -0.148307 -0.068737
v -0.098032 -0.148307 -0.068737
v -0.095641 -0.145610 -0.069432
v -0.092927 -0.148665 -0.075724
v -0.085757 -0.152811 -0.074415
v -0.051906 -0.155310 -0.069952
v -0.015453 -0.156215 -0.088556
v -0.002455 -0.155997 -0.088612
v -0.009876 0.152269 -0.088675
v -0.009876 0.152269 -0.088675
v -0.009012 0.150185 -0.086930
v -0.015540 0.153662 -0.088575
v -0.016216 0.153878 -0.088391
v -0.047938 0.153036 -0.069969
v -0.050728 0.153043 -0.069535
v -0.059168 0.153454 -0.069606
v -0.050728 0.153043 -0.069535
v -0.060396 0.153401 -0.069650
v -0.059443 0.153558 -0.069329
v -0.044636 0.155705 -0.068325
v -0.045574 0.155653 -0.067997
v -0.049032 0.156208 -0.068914
v -0.049105 0.156107 -0.068783
v -0.043616 0.156197 -0.067878
v -0.026199 0.156132 -0.067895
v -0.033497 0.155037 -0.068248
v -0.030593 0.155709 -0.067345
v -0.024172 0.152899 0.003140
v -0.064841 0.153032 0.003166
v -0.082240 0.152870 0.002628
v -0.082653 0.153136 0.002823
v -0.085361 0.152813 -0.001686
v -0.081978 0.152546 0.002261
v -0.081978 0.152546 0.002261
v -0.085502 0.151124 0.002899
v -0.085341 0.150994 0.002873
v -0.085813 0.169922 0.001007
v -0.095591 0.151601 0.014793
v -0.097103 0.113220 0.047021
v -0.101474 0.107244 0.044757
v -0.102605 0.107251 0.041987
v -0.093361 0.015491 0.058316
v -0.096567 0.023660 0.062276
v -0.099117 0.015713 0.060739
v -0.095329 0.015557 0.064265
v -0.095317 0.015398 0.064234
v -0.103014 0.012287 0.066880
v -0.100070 0.014005 0.067874
v -0.103807 0.012606 0.066989
v -0.104923 0.011829 0.066774
v -0.108115 0.010772 0.063828
v -0.108115 0.010772 0.063828
v -0.108115 0.010772 0.063828
v -0.107309 0.010373 0.065029
v -0.110278 -0.016951 0.065202
v -0.108903 -0.013909 0.062544
v -0.108903 -0.013909 0.062544
v -0.109971 -0.018356 0.059696
v -0.107496 -0.017573 0.053825
v -0.109638 -0.019519 0.056977
v -0.111155 -0.022386 0.045952
v -0.110375 -0.020860 0.051643
v -0.101020 -0.020363 0.047464
v -0.119113 -0.119894 0.005787
v -0.121953 -0.108444 0.006387
v -0.121011 -0.115407 0.005593
v -0.113382 -0.113535 0.005782
v -0.113819 -0.113720 0.005364
v -0.115225 -0.122257 0.004507
v -0.115558 -0.124089 0.004940
v -0.115558 -0.124090 0.004953
v -0.115558 -0.124089 0.004940
v -0.107280 -0.122190 0.003848
v -0.107100 -0.122158 0.004565
v -0.106110 -0.122233 0.004633
v -0.105104 -0.123538 0.003709
v -0.104210 -0.126484 0.003488
v -0.105538 -0.125679 0.003878
v -0.102491 -0.129562 0.003996
v -0.102271 -0.129251 0.005103
v -0.103984 -0.128968 0.003727
v -0.094907 -0.145339 -0.013465
v -0.098283 -0.145528 -0.043377
v -0.087396 -0.156495 -0.048913
v -0.094853 -0.151058 -0.063748
v -0.095515 -0.150757 -0.062078
v -0.094625 -0.151243 -0.067777
v -0.093659 -0.152293 -0.064620
v -0.093379 -0.152613 -0.068330
v -0.091179 -0.149666 -0.066993
v -0.093010 -0.148338 -0.069023
v -0.088843 -0.145265 -0.069603
v -0.093463 -0.148056 -0.069746
v -0.092423 -0.148526 -0.072227
v -0.092010 -0.149285 -0.072167
v -0.087213 -0.154055 -0.069625
v -0.088969 -0.151538 -0.069296
v -0.086783 -0.153287 -0.069251
v -0.087642 -0.155220 -0.070744
v -0.083620 -0.154784 -0.069225
v -0.085948 -0.154698 -0.070537
v -0.022322 -0.155339 -0.070234
v 0.036265 -0.155801 -0.088634
v 0.013451 0.153103 -0.088584
v -0.015189 0.153844 -0.086888
v -0.015852 0.153839 -0.084214
v -0.015851 0.153833 -0.084215
v -0.036204 0.152788 -0.068656
v -0.039655 0.153403 -0.070223
v -0.034377 0.154412 -0.069162
v -0.034377 0.154412 -0.069162
v -0.034377 0.154412 -0.069162
v -0.019691 0.155258 -0.068976
v -0.022762 0.155725 -0.069095
v -0.023925 0.156228 -0.069060
v 0.012985 0.155776 -0.069664
v 0.050928 0.156009 -0.064371
v -0.020828 0.153012 0.003149
v -0.063882 0.153397 0.003211
v -0.064857 0.153007 0.003182
v -0.064645 0.153061 0.004135
v -0.075268 0.152762 0.003419
v -0.064811 0.153234 0.003229
v -0.077329 0.152645 0.003206
v -0.074675 0.153313 0.003176
v -0.084710 0.154074 0.002973
v -0.085093 0.154687 0.002792
v -0.085259 0.150930 0.002903
v -0.084993 0.151688 0.002767
v -0.086593 0.152797 0.002821
v -0.096487 0.152325 0.014937
v -0.096047 0.014955 0.054957
v -0.095566 0.015286 0.055650
v -0.095153 0.015379 0.056269
v -0.090216 0.015033 0.062482
v -0.090381 0.015191 0.062065
v -0.089878 0.014936 0.062884
v -0.096265 0.013010 0.078804
v -0.109569 0.016760 0.072030
v -0.098520 0.010285 0.077281
v -0.098234 0.009534 0.078571
v -0.094382 -0.008758 0.084376
v -0.094264 -0.017945 0.084509
v -0.108451 -0.023950 0.071009
v -0.102379 -0.018671 0.069911
v -0.102880 -0.018074 0.071505
v -0.106890 -0.018184 0.065416
v -0.107233 -0.018237 0.063509
v -0.108937 -0.019878 0.060913
v -0.108346 -0.019064 0.061079
v -0.105383 -0.020468 0.057330
v -0.104547 -0.022546 0.054989
v -0.105997 -0.019813 0.040339
v -0.101708 -0.108112 0.043887
v -0.109521 -0.112654 0.032209
v -0.117027 -0.109888 0.021341
v -0.119840 -0.115524 0.019925
v -0.122205 -0.112859 0.015962
v -0.120374 -0.112017 0.015372
v -0.121879 -0.113942 0.012211
v -0.117535 -0.119356 0.005839
v -0.117412 -0.120048 0.006040
v -0.115430 -0.124120 0.013523
v -0.115422 -0.123412 0.013621
v -0.106886 -0.126739 0.004538
v -0.106886 -0.126739 0.004538
v -0.105602 -0.132574 0.004092
v -0.100332 -0.134010 0.003011
v -0.103327 -0.134356 0.002092
v -0.094989 -0.145406 -0.013451
v -0.087733 -0.158232 -0.068866
v -0.092178 -0.154106 -0.068755
v -0.087539 -0.158036 -0.068362
v -0.088132 -0.157980 -0.069117
v -0.086987 -0.158321 -0.069262
v -0.087036 -0.158118 -0.069085
v -0.083563 -0.155219 -0.069266
v -0.066247 -0.155129 -0.070089
v -0.067343 -0.157907 -0.071415
v -0.046870 -0.156314 -0.069610
v -0.045745 -0.155287 -0.069879
v -0.050859 -0.155364 -0.070245
v 0.052293 -0.156119 -0.088641
v 0.058150 -0.156140 -0.088394
v 0.052849 0.154326 -0.088702
v 0.030013 0.153633 -0.089488
v 0.031907 0.153746 -0.088670
v 0.031898 0.154266 -0.088584
v 0.013124 0.146569 -0.084854
v 0.014610 0.153102 -0.087458
v 0.000504 0.154000 -0.086903
v -0.019063 0.152959 -0.070065
v -0.019078 0.153058 -0.070159
v -0.018821 0.153959 -0.069604
v -0.019075 0.153907 -0.069648
v -0.015533 0.152118 -0.069684
v -0.017099 0.154285 -0.070156
v -0.018091 0.153267 -0.069416
v -0.011147 0.156140 -0.066381
v -0.008768 0.152000 -0.067123
v -0.011252 0.155247 -0.066534
v 0.006758 0.156101 -0.065436
v -0.066142 0.155004 0.002993
v -0.077071 0.164309 0.001969
v -0.092137 0.159129 0.011445
v -0.092137 0.159129 0.011445
v -0.087357 0.161420 0.016840
v -0.087357 0.161420 0.016840
v -0.087357 0.161420 0.016840
v -0.083893 0.160128 0.022617
v -0.082722 0.159220 0.023899
v -0.083574 0.164317 0.020790
v -0.086055 0.154689 0.024893
v -0.086055 0.154689 0.024893
v -0.084719 0.156118 0.025756
v -0.098994 0.108505 0.046913
v -0.099529 0.108555 0.047604
v -0.081392 0.014316 0.074316
v -0.095935 0.013141 0.077654
v -0.096441 0.012054 0.079566
v -0.097967 0.008620 0.078887
v -0.101186 -0.018940 0.074020
v -0.101251 -0.019192 0.073990
v -0.101851 -0.020138 0.067272
v -0.102789 -0.021712 0.068995
v -0.103702 -0.021527 0.054192
v -0.100154 -0.020825 0.052556
v -0.102391 -0.024041 0.054281
v -0.100840 -0.021120 0.053240
v -0.104304 -0.020447 0.043482
v -0.104637 -0.020817 0.042786
v -0.102512 -0.019969 0.045191
v -0.101033 -0.019736 0.047221
v -0.080587 -0.079774 0.074085
v -0.109004 -0.112606 0.032619
v -0.109609 -0.111662 0.031930
v -0.112442 -0.109592 0.029624
v -0.112233 -0.109361 0.029377
v -0.115624 -0.117876 0.019923
v -0.115624 -0.117876 0.019923
v -0.118767 -0.115669 0.017597
v -0.114081 -0.121975 0.018422
v -0.109213 -0.134414 0.014342
v -0.109407 -0.133481 0.014427
v -0.106056 -0.138284 0.003224
v -0.104965 -0.138595 0.003966
v -0.104890 -0.141207 0.005425
v -0.104059 -0.141133 0.005115
v -0.099966 -0.134696 0.003564
v -0.098131 -0.136750 0.003386
v -0.093410 -0.145336 0.003004
v -0.093274 -0.145080 0.002083
v -0.085602 -0.155533 -0.030929
v -0.084973 -0.155168 -0.031039
v -0.087092 -0.156575 -0.047531
v -0.087072 -0.158237 -0.068985
v -0.086760 -0.157830 -0.063690
v -0.044534 -0.158467 -0.068916
v -0.058094 -0.155451 -0.070391
v -0.059545 -0.156972 -0.071956
v -0.042253 -0.156587 -0.068325
v -0.045977 -0.156774 -0.069204
v -0.037056 -0.156724 -0.069225
v -0.044095 -0.155492 -0.069604
v -0.037056 -0.156724 -0.069225
v -0.037313 -0.156698 -0.069317
v -0.024578 -0.155267 -0.071193
v -0.025098 -0.155111 -0.070555
v 0.000888 -0.155436 -0.069636
v 0.089049 -0.155545 -0.088602
v 0.023188 0.153742 -0.070217
v 0.016432 0.150927 -0.086778
v 0.019102 0.153774 -0.088705
v -0.007603 0.153256 -0.071166
v -0.007960 0.152189 -0.071460
v -0.013089 0.153250 -0.069377
v -0.013089 0.153250 -0.069377
v -0.010717 0.155116 -0.070844
v -0.011807 0.156548 -0.071000
v -0.003878 0.157272 -0.073142
v -0.004114 0.153358 -0.064377
v 0.010270 0.155449 -0.069464
v 0.012714 0.155491 -0.070102
v 0.010908 0.155564 -0.068802
v -0.014975 0.160798 0.002568
v -0.013028 0.163276 0.001352
v -0.027844 0.163308 0.002184
v -0.077225 0.165140 0.002621
v -0.072735 0.163415 0.002047
v -0.077547 0.164450 0.002031
v -0.075986 0.165396 0.001823
v -0.085398 0.169498 0.001408
v -0.083515 0.167493 0.011937
v -0.087759 0.165957 0.012284
v -0.084466 0.169041 0.012287
v -0.084465 0.170097 0.014355
v -0.084605 0.168508 0.013355
v -0.085129 0.168924 0.012695
v -0.081030 0.165075 0.017399
v -0.080231 0.165329 0.017478
v -0.082479 0.163925 0.018823
v -0.079387 0.158730 0.026158
v -0.080025 0.159707 0.026900
v -0.082384 0.156905 0.026958
v -0.082707 0.157265 0.030005
v -0.082981 0.154810 0.038527
v -0.080267 0.150240 0.036816
v -0.079435 0.144459 0.042527
v -0.097131 0.113235 0.047041
v -0.097131 0.113235 0.047041
v -0.091900 0.109199 0.057250
v -0.086872 0.106221 0.064342
v -0.079417 0.014045 0.076851
v -0.091248 0.010628 0.087461
v -0.088259 0.012819 0.085441
v -0.091857 0.011236 0.087711
v -0.096935 0.012361 0.081957
v -0.096545 -0.024038 0.057057
v -0.098080 -0.020869 0.057240
v -0.097122 -0.021441 0.055715
v -0.098925 -0.020893 0.053245
v -0.098189 -0.022008 0.052597
v -0.098657 -0.021983 0.051661
v -0.099856 -0.020483 0.048970
v -0.099856 -0.020483 0.048970
v -0.102600 -0.108600 0.045011
v -0.110422 -0.118160 0.027364
v -0.106525 -0.116348 0.026032
v -0.109513 -0.116129 0.029728
v -0.104888 -0.136435 0.018361
v -0.108160 -0.135452 0.013000
v -0.107502 -0.137001 0.010278
v -0.105935 -0.138981 0.012669
v -0.104583 -0.141815 0.006476
v -0.101363 -0.147388 0.002857
v -0.101824 -0.146181 0.002788
v -0.102219 -0.145526 0.003099
v -0.092351 -0.146643 0.003704
v -0.093282 -0.145463 0.001402
v -0.091857 -0.146717 -0.000590
v -0.051068 -0.157684 -0.069182
v -0.049343 -0.158003 -0.069236
v -0.031351 -0.158340 -0.067798
v -0.017141 -0.158502 -0.068883
v -0.023694 -0.158596 -0.068917
v -0.016710 -0.156689 -0.073021
v -0.018379 -0.156311 -0.069197
v -0.018019 -0.155865 -0.069390
v -0.012525 -0.157591 -0.072658
v -0.002946 -0.155285 -0.068423
v 0.002352 -0.154902 -0.068859
v -0.001009 -0.155743 -0.070015
v 0.039899 -0.155247 -0.069448
v 0.114923 -0.113282 -0.088690
v 0.115011 0.018703 -0.088534
v 0.114903 0.083212 -0.088710
v -0.003679 0.153487 -0.069440
v 0.007545 0.152992 -0.070085
v -0.005483 0.153855 -0.071411
v -0.005348 0.153381 -0.070449
v 0.012136 0.153331 -0.069510
v 0.018518 0.154811 -0.070405
v 0.017240 0.153371 -0.070160
v 0.024291 0.153170 -0.069535
v 0.026075 0.152967 -0.063988
v 0.024541 0.151859 -0.068487
v 0.035789 0.155878 -0.068280
v 0.035157 0.150376 -0.063134
v 0.036825 0.154500 -0.068676
v 0.072014 0.156044 -0.064990
v 0.004763 0.162387 0.002536
v -0.001448 0.164861 0.003734
v -0.011279 0.163480 0.002392
v -0.010928 0.163507 0.002213
v -0.013010 0.163330 0.001932
v -0.009003 0.163979 0.001875
v -0.013639 0.163665 0.001635
v -0.032187 0.164102 0.002961
v -0.058153 0.163010 0.002208
v -0.042674 0.163640 0.002211
v -0.060504 0.161107 0.001209
v -0.062341 0.161856 0.000509
v -0.063608 0.162667 0.001086
v -0.075220 0.163887 -0.005830
v -0.076017 0.165266 -0.004017
v -0.079496 0.163515 -0.004600
v -0.077404 0.167441 -0.005447
v -0.077705 0.167926 0.001128
v -0.080206 0.170436 0.001036
v -0.080206 0.170436 0.001036
v -0.077458 0.170723 0.000967
v -0.080206 0.170436 0.001036
v -0.077866 0.169845 0.000938
v -0.077468 0.170982 0.000906
v -0.084657 0.169632 0.012453
v -0.074988 0.168317 0.013950
v -0.074843 0.153343 0.034009
v -0.074839 0.153336 0.034001
v -0.080562 0.150517 0.036163
v -0.077471 0.147788 0.035790
v -0.078929 0.149712 0.038060
v -0.080432 0.146655 0.040103
v -0.078329 0.147394 0.040842
v -0.079352 0.146503 0.041016
v -0.081417 0.142029 0.042955
v -0.091978 0.109213 0.056941
v -0.079406 0.088516 0.074187
v -0.080813 0.015625 0.075068
v -0.079591 0.014556 0.075632
v -0.080993 0.013409 0.081573
v -0.080993 0.013409 0.081573
v -0.080993 0.013409 0.081573
v -0.090782 0.008650 0.088271
v -0.086267 0.008123 0.088034
v -0.086267 0.008123 0.088034
v -0.091558 0.010576 0.088051
v -0.091168 0.011221 0.087785
v -0.092433 0.001372 0.088904
v -0.090157 -0.005848 0.090327
v -0.091939 0.000088 0.087963
v -0.097650 -0.015713 0.088882
v -0.094196 -0.018000 0.084502
v -0.095409 -0.021311 0.085892
v -0.092796 -0.018362 0.086420
v -0.092646 -0.020754 0.078617
v -0.092971 -0.021126 0.079019
v -0.095685 -0.021249 0.056327
v -0.094760 -0.021293 0.056607
v -0.095082 -0.022403 0.055051
v -0.095082 -0.022403 0.055051
v -0.097738 -0.023332 0.051599
v -0.088181 -0.022038 0.064350
v -0.100369 -0.110688 0.045214
v -0.100828 -0.112197 0.045501
v -0.099593 -0.118605 0.041080
v -0.104836 -0.136403 0.018326
v -0.104836 -0.136403 0.018326
v -0.105282 -0.140847 0.013524
v -0.104487 -0.141776 0.013605
v -0.100897 -0.147647 0.002920
v -0.098504 -0.149299 0.002465
v -0.098353 -0.149077 0.003284
v -0.098049 -0.150621 0.003602
v -0.089461 -0.148789 0.002971
v -0.090279 -0.147810 0.003218
v -0.084716 -0.153787 -0.003360
v -0.084531 -0.155228 -0.015094
v -0.084338 -0.155393 -0.015599
v -0.006376 -0.158410 -0.068596
v -0.016674 -0.158518 -0.069164
v -0.016674 -0.158518 -0.069164
v -0.010830 -0.157254 -0.068742
v -0.011307 -0.156699 -0.069268
v -0.006879 -0.158317 -0.068009
v 0.038728 -0.155394 -0.069400
v 0.043644 -0.155176 -0.069530
v 0.044325 -0.155709 -0.066482
v 0.042656 -0.153718 -0.064699
v 0.040602 -0.155600 -0.070721
v 0.089440 -0.154954 -0.088665
v 0.089450 -0.155155 -0.088380
v 0.102451 -0.143877 -0.088554
v 0.102090 -0.144056 -0.088547
v 0.114801 0.111737 -0.088637
v 0.089142 0.153138 -0.088623
v 0.072228 0.152722 -0.069708
v 0.052642 0.153105 -0.072318
v 0.040573 0.153134 -0.072343
v 0.054470 0.153950 -0.070308
v 0.054918 0.153078 -0.070293
v 0.014146 0.153054 -0.070249
v 0.042611 0.152870 -0.068947
v 0.043725 0.156205 -0.069084
v 0.043809 0.156239 -0.069034
v 0.050928 0.156035 -0.064370
v 0.055725 0.153079 0.003153
v 0.006277 0.162568 0.001691
v 0.004829 0.163001 0.001149
v 0.001848 0.163255 0.001651
v 0.001296 0.163034 0.002360
v -0.004507 0.163685 0.001077
v -0.024131 0.163563 0.001936
v -0.027520 0.163870 0.003519
v -0.055811 0.163292 0.002034
v -0.077862 0.164202 -0.013810
v -0.078388 0.164498 -0.016836
v -0.077409 0.173928 -0.061832
v -0.056292 0.170403 0.011961
v -0.054060 0.170954 0.011766
v -0.071658 0.145681 0.044282
v -0.076481 0.150147 0.038244
v -0.077236 0.147304 0.041956
v -0.077236 0.147304 0.041956
v -0.079437 0.141373 0.046296
v -0.078628 0.140897 0.047504
v -0.079382 0.141403 0.047530
v -0.078949 0.139940 0.052227
v -0.075120 0.142095 0.048397
v -0.075839 0.137684 0.053457
v -0.076722 0.137316 0.053124
v -0.070894 0.121490 0.072886
v -0.087704 0.106662 0.065065
v -0.083159 0.107908 0.073414
v -0.080899 0.042116 0.073380
v -0.082978 0.042858 0.076057
v -0.076995 0.016456 0.074181
v -0.076991 0.016366 0.074058
v -0.072769 0.012160 0.087708
v -0.072777 0.012152 0.087701
v -0.072788 0.012149 0.087693
v -0.078364 -0.019304 0.087820
v -0.088848 -0.008542 0.088105
v -0.088848 -0.008542 0.088105
v -0.091261 -0.019134 0.088293
v -0.091596 -0.019687 0.087836
v -0.089755 -0.022117 0.063877
v -0.089490 -0.021469 0.064133
v -0.096668 -0.112940 0.049787
v -0.097677 -0.113178 0.048627
v -0.100064 -0.148710 0.012964
v -0.100064 -0.148710 0.012964
v -0.098238 -0.151720 0.010591
v -0.099273 -0.159952 0.010930
v -0.098204 -0.151883 0.003181
v -0.096339 -0.154832 0.002242
v -0.088426 -0.152333 0.002875
v -0.088262 -0.152409 0.000866
v -0.088283 -0.150740 0.002212
v -0.086610 -0.151604 0.001720
v -0.085773 -0.152502 -0.000998
v -0.085603 -0.153426 -0.001309
v -0.085773 -0.152502 -0.000998
v -0.084956 -0.154581 -0.013426
v -0.084471 -0.155472 -0.015733
v -0.084471 -0.155472 -0.015733
v -0.067722 -0.154959 0.002952
v 0.032341 -0.158020 -0.068554
v 0.014725 -0.159555 -0.069800
v 0.023434 -0.158236 -0.067981
v 0.026015 -0.162146 -0.069175
v 0.055673 -0.158012 -0.068690
v 0.049216 -0.157402 -0.066821
v 0.089200 -0.155031 -0.079112
v 0.089190 -0.154754 -0.079102
v 0.102451 -0.143968 -0.088589
v 0.102766 -0.144305 -0.088554
v 0.107818 -0.131487 -0.088643
v 0.109560 -0.127133 -0.088677
v 0.115076 -0.046494 -0.088741
v 0.115197 -0.047709 -0.088396
v 0.114487 -0.048857 -0.088072
v 0.102936 0.141393 -0.088649
v 0.103048 0.141438 -0.088676
v 0.102918 0.141375 -0.088648
v 0.089027 0.153252 -0.088633
v 0.066168 0.155089 -0.071018
v 0.066414 0.155789 -0.072718
v 0.060706 0.153863 -0.069551
v 0.067503 0.153166 -0.069558
v 0.056816 0.152752 -0.067844
v 0.057969 0.155363 -0.070545
v 0.057017 0.155648 -0.070139
v 0.059873 0.154154 -0.069190
v 0.042526 0.154540 -0.070565
v 0.039807 0.153978 -0.069464
v 0.046155 0.153002 -0.069397
v 0.042321 0.153546 -0.069829
v 0.064938 0.156366 -0.068947
v 0.065430 0.156324 -0.069064
v 0.065412 0.156288 -0.069077
v 0.072013 0.156029 -0.064994
v 0.088788 0.155170 -0.049703
v 0.055095 0.152900 0.003034
v 0.011389 0.163708 0.002197
v 0.011389 0.163708 0.002197
v 0.004632 0.163676 0.000108
v -0.077039 0.165091 -0.028859
v -0.076622 0.165178 -0.028538
v -0.076808 0.165266 -0.028654
v -0.014299 0.172738 -0.028514
v -0.057466 0.171099 -0.002384
v -0.057466 0.171099 -0.002384
v -0.057754 0.171060 -0.001858
v -0.062428 0.170823 -0.000327
v -0.032332 0.169945 0.013585
v -0.071658 0.145688 0.044287
v -0.071658 0.145688 0.044287
v -0.071658 0.145688 0.044287
v -0.073376 0.141490 0.049816
v -0.074263 0.143202 0.051768
v -0.072379 0.140644 0.051137
v -0.075781 0.134869 0.058527
v -0.073793 0.129802 0.063629
v -0.073627 0.128695 0.065109
v -0.081291 0.108271 0.072904
v -0.081980 0.097537 0.074659
v -0.079817 0.082129 0.074133
v -0.079953 0.035884 0.073403
v -0.079857 0.036003 0.075231
v -0.048997 0.014242 0.073812
v -0.083818 -0.016127 0.087975
v -0.081794 -0.027598 0.091606
v -0.083818 -0.016127 0.087975
v -0.089495 -0.021625 0.088889
v -0.085538 -0.020427 0.083188
v -0.084497 -0.020240 0.083281
v -0.084523 -0.021281 0.069298
v -0.086331 -0.021043 0.067694
v -0.085142 -0.020916 0.068994
v -0.088525 -0.022046 0.065408
v -0.087937 -0.023141 0.064957
v -0.091939 -0.102999 0.057859
v -0.091019 -0.104805 0.058825
v -0.082232 -0.157427 0.029653
v -0.097374 -0.149216 0.016612
v -0.092060 -0.159911 0.013711
v -0.091889 -0.161477 0.011950
v -0.092460 -0.160206 0.012210
v -0.085897 -0.172116 0.000914
v -0.087891 -0.171874 0.001276
v -0.083597 -0.154399 0.003091
v -0.083253 -0.154980 0.003203
v -0.084309 -0.154070 0.003001
v -0.084498 -0.154030 0.002932
v -0.084544 -0.153983 0.003005
v -0.085892 -0.152347 0.002489
v -0.085228 -0.152975 0.002256
v -0.083663 -0.154325 0.003080
v -0.083595 -0.154402 0.003068
v -0.083688 -0.154340 0.002981
v 0.086076 -0.156930 -0.039326
v 0.059397 -0.158087 -0.067406
v 0.058652 -0.158067 -0.068556
v 0.064248 -0.155702 -0.068894
v 0.058580 -0.155305 -0.069293
v 0.100704 -0.143841 -0.071400
v 0.101710 -0.142037 -0.074923
v 0.107112 -0.130723 -0.069476
v 0.115043 -0.114417 -0.088369
v 0.115250 -0.041073 -0.088061
v 0.115206 -0.015251 -0.088231
v 0.115295 0.014326 -0.090146
v 0.115595 0.079809 -0.088884
v 0.114768 0.106630 -0.088305
v 0.114504 0.106382 -0.088686
v 0.113813 0.114360 -0.088681
v 0.115159 0.110805 -0.087925
v 0.105069 0.136419 -0.088686
v 0.101946 0.140906 -0.078454
v 0.102078 0.141346 -0.082264
v 0.102206 0.141036 -0.081658
v 0.090117 0.152915 -0.078029
v 0.089742 0.152291 -0.083324
v 0.089742 0.152291 -0.083324
v 0.089002 0.153268 -0.088640
v 0.076631 0.155888 -0.070887
v 0.077035 0.154322 -0.070234
v 0.074137 0.153465 -0.069950
v 0.075203 0.153858 -0.070116
v 0.075554 0.155266 -0.070209
v 0.077549 0.155634 -0.069618
v 0.079464 0.155951 -0.069041
v 0.076611 0.156215 -0.069050
v 0.079474 0.156101 -0.069012
v 0.080280 0.155632 -0.060583
v 0.080280 0.155632 -0.060583
v 0.087220 0.155443 -0.058280
v 0.087421 0.154180 -0.057873
v 0.052344 0.152760 0.003284
v 0.056829 0.152963 0.003541
v 0.014100 0.163197 0.002048
v 0.024650 0.162941 0.002394
v 0.014820 0.163299 0.002547
v 0.014622 0.163350 0.001982
v -0.073830 0.164729 -0.025333
v -0.076825 0.165449 -0.042825
v -0.075554 0.166505 -0.065515
v -0.076121 0.174042 -0.066511
v -0.043708 0.170641 -0.000447
v -0.049921 0.171173 -0.000141
v -0.048311 0.170724 -0.000069
v -0.049683 0.171351 -0.000274
v -0.044814 0.170027 0.004233
v -0.049069 0.170964 0.000604
v -0.044260 0.171680 0.006097
v -0.015460 0.157213 0.030451
v -0.068223 0.127948 0.067957
v -0.068223 0.127946 0.067956
v -0.072686 0.133992 0.072945
v -0.068223 0.127948 0.067957
v -0.073162 0.128596 0.065707
v -0.068891 0.123694 0.071819
v -0.079805 0.107197 0.069514
v -0.081415 0.106672 0.074979
v -0.047792 0.014427 0.074117
v -0.039500 0.012468 0.086314
v -0.044978 0.012198 0.086714
v -0.042136 0.008792 0.086703
v -0.061748 -0.016250 0.087150
v -0.070693 -0.016408 0.086825
v -0.073892 -0.016947 0.085553
v -0.072155 -0.018520 0.086374
v -0.078446 -0.019261 0.087878
v -0.078446 -0.019261 0.087878
v -0.082975 -0.021138 0.074342
v -0.082933 -0.021214 0.074364
v -0.081561 -0.021357 0.074093
v -0.082933 -0.021214 0.074364
v -0.082798 -0.021846 0.073288
v -0.083050 -0.022200 0.072296
v -0.083821 -0.021030 0.071938
v -0.084251 -0.021607 0.070510
v -0.084221 -0.025621 0.070197
v -0.080214 -0.082474 0.074295
v -0.087352 -0.110691 0.063782
v -0.087402 -0.110506 0.063018
v -0.087665 -0.111097 0.062472
v -0.085953 -0.115691 0.062295
v -0.085890 -0.115652 0.062251
v -0.082097 -0.151077 0.036495
v -0.090631 -0.158105 0.017502
v -0.081615 -0.159876 0.002557
v -0.069559 -0.156146 0.002089
v 0.064352 -0.158475 -0.069208
v 0.074672 -0.155152 -0.069289
v 0.087485 -0.154114 -0.069371
v 0.088650 -0.154678 -0.072470
v 0.089081 -0.154074 -0.070148
v 0.092810 -0.151174 -0.070124
v 0.095957 -0.149324 -0.069378
v 0.095228 -0.148702 -0.072416
v 0.100047 -0.144170 -0.071397
v 0.100047 -0.144170 -0.071397
v 0.101246 -0.143274 -0.072559
v 0.101171 -0.142231 -0.071696
v 0.115245 -0.100208 -0.070595
v 0.115251 0.020030 -0.088618
v 0.115426 0.023782 -0.089024
v 0.114831 0.080257 -0.088437
v 0.114998 0.073191 -0.088742
v 0.115142 0.109326 -0.087044
v 0.114896 0.111215 -0.088307
v 0.114981 0.109569 -0.087649
v 0.099419 0.141570 -0.069069
v 0.094783 0.147046 -0.070688
v 0.089914 0.151673 -0.076440
v 0.089139 0.152021 -0.075666
v 0.088307 0.152616 -0.078866
v 0.088010 0.152713 -0.079419
v 0.086280 0.152896 -0.079175
v 0.086280 0.152896 -0.079175
v 0.086280 0.152896 -0.079175
v 0.081037 0.152907 -0.069256
v 0.090691 0.155865 -0.069029
v 0.090676 0.155871 -0.068998
v 0.090691 0.155857 -0.069030
v 0.088959 0.155492 -0.060173
v 0.087626 0.152166 -0.060776
v 0.091073 0.154066 -0.061839
v 0.088949 0.155197 -0.049992
v 0.087663 0.150706 -0.030029
v 0.087763 0.153900 -0.028426
v 0.086038 0.152868 -0.007825
v 0.086236 0.153777 -0.010169
v 0.084297 0.153296 0.002435
v 0.081007 0.152713 0.003173
v 0.047582 0.161783 0.002414
v 0.033536 0.163630 0.002061
v 0.042177 0.163870 0.002835
v 0.042436 0.163965 0.002119
v 0.031008 0.163227 0.002259
v 0.030394 0.163040 0.002392
v -0.077385 0.165746 -0.049383
v -0.015302 0.172866 -0.041281
v -0.034067 0.170921 -0.000321
v -0.030982 0.172821 0.000632
v -0.033690 0.171904 0.006454
v -0.017561 0.170620 0.005695
v -0.028536 0.174569 0.013556
v -0.019745 0.168264 0.015981
v -0.042860 0.125575 0.072140
v -0.068240 0.123977 0.073373
v -0.069821 0.122273 0.074013
v -0.070761 0.122193 0.074620
v -0.070513 0.116756 0.074160
v -0.048061 0.122960 0.074487
v -0.044557 0.013381 0.080379
v -0.044557 0.013381 0.080379
v -0.044557 0.013381 0.080379
v -0.048439 -0.018836 0.087062
v -0.064971 -0.019729 0.085040
v -0.064971 -0.019729 0.085040
v -0.079954 -0.021880 0.074327
v -0.079904 -0.021848 0.074328
v -0.081416 -0.021996 0.074068
v -0.081116 -0.022118 0.074072
v -0.081991 -0.022475 0.073449
v -0.081629 -0.022321 0.073696
v -0.084203 -0.025621 0.070184
v -0.084203 -0.025621 0.070184
v -0.081494 -0.030772 0.073953
v -0.079932 -0.022339 0.072760
v -0.081494 -0.030772 0.073953
v -0.082507 -0.091704 0.075868
v -0.081435 -0.089581 0.073325
v -0.081235 -0.089144 0.072764
v -0.080212 -0.108076 0.073742
v -0.080620 -0.108295 0.074421
v -0.082232 -0.151241 0.036930
v -0.083201 -0.159006 0.029095
v -0.081529 -0.157946 0.029527
v -0.085010 -0.171198 0.011542
v -0.086632 -0.170684 0.005437
v -0.086632 -0.170684 0.005437
v -0.086632 -0.170684 0.005437
v -0.084854 -0.172055 0.001373
v -0.079738 -0.164304 0.002950
v -0.079334 -0.165333 0.001708
v -0.078070 -0.166644 0.002398
v -0.078725 -0.162237 0.002472
v -0.064818 -0.156076 0.002785
v 0.086353 -0.155010 0.002737
v 0.090609 -0.158139 -0.069173
v 0.090905 -0.158061 -0.069356
v 0.088410 -0.154350 -0.069764
v 0.089200 -0.154329 -0.070280
v 0.090213 -0.154121 -0.070891
v 0.089338 -0.153994 -0.069535
v 0.090857 -0.153115 -0.069772
v 0.091188 -0.152881 -0.069722
v 0.092822 -0.150826 -0.069969
v 0.094831 -0.149487 -0.069367
v 0.094396 -0.149329 -0.069659
v 0.095142 -0.148429 -0.069741
v 0.094601 -0.148976 -0.069634
v 0.098073 -0.150892 -0.068895
v 0.098137 -0.150787 -0.068896
v 0.096718 -0.152186 -0.068680
v 0.097206 -0.151274 -0.068219
v 0.098357 -0.150060 -0.068967
v 0.098158 -0.149741 -0.069087
v 0.099643 -0.149299 -0.069031
v 0.100626 -0.148183 -0.068450
v 0.098688 -0.150361 -0.068752
v 0.099643 -0.149299 -0.069031
v 0.102738 -0.142535 -0.068689
v 0.099716 -0.144555 -0.069490
v 0.098585 -0.145222 -0.069288
v 0.100740 -0.143761 -0.069265
v 0.102481 -0.142807 -0.069294
v 0.101288 -0.143094 -0.069156
v 0.101879 -0.142262 -0.070164
v 0.102639 -0.141157 -0.070395
v 0.103045 -0.141065 -0.069716
v 0.103637 -0.140831 -0.069902
v 0.105292 -0.134443 -0.068610
v 0.104134 -0.137786 -0.069446
v 0.105335 -0.135254 -0.069428
v 0.105624 -0.134866 -0.073340
v 0.107613 -0.129652 -0.068605
v 0.107009 -0.131120 -0.069686
v 0.107003 -0.131104 -0.069703
v 0.115256 -0.034149 -0.069523
v 0.114913 -0.000491 -0.070337
v 0.114841 0.106894 -0.069984
v 0.106533 0.131727 -0.069890
v 0.104059 0.135961 -0.069713
v 0.102719 0.139257 -0.072102
v 0.099561 0.142201 -0.069575
v 0.096407 0.146160 -0.069474
v 0.097626 0.145577 -0.069461
v 0.096405 0.145517 -0.069968
v 0.095541 0.146718 -0.069816
v 0.094998 0.147118 -0.070140
v 0.093343 0.148348 -0.070375
v 0.093343 0.148348 -0.070375
v 0.093826 0.148322 -0.069860
v 0.091932 0.150291 -0.069516
v 0.091763 0.150588 -0.069434
v 0.088346 0.152417 -0.070105
v 0.088743 0.152343 -0.069217
v 0.088455 0.152408 -0.071851
v 0.088706 0.152334 -0.069785
v 0.088380 0.152327 -0.070618
v 0.095658 0.150905 -0.069543
v 0.092336 0.151159 -0.068946
v 0.092336 0.151159 -0.068946
v 0.092336 0.151159 -0.068946
v 0.096127 0.150771 -0.068964
v 0.093641 0.153347 -0.064705
v 0.093353 0.153019 -0.064739
v 0.086637 0.152655 -0.006905
v 0.087019 0.154956 -0.001465
v 0.086286 0.151799 -0.002577
v 0.080970 0.152661 0.003203
v 0.066229 0.163467 0.001924
v 0.062158 0.162589 0.002075
v 0.043013 0.163686 0.001879
v -0.015295 0.173172 -0.032262
v -0.019543 0.171325 -0.005120
v -0.019543 0.171342 -0.005119
v -0.028088 0.171905 0.001026
v -0.023528 0.170916 0.000031
v -0.023528 0.170916 0.000031
v -0.023528 0.170916 0.000031
v -0.022886 0.171328 0.000138
v -0.036019 0.171192 0.000178
v -0.030177 0.172064 0.001548
v -0.028852 0.172323 0.001460
v -0.023545 0.172091 0.006241
v -0.023545 0.172091 0.006241
v -0.023545 0.172091 0.006241
v -0.026935 0.171556 0.011364
v -0.026935 0.171556 0.011364
v -0.026935 0.171556 0.011364
v -0.019747 0.168284 0.015996
v -0.014951 0.160276 0.027788
v -0.015596 0.144635 0.047887
v -0.046000 0.123367 0.073335
v -0.043616 0.126140 0.071329
v -0.051645 0.123948 0.073915
v -0.054316 0.123436 0.074426
v -0.045971 0.121919 0.074176
v -0.016812 0.106546 0.074212
v -0.019128 0.052653 0.073965
v -0.040931 0.017685 0.074010
v -0.039722 0.015486 0.071854
v -0.040931 0.017685 0.074010
v -0.047785 0.014493 0.074132
v -0.021077 0.012988 0.079062
v -0.039240 0.012492 0.085158
v -0.039551 0.011387 0.085699
v -0.042726 0.010470 0.086565
v -0.024345 -0.017629 0.086583
v -0.034445 -0.019129 0.086138
v -0.055251 -0.019726 0.085942
v -0.052443 -0.021419 0.074646
v -0.073758 -0.021639 0.074492
v -0.069096 -0.021384 0.075193
v -0.079499 -0.022168 0.074217
v -0.079607 -0.021985 0.074163
v -0.072804 -0.027536 0.074194
v -0.072804 -0.027536 0.074194
v -0.080937 -0.082590 0.077825
v -0.080663 -0.084640 0.073775
v -0.080799 -0.106743 0.074096
v -0.073028 -0.129878 0.066658
v -0.077733 -0.145002 0.048137
v -0.077018 -0.143237 0.049729
v -0.076697 -0.141653 0.051253
v -0.080086 -0.154606 0.034702
v -0.080802 -0.158272 0.029842
v -0.080889 -0.156844 0.033305
v -0.078537 -0.159423 0.028195
v -0.083269 -0.166955 0.018061
v -0.085773 -0.171745 0.012276
v -0.084955 -0.171615 0.011954
v -0.085670 -0.168817 0.011167
v -0.084103 -0.171859 0.007862
v -0.081696 -0.172210 0.006734
v -0.077529 -0.172239 0.000344
v -0.077554 -0.172843 0.000890
v -0.077492 -0.172917 0.000880
v -0.076092 -0.164899 -0.001870
v -0.076773 -0.166411 0.001068
v -0.077469 -0.166819 0.000830
v -0.076937 -0.168181 0.002051
v -0.075077 -0.165976 0.001537
v -0.069284 -0.163603 0.002819
v -0.070190 -0.164964 0.001368
v -0.061918 -0.165384 0.001627
v -0.028545 -0.155199 0.003171
v -0.032411 -0.154891 0.003086
v 0.088280 -0.157048 -0.063313
v 0.091425 -0.157429 -0.067909
v 0.091784 -0.156889 -0.068826
v 0.091223 -0.157717 -0.069416
v 0.092721 -0.150923 -0.069247
v 0.092721 -0.150923 -0.069247
v 0.094799 -0.153181 -0.068796
v 0.093985 -0.154150 -0.068125
v 0.095926 -0.153694 -0.066953
v 0.095753 -0.152869 -0.065954
v 0.095753 -0.152869 -0.065954
v 0.095753 -0.152869 -0.065954
v 0.100374 -0.148510 -0.065151
v 0.100374 -0.148510 -0.065151
v 0.101136 -0.148098 -0.065022
v 0.104510 -0.144977 -0.069465
v 0.102660 -0.146311 -0.068837
v 0.103508 -0.143119 -0.069037
v 0.105867 -0.140803 -0.067427
v 0.105656 -0.141279 -0.068905
v 0.105160 -0.141387 -0.069058
v 0.106032 -0.134278 -0.068304
v 0.106690 -0.140655 -0.068905
v 0.105684 -0.134421 -0.069239
v 0.105724 -0.134208 -0.069340
v 0.105763 -0.134130 -0.069303
v 0.105138 -0.135244 -0.069709
v 0.105202 -0.135238 -0.070390
v 0.106882 -0.131176 -0.067854
v 0.107287 -0.134825 -0.069034
v 0.108485 -0.137561 -0.065220
v 0.109647 -0.135196 -0.068923
v 0.109809 -0.134841 -0.068235
v 0.109172 -0.130247 -0.069109
v 0.110627 -0.130876 -0.068911
v 0.110985 -0.121219 -0.069445
v 0.111115 -0.121189 -0.069330
v 0.114376 -0.111425 -0.070135
v 0.114836 -0.058588 -0.069913
v 0.116554 -0.051860 -0.070907
v 0.115205 -0.050349 -0.070099
v 0.114916 -0.045634 -0.070107
v 0.115038 -0.045518 -0.070823
v 0.114970 -0.045623 -0.070179
v 0.115007 -0.037021 -0.070137
v 0.115125 -0.036603 -0.069854
v 0.115089 -0.031773 -0.070839
v 0.115804 0.059102 -0.069221
v 0.116189 0.059435 -0.069995
v 0.115120 0.067042 -0.069738
v 0.115120 0.067042 -0.069738
v 0.110412 0.119737 -0.069883
v 0.111243 0.123866 -0.071309
v 0.110549 0.122318 -0.069442
v 0.109344 0.122337 -0.069792
v 0.106228 0.130762 -0.068612
v 0.106802 0.129195 -0.069755
v 0.106423 0.131073 -0.069579
v 0.105858 0.131108 -0.068462
v 0.104165 0.134306 -0.067147
v 0.104118 0.135927 -0.069718
v 0.098816 0.144332 -0.069369
v 0.100938 0.141530 -0.069266
v 0.098613 0.143583 -0.069615
v 0.099306 0.146813 -0.068375
v 0.098378 0.146248 -0.068973
v 0.098378 0.146248 -0.068973
v 0.097796 0.146063 -0.068865
v 0.097817 0.149315 -0.068963
v 0.098971 0.147713 -0.068418
v 0.097912 0.149850 -0.069216
v 0.101407 0.142886 -0.041449
v 0.097687 0.144701 -0.026905
v 0.087435 0.150770 0.001301
v 0.086984 0.152896 0.002615
v 0.087331 0.151723 0.002005
v 0.086133 0.152672 0.002337
v 0.083887 0.154201 0.000157
v 0.079514 0.162109 0.002149
v 0.078971 0.162985 0.002970
v 0.064921 0.163663 0.002133
v 0.058124 0.163264 0.002013
v -0.064790 0.167235 -0.066877
v -0.062846 0.166092 -0.063495
v -0.062846 0.166092 -0.063495
v -0.076277 0.166188 -0.064571
v -0.074564 0.166999 -0.064587
v -0.073559 0.173962 -0.067905
v -0.076388 0.173662 -0.068727
v -0.061244 0.173451 -0.067941
v -0.058307 0.173409 -0.068184
v -0.061779 0.174034 -0.067759
v -0.053719 0.174043 -0.067783
v -0.053719 0.174043 -0.067783
v -0.054994 0.173636 -0.069034
v -0.054339 0.172762 -0.067647
v -0.045847 0.174009 -0.068861
v -0.012308 0.173379 -0.046705
v -0.012404 0.173768 -0.046485
v -0.012391 0.173436 -0.047327
v -0.014527 0.172896 -0.044813
v -0.014576 0.173579 -0.043805
v -0.014627 0.177284 -0.042215
v -0.015293 0.174188 -0.041605
v -0.013673 0.174156 -0.044962
v -0.017180 0.173106 -0.040852
v -0.016129 0.173814 -0.037408
v -0.015193 0.173973 -0.035407
v -0.014925 0.173063 -0.037083
v -0.014678 0.172755 -0.028628
v -0.013994 0.173304 -0.030171
v -0.013524 0.172261 -0.025762
v -0.013493 0.180248 -0.031699
v -0.013487 0.171860 -0.011830
v -0.014340 0.171989 -0.000665
v -0.013471 0.172432 0.002146
v -0.015987 0.171441 -0.000065
v -0.017055 0.171386 -0.000305
v -0.016810 0.171146 -0.000224
v -0.017937 0.171128 -0.000023
v -0.019390 0.171723 0.000098
v -0.013453 0.172679 -0.000570
v -0.019775 0.172159 0.000098
v -0.013743 0.172669 0.004044
v -0.015807 0.172303 0.003972
v -0.014171 0.172444 0.003551
v -0.015807 0.172303 0.003972
v -0.014029 0.171769 0.010747
v -0.015629 0.171971 0.009269
v -0.015629 0.171971 0.009269
v -0.014068 0.166682 0.016897
v -0.014796 0.169521 0.014463
v -0.014403 0.171181 0.013047
v -0.014262 0.165076 0.020336
v -0.015160 0.161537 0.024957
v -0.014376 0.165295 0.020269
v -0.015184 0.165477 0.019655
v -0.014267 0.165177 0.019992
v -0.015744 0.161268 0.025088
v -0.015147 0.156605 0.029554
v -0.016567 0.157699 0.029863
v -0.014087 0.154546 0.034172
v -0.020145 0.131589 0.065136
v -0.017590 0.125054 0.073840
v -0.035307 0.124313 0.074078
v -0.018320 0.124901 0.073493
v -0.017167 0.067291 0.074044
v -0.017430 0.055495 0.074265
v -0.016646 0.045551 0.074091
v -0.016701 0.042716 0.074437
v -0.018972 0.040265 0.073962
v -0.018972 0.040265 0.073962
v -0.019734 0.034219 0.073960
v -0.017262 0.037961 0.074733
v -0.019734 0.034219 0.073960
v -0.029025 0.015361 0.072568
v -0.020692 0.020722 0.073970
v -0.020692 0.020722 0.073970
v -0.020692 0.020722 0.073970
v -0.030007 0.015367 0.074031
v -0.020213 0.014811 0.075398
v -0.021162 0.013699 0.077969
v -0.014047 0.011673 0.085349
v -0.029122 0.012627 0.086315
v -0.032767 0.011883 0.086393
v -0.021740 -0.017939 0.085699
v -0.020348 -0.018191 0.083960
v -0.023129 -0.018493 0.084768
v -0.028212 -0.017357 0.086161
v -0.028212 -0.017357 0.086161
v -0.033830 -0.019439 0.085036
v -0.034052 -0.019864 0.085440
v -0.034753 -0.019244 0.086088
v -0.064344 -0.021803 0.074272
v -0.064344 -0.021803 0.074272
v -0.045425 -0.021981 0.074102
v -0.070763 -0.125522 0.072765
v -0.074305 -0.130001 0.065133
v -0.073109 -0.130336 0.065985
v -0.073125 -0.133182 0.062710
v -0.074941 -0.133849 0.060959
v -0.075708 -0.139269 0.051359
v -0.076167 -0.140835 0.052298
v -0.078906 -0.169687 0.014800
v -0.079364 -0.177926 0.016099
v -0.082535 -0.176047 0.013178
v -0.082179 -0.169229 0.010535
v -0.077213 -0.173093 -0.000294
v -0.077388 -0.173053 0.000820
v -0.077391 -0.173342 -0.003004
v -0.077395 -0.168083 -0.037223
v -0.071858 -0.166400 -0.011095
v -0.062362 -0.166226 -0.006687
v -0.060578 -0.165231 0.002078
v -0.059470 -0.164764 0.002459
v -0.043404 -0.166353 0.002354
v -0.029678 -0.154885 0.002904
v -0.028732 -0.155580 0.002707
v 0.086966 -0.155834 -0.031098
v 0.087287 -0.157886 -0.064572
v 0.092287 -0.156496 -0.069191
v 0.094145 -0.154497 -0.067183
v 0.101929 -0.146078 -0.062217
v 0.102537 -0.146277 -0.063523
v 0.104787 -0.144039 -0.068463
v 0.105007 -0.143489 -0.068412
v 0.104905 -0.143645 -0.067372
v 0.109858 -0.134812 -0.067401
v 0.109858 -0.134812 -0.067401
v 0.112347 -0.130708 -0.069184
v 0.114186 -0.128014 -0.069307
v 0.111814 -0.118738 -0.069565
v 0.115301 -0.111606 -0.070759
v 0.116146 -0.102129 -0.069423
v 0.115227 -0.102589 -0.069403
v 0.115477 -0.109185 -0.069776
v 0.115400 -0.102491 -0.069346
v 0.114715 -0.098872 -0.071252
v 0.114715 -0.098872 -0.071252
v 0.115941 -0.098867 -0.071452
v 0.115924 -0.071001 -0.069407
v 0.115231 -0.072406 -0.068172
v 0.114407 -0.064574 -0.069909
v 0.114591 -0.058556 -0.068732
v 0.114622 -0.058746 -0.069282
v 0.115719 -0.047715 -0.069137
v 0.115825 -0.052777 -0.069123
v 0.114905 -0.042501 -0.069544
v 0.115577 -0.040845 -0.069808
v 0.114978 -0.040980 -0.069486
v 0.115096 -0.035216 -0.069520
v 0.115394 -0.030306 -0.069752
v 0.115229 -0.034886 -0.069416
v 0.115048 -0.007103 -0.069205
v 0.115024 -0.007186 -0.069364
v 0.115477 -0.002369 -0.069674
v 0.113693 -0.000111 -0.070040
v 0.115679 0.022989 -0.070286
v 0.115030 0.027837 -0.069996
v 0.116043 0.039371 -0.069651
v 0.116185 0.039220 -0.069607
v 0.115415 0.099574 -0.069333
v 0.115283 0.075270 -0.069544
v 0.114934 0.075358 -0.069373
v 0.115102 0.075481 -0.069862
v 0.115182 0.096966 -0.070063
v 0.111778 0.115460 -0.068801
v 0.111132 0.117386 -0.069559
v 0.110632 0.119876 -0.069824
v 0.110791 0.119551 -0.069701
v 0.111616 0.119421 -0.069035
v 0.111063 0.119745 -0.069109
v 0.111664 0.118845 -0.068737
v 0.111512 0.123634 -0.069005
v 0.106478 0.132775 -0.069143
v 0.106452 0.134351 -0.069038
v 0.102889 0.145012 -0.068529
v 0.101484 0.145770 -0.068929
v 0.102431 0.144699 -0.068965
v 0.092294 0.146333 0.002739
v 0.089682 0.148951 0.001703
v 0.089987 0.148638 0.002369
v 0.088539 0.151488 0.001651
v 0.088092 0.150554 0.006355
v 0.088136 0.150594 0.002300
v 0.088136 0.150594 0.002300
v 0.087315 0.152236 0.002801
v 0.088830 0.151751 0.002374
v 0.085270 0.157940 0.002453
v 0.085270 0.157940 0.002453
v 0.079269 0.162373 0.002230
v 0.068669 0.163667 0.001457
v 0.078930 0.164968 -0.032106
v 0.076935 0.165532 -0.045831
v -0.014237 0.165996 -0.065029
v -0.024895 0.166142 -0.068132
v -0.024049 0.166160 -0.068177
v -0.044564 0.166634 -0.067775
v -0.044012 0.166369 -0.068283
v -0.047041 0.166675 -0.067589
v -0.047615 0.167395 -0.067662
v -0.070387 0.167627 -0.067444
v -0.056918 0.166178 -0.067937
v -0.056918 0.166178 -0.067937
v -0.064678 0.167963 -0.068273
v -0.070866 0.166189 -0.068192
v -0.071172 0.166211 -0.068247
v -0.070913 0.166203 -0.068273
v -0.071363 0.173733 -0.064877
v -0.070975 0.174188 -0.068120
v -0.067808 0.174026 -0.068332
v -0.057991 0.172639 -0.068327
v -0.058231 0.172544 -0.068319
v 0.008234 0.173989 -0.068155
v 0.007824 0.173769 -0.068029
v -0.009616 0.173458 -0.046044
v -0.009835 0.174252 -0.047658
v -0.010817 0.174646 -0.046170
v -0.013456 0.174469 -0.045159
v -0.016284 0.178051 -0.047031
v -0.016434 0.175031 -0.042894
v -0.015993 0.174693 -0.042325
v -0.017575 0.175636 -0.038030
v -0.016576 0.175626 -0.035108
v -0.018106 0.173920 -0.034539
v -0.014956 0.174476 -0.034108
v -0.013807 0.172793 -0.033264
v -0.013807 0.172793 -0.033264
v -0.013807 0.172793 -0.033264
v -0.013691 0.179985 -0.031891
v -0.013902 0.179796 -0.032069
v -0.013442 0.179725 0.011709
v -0.013764 0.179592 0.012966
v -0.013535 0.171822 -0.000369
v -0.013554 0.172224 0.000597
v -0.013457 0.172458 0.001008
v -0.013460 0.172416 0.004108
v -0.014364 0.171031 0.014230
v -0.014363 0.168891 0.015533
v -0.014209 0.169499 0.016443
v -0.014196 0.167630 0.018702
v -0.013656 0.167306 0.017317
v -0.013656 0.167306 0.017317
v -0.014207 0.169214 0.018415
v -0.013577 0.169824 0.019068
v -0.014404 0.167504 0.023624
v -0.014176 0.163125 0.023541
v -0.013454 0.160182 0.025989
v -0.014448 0.160762 0.026738
v -0.016143 0.159844 0.028030
v -0.014564 0.159334 0.028849
v -0.014346 0.159550 0.029607
v -0.014949 0.156949 0.035577
v -0.015422 0.152041 0.037551
v -0.016097 0.145143 0.047659
v -0.016347 0.144772 0.048005
v -0.015946 0.145074 0.047946
v -0.015670 0.144712 0.048259
v -0.016619 0.134115 0.061658
v -0.015868 0.133702 0.062892
v -0.016566 0.134380 0.061770
v -0.019098 0.133713 0.067394
v -0.017651 0.132667 0.064932
v -0.017682 0.120442 0.074534
v -0.016883 0.118393 0.075462
v -0.016942 0.112128 0.074163
v -0.018233 0.110086 0.075095
v -0.015980 0.110419 0.073617
v -0.017017 0.106496 0.073885
v -0.017485 0.106777 0.074331
v -0.015936 0.085062 0.073486
v -0.016814 0.085202 0.074234
v -0.017168 0.071883 0.073965
v -0.016512 0.069713 0.075485
v -0.017455 0.068069 0.074273
v -0.017036 0.069138 0.074694
v -0.016858 0.065895 0.073839
v -0.016977 0.065585 0.073775
v -0.016858 0.062911 0.073833
v -0.017467 0.054498 0.075554
v -0.016757 0.056102 0.074428
v -0.016934 0.049588 0.074083
v -0.017115 0.051085 0.074296
v -0.016995 0.050795 0.074348
v -0.016867 0.049344 0.073859
v -0.016807 0.049728 0.074151
v -0.016919 0.044414 0.073984
v -0.016869 0.044976 0.073884
v -0.016891 0.044623 0.073962
v -0.016925 0.043410 0.073906
v -0.017091 0.051036 0.074250
v -0.016358 0.043400 0.073993
v -0.017555 0.039420 0.073900
v -0.016926 0.038853 0.074118
v -0.015953 0.039245 0.074074
v -0.016693 0.025528 0.073389
v -0.017465 0.024151 0.072453
v -0.017114 0.024148 0.073881
v -0.016811 0.023814 0.073577
v -0.016707 0.023715 0.073800
v -0.019169 0.014904 0.074150
v -0.018472 0.015991 0.074536
v -0.017254 0.017101 0.074591
v -0.018904 0.021060 0.076403
v -0.018048 0.015307 0.074879
v -0.016252 0.014546 0.075846
v -0.017073 0.014635 0.075663
v -0.016443 0.014397 0.077769
v -0.016334 0.014890 0.080438
v -0.016036 0.013519 0.080219
v -0.013752 0.011597 0.086310
v -0.014157 -0.019168 0.085887
v -0.014226 -0.018245 0.085028
v -0.020734 -0.019936 0.081372
v -0.021719 -0.020025 0.081317
v -0.021719 -0.020025 0.081317
v -0.040541 -0.021684 0.074534
v -0.040321 -0.021282 0.075009
v -0.040321 -0.021282 0.075009
v -0.040437 -0.021675 0.074561
v -0.048553 -0.021901 0.074152
v -0.047545 -0.022172 0.074078
v -0.054123 -0.021903 0.074792
v -0.054102 -0.021803 0.075479
v -0.046999 -0.022374 0.074010
v -0.071421 -0.122269 0.071721
v -0.073024 -0.117604 0.074190
v -0.070995 -0.122380 0.073492
v -0.071146 -0.123089 0.073869
v -0.070635 -0.126035 0.073483
v -0.068241 -0.122674 0.068093
v -0.070487 -0.135756 0.060805
v -0.071476 -0.133558 0.063334
v -0.076760 -0.171022 0.009811
v -0.076229 -0.173976 0.011263
v -0.076985 -0.174569 -0.028186
v -0.077183 -0.169948 -0.047808
v -0.074796 -0.167722 -0.039806
v -0.051155 -0.166093 -0.002847
v -0.051155 -0.166107 -0.002847
v -0.051155 -0.166107 -0.002847
v -0.051155 -0.166107 -0.002847
v -0.050273 -0.165474 0.002387
v -0.049532 -0.165665 0.002186
v -0.047446 -0.165821 0.002843
v -0.034895 -0.164353 0.001626
v 0.086878 -0.156125 -0.030659
v 0.086261 -0.156204 -0.029979
v 0.087569 -0.156195 -0.037109
v 0.090330 -0.157200 -0.057908
v 0.103625 -0.145128 -0.062986
v 0.112023 -0.129347 -0.058997
v 0.112394 -0.129562 -0.058962
v 0.114132 -0.127738 -0.068993
v 0.116629 -0.101856 -0.069303
v 0.115321 -0.101842 -0.069456
v 0.115283 -0.101769 -0.069508
v 0.116084 -0.096505 -0.069345
v 0.115710 -0.101020 -0.069894
v 0.115401 -0.089150 -0.069489
v 0.114784 -0.062450 -0.068694
v 0.115446 -0.026531 -0.069619
v 0.115137 -0.026244 -0.069451
v 0.115042 -0.022984 -0.069418
v 0.115709 -0.002767 -0.069245
v 0.115476 -0.002806 -0.069164
v 0.115234 0.002793 -0.069622
v 0.114904 0.003830 -0.069504
v 0.115857 0.037937 -0.069830
v 0.115518 0.021312 -0.069479
v 0.114893 0.027095 -0.069587
v 0.114934 0.094949 -0.069376
v 0.115094 0.106709 -0.069112
v 0.114085 0.107833 -0.066248
v 0.102999 0.145068 -0.068969
v 0.115926 0.122604 -0.069092
v 0.101741 0.143081 -0.046226
v 0.098035 0.144925 -0.026773
v 0.096766 0.142483 0.002964
v 0.097287 0.143552 0.002252
v 0.095097 0.144029 0.000263
v 0.095097 0.144029 0.000263
v 0.095097 0.144029 0.000263
v 0.092280 0.146574 0.000946
v 0.090862 0.147499 0.003485
v 0.088431 0.169924 0.000950
v 0.080246 0.165613 0.001539
v 0.079981 0.164197 0.000751
v 0.080191 0.163727 0.000518
v 0.079787 0.164216 -0.000383
v 0.079666 0.163722 -0.000756
v 0.075573 0.164685 -0.024577
v -0.006707 0.166778 -0.067300
v -0.006323 0.170099 -0.065591
v -0.003079 0.168754 -0.067772
v -0.016058 0.167052 -0.066975
v -0.014908 0.173032 -0.064067
v -0.024090 0.166182 -0.067939
v -0.009453 0.167458 -0.070427
v 0.007682 0.173436 -0.067512
v 0.016710 0.173556 -0.045945
v -0.006940 0.174075 -0.046707
v -0.006527 0.173947 -0.045294
v -0.005965 0.173513 -0.044123
v -0.008099 0.174877 -0.045754
v -0.008099 0.174877 -0.045754
v -0.009957 0.174897 -0.046025
v -0.017720 0.177821 -0.045551
v -0.018600 0.177900 -0.045683
v -0.018795 0.178666 -0.045797
v -0.018665 0.177170 -0.041131
v -0.018227 0.178178 -0.042207
v -0.016740 0.179493 -0.042228
v -0.018211 0.176245 -0.035431
v -0.017108 0.177611 -0.034522
v -0.016131 0.177508 -0.037212
v -0.014204 0.179564 -0.032283
v -0.013852 0.180427 -0.032477
v -0.014263 0.180929 -0.033284
v -0.014203 0.179530 -0.032351
v -0.014203 0.179530 -0.032351
v -0.014203 0.179530 -0.032351
v -0.014203 0.179530 -0.032351
v -0.010904 0.180208 -0.030418
v -0.007533 0.180079 -0.017116
v -0.007820 0.181982 -0.016656
v -0.006895 0.181910 -0.016187
v -0.003771 0.180018 -0.009194
v -0.013398 0.179528 0.011633
v -0.013675 0.173009 0.028166
v -0.013743 0.171222 0.030597
v -0.013552 0.167284 0.039763
v -0.011334 0.166013 0.035229
v -0.015425 0.146632 0.045212
v -0.015657 0.144995 0.048118
v -0.015567 0.145026 0.048150
v -0.015434 0.148927 0.052196
v -0.014353 0.155172 0.058686
v -0.017698 0.128265 0.070558
v -0.016842 0.129085 0.069074
v -0.016902 0.128336 0.070925
v -0.017230 0.127935 0.070509
v -0.017236 0.128005 0.070322
v -0.015378 0.125380 0.070521
v -0.018117 0.125107 0.073427
v -0.018117 0.125107 0.073427
v -0.016264 0.117888 0.076291
v -0.016802 0.107460 0.074456
v -0.012434 0.086822 0.084259
v -0.016696 0.050743 0.074690
v -0.016941 0.015705 0.078987
v -0.016246 0.021137 0.076380
v -0.016147 0.021114 0.076482
v -0.016147 0.021114 0.076482
v -0.015616 0.017405 0.078424
v -0.015616 0.017405 0.078424
v -0.013679 0.011798 0.085939
v -0.013696 0.012332 0.085974
v -0.013494 0.005305 0.086211
v -0.014036 -0.020440 0.086156
v -0.015452 -0.019765 0.081848
v -0.015452 -0.019765 0.081848
v -0.015452 -0.019765 0.081848
v -0.016561 -0.020048 0.078468
v -0.016322 -0.021277 0.077558
v -0.019815 -0.020880 0.076794
v -0.019815 -0.020880 0.076794
v -0.029197 -0.021555 0.074995
v -0.030907 -0.021479 0.075091
v -0.033198 -0.023057 0.074687
v -0.033548 -0.024709 0.074002
v -0.029632 -0.020794 0.070594
v -0.033548 -0.024709 0.074002
v -0.033548 -0.024709 0.074002
v -0.017425 -0.032208 0.074113
v -0.016881 -0.048138 0.073859
v -0.066191 -0.124830 0.074181
v -0.064808 -0.126287 0.074551
v -0.061506 -0.172334 0.011880
v -0.077411 -0.174471 -0.027181
v -0.076207 -0.174365 -0.029408
v -0.077391 -0.168037 -0.037299
v -0.077391 -0.168037 -0.037299
v -0.077055 -0.167368 -0.037535
v -0.075184 -0.167519 -0.039821
v 0.080105 -0.167835 -0.048484
v -0.038288 -0.166118 0.002141
v -0.022133 -0.165804 0.000768
v -0.022194 -0.165377 0.000828
v -0.021658 -0.165615 -0.000083
v -0.005521 -0.164743 0.000037
v -0.009977 -0.161958 0.002687
v -0.006618 -0.164656 0.002442
v 0.006361 -0.155273 0.003240
v 0.011197 -0.155176 0.002894
v 0.033222 -0.155051 0.002948
v 0.036182 -0.155216 0.003056
v 0.034250 -0.155067 0.002750
v 0.076246 -0.154987 0.002944
v 0.088565 -0.154966 -0.025956
v 0.087832 -0.155230 -0.018564
v 0.089245 -0.154566 -0.026613
v 0.089199 -0.154513 -0.026632
v 0.088368 -0.156477 -0.037246
v 0.099914 -0.146190 -0.039500
v 0.101433 -0.145529 -0.044540
v 0.102078 -0.146981 -0.056823
v 0.124522 -0.106960 -0.062558
v 0.124422 -0.109595 -0.069208
v 0.120794 -0.116037 -0.068997
v 0.120821 -0.115797 -0.069027
v 0.122135 -0.114411 -0.069218
v 0.122493 -0.112987 -0.069058
v 0.116431 -0.095826 -0.069256
v 0.125619 -0.039841 -0.067256
v 0.127089 -0.012313 -0.068332
v 0.125980 -0.010415 -0.068744
v 0.126658 -0.008924 -0.068392
v 0.127245 0.058053 -0.069253
v 0.115659 0.103457 -0.069860
v 0.115593 0.102606 -0.067963
v 0.124935 0.105307 -0.069054
v 0.124722 0.106963 -0.069021
v 0.095424 0.144048 0.003027
v 0.094119 0.145463 0.002557
v 0.094376 0.144856 0.002742
v 0.093311 0.145231 0.002977
v 0.092588 0.146788 0.001970
v 0.091967 0.146686 0.002567
v 0.091755 0.147061 0.004373
v 0.080200 0.170724 0.001005
v 0.080275 0.170681 0.000998
v 0.080153 0.170694 0.000853
v 0.080127 0.170902 -0.000266
v 0.079633 0.164189 -0.004262
v 0.080827 0.164067 -0.004319
v 0.078590 0.164925 -0.030897
v 0.078218 0.164810 -0.034633
v 0.079328 0.167312 -0.039434
v 0.078060 0.165884 -0.046645
v 0.076935 0.165564 -0.045830
v 0.024654 0.166120 -0.065828
v 0.015264 0.166404 -0.068217
v 0.005143 0.165301 -0.068878
v 0.014721 0.166198 -0.068266
v -0.002403 0.169524 -0.067772
v 0.002887 0.166968 -0.068396
v -0.002760 0.170559 -0.068396
v 0.014762 0.174059 -0.068373
v 0.014613 0.174027 -0.068325
v 0.003167 0.173848 -0.044855
v 0.004009 0.172883 -0.046632
v 0.003167 0.173848 -0.044855
v 0.000296 0.174592 -0.045171
v 0.010938 0.173845 -0.045822
v 0.003167 0.173848 -0.044855
v 0.003167 0.173848 -0.044855
v -0.005790 0.174410 -0.044885
v -0.004924 0.174495 -0.044856
v -0.014943 0.177016 -0.053108
v -0.014923 0.179470 -0.052564
v -0.015656 0.179373 -0.053849
v -0.014746 0.180642 -0.054188
v -0.017647 0.179477 -0.048630
v -0.017989 0.178849 -0.048009
v -0.017989 0.178849 -0.048009
v -0.018362 0.180642 -0.045566
v -0.019953 0.178928 -0.043851
v -0.019840 0.179777 -0.044500
v -0.019980 0.179654 -0.040786
v -0.019482 0.180628 -0.038168
v -0.019397 0.178337 -0.036346
v -0.018703 0.179877 -0.038996
v -0.017012 0.179336 -0.034105
v -0.014654 0.180250 -0.036325
v -0.017819 0.181061 -0.034480
v -0.018964 0.180403 -0.036123
v -0.012554 0.182617 -0.035245
v -0.013044 0.181826 -0.034041
v -0.009368 0.182929 -0.036409
v -0.009352 0.180145 -0.032699
v -0.004923 0.180189 -0.021638
v -0.004793 0.180118 -0.021769
v -0.004573 0.179355 -0.021353
v -0.003038 0.182112 -0.015243
v -0.004195 0.181573 -0.010005
v -0.003676 0.180118 -0.008795
v -0.003340 0.179930 -0.003444
v 0.000003 0.177591 -0.008308
v -0.010960 0.168982 0.037436
v -0.010960 0.168982 0.037436
v -0.010960 0.168982 0.037436
v -0.013886 0.166983 0.041121
v -0.013803 0.166968 0.041808
v -0.012017 0.166584 0.043742
v -0.012307 0.166101 0.043849
v -0.014032 0.163416 0.046741
v -0.013823 0.163663 0.047366
v -0.013945 0.163489 0.047695
v -0.013762 0.161121 0.050631
v -0.014329 0.147448 0.064337
v -0.016395 0.128244 0.074157
v -0.012126 0.124873 0.074228
v -0.015167 0.124466 0.079643
v -0.013545 0.102106 0.084355
v -0.011879 0.095748 0.086296
v -0.013489 0.086915 0.084911
v -0.013043 0.066314 0.085193
v -0.013717 0.065916 0.085229
v -0.014295 -0.019725 0.087144
v -0.016161 -0.040577 0.075452
v -0.016259 -0.020862 0.078015
v -0.016065 -0.020522 0.078817
v -0.013117 -0.020793 0.074671
v -0.019501 -0.023149 0.076064
v -0.018846 -0.024141 0.075326
v -0.018161 -0.022454 0.075490
v -0.018934 -0.021769 0.073963
v -0.025190 -0.021525 0.073429
v -0.025573 -0.021675 0.074188
v -0.017114 -0.023435 0.073830
v -0.014577 -0.023512 0.073485
v -0.017502 -0.029781 0.074486
v -0.019500 -0.029091 0.075727
v -0.017510 -0.042721 0.074484
v -0.017188 -0.041646 0.073234
v -0.016939 -0.054130 0.074210
v -0.019061 -0.092123 0.073669
v -0.018018 -0.109445 0.073329
v -0.040547 -0.124452 0.074094
v -0.046103 -0.126389 0.074026
v -0.060178 -0.125253 0.072610
v -0.058028 -0.125404 0.075415
v -0.039750 -0.173135 0.014297
v -0.044921 -0.174008 0.002097
v -0.075361 -0.174622 -0.030460
v -0.076987 -0.174879 -0.042017
v -0.077675 -0.174750 -0.041920
v -0.077201 -0.175082 -0.042004
v -0.077390 -0.174438 -0.042000
v -0.077933 -0.174909 -0.042542
v -0.076692 -0.169713 -0.050533
v -0.077396 -0.170487 -0.049460
v -0.075129 -0.168190 -0.057748
v -0.076793 -0.170255 -0.060973
v -0.075129 -0.168190 -0.057748
v -0.016596 -0.166230 -0.007222
v -0.032681 -0.165947 0.001598
v -0.007222 -0.165730 0.002052
v -0.000246 -0.165677 0.001821
v -0.000157 -0.165460 0.002210
v -0.000114 -0.165940 0.001934
v -0.000114 -0.165940 0.001934
v 0.000036 -0.164980 0.002423
v 0.011029 -0.155052 0.002363
v 0.008883 -0.155466 0.002771
v 0.034881 -0.155119 0.003190
v 0.029676 -0.154954 0.003195
v 0.039670 -0.154939 0.003158
v 0.087664 -0.155271 -0.015560
v 0.100818 -0.145590 -0.042966
v 0.124531 -0.109164 -0.069118
v 0.127503 -0.044816 -0.068866
v 0.127823 -0.049414 -0.069655
v 0.127286 -0.048565 -0.068999
v 0.127508 -0.014468 -0.069076
v 0.127349 -0.022493 -0.069016
v 0.127408 -0.016570 -0.068984
v 0.127336 -0.014143 -0.069011
v 0.127274 -0.013757 -0.069047
v 0.127274 -0.013757 -0.069047
v 0.126917 -0.004427 -0.068479
v 0.127296 -0.002646 -0.068571
v 0.127112 -0.004911 -0.069101
v 0.127058 -0.002093 -0.068450
v 0.125310 0.001261 -0.069133
v 0.127381 0.017173 -0.069160
v 0.099751 0.137807 0.003523
v 0.100722 0.135465 0.002864
v 0.097783 0.152879 0.002426
v 0.099034 0.151054 0.002947
v 0.097897 0.151597 0.002725
v 0.089572 0.167764 0.004863
v 0.087097 0.169630 0.008467
v 0.088468 0.169916 0.000943
v 0.088477 0.169924 0.000941
v 0.087741 0.169783 0.008949
v 0.087709 0.169634 0.007573
v 0.077546 0.170254 0.010375
v 0.077546 0.170254 0.010375
v 0.069379 0.168127 0.012574
v 0.079883 0.171011 -0.001525
v 0.079987 0.171176 -0.002033
v 0.079964 0.167128 -0.006891
v 0.079971 0.164943 -0.023112
v 0.079973 0.164757 -0.021381
v 0.079407 0.165298 -0.023683
v 0.075573 0.164666 -0.024578
v 0.078152 0.165296 -0.025532
v 0.079974 0.165843 -0.025092
v 0.079994 0.170633 -0.032725
v 0.079552 0.171584 -0.033860
v 0.079994 0.170633 -0.032725
v 0.080053 0.171200 -0.032927
v 0.080138 0.171027 -0.032738
v 0.079985 0.168604 -0.040193
v 0.079985 0.168604 -0.040193
v 0.079673 0.165717 -0.051684
v 0.079923 0.165772 -0.050863
v 0.079029 0.165830 -0.052154
v 0.048982 0.165670 -0.068385
v 0.032797 0.165281 -0.071908
v 0.037916 0.166138 -0.067347
v 0.024654 0.166107 -0.065828
v 0.023578 0.167635 -0.067366
v 0.024638 0.167392 -0.067128
v 0.029557 0.167053 -0.067728
v 0.016260 0.166523 -0.068417
v 0.037373 0.173968 -0.068406
v 0.050770 0.174109 -0.067936
v 0.012467 0.172350 -0.045100
v 0.011983 0.173043 -0.045949
v 0.002217 0.175854 -0.046255
v 0.001965 0.176513 -0.046762
v 0.001896 0.175941 -0.047059
v 0.001687 0.176166 -0.046708
v -0.000523 0.176143 -0.047298
v 0.000957 0.176034 -0.046394
v 0.000807 0.176122 -0.046564
v 0.001532 0.176719 -0.046203
v 0.001376 0.176938 -0.046040
v 0.001403 0.176644 -0.046292
v 0.000480 0.174854 -0.045960
v -0.000542 0.176809 -0.048590
v 0.000205 0.175169 -0.045838
v -0.004160 0.176871 -0.052069
v -0.002411 0.178285 -0.053013
v -0.014203 0.179618 -0.054854
v -0.011548 0.189266 -0.053927
v -0.015203 0.181493 -0.045101
v -0.017019 0.181854 -0.045461
v -0.015844 0.183786 -0.041730
v -0.016528 0.182737 -0.039750
v -0.017264 0.182987 -0.039769
v -0.017264 0.182987 -0.039769
v -0.009039 0.183183 -0.036033
v -0.006985 0.182805 -0.034477
v 0.004571 0.181307 -0.033827
v -0.000093 0.181325 -0.033407
v 0.009637 0.180714 -0.034196
v -0.002838 0.181444 -0.018936
v 0.002796 0.177475 -0.016554
v 0.000614 0.180391 -0.009866
v -0.001723 0.183716 -0.009443
v -0.000300 0.180345 -0.008299
v -0.001062 0.180448 -0.008739
v 0.007414 0.179744 -0.006298
v 0.016159 0.170150 0.034402
v 0.015706 0.165661 0.045118
v -0.009509 0.166230 0.043960
v -0.013729 0.163798 0.048318
v -0.013728 0.163859 0.048197
v -0.013085 0.160873 0.050867
v -0.012501 0.152245 0.063089
v -0.013947 0.154367 0.059120
v -0.013144 0.150000 0.062827
v -0.013065 0.150468 0.062456
v -0.012563 0.144533 0.066141
v -0.013595 0.145241 0.068619
v -0.014097 0.145430 0.067712
v -0.014797 0.135612 0.078033
v -0.012766 0.139216 0.075228
v -0.013975 0.137555 0.075815
v -0.014348 0.135813 0.077136
v -0.013870 0.135279 0.078377
v -0.012441 0.133785 0.087678
v -0.013856 0.129472 0.083714
v -0.013889 0.131293 0.082150
v -0.014033 0.129062 0.084185
v -0.013461 0.126132 0.085338
v -0.013545 0.101761 0.085160
v -0.010452 0.096375 0.085302
v -0.010452 0.096375 0.085302
v -0.013733 0.080882 0.085523
v -0.013050 0.084641 0.085790
v -0.013595 0.076017 0.085537
v -0.013163 0.065156 0.085540
v -0.013703 0.044733 0.085610
v -0.013426 0.044696 0.085648
v -0.013449 0.044606 0.085427
v 0.015588 -0.017254 0.085823
v -0.010416 -0.041737 0.086030
v -0.011005 -0.042897 0.083673
v -0.010415 -0.041736 0.086061
v -0.013300 -0.047475 0.084256
v -0.013331 -0.027944 0.086384
v -0.015802 -0.038750 0.077699
v -0.016879 -0.034104 0.074136
v -0.017941 -0.051709 0.074092
v -0.016857 -0.049449 0.073945
v -0.017299 -0.053556 0.073927
v -0.017299 -0.053556 0.073927
v -0.016891 -0.087432 0.073736
v -0.016792 -0.090277 0.074249
v -0.017906 -0.092017 0.074462
v -0.018501 -0.091664 0.072874
v -0.017884 -0.109062 0.074596
v -0.018667 -0.108502 0.073963
v -0.016689 -0.113117 0.074915
v -0.015860 -0.113314 0.074817
v -0.017483 -0.126473 0.073892
v -0.028637 -0.126309 0.073663
v -0.029183 -0.127553 0.072737
v -0.031587 -0.125103 0.074057
v -0.040587 -0.123966 0.073603
v -0.041287 -0.125863 0.073279
v -0.045325 -0.126164 0.074082
v -0.042920 -0.126709 0.072890
v -0.038784 -0.172587 0.012236
v -0.049060 -0.174132 0.001203
v -0.047294 -0.172848 0.000689
v -0.049762 -0.173833 0.001853
v -0.050365 -0.173096 -0.001390
v -0.077357 -0.175980 -0.062373
v -0.077379 -0.175987 -0.062143
v -0.077379 -0.175987 -0.062143
v -0.077349 -0.175982 -0.062305
v -0.077379 -0.175987 -0.062143
v -0.076683 -0.169468 -0.062653
v -0.074331 -0.169176 -0.062531
v -0.077363 -0.170153 -0.062072
v -0.074226 -0.169623 -0.068116
v -0.075707 -0.168396 -0.065388
v -0.074120 -0.169610 -0.065617
v -0.021405 -0.168307 -0.066316
v -0.024462 -0.168818 -0.067761
v -0.020579 -0.168297 -0.065458
v -0.019995 -0.168918 -0.067209
v -0.020919 -0.168387 -0.067300
v -0.007439 -0.168327 -0.067968
v 0.002476 -0.154909 0.003191
v 0.011171 -0.155126 0.003050
v 0.008325 -0.155693 0.003223
v 0.015381 -0.155101 0.003153
v 0.072231 -0.154940 0.003221
v 0.078591 -0.154797 0.002765
v 0.078375 -0.154807 0.002329
v 0.078778 -0.154816 0.002883
v 0.080597 -0.154919 -0.001959
v 0.087819 -0.154740 -0.015351
v 0.087805 -0.154694 -0.015350
v 0.098234 -0.144792 -0.018577
v 0.100378 -0.146384 -0.034091
v 0.121524 -0.108923 -0.045409
v 0.125268 -0.096815 -0.069041
v 0.125318 -0.096854 -0.069045
v 0.125499 -0.088261 -0.067384
v 0.127275 -0.018964 -0.066934
v 0.127267 -0.018618 -0.067084
v 0.128312 -0.013905 -0.064213
v 0.126973 -0.013170 -0.059699
v 0.127299 -0.013958 -0.064890
v 0.127281 0.017140 -0.069125
v 0.127281 0.017140 -0.069125
v 0.126784 0.067327 -0.069089
v 0.124720 0.105239 -0.068035
v 0.122235 0.106527 -0.044478
v 0.100797 0.135933 0.002814
v 0.104806 0.141267 0.004652
v 0.102640 0.139905 0.003373
v 0.102640 0.139905 0.003373
v 0.101373 0.148599 0.002638
v 0.101545 0.148570 0.002609
v 0.099819 0.151310 0.002637
v 0.096733 0.156060 0.001975
v 0.094197 0.159174 0.011433
v 0.086060 0.167284 0.011860
v 0.085595 0.167669 0.013701
v 0.087453 0.168594 0.013066
v 0.085760 0.168397 0.014165
v 0.085656 0.166317 0.015922
v 0.067935 0.169012 0.011946
v 0.052988 0.171748 0.010394
v 0.077459 0.171418 -0.007222
v 0.077460 0.171420 -0.007221
v 0.079991 0.172040 -0.019723
v 0.079991 0.172040 -0.019723
v 0.074397 0.172521 -0.031355
v 0.074397 0.172521 -0.031355
v 0.074397 0.172525 -0.031355
v 0.080485 0.172517 -0.036759
v 0.079995 0.173011 -0.042744
v 0.079995 0.173011 -0.042744
v 0.079973 0.165816 -0.050898
v 0.079973 0.165816 -0.050898
v 0.079973 0.165816 -0.050898
v 0.079650 0.166328 -0.055230
v 0.079438 0.166278 -0.056135
v 0.078403 0.167721 -0.062180
v 0.078500 0.165240 -0.057333
v 0.078658 0.166115 -0.057221
v 0.079199 0.166866 -0.058445
v 0.076309 0.164571 -0.067873
v 0.074049 0.166095 -0.063805
v 0.074049 0.166095 -0.063805
v 0.059503 0.166630 -0.068231
v 0.040943 0.168398 -0.065587
v 0.043639 0.166068 -0.072907
v 0.024936 0.168314 -0.068429
v 0.030291 0.167480 -0.068423
v 0.016976 0.172036 -0.030268
v 0.016948 0.172462 -0.044980
v 0.016991 0.173696 -0.045189
v 0.013793 0.174986 -0.045380
v 0.011798 0.174707 -0.045675
v 0.002735 0.176366 -0.048454
v 0.001414 0.181684 -0.046286
v 0.001634 0.181558 -0.046463
v 0.000350 0.184266 -0.051552
v 0.001374 0.181634 -0.046271
v 0.001634 0.181558 -0.046463
v 0.001286 0.178949 -0.045836
v 0.001286 0.178949 -0.045836
v 0.000342 0.180815 -0.049026
v -0.001353 0.181818 -0.048438
v 0.001796 0.180801 -0.047311
v -0.000212 0.177241 -0.049429
v -0.002070 0.177426 -0.052317
v -0.002653 0.177385 -0.053483
v -0.002704 0.177658 -0.053964
v -0.009133 0.178302 -0.050858
v -0.003270 0.178474 -0.054917
v -0.001772 0.179826 -0.057923
v -0.003941 0.178129 -0.056476
v -0.003976 0.178174 -0.056489
v -0.003976 0.178174 -0.056489
v -0.003976 0.178174 -0.056489
v -0.005518 0.177659 -0.056837
v -0.007610 0.179012 -0.057172
v -0.006934 0.179369 -0.057563
v -0.006202 0.179198 -0.057436
v -0.013584 0.180620 -0.056609
v -0.014914 0.179902 -0.055279
v -0.014523 0.179435 -0.055132
v -0.008740 0.183929 -0.053857
v -0.010558 0.178131 -0.055477
v -0.009393 0.183608 -0.046811
v 0.001004 0.183950 -0.036398
v 0.002966 0.182965 -0.035188
v 0.001121 0.179755 -0.029917
v 0.000999 0.179841 -0.029785
v 0.001456 0.181620 -0.023000
v 0.000389 0.183690 -0.024465
v 0.002869 0.182242 -0.019626
v 0.002696 0.182346 -0.019508
v 0.003136 0.181775 -0.009873
v 0.001822 0.180981 -0.009221
v 0.004173 0.179994 -0.007467
v 0.005038 0.180132 -0.007237
v 0.016015 0.179380 0.012774
v 0.015796 0.180901 0.012713
v 0.016196 0.179921 0.011806
v 0.015513 0.165153 0.046049
v 0.013673 0.165394 0.046176
v 0.016528 0.165087 0.046166
v -0.010104 0.147684 0.066611
v -0.014004 0.141623 0.073298
v -0.014603 0.142838 0.073678
v -0.013297 0.141569 0.073835
v -0.010498 0.138541 0.076342
v -0.011221 0.139326 0.075796
v -0.008088 0.137888 0.077107
v -0.008088 0.137888 0.077107
v -0.014046 0.134181 0.080244
v -0.013855 0.132936 0.080952
v -0.008381 0.132135 0.082297
v -0.008381 0.132135 0.082297
v -0.008381 0.132135 0.082297
v -0.008381 0.132135 0.082297
v -0.011200 0.125470 0.084534
v -0.011737 0.126193 0.084918
v 0.016020 0.077828 0.085750
v -0.010851 0.040661 0.086014
v 0.014522 0.038861 0.086132
v 0.015541 0.010529 0.085960
v 0.014070 -0.014684 0.086440
v 0.015206 -0.042202 0.085933
v -0.010701 -0.061793 0.085838
v -0.012450 -0.062107 0.088811
v -0.012590 -0.062682 0.084786
v -0.013407 -0.062303 0.085247
v -0.013501 -0.057311 0.085458
v -0.013429 -0.062168 0.085511
v -0.013663 -0.055724 0.085250
v -0.014117 -0.048021 0.083569
v -0.016926 -0.052486 0.073888
v -0.016828 -0.052406 0.073997
v -0.016839 -0.052471 0.073878
v -0.017025 -0.053643 0.073979
v -0.016750 -0.087456 0.074091
v -0.017281 -0.094037 0.075178
v -0.016572 -0.102454 0.074970
v -0.016572 -0.102454 0.074970
v -0.016687 -0.127439 0.073694
v -0.023475 -0.124988 0.074020
v -0.023292 -0.126727 0.072789
v -0.023475 -0.124988 0.074020
v -0.023475 -0.124988 0.074020
v -0.028166 -0.127313 0.072936
v -0.028449 -0.127301 0.072923
v -0.028571 -0.128048 0.072045
v -0.020266 -0.128263 0.071382
v -0.040601 -0.127746 0.072132
v -0.015609 -0.150621 0.042119
v -0.041131 -0.172997 0.009649
v -0.042140 -0.173648 0.008386
v -0.048025 -0.173547 0.000477
v -0.047905 -0.173672 0.000300
v -0.048136 -0.173361 -0.000089
v -0.050388 -0.173265 -0.001343
v -0.077319 -0.175987 -0.062467
v -0.074945 -0.175773 -0.066170
v -0.072705 -0.168887 -0.067893
v -0.073228 -0.169560 -0.067421
v -0.059106 -0.176141 -0.068527
v -0.058198 -0.176125 -0.068515
v -0.052484 -0.172926 -0.066901
v -0.051379 -0.175054 -0.068518
v -0.051192 -0.175745 -0.066669
v -0.043726 -0.174665 -0.067678
v -0.041349 -0.175538 -0.068639
v -0.042448 -0.175378 -0.067238
v -0.033458 -0.168371 -0.068580
v -0.020473 -0.168974 -0.067319
v -0.025180 -0.169063 -0.068593
v -0.020334 -0.168808 -0.068364
v -0.008905 -0.169029 -0.068458
v -0.009897 -0.168269 -0.068772
v -0.010166 -0.168354 -0.068533
v 0.000353 -0.171382 -0.065232
v 0.002223 -0.169219 -0.067155
v 0.025577 -0.165865 0.002380
v 0.042010 -0.163592 0.002467
v 0.040969 -0.165419 0.002947
v 0.039255 -0.164835 0.000695
v 0.051758 -0.165718 0.002436
v 0.050094 -0.166573 0.004703
v 0.052998 -0.165568 0.002209
v 0.079218 -0.166463 -0.000025
v 0.072220 -0.154930 0.003264
v 0.072220 -0.154930 0.003264
v 0.082089 -0.155538 0.003338
v 0.082463 -0.155329 0.003069
v 0.082585 -0.154920 0.004947
v 0.085416 -0.154775 0.002970
v 0.082205 -0.155864 0.003211
v 0.085412 -0.154627 0.004821
v 0.086459 -0.153942 0.002503
v 0.086751 -0.154195 0.002648
v 0.087226 -0.153442 0.001944
v 0.087039 -0.153372 0.004583
v 0.088108 -0.152519 0.001875
v 0.086203 -0.154907 -0.003985
v 0.098151 -0.144698 -0.017687
v 0.121707 -0.109163 -0.045154
v 0.126528 -0.018412 -0.053393
v 0.127255 -0.016199 -0.061927
v 0.125733 -0.017237 -0.063340
v 0.127231 -0.016365 -0.064188
v 0.128098 -0.010774 -0.064334
v 0.128916 -0.012486 -0.066590
v 0.130634 -0.013763 -0.064068
v 0.130034 -0.014165 -0.064274
v 0.127615 -0.013199 -0.062136
v 0.129000 -0.011428 -0.060457
v 0.128039 -0.004044 -0.052860
v 0.128279 0.010954 -0.062301
v 0.127392 0.011284 -0.063956
v 0.127270 0.010717 -0.063887
v 0.127565 0.011152 -0.063210
v 0.127239 0.013969 -0.064908
v 0.127377 0.013843 -0.064473
v 0.127565 0.014014 -0.064177
v 0.101950 0.135145 0.003042
v 0.102510 0.135431 0.003502
v 0.103160 0.136154 0.003662
v 0.106545 0.140341 0.003698
v 0.109398 0.137200 0.002753
v 0.106324 0.140774 0.003510
v 0.105649 0.141696 0.003510
v 0.085905 0.164726 0.013474
v 0.090364 0.162179 0.015600
v 0.093496 0.167435 0.017188
v 0.087012 0.164045 0.017699
v 0.045769 0.171827 0.010530
v 0.058323 0.171416 0.001615
v 0.057473 0.173362 0.000928
v 0.067821 0.171917 -0.000393
v 0.068179 0.172348 -0.001157
v 0.078993 0.173391 -0.049959
v 0.078544 0.173301 -0.049201
v 0.078544 0.173301 -0.049201
v 0.079995 0.173570 -0.054615
v 0.079995 0.173570 -0.054615
v 0.079983 0.167490 -0.058481
v 0.079983 0.167490 -0.058481
v 0.078566 0.167298 -0.065415
v 0.079490 0.166700 -0.063096
v 0.075352 0.166673 -0.062589
v 0.077112 0.166667 -0.066479
v 0.078243 0.166680 -0.067804
v 0.076599 0.166342 -0.067355
v 0.075857 0.166529 -0.067160
v 0.074930 0.174717 -0.068114
v 0.048998 0.174461 -0.068242
v 0.076076 0.174078 -0.067860
v 0.059058 0.174335 -0.068480
v 0.079785 0.173935 -0.062914
v 0.017906 0.172690 -0.035283
v 0.017338 0.173768 -0.034824
v 0.017906 0.172690 -0.035283
v 0.017589 0.173376 -0.035216
v 0.019126 0.171944 -0.040066
v 0.017631 0.174528 -0.039461
v 0.017310 0.173414 -0.040597
v 0.017310 0.173414 -0.040597
v 0.017053 0.174731 -0.045575
v 0.014983 0.175712 -0.044999
v 0.015289 0.174280 -0.047125
v 0.006619 0.177907 -0.055418
v 0.006303 0.180491 -0.053321
v 0.006111 0.184543 -0.048586
v 0.005319 0.183022 -0.047293
v 0.011589 0.184154 -0.053831
v 0.005435 0.183132 -0.046336
v 0.005435 0.183132 -0.046336
v 0.001831 0.182577 -0.044866
v 0.000771 0.185188 -0.043559
v -0.002181 0.180002 -0.044988
v -0.002885 0.182415 -0.051735
v -0.003161 0.179435 -0.054852
v -0.005921 0.182239 -0.055643
v -0.005905 0.182074 -0.055648
v -0.003750 0.183550 -0.055986
v -0.001993 0.183341 -0.058095
v -0.005906 0.180933 -0.056745
v -0.006468 0.180351 -0.057432
v -0.008278 0.180756 -0.059070
v -0.009817 0.179577 -0.055447
v -0.009014 0.181372 -0.059409
v -0.007913 0.180829 -0.058923
v -0.009794 0.181407 -0.060451
v -0.006978 0.178886 -0.058093
v -0.009683 0.182538 -0.058190
v -0.013796 0.180855 -0.056409
v -0.006396 0.190000 -0.051576
v -0.008071 0.184379 -0.053002
v -0.005743 0.182352 -0.049307
v 0.015707 0.181678 -0.034159
v 0.021067 0.180739 -0.033906
v 0.014827 0.176649 -0.033575
v 0.016685 0.179438 -0.032870
v 0.005253 0.179307 -0.022673
v 0.005890 0.179790 -0.015480
v 0.004854 0.179584 -0.017366
v 0.006758 0.180503 -0.018625
v 0.008128 0.181743 -0.016223
v 0.004843 0.182225 -0.011395
v 0.004843 0.182225 -0.011395
v 0.006037 0.175330 -0.009358
v 0.009377 0.180012 -0.009820
v 0.018429 0.184188 -0.010607
v 0.016121 0.179516 -0.011893
v 0.016138 0.180058 -0.006950
v 0.016180 0.179707 0.011788
v 0.016210 0.179791 0.011834
v 0.016432 0.175071 0.015731
v 0.011789 0.171850 0.015639
v 0.016743 0.174995 0.023525
v 0.015488 0.170192 0.034506
v 0.014722 0.170123 0.034796
v 0.016380 0.168703 0.037009
v 0.016498 0.168932 0.037309
v 0.016379 0.165313 0.043676
v 0.016803 0.165788 0.045044
v 0.016718 0.164100 0.043231
v 0.016095 0.160333 0.052115
v 0.001291 0.135259 0.079474
v 0.001291 0.135259 0.079474
v 0.006610 0.129917 0.085622
v -0.000162 0.128286 0.084908
v -0.000162 0.128286 0.084908
v 0.014968 0.106761 0.087061
v 0.015506 0.108302 0.084621
v 0.011979 0.107155 0.081251
v 0.013678 0.084856 0.083302
v 0.016295 0.051979 0.086021
v 0.015814 0.047075 0.086126
v 0.015256 0.048706 0.086250
v 0.014931 0.039201 0.085808
v 0.016009 0.042240 0.085144
v 0.015146 0.033872 0.086153
v 0.015146 0.033872 0.086153
v 0.019021 0.029829 0.087834
v 0.016070 0.026703 0.085787
v 0.015925 0.025495 0.085830
v 0.015590 0.024915 0.086229
v 0.016251 0.017712 0.086144
v 0.015624 0.014231 0.085340
v 0.013658 0.010059 0.083320
v 0.016016 0.013790 0.085637
v 0.014632 0.009057 0.086385
v 0.016808 -0.017850 0.085633
v 0.015942 -0.017969 0.086050
v 0.016308 -0.017980 0.086192
v 0.015595 -0.042482 0.084941
v 0.015961 -0.043738 0.084416
v 0.015568 -0.064799 0.085685
v -0.011496 -0.074262 0.082602
v -0.011891 -0.075072 0.085164
v -0.009977 -0.075782 0.085694
v -0.013690 -0.072788 0.085073
v -0.016270 -0.078538 0.084617
v -0.013582 -0.099389 0.084765
v -0.017716 -0.126179 0.073739
v -0.020849 -0.126974 0.073120
v -0.013934 -0.161554 0.028305
v -0.015218 -0.165660 0.022464
v -0.028638 -0.172455 0.010838
v -0.026283 -0.179196 0.014863
v -0.025853 -0.172213 0.013522
v -0.026983 -0.173426 0.011328
v -0.031405 -0.173889 0.008849
v -0.038332 -0.173856 0.006914
v -0.038332 -0.173856 0.006914
v -0.043251 -0.173075 0.000147
v -0.038263 -0.173647 -0.006975
v -0.038265 -0.173836 -0.006965
v -0.014217 -0.174884 -0.031528
v -0.073322 -0.176125 -0.067979
v -0.074615 -0.176034 -0.066733
v -0.073838 -0.176126 -0.067685
v -0.049789 -0.176034 -0.064669
v -0.040639 -0.177446 -0.067992
v -0.039102 -0.176158 -0.068551
v -0.011566 -0.173916 -0.068601
v -0.015216 -0.176160 -0.068522
v 0.000057 -0.170973 -0.068588
v 0.011565 -0.170008 -0.067838
v 0.013248 -0.169882 -0.067793
v 0.011724 -0.168321 -0.067048
v 0.012718 -0.168796 -0.067883
v 0.029413 -0.168905 -0.067382
v 0.038492 -0.165986 -0.000676
v 0.025892 -0.165732 0.002306
v 0.047911 -0.165980 0.001566
v 0.079725 -0.166669 0.001373
v 0.070653 -0.164201 0.002548
v 0.076561 -0.159791 0.002886
v 0.076561 -0.159791 0.002886
v 0.088164 -0.154580 0.002777
v 0.087669 -0.155318 0.002885
v 0.087829 -0.154253 0.002899
v 0.089858 -0.150529 0.003447
v 0.088506 -0.153144 0.002465
v 0.088650 -0.152211 -0.000947
v 0.096659 -0.145191 -0.006995
v 0.096469 -0.144364 -0.004852
v 0.106604 -0.125785 0.003868
v 0.120789 -0.108670 -0.025507
v 0.122497 -0.105560 -0.045346
v 0.127236 -0.016893 -0.063696
v 0.128387 -0.015123 -0.063013
v 0.127232 -0.017145 -0.067099
v 0.129098 -0.016589 -0.063986
v 0.132370 -0.016580 -0.063951
v 0.133101 -0.013464 -0.068204
v 0.131548 -0.004885 -0.054352
v 0.127945 -0.011523 -0.060086
v 0.127316 -0.009002 -0.059544
v 0.128102 -0.009635 -0.059087
v 0.127316 -0.009002 -0.059544
v 0.128194 0.011386 -0.062434
v 0.128367 0.010912 -0.061976
v 0.128381 0.013011 -0.064187
v 0.130188 0.012277 -0.064574
v 0.129557 0.011713 -0.063918
v 0.131268 0.014290 -0.065089
v 0.128381 0.013011 -0.064187
v 0.127680 0.013265 -0.064590
v 0.127458 0.013552 -0.064364
v 0.127628 0.014149 -0.063345
v 0.127547 0.012814 -0.061694
v 0.127461 0.014492 -0.062105
v 0.126829 0.017643 -0.054036
v 0.106081 0.125830 0.003908
v 0.102370 0.132788 0.003580
v 0.105701 0.133480 0.003839
v 0.109557 0.134518 0.004248
v 0.108940 0.136392 0.003810
v 0.107797 0.138640 0.009081
v 0.106011 0.140025 0.014812
v 0.103916 0.138424 0.011576
v 0.105892 0.141644 0.011504
v 0.103550 0.144799 0.014535
v 0.098888 0.152369 0.011044
v 0.095569 0.154439 0.011379
v 0.091899 0.161371 0.014145
v 0.086993 0.161441 0.022598
v 0.086864 0.162942 0.019650
v 0.085921 0.159594 0.024138
v 0.085296 0.156560 0.028199
v 0.084237 0.157507 0.026839
v 0.084621 0.157534 0.026761
v 0.083606 0.158054 0.026808
v 0.034000 0.169286 0.014438
v 0.029184 0.172347 0.000730
v 0.056854 0.170472 -0.001409
v 0.056847 0.175328 -0.001807
v 0.020724 0.171949 -0.018785
v 0.079882 0.173915 -0.062280
v 0.074777 0.173832 -0.062075
v 0.078468 0.173972 -0.064796
v 0.078103 0.172916 -0.068400
v 0.077156 0.172961 -0.066451
v 0.016308 0.173688 -0.031361
v 0.016333 0.172404 -0.029867
v 0.014342 0.173599 -0.030855
v 0.016355 0.174260 -0.032778
v 0.019000 0.174075 -0.031935
v 0.016398 0.174185 -0.033123
v 0.017773 0.174215 -0.032929
v 0.020845 0.171253 -0.035075
v 0.017087 0.175888 -0.046757
v 0.015288 0.175480 -0.046920
v 0.007321 0.179089 -0.057335
v 0.007694 0.177535 -0.054445
v 0.006569 0.177642 -0.055335
v 0.008336 0.180740 -0.054788
v 0.011915 0.184756 -0.055203
v 0.012663 0.183742 -0.048397
v 0.013220 0.175507 -0.051428
v 0.012663 0.183742 -0.048397
v 0.015837 0.183747 -0.036808
v 0.016363 0.183128 -0.037055
v 0.017389 0.185928 -0.033143
v 0.016029 0.180099 -0.032593
v 0.014783 0.179049 -0.030152
v 0.015474 0.178915 -0.030829
v 0.015636 0.179720 -0.030294
v 0.015728 0.180063 -0.029647
v 0.014797 0.179880 -0.022534
v 0.014153 0.184211 -0.021027
v 0.012718 0.180141 -0.022779
v 0.012016 0.180120 -0.019893
v 0.014868 0.179984 -0.021550
v 0.006466 0.180115 -0.021914
v 0.006826 0.180124 -0.022329
v 0.007131 0.180004 -0.015487
v 0.016125 0.178745 -0.013822
v 0.015155 0.170473 0.014851
v 0.014241 0.169018 0.015207
v 0.016008 0.171718 0.012908
v 0.016015 0.171760 0.013303
v 0.015160 0.169051 0.020228
v 0.016187 0.169545 0.016985
v 0.016545 0.170641 0.016966
v 0.016854 0.170828 0.017989
v 0.016854 0.170828 0.017989
v 0.017494 0.165590 0.021111
v 0.017674 0.161965 0.024786
v 0.016561 0.168594 0.036549
v 0.017661 0.164516 0.048351
v 0.018607 0.161733 0.052259
v 0.016289 0.160242 0.051127
v 0.016536 0.158959 0.053623
v 0.016606 0.160275 0.050802
v 0.016772 0.139116 0.076293
v 0.012888 0.135453 0.079324
v 0.014244 0.137046 0.079316
v 0.012888 0.135453 0.079324
v 0.008025 0.129740 0.084519
v 0.008025 0.129740 0.084519
v 0.016313 0.127413 0.084909
v 0.016393 0.113477 0.085090
v 0.017265 0.109465 0.084102
v 0.016856 0.079085 0.084692
v 0.017788 0.082171 0.086117
v 0.016488 0.068821 0.085697
v 0.018418 0.068442 0.087855
v 0.016325 0.055340 0.086340
v 0.019396 0.074351 0.074119
v 0.020691 0.038383 0.086188
v 0.016813 0.030108 0.084437
v 0.016864 0.022057 0.083647
v 0.016864 0.022057 0.083647
v 0.015805 0.012729 0.082475
v 0.016866 0.013053 0.085165
v 0.018688 0.011721 0.085465
v 0.017607 0.012655 0.082922
v 0.017779 0.011597 0.085730
v 0.021963 0.009363 0.086715
v 0.022280 0.009965 0.085681
v 0.021686 0.009142 0.083897
v 0.017103 -0.018714 0.084992
v 0.018605 -0.018469 0.085309
v 0.016502 -0.019163 0.084978
v 0.016473 -0.020005 0.079397
v 0.018561 -0.023897 0.077032
v 0.016363 -0.036617 0.085466
v 0.016904 -0.043619 0.083591
v 0.016170 -0.051975 0.085963
v 0.015214 -0.054691 0.085012
v 0.016274 -0.053336 0.085866
v 0.015576 -0.062239 0.084752
v 0.016142 -0.060845 0.083826
v 0.011383 -0.094299 0.085527
v -0.013298 -0.083808 0.085250
v -0.013451 -0.080454 0.084222
v -0.012780 -0.083302 0.085392
v -0.014171 -0.079557 0.083191
v -0.013746 -0.097789 0.085025
v -0.012559 -0.118860 0.084225
v -0.013063 -0.120024 0.084798
v -0.013272 -0.119777 0.084324
v -0.013105 -0.131935 0.083686
v -0.016456 -0.126869 0.075430
v -0.017319 -0.128419 0.072566
v -0.017215 -0.129147 0.072003
v -0.017364 -0.130965 0.069063
v -0.019254 -0.131641 0.067609
v -0.017549 -0.132659 0.067074
v -0.019254 -0.131641 0.067609
v -0.017149 -0.141611 0.055627
v -0.013874 -0.156451 0.034443
v -0.013979 -0.174239 0.011293
v -0.015667 -0.174218 0.011606
v -0.026897 -0.174872 0.000995
v -0.026951 -0.174096 0.000914
v -0.016097 -0.173677 0.000169
v -0.013781 -0.173925 -0.012785
v -0.015167 -0.176208 -0.068478
v -0.015187 -0.176141 -0.068436
v 0.043096 -0.176119 -0.068409
v 0.011931 -0.171604 -0.068571
v 0.011931 -0.171604 -0.068571
v 0.014963 -0.167821 -0.068319
v 0.020512 -0.168379 -0.068546
v 0.028164 -0.169516 -0.067585
v 0.028806 -0.169519 -0.067628
v 0.074838 -0.165805 0.001284
v 0.079998 -0.165930 0.001588
v 0.088468 -0.172116 0.000735
v 0.094775 -0.161407 0.001598
v 0.096117 -0.144765 0.003019
v 0.100392 -0.140562 0.003033
v 0.116869 -0.107390 0.003734
v 0.117609 -0.109657 -0.009253
v 0.118217 -0.111646 -0.023951
v 0.126185 -0.019394 -0.055121
v 0.127599 -0.017488 -0.060145
v 0.127704 -0.017464 -0.060574
v 0.127158 -0.016891 -0.057880
v 0.132213 -0.018922 -0.065815
v 0.132449 -0.019389 -0.065495
v 0.133314 -0.018687 -0.065464
v 0.134970 -0.019681 -0.065847
v 0.133731 -0.019050 -0.065455
v 0.134422 -0.016392 -0.066928
v 0.133767 -0.017709 -0.067257
v 0.134279 -0.013314 -0.067567
v 0.135405 -0.009496 -0.071562
v 0.134892 -0.012838 -0.067878
v 0.137066 -0.007640 -0.068760
v 0.138632 -0.009755 -0.066155
v 0.138651 -0.003074 -0.059472
v 0.132694 -0.005280 -0.053462
v 0.128815 -0.009219 -0.057602
v 0.129059 -0.009980 -0.054622
v 0.128080 -0.007555 -0.056063
v 0.127973 -0.008014 -0.056690
v 0.128218 -0.006677 -0.055019
v 0.127398 0.008287 -0.058686
v 0.127816 0.009401 -0.060314
v 0.129204 0.010806 -0.062179
v 0.130971 0.011318 -0.064344
v 0.131838 0.013985 -0.066400
v 0.132354 0.012833 -0.066438
v 0.130513 0.015539 -0.065664
v 0.130709 0.015934 -0.065456
v 0.131873 0.017445 -0.065127
v 0.132002 0.018820 -0.064176
v 0.131838 0.018011 -0.065270
v 0.131774 0.017057 -0.065702
v 0.131736 0.017598 -0.065215
v 0.130070 0.016317 -0.055078
v 0.130070 0.016317 -0.055078
v 0.126464 0.016019 -0.055610
v 0.126192 0.017064 -0.054788
v 0.124772 0.017638 -0.054463
v 0.125660 0.018161 -0.051763
v 0.122074 0.106265 -0.044146
v 0.119213 0.099430 -0.011617
v 0.115320 0.109966 -0.003205
v 0.105601 0.127463 0.003928
v 0.105632 0.126987 0.003796
v 0.104915 0.127643 0.004197
v 0.107636 0.124365 0.002398
v 0.103972 0.129675 0.004054
v 0.110761 0.131562 0.004150
v 0.110634 0.132342 0.004619
v 0.109350 0.130084 0.004153
v 0.109367 0.135803 0.003669
v 0.108557 0.136727 0.013328
v 0.109329 0.135939 0.012689
v 0.108624 0.136361 0.013881
v 0.107375 0.136991 0.015709
v 0.103486 0.144639 0.014606
v 0.085049 0.156573 0.028093
v 0.081552 0.153442 0.033452
v 0.081552 0.153428 0.033446
v 0.070994 0.125792 0.071037
v 0.034001 0.169261 0.014419
v 0.041397 0.171171 0.011465
v 0.041397 0.171171 0.011465
v 0.044659 0.172177 0.000629
v 0.044583 0.172156 -0.000030
v 0.044910 0.172033 -0.000045
v 0.028589 0.171729 -0.000288
v 0.016359 0.167527 -0.014494
v 0.015754 0.171752 -0.011248
v 0.016093 0.172143 -0.018503
v 0.015875 0.172549 -0.017900
v 0.016729 0.173589 -0.025847
v 0.016685 0.173505 -0.026770
v 0.016097 0.175627 -0.026584
v 0.016534 0.176223 -0.032338
v 0.017983 0.176057 -0.031008
v 0.016604 0.175936 -0.033103
v 0.019161 0.178889 -0.036185
v 0.019956 0.175846 -0.035383
v 0.020548 0.176216 -0.034603
v 0.021214 0.175560 -0.036953
v 0.020488 0.176042 -0.037568
v 0.020720 0.177301 -0.036247
v 0.021924 0.175443 -0.036726
v 0.020420 0.175110 -0.040949
v 0.011210 0.178856 -0.056608
v 0.010320 0.179691 -0.057631
v 0.010311 0.176902 -0.060346
v 0.007871 0.178822 -0.057435
v 0.007572 0.178605 -0.057226
v 0.006915 0.178196 -0.056992
v 0.007871 0.178822 -0.057435
v 0.012239 0.181621 -0.057624
v 0.010083 0.181257 -0.057946
v 0.010250 0.182589 -0.056705
v 0.011479 0.182067 -0.054599
v 0.013432 0.183590 -0.054401
v 0.014558 0.183690 -0.054015
v 0.017680 0.182060 -0.050625
v 0.022274 0.181457 -0.036718
v 0.020180 0.185371 -0.033027
v 0.020884 0.181398 -0.036838
v 0.019350 0.180735 -0.034566
v 0.018925 0.178001 -0.033575
v 0.017844 0.177797 -0.036454
v 0.018479 0.178929 -0.033219
v 0.016088 0.178518 -0.029488
v 0.015698 0.179406 -0.025933
v 0.016107 0.178983 -0.025256
v 0.017154 0.179437 -0.023995
v 0.016195 0.168159 -0.001938
v 0.016166 0.171406 -0.000446
v 0.016283 0.172416 0.000844
v 0.017053 0.171518 -0.000284
v 0.016166 0.171406 -0.000446
v 0.016149 0.172576 0.001108
v 0.017244 0.172428 0.000702
v 0.016753 0.172268 0.000579
v 0.014998 0.169769 0.010840
v 0.016044 0.171669 0.012235
v 0.014965 0.168224 0.015438
v 0.013983 0.168930 0.014995
v 0.014071 0.166923 0.017909
v 0.014624 0.168654 0.016458
v 0.016290 0.168605 0.018364
v 0.016843 0.167892 0.019630
v 0.015122 0.165088 0.021241
v 0.015780 0.166598 0.020218
v 0.015477 0.165644 0.021000
v 0.016355 0.165473 0.022079
v 0.015503 0.166166 0.021495
v 0.016198 0.163763 0.023323
v 0.016737 0.165333 0.023146
v 0.017150 0.164050 0.025150
v 0.016837 0.163669 0.024567
v 0.016424 0.150420 0.063183
v 0.016625 0.149092 0.064946
v 0.017043 0.137607 0.078148
v 0.016746 0.138838 0.076301
v 0.016048 0.131542 0.083829
v 0.015773 0.131015 0.083384
v 0.016642 0.130079 0.084564
v 0.014766 0.131221 0.086375
v 0.014857 0.128361 0.084654
v 0.017793 0.108238 0.079986
v 0.016974 0.134612 0.079824
v 0.017756 0.013728 0.081677
v 0.017956 0.013956 0.080905
v 0.017456 0.012768 0.082318
v 0.020692 0.013366 0.079461
v 0.020630 0.017017 0.079277
v 0.020692 0.013366 0.079461
v 0.020692 0.013366 0.079461
v 0.019580 0.014964 0.074724
v 0.024896 0.012487 0.084703
v 0.025131 0.011008 0.085240
v 0.030565 -0.015337 0.086139
v 0.030565 -0.015337 0.086139
v 0.024750 -0.014755 0.085880
v 0.030565 -0.015337 0.086139
v 0.021780 -0.017653 0.085345
v 0.023938 -0.017367 0.084802
v 0.017468 -0.019978 0.084359
v 0.019736 -0.018856 0.085686
v 0.018125 -0.019487 0.083470
v 0.018125 -0.019487 0.083470
v 0.018607 -0.023261 0.077212
v 0.016737 -0.054954 0.083875
v 0.017098 -0.061034 0.082443
v 0.016186 -0.067118 0.085875
v 0.016067 -0.067080 0.085863
v 0.015929 -0.086962 0.085619
v 0.016016 -0.085555 0.085591
v 0.015634 -0.086871 0.085613
v 0.011383 -0.094299 0.085497
v 0.011383 -0.094299 0.085497
v 0.015792 -0.104469 0.085353
v 0.014504 -0.100645 0.085402
v 0.013882 -0.101790 0.085179
v -0.007512 -0.123330 0.085042
v -0.011117 -0.127979 0.084931
v -0.012294 -0.128557 0.084640
v -0.011001 -0.128138 0.084206
v -0.013564 -0.130772 0.084337
v -0.013359 -0.132887 0.080678
v -0.016642 -0.129907 0.071982
v -0.016147 -0.132074 0.070252
v -0.017242 -0.131877 0.068074
v -0.016782 -0.132369 0.067455
v -0.017025 -0.134164 0.065252
v -0.015840 -0.132924 0.068624
v -0.016649 -0.136418 0.061609
v -0.017284 -0.134118 0.064509
v -0.015818 -0.133497 0.064365
v -0.017301 -0.141063 0.055716
v -0.018062 -0.141196 0.055153
v -0.017459 -0.149071 0.043268
v -0.014067 -0.161081 0.026781
v -0.014505 -0.165858 0.023039
v -0.014003 -0.174453 0.010966
v -0.014351 -0.174439 0.011195
v -0.024028 -0.173203 -0.000196
v -0.022110 -0.173171 -0.000071
v -0.024750 -0.173303 -0.000535
v 0.042589 -0.176182 -0.068363
v 0.030301 -0.169845 -0.068304
v 0.052145 -0.168810 -0.066958
v 0.034450 -0.168385 -0.068525
v 0.066092 -0.170665 -0.067234
v 0.060252 -0.170671 -0.066946
v 0.078835 -0.167127 -0.023559
v 0.078672 -0.167724 -0.024995
v 0.079679 -0.167367 -0.024325
v 0.079967 -0.167870 -0.013775
v 0.080009 -0.173176 0.000025
v 0.079894 -0.171675 -0.000717
v 0.080391 -0.169851 0.000991
v 0.080055 -0.170028 0.000781
v 0.095309 -0.160714 0.001907
v 0.094989 -0.157648 0.002064
v 0.096088 -0.144881 0.003174
v 0.112535 -0.115477 0.005208
v 0.115213 -0.106018 -0.022145
v 0.118353 -0.107443 -0.022879
v 0.120031 -0.108163 -0.025087
v 0.120398 -0.108227 -0.026841
v 0.124802 -0.020990 -0.036968
v 0.125822 -0.015856 -0.052378
v 0.127900 -0.018430 -0.052181
v 0.127091 -0.017163 -0.058069
v 0.133223 -0.019984 -0.056227
v 0.134686 -0.019473 -0.062875
v 0.135254 -0.017976 -0.065680
v 0.137013 -0.016010 -0.068260
v 0.136461 -0.016042 -0.067181
v 0.135575 -0.015930 -0.067514
v 0.138607 -0.013073 -0.068654
v 0.138589 -0.012523 -0.067814
v 0.138017 -0.012466 -0.069789
v 0.138528 -0.011031 -0.067789
v 0.139897 -0.005952 -0.063715
v 0.138605 -0.006241 -0.063555
v 0.138605 -0.006241 -0.063555
v 0.138725 -0.002459 -0.058968
v 0.137585 -0.003692 -0.058749
v 0.137585 -0.003692 -0.058749
v 0.132480 -0.005077 -0.053654
v 0.130813 -0.006320 -0.052459
v 0.132480 -0.005077 -0.053654
v 0.132480 -0.005077 -0.053654
v 0.132480 -0.005077 -0.053654
v 0.127917 -0.007704 -0.051427
v 0.129110 -0.007125 -0.054574
v 0.127616 -0.005292 -0.053750
v 0.127616 -0.005292 -0.053750
v 0.128222 -0.003427 -0.053250
v 0.128039 -0.003525 -0.052883
v 0.129252 0.003063 -0.054998
v 0.129329 0.005267 -0.057611
v 0.134369 0.010952 -0.068674
v 0.134205 0.016814 -0.068262
v 0.134930 0.015197 -0.066754
v 0.132330 0.017292 -0.067310
v 0.132388 0.018792 -0.046385
v 0.128323 0.015750 -0.043820
v 0.127588 0.016018 -0.045393
v 0.127165 0.015554 -0.051436
v 0.127165 0.015554 -0.051436
v 0.123189 0.014359 -0.051171
v 0.127165 0.015554 -0.051436
v 0.125540 0.017207 -0.049325
v 0.125980 0.016420 -0.048004
v 0.125886 0.016667 -0.047353
v 0.125360 0.017362 -0.047870
v 0.125081 0.018910 -0.046109
v 0.125198 0.018020 -0.045141
v 0.124763 0.017691 -0.042988
v 0.126295 0.016915 -0.042892
v 0.124726 0.018658 -0.041543
v 0.123182 0.018619 -0.042004
v 0.124485 0.019686 -0.040928
v 0.118952 0.106339 -0.013859
v 0.117764 0.106544 -0.015610
v 0.119058 0.106293 -0.014766
v 0.118981 0.106859 -0.013903
v 0.107858 0.122850 0.004028
v 0.106571 0.124614 0.004257
v 0.113222 0.130068 0.004223
v 0.114406 0.128778 0.004243
v 0.111354 0.131710 0.004433
v 0.110984 0.131556 0.004331
v 0.111588 0.131003 0.015321
v 0.109508 0.129728 0.014712
v 0.084415 0.150252 0.035057
v 0.083447 0.150661 0.035822
v 0.083745 0.150538 0.035703
v 0.082328 0.148242 0.040347
v 0.081542 0.146787 0.041854
v 0.077839 0.144535 0.045956
v 0.025335 0.171687 0.011334
v 0.025607 0.170541 0.011010
v 0.033965 0.171819 0.007781
v 0.040125 0.171031 -0.000233
v 0.040300 0.170773 0.000134
v 0.032391 0.171079 -0.000336
v 0.028721 0.171484 -0.000054
v 0.026589 0.172582 -0.000320
v 0.028597 0.171024 0.000638
v 0.019247 0.170853 0.000070
v 0.018962 0.171368 -0.005228
v 0.018962 0.171368 -0.005228
v 0.018799 0.171329 0.001521
v 0.017773 0.171907 0.000227
v 0.018801 0.171336 -0.000055
v 0.017878 0.171489 0.000666
v 0.023332 0.171825 -0.000122
v 0.025870 0.172356 0.000403
v 0.025870 0.172356 0.000403
v 0.025620 0.171825 0.000905
v 0.016739 0.165146 0.019716
v 0.015575 0.163222 0.019898
v 0.016739 0.165146 0.019716
v 0.014327 0.163276 0.021524
v 0.014327 0.163276 0.021524
v 0.014327 0.163276 0.021524
v 0.014495 0.165019 0.021275
v 0.014327 0.163276 0.021524
v 0.015211 0.163299 0.022019
v 0.014810 0.166610 0.019576
v 0.016572 0.162237 0.024414
v 0.016552 0.161997 0.024303
v 0.017308 0.157333 0.029903
v 0.017180 0.158574 0.030627
v 0.018645 0.154336 0.035321
v 0.018627 0.154866 0.034617
v 0.016966 0.155576 0.034363
v 0.018316 0.149337 0.042643
v 0.019354 0.133745 0.067038
v 0.019589 0.034217 0.074478
v 0.018298 0.015538 0.075596
v 0.019414 0.014518 0.076231
v 0.018971 0.014263 0.076688
v 0.019536 0.014426 0.075236
v 0.019670 0.014459 0.074300
v 0.019663 0.014422 0.074425
v 0.026302 0.015041 0.074147
v 0.028083 0.011358 0.073768
v 0.026302 0.015041 0.074147
v 0.032915 0.013374 0.079982
v 0.032915 0.013374 0.079982
v 0.032915 0.013374 0.079982
v 0.032915 0.013374 0.079982
v 0.031000 0.011021 0.088712
v 0.030159 0.011751 0.086252
v 0.040080 0.011901 0.084882
v 0.036430 0.010075 0.086386
v 0.036430 0.010075 0.086386
v 0.043665 -0.004208 0.086626
v 0.043665 -0.004208 0.086626
v 0.038558 -0.014727 0.083591
v 0.044712 -0.018324 0.086801
v 0.037712 -0.022545 0.088508
v 0.026239 -0.019585 0.082277
v 0.027758 -0.020064 0.080808
v 0.027600 -0.020170 0.080710
v 0.023990 -0.019636 0.083395
v 0.017938 -0.019976 0.080740
v 0.018573 -0.021230 0.077895
v 0.018591 -0.021026 0.077997
v 0.021112 -0.021355 0.076343
v 0.019877 -0.021284 0.074190
v 0.019980 -0.021428 0.074190
v 0.019785 -0.021418 0.074025
v 0.019242 -0.055311 0.074231
v 0.019547 -0.027189 0.073994
v 0.017058 -0.092413 0.082288
v 0.017058 -0.092413 0.082288
v 0.016955 -0.092445 0.082230
v 0.016163 -0.109112 0.085145
v 0.015386 -0.121528 0.083915
v 0.014729 -0.122876 0.085203
v 0.016062 -0.120197 0.084763
v 0.014729 -0.122876 0.085203
v 0.015489 -0.131567 0.085378
v -0.001844 -0.131178 0.084678
v -0.002005 -0.131259 0.084754
v -0.013297 -0.134223 0.082640
v -0.012345 -0.135718 0.080485
v -0.014315 -0.136573 0.078182
v -0.012374 -0.136393 0.075952
v -0.014875 -0.137398 0.078247
v -0.016245 -0.137165 0.064717
v -0.016343 -0.139263 0.064044
v -0.016566 -0.136631 0.061492
v -0.016976 -0.138241 0.059613
v -0.016666 -0.138884 0.059237
v -0.016372 -0.140311 0.056826
v -0.016596 -0.140019 0.057792
v -0.015838 -0.145351 0.053537
v -0.016627 -0.143116 0.053526
v -0.016103 -0.144375 0.053013
v -0.016313 -0.144773 0.051729
v -0.015690 -0.145000 0.050435
v -0.016599 -0.153589 0.043045
v -0.013513 -0.152288 0.040396
v -0.014512 -0.154241 0.037650
v -0.013986 -0.156826 0.034851
v -0.014169 -0.156772 0.035074
v -0.012337 -0.157582 0.034009
v -0.013016 -0.156919 0.034456
v -0.013016 -0.156919 0.034456
v -0.013456 -0.157092 0.034833
v -0.012347 -0.157510 0.034001
v -0.012571 -0.159649 0.028531
v -0.011105 -0.160481 0.031684
v -0.011640 -0.160133 0.029942
v -0.011552 -0.160089 0.030128
v -0.013072 -0.161487 0.029304
v -0.013350 -0.161464 0.027976
v -0.013316 -0.161613 0.028535
v -0.014199 -0.164511 0.024445
v -0.014199 -0.164511 0.024445
v -0.014199 -0.164511 0.024445
v -0.014712 -0.164963 0.024281
v -0.013741 -0.166118 0.022988
v -0.013235 -0.182121 0.010422
v -0.013279 -0.172249 0.004107
v -0.013684 -0.174514 0.007885
v -0.013471 -0.174613 0.004228
v -0.015782 -0.173954 0.001285
v -0.014101 -0.174604 0.003400
v -0.014320 -0.174611 0.000924
v -0.014101 -0.174604 0.003400
v -0.016072 -0.173508 0.000017
v -0.013670 -0.175594 -0.000316
v -0.016072 -0.173508 0.000017
v -0.015115 -0.174351 0.001003
v -0.014492 -0.173804 -0.002729
v -0.016301 -0.175615 -0.007023
v -0.013972 -0.175231 -0.007609
v -0.013668 -0.174130 -0.012724
v -0.013462 -0.174084 -0.012092
v -0.013462 -0.174084 -0.012092
v -0.014313 -0.173947 -0.013389
v -0.013203 -0.174702 -0.030661
v -0.013563 -0.174921 -0.030724
v -0.014042 -0.174577 -0.029244
v -0.013785 -0.174928 -0.029712
v -0.014396 -0.174808 -0.031968
v -0.015058 -0.175589 -0.032805
v 0.042257 -0.169663 -0.068579
v 0.061567 -0.171458 -0.068341
v 0.067508 -0.170174 -0.068241
v 0.067589 -0.169465 -0.067814
v 0.069004 -0.165634 -0.065960
v 0.063579 -0.168147 -0.059839
v 0.078427 -0.168348 -0.066334
v 0.076547 -0.167850 -0.047757
v 0.079991 -0.172838 0.000832
v 0.080099 -0.172821 0.000554
v 0.080249 -0.172770 0.000896
v 0.087558 -0.171878 0.011123
v 0.087702 -0.172041 0.008536
v 0.088269 -0.172031 0.010888
v 0.088589 -0.171602 0.000839
v 0.089082 -0.172338 0.000862
v 0.094853 -0.161244 0.001984
v 0.097705 -0.143175 0.003233
v 0.099855 -0.140443 0.003116
v 0.100915 -0.139956 0.000673
v 0.102153 -0.134059 0.003043
v 0.109635 -0.120215 0.004115
v 0.125098 -0.014899 -0.041227
v 0.127838 -0.017160 -0.047075
v 0.126969 -0.018381 -0.040412
v 0.127873 -0.017370 -0.047455
v 0.132733 -0.020403 -0.054563
v 0.132053 -0.021358 -0.053791
v 0.134609 -0.019928 -0.051817
v 0.136037 -0.019180 -0.058995
v 0.135957 -0.019234 -0.060053
v 0.135981 -0.017850 -0.065160
v 0.139613 -0.016846 -0.069720
v 0.138938 -0.015668 -0.067290
v 0.141047 -0.014665 -0.071269
v 0.145080 -0.006557 -0.065844
v 0.141670 -0.010472 -0.063897
v 0.143286 -0.009249 -0.066298
v 0.140634 -0.005598 -0.064877
v 0.141019 -0.001059 -0.060983
v 0.145126 -0.006116 -0.059161
v 0.140225 -0.002165 -0.060347
v 0.140962 -0.001855 -0.060981
v 0.138346 0.000248 -0.059666
v 0.140147 -0.001194 -0.061360
v 0.139538 -0.002205 -0.059421
v 0.139576 -0.001663 -0.059459
v 0.138308 -0.000209 -0.057609
v 0.137399 0.000140 -0.057978
v 0.138427 -0.000109 -0.058121
v 0.138163 0.000207 -0.058066
v 0.138835 -0.000398 -0.058500
v 0.137878 -0.000859 -0.056879
v 0.136550 -0.001092 -0.055114
v 0.133879 -0.002153 -0.054688
v 0.136678 -0.002174 -0.055794
v 0.135801 -0.002915 -0.055353
v 0.135801 -0.002915 -0.055353
v 0.134975 -0.002634 -0.054021
v 0.135801 -0.002915 -0.055353
v 0.134068 -0.002049 -0.052148
v 0.134582 -0.001107 -0.052853
v 0.135311 -0.001332 -0.053819
v 0.133468 -0.001702 -0.050871
v 0.132119 -0.002294 -0.050902
v 0.133468 -0.001702 -0.050871
v 0.131915 -0.001212 -0.050190
v 0.129775 -0.003292 -0.051564
v 0.131909 -0.001388 -0.049412
v 0.131677 -0.001689 -0.049876
v 0.129342 -0.003798 -0.052267
v 0.130497 0.000230 -0.050789
v 0.130497 0.000230 -0.050789
v 0.130497 0.000230 -0.050789
v 0.130497 0.000230 -0.050789
v 0.137497 0.009144 -0.068659
v 0.136554 0.009237 -0.069494
v 0.136267 0.010046 -0.068048
v 0.136253 0.013521 -0.068936
v 0.136766 0.015031 -0.070966
v 0.139400 0.013208 -0.065852
v 0.139218 0.013884 -0.067124
v 0.138714 0.012895 -0.066859
v 0.147058 0.010850 -0.060120
v 0.132503 0.018742 -0.046991
v 0.127211 0.016043 -0.045145
v 0.126484 0.015800 -0.046446
v 0.126066 0.020645 -0.037270
v 0.126399 0.016411 -0.037672
v 0.125192 0.017084 -0.037487
v 0.126399 0.016411 -0.037672
v 0.127820 0.017378 -0.037953
v 0.127515 0.018381 -0.037076
v 0.124318 0.017290 -0.036964
v 0.124674 0.017977 -0.036156
v 0.123140 0.018266 -0.028053
v 0.119164 0.102059 -0.012811
v 0.118738 0.105951 -0.010625
v 0.108775 0.120053 0.004789
v 0.116971 0.123818 0.004728
v 0.111755 0.129972 0.016014
v 0.082377 0.145005 0.042397
v 0.081642 0.146497 0.042029
v 0.078420 0.145824 0.043877
v 0.078420 0.145824 0.043877
v 0.019570 0.154157 0.035269
v 0.025448 0.171658 0.010968
v 0.025448 0.171658 0.010968
v 0.030085 0.172616 0.000805
v 0.033164 0.169764 0.002479
v 0.039196 0.171160 -0.001358
v 0.017814 0.156718 0.031031
v 0.017842 0.151783 0.037902
v 0.018027 0.146789 0.044726
v 0.017800 0.149726 0.041538
v 0.018375 0.148815 0.043742
v 0.018432 0.148406 0.044324
v 0.016892 0.144987 0.049275
v 0.018284 0.145488 0.050417
v 0.018522 0.144837 0.049558
v 0.018539 0.142510 0.053075
v 0.019236 0.142013 0.052812
v 0.019046 0.143148 0.051241
v 0.019109 0.126361 0.075410
v 0.018968 0.121538 0.073680
v 0.019461 0.120658 0.073924
v 0.020157 0.122326 0.074182
v 0.020105 0.119980 0.074037
v 0.019674 0.119771 0.074018
v 0.019430 0.036480 0.074300
v 0.019779 0.035202 0.074285
v 0.019427 0.031928 0.074343
v 0.019331 0.031497 0.074595
v 0.020434 0.018764 0.074594
v 0.020067 0.017693 0.074889
v 0.019195 0.017800 0.075399
v 0.019195 0.017800 0.075399
v 0.020801 0.019662 0.071190
v 0.029563 0.021683 0.074130
v 0.029563 0.021683 0.074130
v 0.029563 0.021683 0.074130
v 0.041692 0.014381 0.074491
v 0.041691 0.014378 0.074329
v 0.041692 0.014381 0.074491
v 0.045929 0.014391 0.074766
v 0.047529 0.014752 0.074581
v 0.043311 0.013651 0.078587
v 0.041478 0.012718 0.084487
v 0.040948 0.012666 0.084256
v 0.050956 0.012697 0.084178
v 0.050956 0.012697 0.084178
v 0.050956 0.012697 0.084178
v 0.050956 0.012697 0.084178
v 0.055342 0.008371 0.087005
v 0.060141 0.011412 0.087215
v 0.055342 0.008371 0.087005
v 0.055342 0.008371 0.087005
v 0.045655 -0.015459 0.084435
v 0.046654 -0.018416 0.086131
v 0.043628 -0.019950 0.082795
v 0.049744 -0.020745 0.073733
v 0.019780 -0.054857 0.074322
v 0.016621 -0.123881 0.084025
v 0.016201 -0.115265 0.084979
v 0.016328 -0.116005 0.084951
v 0.015941 -0.123939 0.083596
v 0.015273 -0.128205 0.085157
v 0.015758 -0.128680 0.084903
v 0.016952 -0.131964 0.084918
v -0.010661 -0.136484 0.080115
v -0.010698 -0.136553 0.079677
v -0.013470 -0.143145 0.075154
v -0.013997 -0.141247 0.075658
v -0.013684 -0.147702 0.069424
v -0.014161 -0.155275 0.058115
v -0.011260 -0.162733 0.030999
v -0.012616 -0.159202 0.032845
v -0.013323 -0.157928 0.031556
v -0.013726 -0.159876 0.032626
v -0.011694 -0.159114 0.032710
v -0.012529 -0.157846 0.033700
v -0.011292 -0.158381 0.032020
v -0.012707 -0.158682 0.031268
v -0.011292 -0.158381 0.032020
v -0.012884 -0.159571 0.029121
v -0.011392 -0.160478 0.030398
v -0.014072 -0.163618 0.029325
v -0.014223 -0.165085 0.031177
v -0.014480 -0.169605 0.023169
v -0.014537 -0.169622 0.023123
v -0.013351 -0.182046 0.013249
v -0.013376 -0.174583 0.000401
v -0.013479 -0.174939 0.003988
v -0.014598 -0.174602 0.001027
v -0.013967 -0.174511 0.000684
v -0.014736 -0.176125 -0.000371
v -0.013450 -0.174060 -0.002060
v -0.013514 -0.179462 -0.012794
v -0.013559 -0.182189 -0.012849
v -0.013269 -0.179899 -0.032559
v -0.013513 -0.176506 -0.028669
v -0.013341 -0.175808 -0.032987
v -0.013341 -0.175808 -0.032987
v -0.013848 -0.174948 -0.031881
v -0.013341 -0.175808 -0.032987
v -0.013849 -0.177174 -0.033401
v -0.014920 -0.175930 -0.035692
v -0.014995 -0.176070 -0.036064
v -0.013585 -0.176922 -0.036841
v -0.014495 -0.175301 -0.038291
v -0.014914 -0.174950 -0.043517
v -0.014618 -0.175485 -0.043468
v -0.014478 -0.175611 -0.043465
v -0.012967 -0.178015 -0.042426
v -0.015838 -0.175357 -0.043571
v -0.011219 -0.175574 -0.045366
v 0.042900 -0.176128 -0.068148
v 0.077021 -0.176184 -0.067862
v 0.077169 -0.176127 -0.067799
v 0.068948 -0.167919 -0.071052
v 0.069324 -0.169033 -0.067391
v 0.074978 -0.171145 -0.065573
v 0.075888 -0.168608 -0.065665
v 0.075185 -0.168041 -0.074186
v 0.077023 -0.168211 -0.063288
v 0.082464 -0.168278 -0.061459
v 0.079915 -0.167864 -0.048969
v 0.079972 -0.168060 -0.048440
v 0.079979 -0.176018 -0.062149
v 0.079969 -0.175987 -0.062354
v 0.078515 -0.171977 0.010571
v 0.088718 -0.170439 0.011070
v 0.088374 -0.171651 0.011465
v 0.088363 -0.171640 0.011557
v 0.087895 -0.171353 0.011058
v 0.100618 -0.136962 0.003636
v 0.102435 -0.130976 0.005461
v 0.105746 -0.125296 0.003980
v 0.107444 -0.125147 0.004209
v 0.107781 -0.124592 0.004307
v 0.108653 -0.122433 0.004690
v 0.126238 -0.019228 -0.040624
v 0.126317 -0.018378 -0.039968
v 0.126317 -0.018378 -0.039968
v 0.127333 -0.020168 -0.036239
v 0.128673 -0.019472 -0.037175
v 0.129981 -0.018756 -0.034990
v 0.131837 -0.020204 -0.047869
v 0.131191 -0.019898 -0.047250
v 0.132044 -0.020290 -0.047154
v 0.132514 -0.020855 -0.049478
v 0.135054 -0.019492 -0.050998
v 0.145169 -0.014287 -0.062043
v 0.141860 -0.011264 -0.067448
v 0.141454 -0.012284 -0.068169
v 0.145588 -0.009410 -0.067994
v 0.145125 -0.010194 -0.067740
v 0.144261 -0.010405 -0.068108
v 0.143371 -0.011669 -0.067655
v 0.145297 -0.010411 -0.067650
v 0.144940 -0.006143 -0.067142
v 0.141387 -0.001561 -0.067332
v 0.139143 -0.000847 -0.064273
v 0.139359 0.000907 -0.060480
v 0.141748 -0.000137 -0.061892
v 0.138590 0.001116 -0.059711
v 0.135702 -0.000253 -0.054242
v 0.132177 0.000660 -0.051275
v 0.132341 -0.000084 -0.050465
v 0.132124 -0.000887 -0.049765
v 0.132310 -0.000975 -0.049804
v 0.131065 0.001502 -0.052106
v 0.130395 0.000012 -0.054409
v 0.132193 0.001614 -0.052527
v 0.132842 0.002332 -0.052172
v 0.138991 0.003451 -0.063005
v 0.143353 0.009549 -0.067734
v 0.140516 0.010666 -0.067682
v 0.139744 0.010551 -0.067929
v 0.143943 0.008561 -0.068025
v 0.146086 0.009702 -0.061679
v 0.142448 0.013732 -0.060804
v 0.130651 0.010744 -0.026862
v 0.128803 0.016506 -0.032375
v 0.133826 0.014507 -0.035873
v 0.128803 0.016506 -0.032375
v 0.126349 0.017053 -0.030613
v 0.127163 0.015702 -0.020941
v 0.124275 0.017749 -0.031283
v 0.122670 0.013851 -0.030124
v 0.126075 0.017097 -0.030054
v 0.123881 0.017805 -0.034183
v 0.123677 0.018686 -0.034419
v 0.123216 0.018217 -0.028297
v 0.119150 0.068547 0.004626
v 0.118501 0.102182 -0.005617
v 0.115819 0.106070 0.003272
v 0.116583 0.106077 0.004721
v 0.115273 0.109894 0.004097
v 0.113629 0.111762 0.003388
v 0.115671 0.108242 0.005238
v 0.117031 0.123036 0.005057
v 0.115610 0.126244 0.004656
v 0.115775 0.124208 0.014404
v 0.115358 0.126140 0.014463
v 0.103023 0.110286 0.044606
v 0.081276 0.142264 0.046653
v 0.078775 0.142959 0.047852
v 0.076638 0.140050 0.048629
v 0.019019 0.139389 0.055360
v 0.018036 0.146287 0.046497
v 0.019483 0.142913 0.050512
v 0.019483 0.142913 0.050512
v 0.019764 0.140519 0.053947
v 0.018941 0.137209 0.057465
v 0.023098 0.130315 0.070387
v 0.019739 0.128419 0.071664
v 0.021476 0.128422 0.071566
v 0.021419 0.124424 0.073779
v 0.020627 0.124097 0.073506
v 0.020956 0.118747 0.074074
v 0.020343 0.034825 0.074118
v 0.020343 0.034825 0.074118
v 0.019665 0.032416 0.074012
v 0.019429 0.021237 0.073963
v 0.019429 0.021237 0.073963
v 0.056359 0.015578 0.075029
v 0.049519 0.015450 0.074034
v 0.046880 0.014514 0.075026
v 0.057955 0.012712 0.074799
v 0.056990 0.014359 0.074767
v 0.057818 0.014360 0.074286
v 0.062136 0.014465 0.075606
v 0.065908 0.016082 0.074868
v 0.061743 0.012844 0.083398
v 0.061743 0.012844 0.083398
v 0.061743 0.012844 0.083398
v 0.068728 0.012565 0.087267
v 0.061483 -0.014990 0.087240
v 0.061483 -0.014990 0.087240
v 0.060038 -0.016841 0.089599
v 0.061483 -0.014990 0.087240
v 0.058455 -0.019066 0.086774
v 0.062774 -0.021173 0.076385
v 0.019456 -0.048355 0.073979
v 0.020018 -0.054663 0.074255
v 0.019416 -0.055571 0.074264
v 0.019381 -0.081506 0.074475
v 0.019238 -0.082488 0.075005
v 0.019238 -0.082488 0.075005
v 0.019009 -0.111453 0.076222
v 0.020295 -0.115691 0.074498
v 0.018159 -0.126760 0.077131
v 0.016724 -0.124585 0.083479
v 0.016088 -0.131694 0.084593
v -0.009745 -0.142441 0.074422
v -0.012046 -0.143365 0.073949
v -0.012891 -0.143460 0.073645
v -0.013893 -0.144556 0.072334
v -0.013663 -0.146321 0.071918
v -0.011001 -0.146945 0.068155
v -0.013539 -0.150804 0.064721
v -0.014208 -0.154081 0.067203
v -0.010502 -0.155576 0.053121
v -0.012984 -0.159575 0.054474
v -0.014081 -0.166728 0.047726
v -0.013937 -0.164828 0.049589
v -0.013841 -0.167083 0.046167
v -0.013933 -0.167199 0.046790
v -0.013941 -0.166294 0.047959
v -0.013935 -0.167266 0.045667
v -0.013737 -0.168490 0.041399
v -0.013695 -0.168674 0.041532
v -0.013394 -0.168539 0.041645
v -0.013294 -0.174465 0.028592
v -0.013762 -0.174090 0.029896
v -0.011196 -0.180661 0.014652
v -0.011311 -0.180849 0.014759
v -0.012312 -0.181649 0.012951
v -0.012124 -0.182243 0.015145
v -0.013251 -0.182116 -0.017698
v -0.011969 -0.182493 -0.032309
v -0.010040 -0.179029 -0.030857
v -0.011317 -0.180963 -0.038447
v -0.013985 -0.179463 -0.032673
v -0.016244 -0.181093 -0.034084
v -0.016170 -0.177643 -0.035841
v -0.014994 -0.176513 -0.036282
v -0.015156 -0.176670 -0.036226
v -0.016140 -0.177777 -0.042097
v -0.016140 -0.177777 -0.042097
v -0.016092 -0.177919 -0.045529
v -0.014273 -0.175821 -0.044083
v -0.013528 -0.175976 -0.044739
v -0.015084 -0.176689 -0.044508
v -0.012612 -0.176015 -0.047594
v -0.013058 -0.175805 -0.044931
v -0.009106 -0.176316 -0.045199
v -0.010572 -0.176189 -0.044957
v -0.009436 -0.176464 -0.045095
v 0.078233 -0.175779 -0.065874
v 0.079466 -0.175093 -0.061233
v 0.080312 -0.172036 -0.061195
v 0.079950 -0.171928 -0.060867
v 0.016702 -0.174475 -0.025395
v 0.083251 -0.169102 0.015486
v 0.087881 -0.168633 0.014233
v 0.088071 -0.170174 0.013338
v 0.097483 -0.155922 0.013585
v 0.096872 -0.157014 0.014016
v 0.097483 -0.155922 0.013585
v 0.100720 -0.152463 0.010290
v 0.100489 -0.152264 0.010300
v 0.109108 -0.138661 0.003549
v 0.102034 -0.135788 0.005964
v 0.103632 -0.134157 0.003453
v 0.104279 -0.134413 0.003589
v 0.104594 -0.130076 0.003762
v 0.104108 -0.128352 0.004364
v 0.104576 -0.130171 0.003769
v 0.105620 -0.128404 0.004206
v 0.117534 -0.106604 0.005562
v 0.116217 -0.108951 0.005430
v 0.115669 -0.109550 0.005415
v 0.116852 -0.104624 0.004139
v 0.117416 -0.104142 0.004973
v 0.117280 -0.104558 0.004812
v 0.118702 -0.076877 0.003819
v 0.123949 -0.022535 -0.036599
v 0.124198 -0.021069 -0.037285
v 0.124128 -0.020406 -0.038402
v 0.124619 -0.019899 -0.037802
v 0.123791 -0.020038 -0.033510
v 0.124291 -0.019868 -0.034961
v 0.124748 -0.019439 -0.035620
v 0.128006 -0.018297 -0.030944
v 0.127574 -0.018877 -0.035723
v 0.127574 -0.018877 -0.035723
v 0.132484 -0.021491 -0.038706
v 0.131516 -0.021332 -0.039249
v 0.134267 -0.018219 -0.037593
v 0.132746 -0.021927 -0.041635
v 0.132648 -0.020810 -0.044756
v 0.132060 -0.020923 -0.044258
v 0.132594 -0.020663 -0.045657
v 0.144020 -0.012500 -0.066760
v 0.145877 -0.009765 -0.066717
v 0.145877 -0.009765 -0.066717
v 0.145704 -0.010215 -0.067568
v 0.145297 -0.009976 -0.067787
v 0.147277 -0.005159 -0.067133
v 0.146588 -0.006859 -0.066617
v 0.145442 -0.001729 -0.068203
v 0.144616 -0.003014 -0.065072
v 0.146113 -0.003806 -0.063210
v 0.144616 -0.003014 -0.065072
v 0.141900 0.000289 -0.064065
v 0.142575 -0.000077 -0.063201
v 0.143569 -0.000299 -0.063997
v 0.142136 0.000070 -0.062869
v 0.141106 0.002351 -0.064145
v 0.138605 0.003336 -0.062477
v 0.141860 0.002468 -0.064774
v 0.145107 0.004726 -0.063528
v 0.142273 0.004387 -0.067306
v 0.143714 0.000658 -0.063861
v 0.144838 0.008244 -0.067677
v 0.145233 0.009833 -0.065408
v 0.145872 0.009544 -0.064740
v 0.145233 0.009833 -0.065408
v 0.145614 0.010630 -0.044279
v 0.132828 0.020642 -0.037104
v 0.133436 0.020075 -0.034192
v 0.131803 0.016376 -0.031703
v 0.131921 0.016314 -0.029148
v 0.132691 0.017339 -0.030423
v 0.134449 0.017930 -0.032090
v 0.131116 0.016716 -0.029708
v 0.134582 0.017431 -0.030810
v 0.123327 0.018329 -0.027721
v 0.126076 0.024719 -0.021637
v 0.125366 0.019941 -0.025388
v 0.119676 0.040163 0.004740
v 0.115639 0.105813 0.005074
v 0.116768 0.105368 0.004778
v 0.114056 0.112005 0.004912
v 0.113327 0.111724 0.004892
v 0.113172 0.112133 0.004752
v 0.112805 0.112990 0.005156
v 0.124332 0.110744 0.007280
v 0.122448 0.113965 0.005420
v 0.122773 0.114772 0.005545
v 0.120466 0.118364 0.005081
v 0.115490 0.124484 0.015786
v 0.115489 0.122416 0.017634
v 0.115690 0.113583 0.025096
v 0.112900 0.110887 0.030458
v 0.076003 0.134640 0.058719
v 0.021599 0.135308 0.063441
v 0.019240 0.134317 0.065156
v 0.019917 0.133372 0.064516
v 0.020453 0.130770 0.065074
v 0.019866 0.130632 0.066372
v 0.022772 0.130331 0.067541
v 0.035914 0.125888 0.071951
v 0.027072 0.123857 0.074112
v 0.027072 0.123857 0.074112
v 0.027072 0.123857 0.074112
v 0.056372 0.024709 0.074171
v 0.066651 0.017286 0.074171
v 0.068495 0.016276 0.074260
v 0.082873 0.015442 0.075060
v 0.075674 0.014639 0.074249
v 0.082636 0.013244 0.074194
v 0.072256 0.012170 0.088041
v 0.074620 -0.018229 0.087023
v 0.073086 -0.017086 0.081645
v 0.074204 -0.015957 0.087652
v 0.071986 -0.019492 0.086822
v 0.071980 -0.019493 0.086836
v 0.072007 -0.019490 0.086846
v 0.060978 -0.018903 0.085822
v 0.061612 -0.019431 0.085695
v 0.063268 -0.019899 0.084072
v 0.065196 -0.018435 0.073942
v 0.058417 -0.022125 0.074808
v 0.055514 -0.020134 0.073263
v 0.020546 -0.054295 0.074021
v 0.019504 -0.073702 0.074663
v 0.019385 -0.074500 0.073996
v 0.025502 -0.087657 0.074067
v 0.025502 -0.087657 0.074062
v 0.020279 -0.094975 0.073922
v 0.020775 -0.095318 0.073573
v 0.020516 -0.116268 0.073528
v 0.020775 -0.116073 0.074085
v 0.022425 -0.117254 0.077133
v 0.019589 -0.120706 0.074379
v 0.022032 -0.120581 0.079437
v 0.019589 -0.120706 0.074379
v 0.019589 -0.120706 0.074379
v 0.019156 -0.120815 0.075047
v 0.018535 -0.124352 0.076505
v 0.019343 -0.122833 0.076283
v 0.021191 -0.128551 0.077711
v 0.016723 -0.134367 0.082136
v 0.013355 -0.138626 0.078190
v 0.013355 -0.138626 0.078190
v 0.016853 -0.142002 0.081292
v 0.013355 -0.138626 0.078190
v 0.013355 -0.138626 0.078190
v 0.007239 -0.143908 0.073454
v -0.006566 -0.143846 0.072315
v -0.005362 -0.145658 0.071544
v -0.009443 -0.151090 0.065100
v -0.014015 -0.152051 0.063487
v -0.013833 -0.154301 0.060713
v -0.012250 -0.152899 0.060366
v -0.012375 -0.160458 0.054980
v -0.013933 -0.163140 0.051299
v -0.007856 -0.166894 0.047045
v -0.010486 -0.170436 0.038811
v 0.016045 -0.175410 0.026851
v -0.003051 -0.182053 -0.008482
v -0.007352 -0.181782 -0.017957
v -0.006922 -0.182348 -0.018390
v -0.005485 -0.181320 -0.017759
v -0.004242 -0.181490 -0.019805
v -0.011813 -0.182412 -0.032355
v -0.014648 -0.184377 -0.032046
v -0.016569 -0.183507 -0.035382
v -0.015648 -0.184168 -0.033941
v -0.017138 -0.182991 -0.034412
v -0.017148 -0.183408 -0.034344
v -0.016199 -0.184379 -0.034457
v -0.011119 -0.181457 -0.040577
v -0.020009 -0.180757 -0.037949
v -0.018647 -0.178591 -0.036360
v -0.020660 -0.181287 -0.041713
v -0.020991 -0.182270 -0.042300
v -0.021569 -0.181951 -0.042420
v -0.019873 -0.180957 -0.044963
v -0.017676 -0.181540 -0.050431
v -0.017933 -0.182063 -0.052527
v -0.020651 -0.184652 -0.045703
v -0.017703 -0.182422 -0.048687
v -0.017676 -0.181540 -0.050431
v -0.014377 -0.177196 -0.045728
v -0.015632 -0.177591 -0.045632
v -0.013626 -0.177343 -0.045799
v -0.009299 -0.176817 -0.045293
v -0.010789 -0.176404 -0.044791
v -0.008575 -0.177744 -0.044172
v -0.004035 -0.175883 -0.045047
v -0.004119 -0.176220 -0.044851
v -0.004035 -0.175883 -0.045047
v -0.003014 -0.177374 -0.043768
v 0.001509 -0.176549 -0.046113
v -0.000216 -0.176112 -0.045044
v 0.017502 -0.175561 -0.044380
v 0.078125 -0.175815 -0.066479
v 0.060637 -0.173169 -0.000612
v 0.060766 -0.174710 -0.000171
v 0.058536 -0.173524 -0.000032
v 0.059808 -0.172609 0.011563
v 0.038849 -0.174206 0.010475
v 0.084835 -0.166088 0.019978
v 0.083244 -0.168994 0.015396
v 0.083244 -0.168994 0.015396
v 0.086628 -0.166518 0.017260
v 0.089635 -0.165726 0.015304
v 0.099759 -0.148861 0.017269
v 0.119702 -0.121832 0.005441
v 0.119738 -0.121739 0.005080
v 0.119658 -0.121368 0.005229
v 0.121042 -0.118300 0.005698
v 0.119729 -0.120623 0.005631
v 0.121233 -0.117581 0.005238
v 0.119248 -0.113280 0.005488
v 0.116565 -0.108675 0.005478
v 0.117002 -0.100058 0.005318
v 0.117002 -0.100058 0.005318
v 0.117278 -0.098590 0.005289
v 0.121153 -0.020973 -0.003775
v 0.123360 -0.020808 -0.026886
v 0.123169 -0.021809 -0.028017
v 0.123868 -0.020829 -0.028906
v 0.123169 -0.021809 -0.028017
v 0.124310 -0.020989 -0.032844
v 0.123484 -0.021871 -0.032633
v 0.123727 -0.020642 -0.032879
v 0.128624 -0.018973 -0.032313
v 0.128271 -0.018979 -0.032653
v 0.131421 -0.017616 -0.030788
v 0.130602 -0.020798 -0.034937
v 0.130602 -0.020798 -0.034937
v 0.131907 -0.019886 -0.032425
v 0.132571 -0.022113 -0.033962
v 0.132693 -0.022016 -0.035284
v 0.134648 -0.020528 -0.041908
v 0.134648 -0.020528 -0.041908
v 0.133330 -0.021319 -0.042054
v 0.134648 -0.020528 -0.041908
v 0.133130 -0.021497 -0.041470
v 0.146026 -0.012329 -0.036300
v 0.148744 -0.015294 -0.057191
v 0.146687 -0.012766 -0.055889
v 0.145721 -0.013752 -0.055060
v 0.144671 -0.014623 -0.058505
v 0.145343 -0.014161 -0.061286
v 0.145061 -0.012116 -0.065291
v 0.146450 -0.012257 -0.061105
v 0.149110 -0.005318 -0.063299
v 0.144599 -0.003754 -0.064594
v 0.146296 -0.001318 -0.064573
v 0.144605 0.000959 -0.067379
v 0.145467 -0.000251 -0.064483
v 0.145489 -0.000765 -0.064799
v 0.141626 0.002358 -0.064662
v 0.146349 0.002001 -0.066441
v 0.146312 0.004560 -0.067169
v 0.146745 0.003591 -0.066353
v 0.145859 0.007168 -0.066767
v 0.145837 0.006422 -0.066672
v 0.146466 0.006406 -0.065916
v 0.148004 0.010388 -0.063214
v 0.144662 0.009081 -0.062548
v 0.147868 0.012128 -0.061133
v 0.147428 0.011238 -0.059373
v 0.145800 0.011274 -0.048672
v 0.137586 0.015933 -0.030383
v 0.135948 0.017683 -0.033089
v 0.134887 0.014050 -0.028626
v 0.134213 0.014530 -0.029258
v 0.134264 0.014130 -0.029130
v 0.133668 0.014342 -0.028484
v 0.133172 0.014604 -0.028675
v 0.127786 0.016815 -0.020557
v 0.127786 0.016815 -0.020557
v 0.122788 0.018454 -0.020091
v 0.122563 0.018219 -0.020293
v 0.117459 0.087264 0.005731
v 0.117696 0.094356 0.005886
v 0.116140 0.107240 0.005339
v 0.123823 0.112618 0.006536
v 0.124088 0.112417 0.006487
v 0.123834 0.112592 0.008095
v 0.123909 0.112587 0.008093
v 0.120693 0.114702 0.015626
v 0.115858 0.124126 0.014553
v 0.112265 0.112207 0.031032
v 0.076511 0.132676 0.059580
v 0.076022 0.132556 0.059404
v 0.046853 0.123336 0.073726
v 0.035923 0.125925 0.071980
v 0.035923 0.125925 0.071980
v 0.033781 0.119639 0.074062
v 0.033781 0.119639 0.074062
v 0.045174 0.122960 0.074134
v 0.083385 0.043604 0.074441
v 0.084402 0.015161 0.074613
v 0.083991 0.015425 0.074385
v 0.084037 0.014980 0.073555
v 0.079841 0.012121 0.087875
v 0.079841 0.012121 0.087875
v 0.085707 -0.010712 0.087987
v 0.085707 -0.010712 0.087987
v 0.085707 -0.010712 0.087987
v 0.080662 -0.018795 0.087860
v 0.080662 -0.018795 0.087860
v 0.080662 -0.018795 0.087860
v 0.080662 -0.018795 0.087860
v 0.077317 -0.020072 0.083308
v 0.077317 -0.020112 0.083315
v 0.070133 -0.021704 0.074591
v 0.072710 -0.021809 0.073907
v 0.072220 -0.021434 0.073834
v 0.050910 -0.093561 0.074210
v 0.030315 -0.078151 0.074014
v 0.030315 -0.078151 0.074014
v 0.030315 -0.078151 0.074014
v 0.039164 -0.093056 0.073861
v 0.039166 -0.093048 0.074267
v 0.032555 -0.099132 0.078058
v 0.031579 -0.096307 0.073076
v 0.026429 -0.098104 0.074238
v 0.026429 -0.098104 0.074238
v 0.030255 -0.109458 0.074367
v 0.028250 -0.106045 0.083821
v 0.027642 -0.105698 0.074139
v 0.025671 -0.117826 0.074006
v 0.023865 -0.123179 0.074054
v 0.024160 -0.122896 0.075631
v 0.024267 -0.123870 0.075668
v 0.025133 -0.123168 0.073429
v 0.024704 -0.123141 0.075584
v 0.023231 -0.123783 0.074771
v 0.023081 -0.123853 0.075660
v 0.022657 -0.124116 0.074864
v 0.020453 -0.124938 0.075617
v 0.020230 -0.124402 0.075871
v 0.021064 -0.122994 0.075828
v 0.021342 -0.122048 0.076219
v 0.022862 -0.127501 0.076440
v 0.021157 -0.123908 0.074393
v 0.021255 -0.124801 0.075867
v 0.016611 -0.139140 0.076754
v 0.016545 -0.143736 0.073547
v 0.016645 -0.140325 0.075981
v 0.016474 -0.141387 0.075315
v 0.016344 -0.143120 0.073587
v 0.015618 -0.144011 0.073591
v 0.013758 -0.144891 0.072528
v 0.016414 -0.145001 0.072490
v 0.013758 -0.144891 0.072528
v 0.007233 -0.143930 0.073483
v 0.016615 -0.164509 0.049583
v 0.016104 -0.166744 0.047244
v 0.016177 -0.174834 0.027520
v 0.000282 -0.181799 0.012403
v -0.003754 -0.182201 -0.009238
v -0.002798 -0.181024 -0.010396
v -0.003376 -0.181907 -0.009606
v -0.004997 -0.183413 -0.014514
v -0.004113 -0.183557 -0.017422
v -0.002797 -0.183733 -0.016928
v -0.003998 -0.184298 -0.015873
v -0.002347 -0.187288 -0.021028
v -0.002431 -0.182346 -0.024236
v -0.002961 -0.185961 -0.023121
v -0.002834 -0.182547 -0.021765
v -0.005493 -0.177381 -0.032618
v -0.007314 -0.185710 -0.030882
v -0.005802 -0.182400 -0.029236
v -0.006014 -0.183842 -0.032832
v -0.006837 -0.183196 -0.032951
v -0.015183 -0.184529 -0.033982
v -0.014455 -0.183311 -0.036897
v -0.014724 -0.185959 -0.037889
v -0.014724 -0.185959 -0.037889
v -0.020119 -0.182992 -0.040266
v -0.020370 -0.183317 -0.040822
v -0.020277 -0.182442 -0.042022
v -0.013276 -0.183369 -0.057478
v -0.013088 -0.182632 -0.055124
v -0.015838 -0.182237 -0.055048
v -0.015814 -0.182294 -0.055047
v -0.016067 -0.178457 -0.050181
v -0.000957 -0.179035 -0.049985
v -0.001821 -0.177186 -0.046142
v -0.001756 -0.177190 -0.045874
v -0.001756 -0.177190 -0.045874
v 0.001802 -0.178542 -0.043706
v -0.000689 -0.177248 -0.045850
v 0.005459 -0.176153 -0.047399
v 0.002738 -0.176703 -0.044855
v 0.003191 -0.179843 -0.044024
v 0.014799 -0.175586 -0.045171
v 0.012316 -0.176374 -0.045977
v 0.007278 -0.176997 -0.045515
v 0.007323 -0.179603 -0.044928
v 0.014879 -0.175926 -0.045352
v 0.017149 -0.176335 -0.043191
v 0.017062 -0.175509 -0.044805
v 0.017343 -0.176253 -0.044676
v 0.018677 -0.176547 -0.042235
v 0.036432 -0.172440 -0.001281
v 0.038111 -0.174238 -0.001529
v 0.045623 -0.172784 -0.000114
v 0.043924 -0.175148 -0.001980
v 0.043142 -0.173935 0.000091
v 0.053425 -0.174822 -0.001714
v 0.053566 -0.173384 -0.000092
v 0.054004 -0.173110 -0.000364
v 0.058133 -0.173720 0.000423
v 0.053288 -0.173601 0.000011
v 0.058133 -0.173720 0.000423
v 0.058133 -0.173720 0.000423
v 0.061924 -0.173124 -0.000029
v 0.085352 -0.164523 0.020619
v 0.085735 -0.162786 0.022092
v 0.085969 -0.166304 0.018683
v 0.087897 -0.161658 0.021510
v 0.087881 -0.161641 0.021493
v 0.085381 -0.157529 0.030222
v 0.111415 -0.132979 0.014828
v 0.118976 -0.122848 0.006861
v 0.122100 -0.117805 0.006062
v 0.124226 -0.113005 0.005995
v 0.124349 -0.114167 0.005722
v 0.117486 -0.092361 0.004949
v 0.117829 -0.092523 0.005518
v 0.117863 -0.093245 0.005321
v 0.117269 -0.093557 0.005089
v 0.117413 -0.092593 0.005395
v 0.122641 -0.020229 -0.023076
v 0.124058 -0.019983 -0.023338
v 0.127461 -0.018903 -0.021811
v 0.127461 -0.018903 -0.021811
v 0.123702 -0.020501 -0.030716
v 0.123696 -0.020581 -0.031044
v 0.124454 -0.019637 -0.031033
v 0.131011 -0.018245 -0.029647
v 0.130159 -0.018206 -0.029558
v 0.130967 -0.020103 -0.031608
v 0.131751 -0.020527 -0.031147
v 0.132813 -0.021486 -0.031778
v 0.133241 -0.021458 -0.032738
v 0.132316 -0.021889 -0.033678
v 0.132749 -0.021651 -0.030991
v 0.132836 -0.022357 -0.034405
v 0.146098 -0.012945 -0.040519
v 0.146333 -0.012272 -0.041912
v 0.145233 -0.014411 -0.044918
v 0.145631 -0.012288 -0.043271
v 0.142940 -0.012365 -0.045465
v 0.146024 -0.012233 -0.047397
v 0.147039 -0.012058 -0.050125
v 0.146758 -0.012514 -0.050075
v 0.146938 -0.011572 -0.053171
v 0.147465 -0.010317 -0.054154
v 0.147434 -0.010311 -0.054160
v 0.147179 -0.013644 -0.060185
v 0.147022 -0.013141 -0.060365
v 0.147977 -0.004777 -0.061782
v 0.146523 -0.001139 -0.064415
v 0.146523 -0.001139 -0.064415
v 0.146154 0.002254 -0.066322
v 0.146671 0.001462 -0.065667
v 0.146874 0.004000 -0.066103
v 0.147829 0.006180 -0.062531
v 0.148523 0.003637 -0.062338
v 0.145913 0.009754 -0.042414
v 0.146153 0.008521 -0.040248
v 0.145547 0.010701 -0.039389
v 0.145679 0.010753 -0.039553
v 0.144249 0.012131 -0.040409
v 0.137465 0.015759 -0.030412
v 0.135330 -0.004535 -0.028421
v 0.133790 0.010296 -0.028783
v 0.135108 -0.004874 -0.028119
v 0.133166 0.015257 -0.012437
v 0.132605 0.014595 -0.009383
v 0.121939 0.018320 -0.015965
v 0.122445 0.018606 -0.017892
v 0.121992 0.018580 -0.018151
v 0.122937 0.018361 -0.019395
v 0.122223 0.019131 -0.018424
v 0.124642 0.018466 -0.019191
v 0.122914 0.018055 -0.020045
v 0.122730 0.018087 -0.020260
v 0.122016 0.026589 -0.016408
v 0.122016 0.026589 -0.016408
v 0.112910 0.018337 -0.015286
v 0.118274 0.081721 0.005532
v 0.124169 0.109303 0.006750
v 0.125629 0.084665 0.005818
v 0.123067 0.111079 0.014483
v 0.123216 0.111294 0.014612
v 0.121777 0.115126 0.016028
v 0.111547 0.103356 0.033359
v 0.111497 0.110863 0.032784
v 0.103675 0.110381 0.044574
v 0.101419 0.109026 0.048058
v 0.103255 0.111353 0.044007
v 0.085324 0.116431 0.064208
v 0.076412 0.131898 0.061914
v 0.074307 0.129312 0.065705
v 0.074351 0.130021 0.064860
v 0.074289 0.128439 0.066995
v 0.067558 0.125601 0.071152
v 0.069626 0.123585 0.067727
v 0.063840 0.123235 0.073988
v 0.065956 0.123021 0.073524
v 0.063363 0.122845 0.073517
v 0.043513 0.125015 0.072957
v 0.045116 0.123687 0.073567
v 0.042470 0.117491 0.074060
v 0.075937 0.119273 0.074420
v 0.081704 0.097996 0.074332
v 0.081303 0.073655 0.074408
v 0.079066 0.076341 0.072349
v 0.086868 0.014432 0.070546
v 0.092257 0.015760 0.063371
v 0.096186 0.015082 0.069713
v 0.093527 0.013329 0.081635
v 0.089008 0.012601 0.086232
v 0.089591 0.012356 0.087160
v 0.089625 0.012241 0.087244
v 0.087434 0.005721 0.088028
v 0.087434 0.005721 0.088028
v 0.087434 0.005721 0.088028
v 0.093331 0.012491 0.086152
v 0.093636 -0.005361 0.085248
v 0.092435 -0.002333 0.082723
v 0.093501 -0.019792 0.087602
v 0.090747 -0.018109 0.088102
v 0.091785 -0.018794 0.087728
v 0.090747 -0.018109 0.088102
v 0.085832 -0.020197 0.083450
v 0.087623 -0.020402 0.083069
v 0.089172 -0.019903 0.084498
v 0.085832 -0.020197 0.083450
v 0.081327 -0.021433 0.074521
v 0.080966 -0.021313 0.076097
v 0.076472 -0.021465 0.074865
v 0.076188 -0.022124 0.073907
v 0.076531 -0.021353 0.074811
v 0.073590 -0.022205 0.074330
v 0.070041 -0.027009 0.074122
v 0.069989 -0.026609 0.074060
v 0.079255 -0.074075 0.072044
v 0.072334 -0.063647 0.074057
v 0.072334 -0.063647 0.074057
v 0.063219 -0.094988 0.074122
v 0.048261 -0.090349 0.075177
v 0.035623 -0.103981 0.074182
v 0.036750 -0.103517 0.074583
v 0.036750 -0.103517 0.074583
v 0.036750 -0.103517 0.074583
v 0.031655 -0.098742 0.074689
v 0.031171 -0.099952 0.075312
v 0.031116 -0.099760 0.075394
v 0.032598 -0.108599 0.076459
v 0.033628 -0.108440 0.077414
v 0.031670 -0.108499 0.075062
v 0.032411 -0.107644 0.075866
v 0.032138 -0.108815 0.076131
v 0.031807 -0.110387 0.074585
v 0.031443 -0.111758 0.075514
v 0.031755 -0.110211 0.074600
v 0.031425 -0.109761 0.074343
v 0.028835 -0.114402 0.074050
v 0.031358 -0.113897 0.077514
v 0.028835 -0.114402 0.074050
v 0.028074 -0.124769 0.075715
v 0.032550 -0.124173 0.075849
v 0.030528 -0.123937 0.076074
v 0.029758 -0.124169 0.075998
v 0.026716 -0.125387 0.075749
v 0.027478 -0.125200 0.076235
v 0.027478 -0.125200 0.076235
v 0.023989 -0.124079 0.076574
v 0.021571 -0.121462 0.076165
v 0.024658 -0.121781 0.075648
v 0.021571 -0.121462 0.076165
v 0.025796 -0.118683 0.076659
v 0.024368 -0.121097 0.077160
v 0.026333 -0.119204 0.078359
v 0.025328 -0.120168 0.078170
v 0.025328 -0.120168 0.078170
v 0.025328 -0.120168 0.078170
v 0.025824 -0.119367 0.077314
v 0.025328 -0.120168 0.078170
v 0.019672 -0.128560 0.074152
v 0.016294 -0.144282 0.072757
v 0.016978 -0.147107 0.071638
v 0.015584 -0.149343 0.066442
v 0.017722 -0.152881 0.068472
v 0.014453 -0.149034 0.067521
v 0.015638 -0.159320 0.054750
v 0.001109 -0.182075 -0.003103
v 0.003855 -0.180392 -0.008662
v -0.001574 -0.182326 -0.008572
v -0.000878 -0.181271 -0.011533
v -0.000383 -0.181263 -0.011173
v -0.001590 -0.182339 -0.008620
v -0.003876 -0.183080 -0.011003
v -0.002730 -0.182821 -0.009688
v -0.000250 -0.184487 -0.019474
v 0.001247 -0.183994 -0.020192
v -0.001732 -0.183272 -0.020490
v -0.001700 -0.182394 -0.023703
v -0.002926 -0.182330 -0.024731
v 0.002843 -0.181369 -0.030581
v 0.000679 -0.186179 -0.034501
v -0.003158 -0.184686 -0.035240
v -0.000775 -0.185843 -0.032678
v -0.001756 -0.187050 -0.040951
v -0.010770 -0.185304 -0.053886
v -0.010676 -0.183348 -0.059767
v -0.010029 -0.183391 -0.060374
v -0.003303 -0.180060 -0.055885
v -0.003366 -0.180081 -0.056405
v -0.003765 -0.180167 -0.055505
v -0.003571 -0.180317 -0.056269
v -0.002467 -0.179145 -0.052683
v -0.004877 -0.180561 -0.052536
v -0.000217 -0.178946 -0.048441
v 0.000707 -0.179305 -0.046902
v 0.000619 -0.178650 -0.047163
v 0.000937 -0.178974 -0.047036
v 0.001241 -0.180921 -0.046056
v 0.001896 -0.179304 -0.046944
v 0.005825 -0.182583 -0.046495
v 0.003747 -0.179514 -0.050398
v 0.005816 -0.178264 -0.048763
v 0.008917 -0.176975 -0.047755
v 0.016858 -0.180430 -0.048597
v 0.017680 -0.177029 -0.044874
v 0.017678 -0.177003 -0.044887
v 0.017622 -0.179092 -0.048183
v 0.016935 -0.176461 -0.041436
v 0.017969 -0.175100 -0.038003
v 0.017287 -0.175260 -0.040580
v 0.017771 -0.175998 -0.037492
v 0.030064 -0.173228 -0.000159
v 0.030690 -0.173239 -0.000052
v 0.026677 -0.173963 0.000030
v 0.038116 -0.173513 0.000142
v 0.038849 -0.173371 0.000153
v 0.038849 -0.173371 0.000153
v 0.042592 -0.174334 0.000198
v 0.037402 -0.174750 0.000757
v 0.042091 -0.174580 0.000094
v 0.082584 -0.156196 0.031041
v 0.079793 -0.158872 0.028846
v 0.079793 -0.158872 0.028846
v 0.084384 -0.161453 0.025140
v 0.084384 -0.161453 0.025140
v 0.085245 -0.158364 0.030813
v 0.084662 -0.156335 0.030684
v 0.084061 -0.154467 0.033134
v 0.085967 -0.153866 0.031946
v 0.109204 -0.137622 0.013445
v 0.110611 -0.132515 0.014791
v 0.111680 -0.134237 0.012382
v 0.122357 -0.116590 0.014508
v 0.124804 -0.113089 0.006377
v 0.125155 -0.086892 0.006043
v 0.124792 -0.087507 0.006644
v 0.124836 -0.087988 0.006235
v 0.118626 -0.074862 0.005369
v 0.117468 -0.089286 0.005357
v 0.116664 -0.078776 0.005504
v 0.119730 -0.051077 0.005129
v 0.121394 -0.020318 -0.006034
v 0.131829 -0.017000 -0.012103
v 0.130484 -0.018157 -0.011184
v 0.130484 -0.018157 -0.011184
v 0.131704 -0.016280 -0.018378
v 0.132439 -0.016685 -0.018074
v 0.132781 -0.016215 -0.016677
v 0.133630 -0.017289 -0.022275
v 0.133491 -0.015467 -0.017202
v 0.133348 -0.017467 -0.029126
v 0.133680 -0.017296 -0.028899
v 0.133264 -0.017948 -0.029644
v 0.132487 -0.017660 -0.029114
v 0.132923 -0.021587 -0.030804
v 0.132647 -0.021650 -0.030933
v 0.133150 -0.021401 -0.030765
v 0.134118 -0.020899 -0.031792
v 0.136631 -0.020620 -0.030598
v 0.140867 -0.016226 -0.032099
v 0.140918 -0.015963 -0.032885
v 0.139733 -0.016129 -0.031552
v 0.143121 -0.014682 -0.034409
v 0.141426 -0.012034 -0.032435
v 0.143121 -0.014682 -0.034409
v 0.145475 -0.012532 -0.034237
v 0.143252 -0.010347 -0.032302
v 0.146647 -0.009958 -0.046166
v 0.146647 -0.009958 -0.046166
v 0.146647 -0.009958 -0.046166
v 0.147325 -0.005549 -0.047866
v 0.147461 -0.006224 -0.048782
v 0.148419 -0.005939 -0.049393
v 0.148325 -0.009267 -0.057898
v 0.149393 -0.006360 -0.059089
v 0.148073 -0.000972 -0.061691
v 0.148310 -0.001439 -0.059932
v 0.147637 0.001009 -0.060136
v 0.148371 0.001149 -0.061182
v 0.148274 0.003350 -0.062872
v 0.148918 0.003295 -0.059379
v 0.148112 0.002989 -0.060079
v 0.147584 0.002358 -0.044616
v 0.148897 0.003992 -0.044102
v 0.146958 0.002201 -0.044231
v 0.146601 0.007472 -0.041101
v 0.145936 0.011060 -0.038390
v 0.139186 0.008295 -0.035328
v 0.140093 0.010512 -0.033559
v 0.141080 0.012249 -0.030708
v 0.142745 0.011891 -0.031088
v 0.139218 0.008903 -0.029660
v 0.139218 0.008903 -0.029660
v 0.132397 0.014773 -0.009949
v 0.122780 0.012738 -0.010251
v 0.127393 0.016901 -0.008926
v 0.127393 0.016901 -0.008926
v 0.127393 0.016901 -0.008926
v 0.121183 0.015565 -0.013473
v 0.122036 0.018435 -0.013430
v 0.121825 0.019302 -0.012443
v 0.121869 0.021231 -0.013104
v 0.121638 0.021458 -0.012899
v 0.120906 0.018022 -0.005980
v 0.118997 0.067698 0.005034
v 0.119457 0.066540 0.005269
v 0.118778 0.068767 0.004710
v 0.118790 0.069215 0.003165
v 0.124746 0.081879 0.005980
v 0.122479 0.086094 0.005589
v 0.124740 0.093843 0.005703
v 0.122912 0.095459 0.015578
v 0.123503 0.095465 0.015634
v 0.078943 0.114207 0.073877
v 0.075337 0.126234 0.068386
v 0.074721 0.126143 0.067952
v 0.072002 0.123764 0.072009
v 0.075337 0.126234 0.068386
v 0.074309 0.128191 0.067341
v 0.067663 0.121228 0.074044
v 0.080008 0.111558 0.074135
v 0.083360 0.073153 0.073022
v 0.084344 0.071131 0.072664
v 0.085388 0.064055 0.072111
v 0.086080 0.060148 0.076763
v 0.082770 0.057425 0.074678
v 0.090558 0.015163 0.066310
v 0.091662 0.015378 0.065459
v 0.092602 0.012328 0.061714
v 0.092836 0.014764 0.065469
v 0.096184 0.015164 0.069724
v 0.099324 0.019444 0.085589
v 0.093823 0.013392 0.081694
v 0.096647 0.011957 0.085712
v 0.095269 0.011835 0.086836
v 0.092996 0.012383 0.085980
v 0.094327 -0.013273 0.088173
v 0.094537 -0.019042 0.087938
v 0.093381 -0.021246 0.086607
v 0.095036 -0.022737 0.088463
v 0.094306 -0.019250 0.087845
v 0.090172 -0.020136 0.084209
v 0.084389 -0.021291 0.074112
v 0.081303 -0.021544 0.074549
v 0.081723 -0.021778 0.073956
v 0.083279 -0.021419 0.074965
v 0.081230 -0.021477 0.074782
v 0.082606 -0.051591 0.076281
v 0.080116 -0.048522 0.074061
v 0.082739 -0.051851 0.073842
v 0.081782 -0.070685 0.073980
v 0.082243 -0.067004 0.074071
v 0.082243 -0.067004 0.074071
v 0.081758 -0.071295 0.074075
v 0.081895 -0.072617 0.073694
v 0.084156 -0.076233 0.072851
v 0.084087 -0.077600 0.071631
v 0.084707 -0.084718 0.072887
v 0.081045 -0.077819 0.074104
v 0.073542 -0.097958 0.073261
v 0.059147 -0.095248 0.074851
v 0.059145 -0.095534 0.074685
v 0.059559 -0.094824 0.074190
v 0.057862 -0.094956 0.075757
v 0.057192 -0.094406 0.074347
v 0.054299 -0.096596 0.076151
v 0.054811 -0.096142 0.074548
v 0.047935 -0.090954 0.073914
v 0.040049 -0.111176 0.075783
v 0.039912 -0.109865 0.076861
v 0.040042 -0.111217 0.075867
v 0.038296 -0.109311 0.076124
v 0.042809 -0.110153 0.073447
v 0.039048 -0.110326 0.076558
v 0.040042 -0.111217 0.075867
v 0.038600 -0.110035 0.076445
v 0.037619 -0.108900 0.076366
v 0.036890 -0.107937 0.075697
v 0.037075 -0.108099 0.075763
v 0.036135 -0.106460 0.075594
v 0.035766 -0.106133 0.075995
v 0.035772 -0.106120 0.075763
v 0.030456 -0.097561 0.075711
v 0.030026 -0.096638 0.075421
v 0.030711 -0.096177 0.075955
v 0.030711 -0.096177 0.075955
v 0.030864 -0.099849 0.075969
v 0.027498 -0.092906 0.076603
v 0.030864 -0.099849 0.075969
v 0.035401 -0.108617 0.076872
v 0.035401 -0.108617 0.076872
v 0.035401 -0.108617 0.076872
v 0.035401 -0.108617 0.076872
v 0.032458 -0.110345 0.076926
v 0.032117 -0.109631 0.077001
v 0.032074 -0.110553 0.075945
v 0.032666 -0.112856 0.076103
v 0.032536 -0.112680 0.076359
v 0.032122 -0.112599 0.076777
v 0.032301 -0.113465 0.075514
v 0.032122 -0.112599 0.076777
v 0.033037 -0.114040 0.074692
v 0.032288 -0.115071 0.080181
v 0.033064 -0.113725 0.075197
v 0.033116 -0.123936 0.075208
v 0.033116 -0.123936 0.075208
v 0.033116 -0.123936 0.075208
v 0.033116 -0.123936 0.075208
v 0.033116 -0.123936 0.075208
v 0.032188 -0.123422 0.076564
v 0.024844 -0.121654 0.077025
v 0.029358 -0.117611 0.079188
v 0.029358 -0.117611 0.079188
v 0.030968 -0.121653 0.076490
v 0.028641 -0.123742 0.075419
v 0.029773 -0.123599 0.077385
v 0.027452 -0.126295 0.075794
v 0.026789 -0.127192 0.075048
v 0.020971 -0.130707 0.071056
v 0.020976 -0.128007 0.070395
v 0.019706 -0.131217 0.073379
v 0.020437 -0.130523 0.070691
v 0.020971 -0.130707 0.071056
v 0.020971 -0.130707 0.071056
v 0.019351 -0.129805 0.071969
v 0.019955 -0.130430 0.069913
v 0.019351 -0.129805 0.071969
v 0.019635 -0.136943 0.062476
v 0.016795 -0.148548 0.066865
v 0.016449 -0.150459 0.064821
v 0.012974 -0.159859 0.055050
v 0.012974 -0.159859 0.055050
v 0.016056 -0.161198 0.052680
v 0.016176 -0.160590 0.053277
v 0.016227 -0.166379 0.047601
v 0.016744 -0.166684 0.047776
v 0.015662 -0.173693 0.030590
v 0.016339 -0.173870 0.029821
v 0.016369 -0.174980 0.026982
v 0.015543 -0.182224 0.011582
v 0.015872 -0.182152 0.013243
v 0.015789 -0.181570 0.013048
v 0.009042 -0.181584 0.012504
v 0.015539 -0.182255 -0.014643
v 0.009627 -0.182867 -0.014797
v 0.003771 -0.184415 -0.007670
v 0.003294 -0.182582 -0.007795
v 0.005356 -0.182821 -0.010684
v 0.000754 -0.181253 -0.011117
v 0.003609 -0.183648 -0.019914
v 0.001679 -0.183033 -0.021576
v 0.000206 -0.182603 -0.022224
v 0.001816 -0.182233 -0.023496
v 0.000935 -0.182470 -0.021937
v 0.002417 -0.180685 -0.031713
v 0.009089 -0.184451 -0.032606
v -0.005872 -0.185175 -0.035778
v -0.003980 -0.185673 -0.046433
v -0.007112 -0.190000 -0.052864
v -0.007581 -0.187452 -0.053808
v -0.008980 -0.186691 -0.053415
v -0.008481 -0.186885 -0.053771
v -0.008669 -0.184767 -0.058114
v -0.008958 -0.183561 -0.059191
v -0.009020 -0.182854 -0.057625
v -0.009702 -0.183418 -0.060169
v -0.007513 -0.182035 -0.058781
v -0.004049 -0.182536 -0.055597
v -0.003888 -0.182283 -0.055028
v -0.002850 -0.182703 -0.053920
v -0.001336 -0.183752 -0.051699
v 0.000983 -0.183899 -0.046828
v 0.000254 -0.183921 -0.047989
v 0.000015 -0.183776 -0.048195
v 0.001303 -0.184001 -0.046075
v 0.001172 -0.181209 -0.045956
v 0.001274 -0.183665 -0.044916
v 0.001264 -0.184265 -0.045779
v 0.000444 -0.184061 -0.047517
v 0.002007 -0.185573 -0.048625
v 0.004265 -0.183705 -0.051023
v 0.004413 -0.182853 -0.052350
v 0.004138 -0.182561 -0.052815
v 0.004733 -0.180319 -0.057006
v 0.004106 -0.179517 -0.052222
v 0.018013 -0.178522 -0.048810
v 0.018001 -0.178924 -0.049491
v 0.020443 -0.178597 -0.049455
v 0.019317 -0.180835 -0.046274
v 0.018809 -0.180845 -0.042057
v 0.017893 -0.183336 -0.043861
v 0.019060 -0.177324 -0.038672
v 0.019236 -0.173858 -0.038362
v 0.019060 -0.177324 -0.038672
v 0.017565 -0.176366 -0.037329
v 0.017630 -0.175426 -0.037068
v 0.017677 -0.175429 -0.037457
v 0.016998 -0.175921 -0.037224
v 0.016225 -0.174672 -0.023281
v 0.017406 -0.173557 -0.005566
v 0.016320 -0.173985 -0.011977
v 0.015984 -0.175283 -0.005272
v 0.016844 -0.174614 -0.005478
v 0.016494 -0.174486 -0.007780
v 0.016761 -0.174725 -0.004628
v 0.016257 -0.173832 0.000001
v 0.017097 -0.175471 -0.001300
v 0.020764 -0.173429 0.000116
v 0.026106 -0.174320 0.000153
v 0.026106 -0.174320 0.000153
v 0.026001 -0.174702 -0.000185
v 0.031764 -0.173623 0.000325
v 0.034990 -0.173126 0.001369
v 0.040424 -0.162591 0.026164
v 0.067636 -0.156474 0.032786
v 0.067636 -0.156474 0.032786
v 0.082971 -0.154534 0.034800
v 0.098330 -0.135883 0.031584
v 0.120258 -0.121404 0.014563
v 0.122239 -0.114924 0.015423
v 0.121685 -0.115613 0.015869
v 0.124729 -0.096087 0.015657
v 0.125207 -0.083559 0.005849
v 0.115515 -0.080058 0.006017
v 0.118742 -0.073280 0.005318
v 0.119483 -0.067217 0.004300
v 0.119027 -0.064164 0.004516
v 0.118663 -0.066992 0.004491
v 0.120724 -0.022352 -0.003978
v 0.121042 -0.021326 -0.003868
v 0.121057 -0.020357 -0.007197
v 0.126433 -0.019159 0.004564
v 0.125747 -0.020442 0.005033
v 0.125158 -0.019589 0.003570
v 0.130088 -0.018280 -0.000401
v 0.135809 -0.023010 -0.002695
v 0.132899 -0.017552 -0.007243
v 0.132900 -0.016816 -0.009090
v 0.132764 -0.016891 -0.010669
v 0.132929 -0.016940 -0.011548
v 0.133492 -0.017293 -0.013243
v 0.133792 -0.008307 -0.024760
v 0.134584 -0.017478 -0.029384
v 0.133692 -0.015586 -0.027776
v 0.133751 -0.017326 -0.029132
v 0.133988 -0.017901 -0.030001
v 0.137955 -0.017241 -0.030935
v 0.135868 -0.018557 -0.030350
v 0.141282 -0.014345 -0.030881
v 0.143610 -0.010555 -0.028154
v 0.141788 -0.013425 -0.032374
v 0.139745 -0.013744 -0.030058
v 0.144356 -0.012636 -0.032252
v 0.143725 -0.013076 -0.030916
v 0.145049 -0.011042 -0.031493
v 0.147465 -0.005346 -0.039889
v 0.147074 -0.005368 -0.040078
v 0.145779 -0.004553 -0.042519
v 0.146933 -0.007495 -0.043806
v 0.147011 -0.003751 -0.047614
v 0.148632 -0.004990 -0.052959
v 0.146617 -0.005059 -0.057015
v 0.150065 -0.005152 -0.055900
v 0.152191 -0.001399 -0.056545
v 0.149060 -0.006159 -0.059550
v 0.149170 -0.005467 -0.059212
v 0.147913 -0.000490 -0.057769
v 0.148030 -0.001089 -0.059204
v 0.146360 0.002373 -0.054731
v 0.148773 0.004494 -0.056380
v 0.148278 0.002436 -0.053466
v 0.147114 -0.000788 -0.051934
v 0.148443 -0.000985 -0.053235
v 0.149936 -0.001169 -0.043164
v 0.144930 -0.000399 -0.043279
v 0.146735 0.001469 -0.043551
v 0.147189 0.003538 -0.042490
v 0.147070 0.004218 -0.042965
v 0.151424 0.002112 -0.041130
v 0.147933 0.002726 -0.037459
v 0.145115 0.007901 -0.031714
v 0.145410 0.008941 -0.032766
v 0.140498 0.007155 -0.032872
v 0.144129 0.005797 -0.030142
v 0.142564 0.010461 -0.030457
v 0.143117 0.009692 -0.029939
v 0.143587 0.008344 -0.030391
v 0.143424 0.006161 -0.029952
v 0.144203 0.004105 -0.030497
v 0.143941 0.005706 -0.030192
v 0.142403 -0.000234 -0.030045
v 0.134585 -0.004128 -0.028549
v 0.133179 0.015368 0.000843
v 0.133361 0.013389 -0.007709
v 0.133875 0.015921 0.000444
v 0.133148 0.015283 -0.000899
v 0.126596 0.017218 0.006212
v 0.120621 0.018075 -0.008508
v 0.123405 0.017956 -0.002389
v 0.122195 0.018652 -0.009522
v 0.123269 0.017970 -0.009912
v 0.121226 0.018402 -0.006036
v 0.117006 0.041843 0.005266
v 0.118522 0.059060 0.006377
v 0.125395 0.066602 0.006080
v 0.125069 0.063909 0.005840
v 0.124775 0.063177 0.005652
v 0.119675 0.067022 0.005536
v 0.124954 0.081311 0.006057
v 0.124787 0.086158 0.005814
v 0.124272 0.083773 0.014640
v 0.117110 0.030405 0.027652
v 0.074637 0.119981 0.074074
v 0.079945 0.112218 0.073765
v 0.079522 0.113460 0.071663
v 0.078260 0.112898 0.074180
v 0.081109 0.111094 0.074085
v 0.081109 0.111094 0.074085
v 0.082061 0.095386 0.073420
v 0.081314 0.098553 0.073661
v 0.082799 0.092182 0.073180
v 0.082760 0.080474 0.074784
v 0.091946 0.017320 0.063447
v 0.092297 0.015899 0.063396
v 0.093799 0.015521 0.061093
v 0.093799 0.015521 0.061093
v 0.096136 0.014824 0.059943
v 0.096717 0.014932 0.060496
v 0.096717 0.014932 0.060496
v 0.098837 0.014175 0.056688
v 0.096179 0.014766 0.059497
v 0.102590 0.015753 0.057927
v 0.103372 0.014306 0.060074
v 0.103895 0.012175 0.072860
v 0.101714 0.013847 0.069408
v 0.100100 0.013392 0.077754
v 0.101138 0.015899 0.079335
v 0.097111 0.011780 0.083567
v 0.097526 0.011368 0.082962
v 0.097786 -0.017981 0.082930
v 0.087533 -0.021255 0.076508
v 0.084304 -0.021145 0.074007
v 0.085223 -0.022546 0.076893
v 0.084893 -0.020701 0.073484
v 0.087001 -0.030179 0.077243
v 0.083511 -0.037301 0.073942
v 0.083776 -0.030280 0.072893
v 0.083569 -0.036742 0.073314
v 0.084043 -0.038335 0.074436
v 0.083406 -0.052051 0.074003
v 0.086089 -0.061726 0.070594
v 0.086087 -0.061720 0.070587
v 0.086089 -0.061726 0.070594
v 0.082386 -0.096554 0.072976
v 0.083814 -0.096387 0.076643
v 0.073988 -0.098871 0.074197
v 0.076295 -0.111146 0.074491
v 0.062079 -0.100684 0.074583
v 0.057990 -0.096127 0.074792
v 0.058492 -0.096015 0.074889
v 0.052451 -0.116248 0.074940
v 0.042243 -0.111954 0.076673
v 0.042147 -0.112211 0.076337
v 0.042305 -0.108843 0.078234
v 0.039146 -0.109991 0.076864
v 0.030551 -0.091523 0.077006
v 0.030034 -0.097037 0.075880
v 0.030170 -0.097607 0.075736
v 0.032213 -0.088339 0.077760
v 0.041369 -0.092449 0.079747
v 0.041335 -0.092298 0.079431
v 0.035123 -0.116704 0.075683
v 0.033668 -0.113394 0.075974
v 0.036147 -0.118981 0.074937
v 0.035123 -0.116704 0.075683
v 0.039269 -0.121723 0.075885
v 0.041914 -0.122146 0.076045
v 0.041841 -0.122558 0.076458
v 0.041959 -0.122007 0.075931
v 0.041002 -0.122827 0.076840
v 0.037253 -0.122581 0.077397
v 0.033979 -0.121725 0.078090
v 0.040596 -0.123398 0.077587
v 0.035155 -0.121901 0.077835
v 0.034241 -0.121408 0.078417
v 0.034399 -0.116737 0.079147
v 0.031997 -0.117025 0.079261
v 0.035127 -0.117069 0.079721
v 0.032733 -0.123240 0.077552
v 0.032941 -0.123721 0.073037
v 0.033034 -0.125417 0.076053
v 0.022170 -0.133042 0.069592
v 0.021903 -0.131958 0.068258
v 0.021575 -0.133613 0.068089
v 0.021681 -0.132326 0.068402
v 0.022930 -0.131535 0.068990
v 0.023117 -0.131894 0.068554
v 0.022317 -0.131648 0.067937
v 0.022317 -0.131648 0.067937
v 0.025692 -0.131693 0.065528
v 0.023693 -0.131182 0.069452
v 0.024704 -0.131895 0.068408
v 0.023810 -0.131274 0.069376
v 0.021241 -0.128743 0.068263
v 0.023448 -0.129734 0.069195
v 0.020374 -0.130972 0.068983
v 0.020010 -0.134755 0.066048
v 0.019830 -0.134216 0.065171
v 0.016047 -0.159697 0.054696
v 0.016950 -0.162975 0.046337
v 0.017334 -0.161102 0.029207
v 0.017679 -0.166626 0.025137
v 0.017124 -0.170697 0.020541
v 0.018542 -0.170040 0.017505
v 0.015873 -0.173010 0.016267
v 0.016715 -0.173951 0.016241
v 0.020278 -0.170414 0.013747
v 0.008049 -0.185146 -0.009966
v 0.007912 -0.182212 -0.011947
v 0.005471 -0.184933 -0.010845
v 0.005046 -0.184141 -0.011347
v 0.006313 -0.183147 -0.015302
v 0.010287 -0.187307 -0.013367
v 0.009214 -0.184962 -0.015956
v 0.006313 -0.182154 -0.017856
v 0.007058 -0.182753 -0.018305
v 0.005889 -0.187147 -0.025751
v 0.003688 -0.182345 -0.025002
v 0.012231 -0.184516 -0.034546
v -0.008980 -0.186589 -0.053378
v -0.002131 -0.184783 -0.048862
v -0.000821 -0.184988 -0.045255
v 0.005765 -0.185520 -0.043693
v 0.004652 -0.187500 -0.044601
v 0.006641 -0.184797 -0.050348
v 0.009163 -0.186325 -0.053201
v 0.007560 -0.185769 -0.050332
v 0.008722 -0.183676 -0.050918
v 0.011369 -0.182816 -0.056819
v 0.008360 -0.182714 -0.054467
v 0.008685 -0.181251 -0.057654
v 0.006626 -0.180818 -0.056129
v 0.012658 -0.183003 -0.060029
v 0.015274 -0.183070 -0.057054
v 0.014408 -0.182905 -0.058237
v 0.014380 -0.182584 -0.058601
v 0.018548 -0.182454 -0.054894
v 0.017687 -0.182194 -0.055809
v 0.017450 -0.182048 -0.056041
v 0.018908 -0.180395 -0.050747
v 0.020075 -0.180836 -0.049242
v 0.020809 -0.181148 -0.049928
v 0.020205 -0.181400 -0.049536
v 0.020916 -0.181748 -0.047352
v 0.021518 -0.181937 -0.046504
v 0.021810 -0.181881 -0.046621
v 0.022420 -0.180897 -0.045192
v 0.022758 -0.181469 -0.044536
v 0.022382 -0.180608 -0.044206
v 0.021034 -0.181965 -0.041389
v 0.022811 -0.180677 -0.042647
v 0.020103 -0.181190 -0.036946
v 0.020106 -0.179148 -0.038082
v 0.018045 -0.179511 -0.037028
v 0.020079 -0.178675 -0.035095
v 0.020649 -0.179184 -0.035136
v 0.019731 -0.180702 -0.033912
v 0.020009 -0.179777 -0.034379
v 0.019211 -0.179050 -0.033860
v 0.018233 -0.177874 -0.034154
v 0.016810 -0.176527 -0.033461
v 0.016810 -0.176527 -0.033461
v 0.016810 -0.176527 -0.033461
v 0.015221 -0.175216 -0.033509
v 0.016933 -0.175613 -0.033999
v 0.016810 -0.176527 -0.033461
v 0.016102 -0.174721 -0.032708
v 0.017018 -0.174887 -0.034064
v 0.016639 -0.175072 -0.033540
v 0.016719 -0.175471 -0.026517
v 0.016840 -0.175325 -0.027273
v 0.017722 -0.174507 -0.026581
v 0.016226 -0.175144 -0.024299
v 0.016077 -0.174867 -0.008086
v 0.016437 -0.174396 0.000737
v 0.016258 -0.173754 -0.000163
v 0.017214 -0.174554 0.001123
v 0.017878 -0.174652 0.000964
v 0.016581 -0.174758 0.001040
v 0.017022 -0.174036 0.008832
v 0.043320 -0.160687 0.027753
v 0.052490 -0.157470 0.032051
v 0.058247 -0.156528 0.033421
v 0.058234 -0.156113 0.033128
v 0.069933 -0.153659 0.036847
v 0.069937 -0.153739 0.036902
v 0.082418 -0.151716 0.038052
v 0.081663 -0.152406 0.037857
v 0.081612 -0.152153 0.038058
v 0.080627 -0.151161 0.041093
v 0.082882 -0.151504 0.037844
v 0.112769 -0.112623 0.031534
v 0.123815 -0.095573 0.015500
v 0.120001 -0.063242 0.005790
v 0.118946 -0.062609 0.006136
v 0.120849 -0.020591 -0.002388
v 0.120997 -0.020646 -0.002780
v 0.119845 -0.020305 0.005879
v 0.120580 -0.020541 0.000253
v 0.119026 -0.020161 0.004374
v 0.120188 -0.021199 0.004455
v 0.120786 -0.020783 0.005660
v 0.124391 -0.020821 0.005443
v 0.126184 -0.022002 0.006867
v 0.127278 -0.018999 0.006219
v 0.127005 -0.019803 0.006331
v 0.133115 -0.017257 0.006116
v 0.135247 -0.019042 0.004096
v 0.133417 -0.016125 0.000581
v 0.132046 0.012820 0.004412
v 0.133071 0.011371 0.004350
v 0.132653 0.013830 0.003167
v 0.130275 0.016149 0.005521
v 0.130275 0.016149 0.005521
v 0.130275 0.016149 0.005521
v 0.126878 0.017492 0.006214
v 0.126148 0.017576 0.006389
v 0.126442 0.017673 0.006035
v 0.126580 0.017629 0.005747
v 0.119906 0.018981 0.005839
v 0.120165 0.018874 0.005645
v 0.120730 0.019478 0.005393
v 0.119548 0.032867 0.005519
v 0.117802 0.033276 0.005969
v 0.120777 0.043317 0.005509
v 0.120284 0.039707 0.006553
v 0.125688 0.055688 0.006367
v 0.128521 0.041262 0.005319
v 0.125450 0.046341 0.005908
v 0.125469 0.057082 0.006907
v 0.125611 0.056069 0.005807
v 0.125843 0.057474 0.007892
v 0.125893 0.056983 0.006908
v 0.125843 0.057474 0.007892
v 0.125655 0.067288 0.005809
v 0.122890 0.078713 0.017603
v 0.086049 0.107542 0.069538
v 0.086665 0.108952 0.070980
v 0.081511 0.114418 0.070750
v 0.084531 0.109114 0.071231
v 0.096221 0.016115 0.057825
v 0.095327 0.015778 0.059465
v 0.095320 0.017232 0.058948
v 0.096139 0.015134 0.058555
v 0.097216 0.015028 0.057643
v 0.097517 0.015344 0.057101
v 0.096616 0.015143 0.057639
v 0.097884 0.016737 0.056281
v 0.099052 0.014990 0.055193
v 0.103414 0.014815 0.063474
v 0.103576 0.012874 0.073028
v 0.105386 0.012564 0.070881
v 0.098136 -0.015592 0.082584
v 0.098136 -0.015592 0.082584
v 0.098179 -0.021528 0.084258
v 0.097058 -0.018949 0.083277
v 0.100973 -0.019902 0.078679
v 0.098109 -0.019525 0.081366
v 0.087033 -0.020728 0.072543
v 0.085022 -0.042131 0.072403
v 0.085022 -0.042131 0.072403
v 0.082366 -0.101153 0.073245
v 0.082842 -0.101064 0.073956
v 0.078256 -0.111257 0.073833
v 0.074201 -0.106986 0.074379
v 0.063661 -0.109073 0.074592
v 0.063661 -0.109073 0.074592
v 0.056184 -0.102454 0.075184
v 0.056223 -0.102616 0.074328
v 0.047592 -0.115475 0.077144
v 0.048786 -0.115649 0.077317
v 0.048882 -0.114996 0.078125
v 0.045903 -0.113822 0.078169
v 0.046733 -0.116461 0.077316
v 0.047592 -0.115475 0.077144
v 0.046285 -0.114068 0.079622
v 0.048490 -0.113073 0.079935
v 0.046160 -0.114284 0.079283
v 0.044117 -0.106948 0.079427
v 0.029153 -0.091478 0.077288
v 0.032754 -0.088907 0.078081
v 0.032073 -0.088429 0.078466
v 0.050969 -0.107886 0.082085
v 0.043315 -0.111803 0.083187
v 0.044073 -0.108597 0.080183
v 0.044520 -0.118763 0.080552
v 0.043890 -0.116572 0.078141
v 0.042162 -0.113620 0.077935
v 0.042993 -0.117147 0.077526
v 0.042993 -0.117147 0.077526
v 0.046288 -0.117854 0.077011
v 0.044911 -0.122892 0.076606
v 0.044686 -0.123305 0.076254
v 0.044906 -0.122965 0.076692
v 0.049459 -0.123218 0.078736
v 0.038389 -0.114988 0.080669
v 0.040211 -0.113918 0.078645
v 0.038389 -0.114988 0.080669
v 0.044407 -0.124370 0.076425
v 0.044006 -0.123885 0.077022
v 0.026766 -0.137041 0.066441
v 0.023923 -0.130656 0.065895
v 0.022941 -0.134952 0.067280
v 0.022967 -0.134622 0.067421
v 0.023513 -0.133843 0.063807
v 0.024315 -0.139680 0.064652
v 0.023902 -0.134768 0.067280
v 0.023902 -0.134768 0.067280
v 0.027591 -0.134971 0.067181
v 0.026064 -0.133589 0.065586
v 0.026275 -0.133645 0.068282
v 0.026534 -0.132950 0.068141
v 0.026221 -0.133347 0.068477
v 0.024807 -0.131750 0.067790
v 0.024807 -0.131750 0.067790
v 0.019722 -0.136880 0.060668
v 0.020400 -0.134015 0.064863
v 0.019270 -0.135715 0.064217
v 0.019554 -0.135561 0.063775
v 0.019542 -0.136087 0.063001
v 0.019058 -0.138044 0.062516
v 0.020248 -0.141175 0.057113
v 0.018912 -0.145740 0.049806
v 0.018021 -0.150832 0.042203
v 0.018076 -0.152000 0.045630
v 0.017629 -0.156267 0.039810
v 0.018433 -0.166040 0.022828
v 0.016552 -0.167658 0.022652
v 0.016605 -0.167494 0.022901
v 0.015705 -0.168495 0.020337
v 0.015852 -0.167506 0.022156
v 0.015431 -0.169165 0.019751
v 0.017563 -0.168623 0.016051
v 0.017177 -0.171215 0.017690
v 0.015663 -0.172469 0.013981
v 0.014912 -0.171448 0.014418
v 0.014912 -0.171448 0.014418
v 0.016406 -0.171783 0.013388
v 0.016383 -0.172403 0.013646
v 0.006206 -0.184408 -0.013497
v 0.007404 -0.181460 -0.016723
v 0.008980 -0.186641 -0.023389
v 0.007799 -0.182284 -0.020739
v 0.007470 -0.182234 -0.023513
v 0.011551 -0.180538 -0.033084
v 0.008475 -0.182958 -0.033148
v 0.010627 -0.186067 -0.049601
v 0.010046 -0.186054 -0.053601
v 0.008783 -0.184626 -0.055881
v 0.006673 -0.181002 -0.056683
v 0.009238 -0.181204 -0.057657
v 0.008569 -0.181216 -0.057775
v 0.009659 -0.181105 -0.057489
v 0.012567 -0.183359 -0.059967
v 0.012497 -0.183303 -0.060179
v 0.012515 -0.183222 -0.060147
v 0.011757 -0.183132 -0.059565
v 0.012340 -0.183757 -0.059986
v 0.012340 -0.183757 -0.059986
v 0.012340 -0.183757 -0.059986
v 0.011913 -0.183572 -0.059614
v 0.012338 -0.183555 -0.060103
v 0.015277 -0.183458 -0.056567
v 0.012907 -0.183920 -0.057857
v 0.018554 -0.182201 -0.055076
v 0.018751 -0.182259 -0.054587
v 0.019333 -0.182262 -0.051591
v 0.019932 -0.181965 -0.051392
v 0.021179 -0.182489 -0.046611
v 0.020192 -0.183168 -0.046699
v 0.020192 -0.183168 -0.046699
v 0.023154 -0.182854 -0.040410
v 0.023159 -0.182311 -0.042681
v 0.023159 -0.182311 -0.042681
v 0.021609 -0.181104 -0.041658
v 0.019893 -0.180843 -0.036681
v 0.018635 -0.182578 -0.035471
v 0.014540 -0.182403 -0.035235
v 0.016250 -0.182262 -0.037619
v 0.015520 -0.182420 -0.032184
v 0.016411 -0.181959 -0.032635
v 0.016814 -0.181513 -0.032850
v 0.017154 -0.181211 -0.032980
v 0.016619 -0.181522 -0.032040
v 0.011524 -0.179322 -0.033202
v 0.016060 -0.177654 -0.030396
v 0.016060 -0.177654 -0.030396
v 0.016412 -0.175758 -0.030477
v 0.016060 -0.177654 -0.030396
v 0.016138 -0.174814 -0.032950
v 0.016775 -0.174639 -0.029681
v 0.016393 -0.175755 -0.028871
v 0.016081 -0.175668 -0.024619
v 0.016095 -0.181881 -0.020862
v 0.016072 -0.181969 -0.021554
v 0.028005 -0.173810 0.011688
v 0.028076 -0.173910 0.011766
v 0.041252 -0.161311 0.025869
v 0.041764 -0.162308 0.025275
v 0.049311 -0.155142 0.034970
v 0.052490 -0.157464 0.032047
v 0.077898 -0.151594 0.038937
v 0.077900 -0.151643 0.038971
v 0.083860 -0.148147 0.039676
v 0.124196 -0.086432 0.015070
v 0.126094 -0.059677 0.005170
v 0.125435 -0.059063 0.006512
v 0.124955 -0.058898 0.005863
v 0.120337 -0.054389 0.005428
v 0.119489 -0.058955 0.005370
v 0.120170 -0.055482 0.005305
v 0.119818 -0.053884 0.004768
v 0.119082 -0.059317 0.005194
v 0.119686 -0.048151 0.005549
v 0.120534 -0.026088 0.005598
v 0.119774 -0.021574 0.004674
v 0.119902 -0.021619 0.005255
v 0.119664 -0.020670 0.005937
v 0.127099 -0.020113 0.006171
v 0.126279 -0.019354 0.010010
v 0.133113 0.014979 0.011572
v 0.132909 0.014776 0.011221
v 0.126970 0.018292 0.006099
v 0.119898 0.022323 0.005582
v 0.119757 0.020157 0.005689
v 0.127172 0.048730 0.005641
v 0.125121 0.050005 0.015635
v 0.124302 0.066406 0.014965
v 0.099176 0.019461 0.053895
v 0.097322 0.017290 0.056409
v 0.099074 0.019448 0.053834
v 0.099074 0.019448 0.053834
v 0.099197 0.014373 0.054035
v 0.108262 0.016490 0.052214
v 0.108382 0.011759 0.054773
v 0.109229 0.013083 0.065951
v 0.107866 0.010983 0.065986
v 0.107793 0.012692 0.066817
v 0.106801 0.013293 0.066767
v 0.106442 0.011225 0.069751
v 0.100249 -0.020241 0.079631
v 0.087306 -0.021545 0.071426
v 0.087941 -0.020978 0.072845
v 0.086218 -0.021371 0.071983
v 0.088007 -0.021920 0.069464
v 0.091402 -0.109664 0.061887
v 0.085876 -0.112799 0.067889
v 0.083649 -0.110146 0.064232
v 0.080350 -0.112136 0.066410
v 0.083795 -0.110816 0.071930
v 0.083737 -0.111088 0.072172
v 0.082368 -0.104498 0.072634
v 0.083292 -0.104986 0.073183
v 0.083292 -0.104986 0.073183
v 0.082064 -0.108659 0.074087
v 0.077378 -0.111602 0.074337
v 0.059928 -0.123533 0.069988
v 0.065915 -0.115403 0.074535
v 0.061774 -0.114032 0.075247
v 0.061983 -0.114483 0.078120
v 0.052938 -0.112772 0.076152
v 0.051068 -0.115735 0.076689
v 0.045756 -0.114964 0.079677
v 0.044262 -0.114954 0.079750
v 0.043822 -0.114825 0.079641
v 0.048291 -0.113687 0.080209
v 0.048213 -0.113140 0.080499
v 0.031728 -0.087970 0.078100
v 0.031051 -0.087736 0.077920
v 0.026548 -0.086669 0.074138
v 0.029087 -0.088118 0.077259
v 0.025421 -0.086155 0.074502
v 0.024826 -0.087025 0.076451
v 0.024427 -0.087750 0.076658
v 0.025752 -0.090130 0.076272
v 0.050881 -0.096417 0.082082
v 0.041109 -0.116382 0.081983
v 0.044451 -0.113906 0.080799
v 0.044451 -0.113906 0.080799
v 0.042972 -0.112732 0.079789
v 0.044041 -0.115853 0.078132
v 0.041735 -0.114064 0.079872
v 0.041261 -0.112755 0.078718
v 0.042772 -0.114384 0.079124
v 0.042055 -0.114790 0.079928
v 0.042467 -0.115117 0.079913
v 0.046937 -0.116866 0.079561
v 0.044509 -0.117824 0.079720
v 0.051393 -0.113278 0.081275
v 0.053966 -0.097326 0.083422
v 0.055771 -0.098658 0.084311
v 0.051321 -0.110182 0.081882
v 0.050361 -0.095989 0.082759
v 0.062109 -0.106819 0.083890
v 0.041894 -0.116203 0.080578
v 0.041728 -0.115509 0.080509
v 0.040550 -0.115216 0.081031
v 0.041042 -0.114982 0.080754
v 0.041191 -0.115117 0.080654
v 0.040624 -0.114952 0.080948
v 0.047750 -0.122087 0.077628
v 0.049957 -0.122043 0.078035
v 0.071410 -0.105429 0.086099
v 0.056947 -0.098479 0.083966
v 0.056402 -0.098910 0.083250
v 0.057296 -0.118617 0.079905
v 0.027415 -0.137317 0.066373
v 0.030533 -0.138059 0.065748
v 0.026689 -0.140793 0.063295
v 0.022277 -0.137037 0.065764
v 0.022277 -0.137037 0.065764
v 0.023488 -0.138503 0.063646
v 0.023180 -0.136704 0.065466
v 0.023490 -0.136965 0.065063
v 0.029102 -0.136614 0.066074
v 0.026744 -0.134828 0.061601
v 0.029593 -0.135880 0.066311
v 0.029054 -0.131874 0.066099
v 0.028017 -0.132619 0.067559
v 0.029357 -0.135933 0.068163
v 0.020234 -0.136052 0.059056
v 0.020137 -0.135841 0.062462
v 0.019259 -0.137657 0.060507
v 0.019259 -0.137657 0.060507
v 0.020154 -0.139305 0.058680
v 0.019344 -0.140531 0.057376
v 0.019454 -0.142157 0.054933
v 0.019495 -0.141970 0.055126
v 0.018141 -0.145073 0.049228
v 0.017766 -0.148220 0.045897
v 0.017766 -0.148220 0.045897
v 0.017562 -0.150800 0.042275
v 0.017790 -0.150609 0.042475
v 0.017535 -0.150651 0.042767
v 0.017730 -0.150852 0.041975
v 0.017398 -0.150952 0.042047
v 0.017398 -0.150952 0.042047
v 0.017586 -0.157484 0.040155
v 0.018155 -0.162098 0.027618
v 0.016561 -0.163379 0.028669
v 0.015304 -0.162644 0.028215
v 0.015152 -0.163089 0.025976
v 0.015109 -0.163720 0.027380
v 0.016042 -0.165477 0.025043
v 0.014140 -0.165627 0.024034
v 0.014346 -0.165238 0.023300
v 0.014316 -0.165136 0.023624
v 0.014775 -0.165431 0.024300
v 0.014651 -0.166933 0.021850
v 0.014474 -0.166643 0.022057
v 0.014886 -0.166800 0.020743
v 0.014626 -0.167527 0.022176
v 0.014007 -0.166291 0.021638
v 0.013739 -0.166503 0.021386
v 0.014007 -0.166291 0.021638
v 0.014050 -0.168184 0.018914
v 0.014219 -0.168326 0.018562
v 0.014326 -0.169842 0.017172
v 0.014386 -0.169489 0.017355
v 0.014438 -0.168272 0.018334
v 0.018549 -0.174169 0.009906
v 0.017706 -0.178253 0.010520
v 0.016444 -0.175492 0.010869
v 0.018549 -0.174169 0.009906
v 0.016531 -0.174242 0.010192
v 0.016292 -0.174509 0.010297
v 0.016180 -0.174832 0.007069
v 0.027010 -0.155531 0.034968
v 0.039146 -0.161699 0.026072
v 0.040722 -0.160454 0.026728
v 0.042024 -0.160170 0.027206
v 0.041791 -0.160112 0.027187
v 0.042167 -0.160396 0.026642
v 0.043380 -0.160332 0.027473
v 0.049272 -0.155403 0.035409
v 0.080083 -0.146177 0.045698
v 0.080984 -0.148960 0.047421
v 0.081178 -0.143467 0.047587
v 0.124924 -0.055976 0.016011
v 0.125850 -0.059916 0.006567
v 0.126805 -0.059867 0.006611
v 0.126280 -0.053724 0.006308
v 0.119922 -0.032950 0.005494
v 0.119991 -0.031794 0.005580
v 0.120808 -0.026557 0.005848
v 0.125098 -0.037876 0.015627
v 0.125296 -0.019916 0.016857
v 0.124423 -0.019040 0.018729
v 0.131182 -0.018464 0.023275
v 0.132786 0.012305 0.014762
v 0.131951 0.014973 0.020061
v 0.132030 0.015287 0.018834
v 0.131076 0.015678 0.019105
v 0.131076 0.015678 0.019105
v 0.131118 0.013677 0.019482
v 0.124446 0.015394 0.020473
v 0.124323 0.016635 0.022419
v 0.125047 0.018361 0.016784
v 0.125301 0.018327 0.016360
v 0.126033 0.019051 0.014636
v 0.125647 0.019660 0.013875
v 0.124774 0.066354 0.015210
v 0.109532 0.015193 0.040063
v 0.112916 0.014064 0.048743
v 0.115496 0.018622 0.050293
v 0.114531 0.018058 0.046258
v 0.111340 0.012629 0.060905
v 0.112222 0.013080 0.060850
v 0.112274 0.012992 0.061113
v 0.106564 0.011207 0.068681
v 0.106895 0.009441 0.069381
v 0.104381 -0.015530 0.073116
v 0.101552 -0.019390 0.076215
v 0.101358 -0.019453 0.076576
v 0.102097 -0.018927 0.076419
v 0.101090 -0.019499 0.077950
v 0.091121 -0.020711 0.065260
v 0.089255 -0.020716 0.068765
v 0.089023 -0.020458 0.068659
v 0.089678 -0.022068 0.066959
v 0.088663 -0.025264 0.067627
v 0.089376 -0.023623 0.066456
v 0.088663 -0.025264 0.067627
v 0.092721 -0.023849 0.062072
v 0.088879 -0.108958 0.065422
v 0.085157 -0.109833 0.061190
v 0.085239 -0.121508 0.061911
v 0.082568 -0.109957 0.073709
v 0.082580 -0.109827 0.075160
v 0.081954 -0.109905 0.073904
v 0.073463 -0.117438 0.073114
v 0.073513 -0.117467 0.074016
v 0.065276 -0.124026 0.075191
v 0.062731 -0.123212 0.070152
v 0.064706 -0.124743 0.074263
v 0.059697 -0.124895 0.074619
v 0.056437 -0.127636 0.076884
v 0.061485 -0.119683 0.075404
v 0.061425 -0.119084 0.079304
v 0.061594 -0.119020 0.075700
v 0.061448 -0.116616 0.075652
v 0.061466 -0.117217 0.075850
v 0.060432 -0.114588 0.075331
v 0.060432 -0.114588 0.075331
v 0.057141 -0.116623 0.073225
v 0.056648 -0.115034 0.076452
v 0.052235 -0.118285 0.076215
v 0.050063 -0.124110 0.075913
v 0.050285 -0.124554 0.074340
v 0.048469 -0.122920 0.076796
v 0.050996 -0.123927 0.076403
v 0.051976 -0.122941 0.073081
v 0.050063 -0.124110 0.075913
v 0.050063 -0.124110 0.075913
v 0.050361 -0.122385 0.078187
v 0.051424 -0.122053 0.078201
v 0.052012 -0.121819 0.078201
v 0.057292 -0.117885 0.081775
v 0.057403 -0.116018 0.080837
v 0.060279 -0.100371 0.084328
v 0.062390 -0.101136 0.084797
v 0.063421 -0.101506 0.084762
v 0.061117 -0.105755 0.083786
v 0.057387 -0.118832 0.079741
v 0.056939 -0.119235 0.079651
v 0.056946 -0.119191 0.079569
v 0.053006 -0.125101 0.077133
v 0.049586 -0.125565 0.077217
v 0.046438 -0.127005 0.075888
v 0.032468 -0.138695 0.065479
v 0.025278 -0.140573 0.061943
v 0.023358 -0.140509 0.063015
v 0.024453 -0.139263 0.063564
v 0.024257 -0.139456 0.063366
v 0.023949 -0.139587 0.063433
v 0.025507 -0.139149 0.063490
v 0.025507 -0.139149 0.063490
v 0.027227 -0.135916 0.058156
v 0.025507 -0.139149 0.063490
v 0.025507 -0.139149 0.063490
v 0.025507 -0.139149 0.063490
v 0.031306 -0.135836 0.065388
v 0.032018 -0.136000 0.064037
v 0.030543 -0.133425 0.066367
v 0.030543 -0.133425 0.066367
v 0.030543 -0.133425 0.066367
v 0.021731 -0.139975 0.057273
v 0.021309 -0.139335 0.057499
v 0.020948 -0.138926 0.058569
v 0.019473 -0.140416 0.056498
v 0.019701 -0.140886 0.055352
v 0.017992 -0.144011 0.050594
v 0.018813 -0.143598 0.052311
v 0.018211 -0.145636 0.049381
v 0.018211 -0.145655 0.049397
v 0.018431 -0.146742 0.050105
v 0.021610 -0.150079 0.043796
v 0.020985 -0.149914 0.043957
v 0.017580 -0.154906 0.036115
v 0.018135 -0.150628 0.041973
v 0.017871 -0.150668 0.041760
v 0.017623 -0.152801 0.040390
v 0.017623 -0.152801 0.040390
v 0.017690 -0.153123 0.040510
v 0.017781 -0.154878 0.039912
v 0.017938 -0.153836 0.041042
v 0.017602 -0.155627 0.039508
v 0.019368 -0.153625 0.039399
v 0.017243 -0.155113 0.037824
v 0.018270 -0.159877 0.031741
v 0.016873 -0.155145 0.036166
v 0.017006 -0.159766 0.031683
v 0.017065 -0.159903 0.029663
v 0.017220 -0.159527 0.030192
v 0.016730 -0.161073 0.028847
v 0.016649 -0.161343 0.028831
v 0.017123 -0.162275 0.028217
v 0.016649 -0.161343 0.028831
v 0.014388 -0.162200 0.028401
v 0.014910 -0.163969 0.027532
v 0.015445 -0.162344 0.026354
v 0.014985 -0.162325 0.026094
v 0.013760 -0.162609 0.025817
v 0.040260 -0.158120 0.031712
v 0.040654 -0.159475 0.029213
v 0.040654 -0.159475 0.029213
v 0.041198 -0.160315 0.027770
v 0.040654 -0.159475 0.029213
v 0.041161 -0.158153 0.032783
v 0.042122 -0.156739 0.033779
v 0.041161 -0.158153 0.032783
v 0.041653 -0.166272 0.037178
v 0.041444 -0.158405 0.033916
v 0.040920 -0.158420 0.032481
v 0.041037 -0.158315 0.032693
v 0.040991 -0.158457 0.033216
v 0.040450 -0.158360 0.033219
v 0.040611 -0.157896 0.032719
v 0.043616 -0.155924 0.033627
v 0.045768 -0.156840 0.033532
v 0.075837 -0.141029 0.052889
v 0.078099 -0.142474 0.047626
v 0.076885 -0.145147 0.047715
v 0.081172 -0.143463 0.047581
v 0.080592 -0.143496 0.048145
v 0.106345 -0.112403 0.037594
v 0.106665 -0.112794 0.039321
v 0.108225 -0.111825 0.037791
v 0.109589 -0.113732 0.031551
v 0.111553 -0.114656 0.033897
v 0.112521 -0.111734 0.031474
v 0.112998 -0.112206 0.030847
v 0.114810 -0.112784 0.028109
v 0.116212 -0.022339 0.029138
v 0.125389 -0.037983 0.015685
v 0.125341 -0.019981 0.016954
v 0.123747 -0.019056 0.030615
v 0.131432 -0.021015 0.025334
v 0.128931 -0.018516 0.023685
v 0.132500 -0.017839 0.018961
v 0.132346 0.015180 0.018851
v 0.132318 0.015094 0.019408
v 0.131737 0.013941 0.021907
v 0.128264 0.012429 0.027276
v 0.127942 0.015827 0.025268
v 0.122964 0.015593 0.029541
v 0.119211 0.019299 0.025148
v 0.119411 0.018115 0.025124
v 0.118886 0.018817 0.025517
v 0.125574 0.018443 0.016635
v 0.123760 0.017807 0.018804
v 0.124277 0.019656 0.015948
v 0.109663 0.016505 0.039290
v 0.107853 0.015385 0.041862
v 0.118125 0.018049 0.040283
v 0.117270 0.012923 0.052300
v 0.118414 0.013208 0.051610
v 0.117414 0.013780 0.051929
v 0.117414 0.013780 0.051929
v 0.116906 0.012354 0.054459
v 0.110355 0.009505 0.064299
v 0.107219 -0.018941 0.068849
v 0.106701 -0.020153 0.068847
v 0.106587 -0.019166 0.069207
v 0.107280 -0.019221 0.069409
v 0.106623 -0.019391 0.074048
v 0.103736 -0.017992 0.073102
v 0.103780 -0.019790 0.071901
v 0.091739 -0.020725 0.064335
v 0.088933 -0.020742 0.062685
v 0.089365 -0.020316 0.064108
v 0.090461 -0.110940 0.060278
v 0.075694 -0.128925 0.066369
v 0.074242 -0.123564 0.074203
v 0.074247 -0.124326 0.076537
v 0.068795 -0.124654 0.074733
v 0.062836 -0.127749 0.072567
v 0.061145 -0.124137 0.068558
v 0.060014 -0.126771 0.074206
v 0.059660 -0.125686 0.071265
v 0.060514 -0.126003 0.074459
v 0.055110 -0.127050 0.074677
v 0.055110 -0.127050 0.074677
v 0.056444 -0.124356 0.072382
v 0.056411 -0.126503 0.075545
v 0.053243 -0.125253 0.073635
v 0.059443 -0.118884 0.077107
v 0.060265 -0.117128 0.076292
v 0.052607 -0.124292 0.076384
v 0.068003 -0.120211 0.079282
v 0.065421 -0.101974 0.084629
v 0.069649 -0.113471 0.082371
v 0.063487 -0.119310 0.079589
v 0.067797 -0.119288 0.079721
v 0.058926 -0.120669 0.078797
v 0.059272 -0.121091 0.078706
v 0.062324 -0.127196 0.075840
v 0.067503 -0.103558 0.085594
v 0.069529 -0.112894 0.081645
v 0.070239 -0.115951 0.082216
v 0.070057 -0.113679 0.082434
v 0.067993 -0.119133 0.079603
v 0.069873 -0.120042 0.079386
v 0.069085 -0.120466 0.077967
v 0.068032 -0.119886 0.079208
v 0.069006 -0.121001 0.077969
v 0.064355 -0.125426 0.076511
v 0.067449 -0.122950 0.077616
v 0.066435 -0.123366 0.077959
v 0.055552 -0.126484 0.076380
v 0.051718 -0.126627 0.075572
v 0.052802 -0.128935 0.075181
v 0.035293 -0.142106 0.062004
v 0.035302 -0.142103 0.061767
v 0.032776 -0.146024 0.058248
v 0.032839 -0.145555 0.057799
v 0.023033 -0.145329 0.058604
v 0.023476 -0.144821 0.058487
v 0.022451 -0.141043 0.061348
v 0.022351 -0.143157 0.059495
v 0.023189 -0.139931 0.059346
v 0.023629 -0.140860 0.061219
v 0.022253 -0.140561 0.061621
v 0.022253 -0.140561 0.061621
v 0.025168 -0.140848 0.060655
v 0.025008 -0.140910 0.060993
v 0.025577 -0.140605 0.060415
v 0.029917 -0.140660 0.061019
v 0.033554 -0.137251 0.063775
v 0.032115 -0.135690 0.065453
v 0.032571 -0.135675 0.064393
v 0.031708 -0.135085 0.064877
v 0.032584 -0.136101 0.062086
v 0.032256 -0.135289 0.063797
v 0.032086 -0.135189 0.064109
v 0.028411 -0.139872 0.057129
v 0.017964 -0.152610 0.038869
v 0.016854 -0.155315 0.035490
v 0.016839 -0.161443 0.027316
v 0.016839 -0.161443 0.027316
v 0.038437 -0.157946 0.031622
v 0.038961 -0.159189 0.030299
v 0.039932 -0.158248 0.032155
v 0.040426 -0.158359 0.032482
v 0.041452 -0.158496 0.034149
v 0.041452 -0.158496 0.034149
v 0.041452 -0.158496 0.034149
v 0.042507 -0.158412 0.035907
v 0.046422 -0.155284 0.037583
v 0.046292 -0.160003 0.037816
v 0.039898 -0.158167 0.038964
v 0.040316 -0.157952 0.039921
v 0.041372 -0.158037 0.038787
v 0.039857 -0.158237 0.032921
v 0.039796 -0.158551 0.033414
v 0.039796 -0.158551 0.033414
v 0.039826 -0.158354 0.033170
v 0.042041 -0.155755 0.034507
v 0.075060 -0.139124 0.054763
v 0.078709 -0.140919 0.053754
v 0.079225 -0.142268 0.050923
v 0.077848 -0.140742 0.054426
v 0.105909 -0.113929 0.043368
v 0.104044 -0.113481 0.042951
v 0.107954 -0.102708 0.039049
v 0.122235 -0.020002 0.020893
v 0.122393 -0.020014 0.020988
v 0.128576 -0.020364 0.030683
v 0.127905 -0.018179 0.030724
v 0.127722 -0.015799 0.028504
v 0.129184 -0.017149 0.028504
v 0.129569 -0.015564 0.028729
v 0.129089 0.012367 0.030300
v 0.129002 0.014020 0.028755
v 0.131985 0.013247 0.029892
v 0.126483 0.013281 0.032256
v 0.128365 0.014843 0.030023
v 0.133506 0.015301 0.032678
v 0.123100 0.017673 0.031037
v 0.123046 0.017776 0.029962
v 0.120934 0.017935 0.029105
v 0.120934 0.017935 0.029105
v 0.120934 0.017935 0.029105
v 0.120934 0.017935 0.029105
v 0.121704 0.017413 0.030315
v 0.118586 0.017932 0.026902
v 0.118424 0.018165 0.026616
v 0.119014 0.021387 0.025187
v 0.119014 0.021387 0.025187
v 0.109578 0.015558 0.040879
v 0.109833 0.016898 0.041221
v 0.108287 0.014903 0.038326
v 0.114409 0.017408 0.031389
v 0.111850 0.016535 0.036155
v 0.110412 0.015127 0.035767
v 0.117620 0.017525 0.039170
v 0.117620 0.017525 0.039170
v 0.120350 0.013304 0.050071
v 0.118139 0.012054 0.053224
v 0.120443 0.013587 0.049353
v 0.117957 0.009678 0.053115
v 0.117428 0.011690 0.053616
v 0.113628 -0.019035 0.059219
v 0.110169 -0.018786 0.062714
v 0.106731 -0.019763 0.065436
v 0.103631 -0.019718 0.060709
v 0.093672 -0.021758 0.062182
v 0.094658 -0.021197 0.060837
v 0.093043 -0.023246 0.061607
v 0.095534 -0.020667 0.058351
v 0.100654 -0.022501 0.051071
v 0.095492 -0.110816 0.056027
v 0.088898 -0.108556 0.054083
v 0.075779 -0.133804 0.062398
v 0.073883 -0.129061 0.061714
v 0.075547 -0.131782 0.064715
v 0.076255 -0.129736 0.066062
v 0.076857 -0.129918 0.065259
v 0.073475 -0.127193 0.066262
v 0.074648 -0.128465 0.069155
v 0.075751 -0.127491 0.072232
v 0.073933 -0.127094 0.071198
v 0.074056 -0.123508 0.073718
v 0.074131 -0.123415 0.074290
v 0.072840 -0.127154 0.072225
v 0.060961 -0.129814 0.070677
v 0.062575 -0.129018 0.070623
v 0.058995 -0.126315 0.069920
v 0.058199 -0.131231 0.072060
v 0.059865 -0.129921 0.071668
v 0.060090 -0.128131 0.072897
v 0.059955 -0.127402 0.073782
v 0.060090 -0.128131 0.072897
v 0.060165 -0.128279 0.073417
v 0.060090 -0.128131 0.072897
v 0.059131 -0.126983 0.075020
v 0.059876 -0.127638 0.074153
v 0.059986 -0.127856 0.073962
v 0.059835 -0.127338 0.073996
v 0.056830 -0.125969 0.076426
v 0.073502 -0.117312 0.081355
v 0.073298 -0.116959 0.080891
v 0.072743 -0.107225 0.085415
v 0.072175 -0.106818 0.085783
v 0.073172 -0.109483 0.084740
v 0.073409 -0.111429 0.083810
v 0.073342 -0.114286 0.082335
v 0.073410 -0.112810 0.083071
v 0.073141 -0.114711 0.082026
v 0.069735 -0.122444 0.078070
v 0.071538 -0.120366 0.078696
v 0.068340 -0.120715 0.077113
v 0.072358 -0.120710 0.078771
v 0.072103 -0.120674 0.078758
v 0.071389 -0.120376 0.078801
v 0.068449 -0.122674 0.077957
v 0.068069 -0.122986 0.077763
v 0.067730 -0.123028 0.077481
v 0.064895 -0.125429 0.076381
v 0.064808 -0.125594 0.076543
v 0.064851 -0.130414 0.073705
v 0.064837 -0.130406 0.073685
v 0.053987 -0.130226 0.073885
v 0.053369 -0.140074 0.066536
v 0.038911 -0.144419 0.061042
v 0.038924 -0.144330 0.060941
v 0.021431 -0.145284 0.055859
v 0.023033 -0.147641 0.054927
v 0.022533 -0.143876 0.057298
v 0.023264 -0.143119 0.056677
v 0.021726 -0.145105 0.056499
v 0.024627 -0.144637 0.057219
v 0.024610 -0.144603 0.056017
v 0.041021 -0.136662 0.059022
v 0.037774 -0.138904 0.060563
v 0.035896 -0.137810 0.061855
v 0.035896 -0.137810 0.061855
v 0.033678 -0.136825 0.063132
v 0.033957 -0.137000 0.063909
v 0.033957 -0.137000 0.063909
v 0.032794 -0.135994 0.063236
v 0.032666 -0.137644 0.062246
v 0.035166 -0.132514 0.058977
v 0.032616 -0.136276 0.062299
v 0.024770 -0.150227 0.042268
v 0.027008 -0.155727 0.035242
v 0.041103 -0.158005 0.040612
v 0.040302 -0.157606 0.040364
v 0.032029 -0.157559 0.037044
v 0.032605 -0.158028 0.036814
v 0.034012 -0.158677 0.035183
v 0.041400 -0.157798 0.042770
v 0.039350 -0.154787 0.039901
v 0.041761 -0.157598 0.041075
v 0.039282 -0.157127 0.041869
v 0.042101 -0.157654 0.041125
v 0.042101 -0.157654 0.041125
v 0.041219 -0.149802 0.042661
v 0.042147 -0.157847 0.043131
v 0.041081 -0.158700 0.046171
v 0.042056 -0.155187 0.042355
v 0.043292 -0.156641 0.043420
v 0.042147 -0.157847 0.043131
v 0.042147 -0.157847 0.043131
v 0.033912 -0.157351 0.039114
v 0.033045 -0.157801 0.037830
v 0.033121 -0.157740 0.038118
v 0.033903 -0.158531 0.036427
v 0.033820 -0.158612 0.035050
v 0.033842 -0.158544 0.035105
v 0.033842 -0.158544 0.035105
v 0.037451 -0.154265 0.041445
v 0.037595 -0.156735 0.042697
v 0.038396 -0.156719 0.042399
v 0.039939 -0.157193 0.045203
v 0.039637 -0.157806 0.044980
v 0.043153 -0.158257 0.044759
v 0.043221 -0.159028 0.044508
v 0.041373 -0.158176 0.044900
v 0.043906 -0.157382 0.041520
v 0.044441 -0.157316 0.041774
v 0.045185 -0.157669 0.041698
v 0.045185 -0.157669 0.041698
v 0.047317 -0.157139 0.041102
v 0.045225 -0.157269 0.042000
v 0.043779 -0.156974 0.042290
v 0.044509 -0.156179 0.043138
v 0.041678 -0.154231 0.045040
v 0.041225 -0.154937 0.045331
v 0.042186 -0.154512 0.045509
v 0.039891 -0.156038 0.048046
v 0.040518 -0.155769 0.044979
v 0.038927 -0.156554 0.044893
v 0.036981 -0.154803 0.046390
v 0.036211 -0.153770 0.046673
v 0.030268 -0.153602 0.047339
v 0.030897 -0.155430 0.045200
v 0.028249 -0.161216 0.042834
v 0.028722 -0.156622 0.040944
v 0.031611 -0.157480 0.039143
v 0.035639 -0.159665 0.043058
v 0.034140 -0.158467 0.042408
v 0.035789 -0.156446 0.042374
v 0.038749 -0.157797 0.045595
v 0.037622 -0.157370 0.045698
v 0.042339 -0.155446 0.049168
v 0.044389 -0.159134 0.044087
v 0.045789 -0.159382 0.042532
v 0.045826 -0.158554 0.042896
v 0.045826 -0.158554 0.042896
v 0.045573 -0.159063 0.042729
v 0.048388 -0.158078 0.040786
v 0.047761 -0.160679 0.045640
v 0.047726 -0.157601 0.040782
v 0.048039 -0.158088 0.040813
v 0.046855 -0.153382 0.043107
v 0.038683 -0.152178 0.050483
v 0.037988 -0.152653 0.051055
v 0.036096 -0.155103 0.051249
v 0.029997 -0.153717 0.051280
v 0.032142 -0.152221 0.049767
v 0.030332 -0.153013 0.049100
v 0.027023 -0.153284 0.051028
v 0.025784 -0.151412 0.050474
v 0.022076 -0.154807 0.047257
v 0.023507 -0.155195 0.045249
v 0.024010 -0.154531 0.045192
v 0.024374 -0.156094 0.047179
v 0.024053 -0.154870 0.045865
v 0.025788 -0.155911 0.043461
v 0.027739 -0.155852 0.043410
v 0.025980 -0.156190 0.043025
v 0.025951 -0.156340 0.042735
v 0.030894 -0.160400 0.044897
v 0.028156 -0.155856 0.043667
v 0.027813 -0.151989 0.044686
v 0.030207 -0.152481 0.044738
v 0.032834 -0.153739 0.042545
v 0.029467 -0.158486 0.044271
v 0.032292 -0.156727 0.042347
v 0.032411 -0.156801 0.042218
v 0.034867 -0.156651 0.045076
v 0.034080 -0.156972 0.044191
v 0.034346 -0.156733 0.044316
v 0.036146 -0.156944 0.046081
v 0.045925 -0.147282 0.059044
v 0.044584 -0.159276 0.044017
v 0.047168 -0.161934 0.039992
v 0.050130 -0.160396 0.039256
v 0.050795 -0.160145 0.041771
v 0.049812 -0.158966 0.039999
v 0.047922 -0.153855 0.046322
v 0.049927 -0.156075 0.043679
v 0.050980 -0.157215 0.043046
v 0.047344 -0.156517 0.045699
v 0.048171 -0.154718 0.044711
v 0.048566 -0.154692 0.044804
v 0.047644 -0.154897 0.044422
v 0.047593 -0.153192 0.046477
v 0.031198 -0.149314 0.052588
v 0.033860 -0.149929 0.053239
v 0.025763 -0.151179 0.050475
v 0.025649 -0.151108 0.050612
v 0.025646 -0.151107 0.050582
v 0.021867 -0.151439 0.046782
v 0.022318 -0.155913 0.048898
v 0.026560 -0.155480 0.045610
v 0.025491 -0.154928 0.046164
v 0.025805 -0.154856 0.044899
v 0.022662 -0.155468 0.044873
v 0.022662 -0.155468 0.044873
v 0.045955 -0.147084 0.058845
v 0.048113 -0.161341 0.037334
v 0.051613 -0.153935 0.042528
v 0.053695 -0.154287 0.046088
v 0.048830 -0.153395 0.046401
v 0.048063 -0.153101 0.046545
v 0.060612 -0.151376 0.048686
v 0.041900 -0.148648 0.050829
v 0.040369 -0.149802 0.051794
v 0.041663 -0.149992 0.051355
v 0.031033 -0.146999 0.054500
v 0.023768 -0.146197 0.050467
v 0.023646 -0.149087 0.052220
v 0.021831 -0.148929 0.051244
v 0.021962 -0.148332 0.052202
v 0.020719 -0.153979 0.048392
v 0.020502 -0.151538 0.049334
v 0.023204 -0.150350 0.048478
v 0.053605 -0.141972 0.062189
v 0.051813 -0.143617 0.062912
v 0.062132 -0.150801 0.051789
v 0.051757 -0.161143 0.037235
v 0.056769 -0.161840 0.034886
v 0.057926 -0.139099 0.061020
v 0.022557 -0.145928 0.055321
v 0.021425 -0.147110 0.053189
v 0.022074 -0.146462 0.052857
v 0.020862 -0.146878 0.052993
v 0.019858 -0.148026 0.050822
v 0.019858 -0.148026 0.050822
v 0.020602 -0.152503 0.047974
v 0.020635 -0.146179 0.055285
v 0.055278 -0.140206 0.066402
v 0.059542 -0.161156 0.035496
v 0.062488 -0.149866 0.050785
v 0.037901 -0.138433 0.060327
v 0.074268 -0.137000 0.058736
v 0.077525 -0.139448 0.055254
v 0.077160 -0.136918 0.058564
v 0.122686 -0.022052 0.020196
v 0.115488 -0.020406 0.030667
v 0.127735 -0.016974 0.032668
v 0.128386 -0.015270 0.032473
v 0.128611 -0.016468 0.034316
v 0.129262 0.016671 0.033282
v 0.127692 0.014201 0.033122
v 0.127822 0.014253 0.032873
v 0.124923 0.014141 0.032075
v 0.122268 0.017591 0.031656
v 0.115465 0.016395 0.030652
v 0.118709 0.017581 0.030164
v 0.117355 0.017885 0.028479
v 0.113615 0.016350 0.033412
v 0.123978 0.015545 0.034555
v 0.124898 0.016689 0.043582
v 0.124325 0.013885 0.040966
v 0.123188 0.014615 0.041156
v 0.119757 0.014612 0.045264
v 0.110409 -0.018398 0.063918
v 0.109905 -0.018884 0.064091
v 0.110768 -0.019679 0.065842
v 0.110331 -0.019343 0.062568
v 0.109443 -0.019511 0.062405
v 0.102234 -0.021696 0.057161
v 0.102305 -0.021653 0.057134
v 0.104914 -0.025908 0.056830
v 0.100989 -0.021019 0.056167
v 0.094983 -0.021076 0.059101
v 0.095528 -0.021629 0.059910
v 0.096277 -0.023128 0.057128
v 0.097057 -0.020584 0.060777
v 0.099714 -0.019314 0.051936
v 0.096502 -0.109209 0.054683
v 0.095431 -0.110918 0.055916
v 0.094019 -0.114716 0.055233
v 0.094022 -0.114715 0.055235
v 0.076552 -0.134554 0.059922
v 0.074128 -0.135170 0.061771
v 0.072473 -0.134128 0.062504
v 0.074274 -0.131793 0.065643
v 0.072927 -0.130510 0.067496
v 0.072927 -0.130510 0.067496
v 0.062704 -0.131274 0.066601
v 0.062330 -0.131451 0.068325
v 0.061048 -0.132710 0.068719
v 0.062194 -0.133653 0.068823
v 0.062518 -0.132854 0.068408
v 0.061009 -0.130451 0.072069
v 0.060770 -0.130134 0.072193
v 0.061764 -0.130395 0.072398
v 0.061604 -0.133765 0.068658
v 0.061764 -0.130395 0.072398
v 0.059886 -0.127620 0.074795
v 0.060928 -0.128189 0.074436
v 0.059021 -0.126916 0.075331
v 0.059021 -0.126916 0.075331
v 0.062328 -0.127157 0.075772
v 0.072793 -0.122140 0.078002
v 0.072357 -0.123906 0.076887
v 0.072806 -0.122174 0.077996
v 0.073003 -0.122367 0.078065
v 0.072808 -0.122177 0.077995
v 0.071673 -0.122277 0.077955
v 0.072719 -0.123605 0.077274
v 0.072429 -0.126202 0.076684
v 0.072569 -0.126406 0.076565
v 0.072620 -0.128708 0.074970
v 0.071906 -0.128688 0.075022
v 0.058516 -0.139751 0.066223
v 0.061357 -0.146295 0.054912
v 0.063308 -0.149524 0.053430
v 0.062658 -0.152458 0.049049
v 0.051519 -0.161099 0.037378
v 0.059312 -0.159601 0.035365
v 0.064291 -0.148451 0.051271
v 0.042595 -0.138758 0.060558
v 0.042531 -0.138615 0.059941
v 0.041960 -0.138373 0.059495
v 0.074454 -0.135828 0.057181
v 0.076739 -0.137755 0.056905
v 0.075107 -0.138000 0.057170
v 0.077005 -0.136791 0.058255
v 0.100759 -0.112502 0.049267
v 0.100370 -0.112191 0.049198
v 0.117331 -0.020078 0.027475
v 0.127833 -0.021005 0.036826
v 0.126636 -0.017235 0.037357
v 0.127439 -0.017479 0.035597
v 0.126868 0.013615 0.038016
v 0.127172 0.010259 0.036553
v 0.124732 0.011176 0.038165
v 0.126359 0.013639 0.038027
v 0.124012 0.011628 0.044293
v 0.123916 0.013063 0.044723
v 0.123689 0.012821 0.044520
v 0.106803 -0.020546 0.058023
v 0.106449 -0.020679 0.057111
v 0.100519 -0.021897 0.055020
v 0.100381 -0.021016 0.055081
v 0.097664 -0.017927 0.055218
v 0.100424 -0.021816 0.052121
v 0.103663 -0.023185 0.053742
v 0.105460 -0.023324 0.052086
v 0.103086 -0.021395 0.049374
v 0.113799 -0.020862 0.032744
v 0.119105 -0.020682 0.035161
v 0.120455 -0.020743 0.032780
v 0.124431 -0.017436 0.042959
v 0.124281 -0.019114 0.038336
v 0.122073 -0.014171 0.038915
v 0.123901 -0.018175 0.044354
v 0.122295 -0.018726 0.045172
v 0.120965 -0.018456 0.047262
v 0.114994 -0.020130 0.050936
v 0.113105 -0.021377 0.046851
v 0.107012 -0.021986 0.053121
v 0.106962 -0.019541 0.051572
v 0.105468 -0.021933 0.053719
v 0.105278 -0.024580 0.052254
v 0.101302 -0.020709 0.051923
v 0.104195 -0.021355 0.049123
v 0.104315 -0.021656 0.047997
v 0.105344 -0.021311 0.045799
v 0.104428 -0.020390 0.046687
v 0.104238 -0.020480 0.046837
v 0.116856 -0.020966 0.028674
v 0.116032 -0.020831 0.030503
v 0.116909 -0.020085 0.030472
v 0.116909 -0.020085 0.030472
v 0.114368 -0.019870 0.031965
v 0.113966 -0.020918 0.032995
v 0.118428 -0.021045 0.037794
v 0.117182 -0.019844 0.035320
v 0.121454 -0.020321 0.038400
v 0.121454 -0.020321 0.038400
v 0.119166 -0.019206 0.038257
v 0.125268 -0.018475 0.042464
v 0.122103 -0.018547 0.045538
v 0.112921 -0.020020 0.046110
v 0.110547 -0.021573 0.047913
v 0.113554 -0.022060 0.046546
v 0.107847 -0.021806 0.053222
v 0.106348 -0.021646 0.050640
v 0.107432 -0.021832 0.050832
v 0.104506 -0.020323 0.047624
v 0.116043 -0.021831 0.029672
v 0.113336 -0.026053 0.037335
v 0.115032 -0.020342 0.035953
v 0.116838 -0.021643 0.041843
v 0.123327 -0.018239 0.044260
v 0.123247 -0.016443 0.045326
v 0.123247 -0.016443 0.045326
v 0.108670 -0.021270 0.047593
v 0.107228 -0.023310 0.049361
v 0.111105 -0.021561 0.051024
v 0.109155 -0.021772 0.050243
v 0.111105 -0.021561 0.051024
v 0.109997 -0.019802 0.038439
v 0.110195 -0.019753 0.038152
v 0.115205 -0.020865 0.039224
v 0.116680 -0.021276 0.041233
v 0.116653 -0.021397 0.041987
v 0.063061 -0.132841 0.065118
v 0.061426 -0.133755 0.066526
v 0.061200 -0.134150 0.065695
v 0.062118 -0.134147 0.068593
v 0.062118 -0.134147 0.068593
v 0.062118 -0.134147 0.068593
v 0.061576 -0.133289 0.069518
v 0.072876 -0.129140 0.074097
v 0.072705 -0.130587 0.073197
v 0.071949 -0.133659 0.070804
v 0.062278 -0.136814 0.068988
v 0.063371 -0.136856 0.068297
v 0.063720 -0.137834 0.067984
v 0.063489 -0.145923 0.058559
v 0.070490 -0.146809 0.057885
v 0.066088 -0.149257 0.053594
v 0.066603 -0.149514 0.053327
v 0.072846 -0.151273 0.051024
v 0.071785 -0.158271 0.038442
v 0.076936 -0.156440 0.039899
v 0.066665 -0.148627 0.051952
v 0.066978 -0.148853 0.052967
v 0.066842 -0.144029 0.056788
v 0.062612 -0.144541 0.056338
v 0.058336 -0.139615 0.061032
v 0.058336 -0.139615 0.061032
v 0.056779 -0.138527 0.061107
v 0.055619 -0.137888 0.060631
v 0.055434 -0.138605 0.062367
v 0.037958 -0.138905 0.058707
v 0.045140 -0.137527 0.060204
v 0.061210 -0.134542 0.063964
v 0.061419 -0.133995 0.063768
v 0.060570 -0.134132 0.064348
v 0.059850 -0.134280 0.064677
v 0.060310 -0.134908 0.064578
v 0.061739 -0.135285 0.065879
v 0.060914 -0.134922 0.065771
v 0.064177 -0.136223 0.065369
v 0.067056 -0.134418 0.069125
v 0.067056 -0.134418 0.069125
v 0.072759 -0.132104 0.072014
v 0.073131 -0.131891 0.071149
v 0.070471 -0.135764 0.068867
v 0.070150 -0.137757 0.069240
v 0.070650 -0.134964 0.069300
v 0.067269 -0.139519 0.065783
v 0.067357 -0.139285 0.065511
v 0.070106 -0.144342 0.059890
v 0.070119 -0.144502 0.060005
v 0.070941 -0.150441 0.049720
v 0.071685 -0.150559 0.049754
v 0.070365 -0.153052 0.046455
v 0.071214 -0.148105 0.054268
v 0.071261 -0.147360 0.053677
v 0.072178 -0.143827 0.060536
v 0.067725 -0.143927 0.057820
v 0.067725 -0.143927 0.057820
v 0.066517 -0.142463 0.061017
v 0.066773 -0.141877 0.060015
v 0.058632 -0.136005 0.063859
v 0.057727 -0.137442 0.062165
v 0.057982 -0.136908 0.062862
v 0.057189 -0.136693 0.061358
v 0.057133 -0.137233 0.061642
v 0.057381 -0.136497 0.061477
v 0.056146 -0.135957 0.060046
v 0.054909 -0.136839 0.060197
v 0.054618 -0.136395 0.062029
v 0.059451 -0.136904 0.064868
v 0.057891 -0.134573 0.064176
v 0.057891 -0.134573 0.064176
v 0.057891 -0.134573 0.064176
v 0.060594 -0.136042 0.064657
v 0.067488 -0.139346 0.064532
v 0.067387 -0.139633 0.062780
v 0.070112 -0.139042 0.064169
v 0.072940 -0.133525 0.070916
v 0.071761 -0.137534 0.066023
v 0.072536 -0.138079 0.066307
v 0.072561 -0.138141 0.066283
v 0.071490 -0.146479 0.057620
v 0.072796 -0.146799 0.057691
v 0.072954 -0.148726 0.053004
v 0.073362 -0.150387 0.050396
v 0.073238 -0.150408 0.050324
v 0.073128 -0.150477 0.050105
v 0.073334 -0.150793 0.049767
v 0.076607 -0.155934 0.040971
v 0.074198 -0.157456 0.038745
v 0.071785 -0.149715 0.051010
v 0.069605 -0.138055 0.064046
v 0.068006 -0.141520 0.060726
v 0.072627 -0.142631 0.062425
v 0.072325 -0.142780 0.062690
v 0.076171 -0.156469 0.039854
v 0.072511 -0.143441 0.060692
v 0.021218 -0.145124 0.055979
v 0.021218 -0.145124 0.055979
v 0.011072 -0.182388 -0.028538
v 0.011072 -0.182388 -0.028538
v 0.010793 -0.183241 -0.032862
v 0.011052 -0.183190 -0.032585
v 0.012400 -0.183399 -0.033160
v 0.011520 -0.184120 -0.033717
v 0.011520 -0.184120 -0.033717
v 0.011548 -0.186112 -0.052930
v 0.011592 -0.186701 -0.054784
v 0.012323 -0.185817 -0.054845
v 0.011421 -0.183190 -0.059307
v 0.011346 -0.183254 -0.059424
v 0.011346 -0.183254 -0.059424
v 0.011346 -0.183254 -0.059424
v 0.011346 -0.183254 -0.059424
v 0.012622 -0.184966 -0.057237
v 0.012891 -0.184723 -0.057441
v 0.018568 -0.183789 -0.047632
v 0.022255 -0.182738 -0.039890
v 0.020240 -0.182345 -0.036679
v 0.018889 -0.182569 -0.035606
v 0.019411 -0.183417 -0.035561
v 0.019799 -0.185467 -0.033466
v 0.017413 -0.184849 -0.033966
v 0.015869 -0.184589 -0.033846
v 0.014710 -0.184072 -0.033582
v 0.013504 -0.184343 -0.034051
v 0.014142 -0.183531 -0.033280
v 0.013515 -0.183184 -0.033183
v 0.013824 -0.183187 -0.033103
v 0.015796 -0.182309 -0.031256
v 0.015743 -0.182375 -0.031492
v 0.015195 -0.182434 -0.031706
v 0.015195 -0.182434 -0.031706
v 0.016088 -0.182415 -0.031203
v 0.016665 -0.181330 -0.030225
v 0.015683 -0.181890 -0.027915
v 0.016431 -0.181980 -0.027593
v 0.013665 -0.185242 -0.034954
v 0.013665 -0.185242 -0.034954
v 0.017246 -0.186179 -0.036449
v 0.017394 -0.185983 -0.036567
v 0.142722 -0.004745 -0.030182
v 0.144679 -0.009879 -0.030774
v 0.141601 -0.009695 -0.032036
v 0.146003 -0.003882 -0.035666
v 0.146818 -0.004412 -0.035495
v 0.149326 -0.001346 -0.040284
v 0.147172 -0.002399 -0.038229
v 0.145468 -0.002048 -0.036963
v 0.147172 -0.004689 -0.042303
v 0.147230 -0.004634 -0.041977
v 0.143408 -0.001633 -0.054766
v 0.144608 0.000103 -0.057218
v 0.147640 0.001523 -0.055127
v 0.146966 -0.000870 -0.036185
v 0.145300 -0.000644 -0.035254
v 0.145150 0.007655 -0.031465
v 0.144644 0.002145 -0.031145
v 0.142490 -0.000411 -0.030251
v 0.142069 0.000117 -0.030153
v 0.141296 -0.002377 -0.031341
v 0.143214 -0.005053 -0.030307
v 0.147144 -0.003532 -0.034684
v 0.146629 0.000152 -0.033801
v 0.146572 0.000059 -0.034084
v 0.145546 0.001214 -0.032256
v 0.144559 0.000188 -0.033603
v 0.142908 0.000623 -0.034451
v 0.145518 -0.001300 -0.032808
v 0.021022 0.178861 -0.035414
v 0.019789 0.177124 -0.034154
v 0.022657 0.180054 -0.043891
v 0.023365 0.179071 -0.042353
v 0.021204 0.176808 -0.044293
v 0.021507 0.176601 -0.044592
v 0.016990 0.180860 -0.053316
v 0.018349 0.179360 -0.053118
v 0.017746 0.178488 -0.052932
v 0.013607 0.181631 -0.058193
v 0.012281 0.179525 -0.060871
v 0.011361 0.181386 -0.059199
v 0.011040 0.181784 -0.058349
v 0.012126 0.181996 -0.058813
v 0.011418 0.180685 -0.059186
v 0.013757 0.182270 -0.056873
v 0.015774 0.178801 -0.054042
v 0.016933 0.179317 -0.054850
v 0.016970 0.181350 -0.055160
v 0.018653 0.180022 -0.053629
v 0.024573 0.179737 -0.040705
v 0.020753 0.181092 -0.035259
v 0.023318 0.179664 -0.044672
v 0.022429 0.179677 -0.045650
v 0.020956 0.179762 -0.047292
v 0.021064 0.179482 -0.047913
v 0.020890 0.179511 -0.048005
v 0.020721 0.179786 -0.048854
v 0.020894 0.180555 -0.048074
v 0.018342 0.180186 -0.055608
v 0.015244 0.180231 -0.057580
v 0.020560 0.180610 -0.047324
v 0.020560 0.180610 -0.047324
v -0.125273 -0.018770 -0.033028
v -0.125273 -0.018770 -0.033028
v -0.123503 -0.022483 -0.034065
v -0.125232 -0.018967 -0.034167
v -0.127440 -0.019965 -0.032916
v -0.130084 -0.022352 -0.032794
vn 0.9837 -0.1588 -0.0843
vn 0.9722 -0.2327 -0.0248
vn 0.9857 -0.1297 -0.1073
vn -0.7995 0.0206 -0.6003
vn -0.8392 -0.1807 -0.5128
vn -0.7328 0.0779 -0.6760
vn 0.0292 -0.9980 0.0556
vn 0.0415 -0.9489 0.3129
vn 0.0360 -0.9435 0.3295
vn 0.9113 0.0815 0.4035
vn 0.8055 0.0247 0.5921
vn 0.8326 0.0332 0.5528
vn 0.8210 0.0254 0.5704
vn -0.0056 -0.9972 -0.0739
vn 0.1613 -0.9851 0.0602
vn 0.1614 -0.9862 0.0377
vn 0.2664 -0.9618 0.0637
vn 0.3948 -0.9079 0.1408
vn 0.4213 -0.9069 -0.0080
vn 0.4984 -0.8627 0.0856
vn 0.8000 -0.0281 0.5993
vn 0.8009 0.0427 0.5973
vn 0.8179 -0.0119 0.5753
vn 0.4092 -0.9096 0.0724
vn -0.2577 -0.9573 -0.1308
vn -0.2510 -0.9388 -0.2359
vn 0.8157 -0.0161 0.5783
vn -0.1110 -0.9637 -0.2428
vn -0.1475 -0.9650 -0.2167
vn -0.1400 -0.9739 -0.1787
vn -0.2037 -0.8539 -0.4788
vn 0.2992 -0.9268 0.2269
vn 0.4146 -0.9058 0.0876
vn 0.0901 -0.9959 0.0123
vn 0.7844 -0.0414 0.6188
vn 0.9079 -0.0297 0.4181
vn 0.8261 -0.0300 0.5628
vn 0.8145 -0.0185 0.5798
vn 0.8015 -0.0188 0.5977
vn 0.7941 0.0156 0.6076
vn 0.7375 0.1213 0.6644
vn -0.4492 -0.8810 -0.1484
vn -0.4491 -0.8810 -0.1488
vn -0.2095 -0.6269 -0.7504
vn -0.2171 -0.9075 -0.3596
vn 0.8652 -0.0657 0.4970
vn 0.9840 -0.0143 0.1778
vn 0.9370 0.0075 0.3492
vn 0.9825 -0.0589 0.1769
vn 0.9632 0.0031 0.2686
vn 0.9923 0.0048 0.1241
vn 0.9756 -0.0098 0.2194
vn 0.0530 -0.9973 -0.0517
vn 0.9814 -0.0083 0.1920
vn 0.9763 -0.0418 0.2126
vn 0.9842 -0.0170 0.1763
vn 0.8247 -0.0238 0.5651
vn 0.8383 -0.0325 0.5442
vn 0.7588 0.2829 0.5867
vn 0.8764 -0.3761 0.3007
vn 0.7811 -0.4485 0.4345
vn 0.7245 -0.4647 0.5091
vn -0.0191 -0.8780 0.4782
vn 0.0253 -0.8077 0.5890
vn 0.0123 -0.7834 0.6214
vn 0.4333 -0.8944 0.1109
vn 0.2012 -0.9731 0.1121
vn 0.2419 -0.9654 0.0970
vn -0.0574 0.8256 -0.5614
vn -0.0462 0.8279 -0.5589
vn -0.1333 0.7973 -0.5887
vn 0.1265 -0.8904 0.4373
vn 0.1750 -0.8666 0.4673
vn 0.0429 -0.8339 0.5503
vn -0.2302 0.6805 -0.6957
vn 0.1063 -0.8946 0.4340
vn 0.1655 -0.9731 -0.1603
vn 0.1430 0.8522 -0.5033
vn 0.0010 0.8037 -0.5951
vn -0.0694 0.7867 -0.6134
vn 0.0711 0.6674 -0.7413
vn -0.1370 0.8986 -0.4169
vn -0.1483 0.9836 -0.1028
vn -0.0243 0.9759 -0.2169
vn -0.4354 0.3902 -0.8113
vn 0.1370 -0.8354 0.5322
vn 0.0591 -0.9073 0.4163
vn 0.2557 0.8239 -0.5058
vn 0.2788 0.8978 -0.3408
vn 0.1695 0.2194 -0.9608
vn 0.3447 0.0484 -0.9375
vn 0.0586 -0.8074 0.5870
vn 0.0040 -0.7890 0.6144
vn 0.0422 -0.7910 0.6104
vn 0.1964 0.8559 -0.4784
vn 0.2235 0.7045 -0.6736
vn 0.1660 0.7635 -0.6241
vn 0.1576 0.6955 -0.7010
vn -0.0115 0.7075 -0.7066
vn 0.1151 0.9485 -0.2952
vn 0.0979 0.9675 -0.2332
vn 0.0779 0.9921 -0.0987
vn 0.1044 0.9551 -0.2773
vn -0.1255 -0.9913 0.0393
vn 0.1320 0.9769 -0.1681
vn 0.1297 0.9827 -0.1321
vn 0.1304 0.9826 -0.1323
vn -0.2511 -0.7204 0.6465
vn -0.2589 -0.6904 0.6755
vn -0.2675 -0.7153 0.6456
vn -0.2421 -0.6622 0.7092
vn -0.1234 -0.7692 0.6269
vn -0.2144 -0.7707 0.6001
vn -0.1708 -0.7885 0.5908
vn 0.1269 0.8564 -0.5004
vn 0.1610 0.5963 -0.7864
vn 0.0938 0.7177 -0.6900
vn 0.1359 0.9796 0.1481
vn -0.1462 0.5446 -0.8258
vn -0.0314 0.9294 -0.3677
vn -0.1993 -0.8378 0.5083
vn 0.3747 0.6130 -0.6956
vn 0.2785 0.6565 -0.7010
vn 0.2973 0.6955 -0.6541
vn 0.3173 0.8161 -0.4830
vn 0.0403 -0.7982 0.6010
vn 0.0117 -0.8263 0.5631
vn 0.0203 -0.6262 0.7794
vn 0.0457 -0.9449 0.3241
vn 0.0230 0.7113 -0.7026
vn -0.1443 0.3599 -0.9217
vn -0.2065 0.4033 -0.8915
vn -0.0437 0.8511 -0.5232
vn 0.0167 0.8974 -0.4409
vn -0.0101 -0.7563 0.6541
vn -0.0083 -0.7240 0.6897
vn -0.1842 -0.3305 0.9256
vn 0.0514 -0.7234 0.6885
vn -0.1655 -0.8299 0.5328
vn 0.0270 0.5212 -0.8530
vn 0.2747 0.6270 -0.7289
vn 0.0229 0.7114 -0.7024
vn -0.1386 0.6371 -0.7583
vn -0.0508 0.6274 -0.7770
vn -0.0551 0.6293 -0.7752
vn -0.0915 0.4118 -0.9067
vn 0.0565 0.2700 -0.9612
vn -0.0268 0.3101 -0.9503
vn -0.1594 0.8168 -0.5545
vn 0.1290 0.5605 -0.8180
vn 0.1605 0.5592 -0.8134
vn 0.3052 0.5684 -0.7641
vn 0.0522 0.8522 -0.5207
vn -0.0159 0.8917 -0.4523
vn 0.0630 -0.8083 0.5853
vn -0.0507 -0.7205 0.6916
vn -0.0845 -0.9006 0.4263
vn -0.0371 0.7145 -0.6986
vn 0.1438 0.7907 -0.5950
vn 0.2223 0.8041 -0.5514
vn 0.1865 0.8221 -0.5380
vn 0.2484 0.5497 -0.7976
vn 0.0131 -0.8281 0.5604
vn -0.3621 -0.8950 0.2606
vn -0.3403 -0.8939 0.2917
vn -0.3668 -0.8925 0.2624
vn 0.6979 -0.4755 0.5356
vn 0.7013 -0.4871 0.5205
vn 0.8122 -0.0233 0.5830
vn 0.7875 -0.0088 0.6162
vn -0.6065 -0.7127 -0.3523
vn -0.6066 -0.7125 -0.3527
vn 0.5450 0.8000 0.2511
vn 0.6598 0.7436 0.1087
vn 0.6046 0.7757 0.1810
vn -0.0096 -0.0002 -1.0000
vn -0.0383 0.0070 -0.9992
vn 0.1993 0.0395 -0.9791
vn 0.9461 0.0021 0.3239
vn 0.6444 -0.5246 0.5564
vn 0.8214 -0.2702 0.5023
vn 0.5983 -0.3646 0.7135
vn 0.4400 -0.2224 0.8700
vn 0.7523 -0.4489 0.4822
vn 0.8460 -0.4289 0.3169
vn -0.3270 -0.7394 0.5885
vn -0.4097 -0.6215 0.6678
vn -0.1135 -0.8407 0.5294
vn 0.0279 -0.7859 0.6178
vn 0.0353 -0.8019 0.5965
vn 0.0334 -0.8084 0.5877
vn 0.1167 -0.8659 0.4864
vn 0.0296 -0.8399 0.5419
vn -0.1562 -0.9074 0.3901
vn 0.1972 -0.8447 0.4976
vn 0.0019 -0.7787 0.6273
vn 0.0050 -0.7963 0.6049
vn 0.0486 -0.7898 0.6114
vn 0.0474 -0.8143 0.5786
vn 0.1400 -0.0991 -0.9852
vn 0.1392 -0.0995 -0.9853
vn 0.8879 0.3884 -0.2464
vn 0.8709 0.4300 -0.2380
vn 0.8975 0.3751 -0.2320
vn -0.1251 -0.7050 0.6981
vn 0.0997 -0.7581 0.6445
vn 0.0312 -0.6221 0.7823
vn -0.0243 -0.6466 0.7625
vn -0.0306 -0.5822 0.8125
vn 0.0687 0.6782 -0.7317
vn 0.0987 0.7935 -0.6006
vn -0.0006 -0.8298 0.5581
vn 0.0550 -0.8269 0.5597
vn 0.6728 -0.4754 0.5669
vn 0.7504 -0.3980 0.5277
vn 0.7948 -0.2329 0.5604
vn 0.6289 -0.6076 0.4850
vn 0.7688 0.0321 0.6387
vn 0.1819 -0.9442 0.2745
vn 0.5460 -0.3608 0.7561
vn 0.3016 -0.8368 0.4569
vn 0.1807 -0.9787 0.0975
vn 0.1214 -0.9922 0.0265
vn 0.8259 -0.0202 0.5634
vn 0.8161 -0.0051 0.5779
vn 0.8772 -0.0061 0.4801
vn 0.8118 0.5049 0.2934
vn 0.8783 0.4732 0.0683
vn 0.8168 0.5039 0.2810
vn 0.9771 0.1512 0.1496
vn 0.8156 0.0463 0.5768
vn 0.8300 0.0219 0.5573
vn 0.9973 0.0032 0.0730
vn 0.5965 -0.0083 0.8026
vn 0.9028 0.0271 0.4293
vn 0.5715 0.8171 0.0754
vn 0.4884 0.8157 0.3099
vn 0.2766 -0.9609 -0.0136
vn 0.2240 -0.9746 0.0052
vn 0.9858 -0.0223 0.1667
vn 0.9952 -0.0040 0.0978
vn 0.6814 -0.4780 0.5543
vn 0.0268 -0.8153 0.5784
vn 0.0098 -0.8408 0.5413
vn -0.0010 -0.7685 0.6398
vn 0.0314 -0.8585 0.5119
vn -0.0949 0.6462 -0.7573
vn -0.1998 0.6390 -0.7428
vn 0.1449 0.7067 -0.6925
vn -0.3139 -0.8802 0.3560
vn -0.2188 -0.7368 0.6397
vn -0.1807 -0.5360 0.8247
vn -0.0998 -0.8869 0.4511
vn -0.0767 -0.6894 0.7203
vn -0.0525 -0.7294 0.6820
vn 0.0306 -0.6273 0.7782
vn 0.0198 -0.5957 0.8030
vn 0.0172 -0.6451 0.7639
vn 0.6865 -0.2411 0.6860
vn 0.8145 -0.0395 0.5788
vn 0.2457 0.9039 0.3501
vn 0.8511 -0.3808 0.3615
vn 0.8132 0.4696 0.3437
vn 0.8539 0.0241 0.5198
vn 0.8169 0.0134 0.5766
vn 0.7837 0.2927 0.5478
vn 0.9875 0.0543 0.1478
vn 0.9950 0.0274 0.0960
vn 0.9938 0.0247 0.1080
vn 0.9991 0.0038 0.0419
vn 0.9931 0.0545 0.1041
vn 0.0457 0.0076 -0.9989
vn 0.1757 -0.0085 -0.9844
vn 0.0317 0.0094 -0.9995
vn 0.2319 0.9716 0.0464
vn 0.0759 0.9967 0.0273
vn 0.1654 0.9829 0.0813
vn -0.0652 0.9918 -0.1100
vn 0.9867 0.0100 0.1621
vn 0.2274 0.0433 -0.9728
vn 0.0963 -0.0383 -0.9946
vn 0.1888 -0.0087 -0.9820
vn 0.8242 -0.2009 0.5295
vn 0.9957 -0.0179 0.0908
vn 0.9507 -0.1448 0.2742
vn 0.9719 -0.1093 0.2086
vn 0.7899 -0.3116 0.5281
vn 0.7123 -0.4502 0.5385
vn -0.1021 -0.8037 0.5862
vn 0.0804 -0.8488 0.5226
vn 0.0035 -0.7644 0.6447
vn 0.0972 -0.8851 0.4551
vn 0.0387 -0.7021 0.7110
vn 0.0091 -0.8123 0.5831
vn 0.1114 -0.8305 0.5458
vn 0.0105 -0.7991 0.6012
vn 0.0994 0.7324 -0.6736
vn -0.2992 -0.8906 0.3426
vn -0.0673 -0.7057 0.7053
vn -0.1556 -0.6196 0.7694
vn -0.0649 -0.6488 0.7582
vn -0.0192 -0.5065 0.8620
vn -0.0750 -0.5091 0.8574
vn -0.0359 -0.4574 0.8885
vn -0.0660 -0.5272 0.8472
vn 0.0271 0.5811 -0.8134
vn -0.0056 0.4050 -0.9143
vn 0.0987 -0.5914 0.8003
vn 0.0617 -0.6005 0.7973
vn 0.0931 -0.5816 0.8081
vn 0.0170 0.3259 -0.9453
vn 0.0138 0.2917 -0.9564
vn 0.0380 0.4216 -0.9060
vn 0.1706 0.5750 -0.8002
vn -0.2738 0.2931 -0.9160
vn 0.0679 -0.8275 0.5573
vn 0.8921 -0.0361 0.4504
vn 0.7627 0.6444 0.0555
vn 0.5369 -0.2165 0.8154
vn 0.1844 -0.9227 0.3386
vn 0.1671 -0.8878 0.4289
vn -0.0098 -0.9987 -0.0496
vn 0.8329 0.0022 0.5534
vn 0.8057 0.0113 0.5923
vn 0.1240 0.9354 0.3312
vn 0.0516 0.9356 0.3494
vn 0.0105 0.9769 0.2133
vn 0.7096 0.5090 0.4872
vn 0.8589 0.0204 0.5117
vn 0.9637 0.0545 0.2615
vn 0.8997 0.0091 0.4364
vn 0.9952 0.0111 0.0969
vn 0.2184 -0.0190 -0.9757
vn 0.2976 0.9472 0.1195
vn 0.8093 0.5336 -0.2455
vn 0.9997 0.0226 0.0078
vn 0.2377 -0.9711 -0.0197
vn 0.1759 -0.9841 0.0239
vn 0.2566 -0.9665 -0.0082
vn 0.9932 -0.0126 0.1161
vn 0.9939 -0.0311 0.1058
vn 0.9943 -0.0136 0.1062
vn 0.9065 -0.0628 0.4175
vn 0.2995 -0.0599 0.9522
vn 0.7058 -0.4992 0.5026
vn 0.6689 -0.4393 0.5997
vn 0.0635 -0.8789 0.4728
vn 0.0443 -0.8304 0.5554
vn 0.0017 -0.9957 0.0924
vn -0.0036 -0.9960 0.0895
vn -0.0190 -0.9882 0.1522
vn -0.0633 -0.7399 0.6697
vn 0.0316 -0.9259 0.3765
vn -0.2031 0.5860 -0.7844
vn 0.0177 0.6808 -0.7322
vn 0.0050 -0.4435 0.8963
vn -0.0320 -0.4175 0.9081
vn -0.0006 -0.4069 0.9135
vn 0.0552 -0.5066 0.8604
vn -0.0457 -0.3741 0.9263
vn -0.3034 -0.4021 0.8639
vn -0.2765 -0.4186 0.8651
vn -0.3068 -0.4237 0.8523
vn -0.2717 -0.4025 0.8742
vn 0.1509 0.2908 -0.9448
vn 0.1389 0.3881 -0.9111
vn 0.0475 0.5875 -0.8078
vn 0.3897 0.7354 -0.5543
vn -0.0490 0.8127 -0.5806
vn 0.0690 -0.8440 0.5319
vn -0.3725 0.5955 0.7118
vn 0.1142 0.0561 0.9919
vn -0.2389 0.1594 0.9579
vn -0.2795 0.0550 0.9586
vn -0.2724 0.0686 0.9597
vn -0.3073 0.1138 0.9448
vn 0.5565 -0.2972 0.7759
vn 0.8510 -0.3223 0.4146
vn 0.7894 -0.2718 0.5504
vn 0.9089 0.4030 -0.1073
vn 0.7448 -0.4098 0.5266
vn 0.8118 -0.0128 0.5837
vn 0.7981 -0.0044 0.6025
vn 0.0891 -0.9935 0.0706
vn 0.0633 -0.9975 -0.0314
vn 0.8628 0.3841 0.3287
vn 0.8105 0.4025 0.4256
vn 0.9075 0.3592 0.2178
vn -0.0071 0.9990 -0.0436
vn -0.1255 0.9912 -0.0423
vn -0.4941 0.8670 0.0641
vn -0.4034 0.9143 0.0365
vn 0.8192 0.0281 0.5729
vn 0.7981 0.2189 0.5613
vn 0.8305 0.0442 0.5552
vn 0.8595 0.3092 0.4070
vn 0.8330 0.0433 0.5515
vn 0.9845 0.0421 0.1702
vn 0.1498 0.0005 -0.9887
vn 0.0814 0.0020 -0.9967
vn 0.0793 -0.0005 -0.9969
vn 0.1680 0.0181 -0.9856
vn 0.9949 0.0189 0.0990
vn 0.9953 0.0090 0.0963
vn 0.9939 0.0127 0.1100
vn 0.2530 0.9664 -0.0464
vn 0.1916 0.9812 -0.0206
vn 0.1886 0.9819 0.0172
vn 0.9960 0.0068 0.0889
vn 0.9995 0.0291 0.0075
vn 0.9995 -0.0026 0.0307
vn 0.9938 -0.0490 0.0993
vn 0.9953 0.0075 0.0965
vn 0.6227 0.4354 0.6502
vn 0.8418 0.2493 0.4788
vn 0.9879 -0.1493 0.0420
vn 0.8230 -0.3385 0.4562
vn 0.8231 -0.3386 0.4559
vn 0.8956 0.0582 0.4411
vn 0.7865 -0.2430 0.5678
vn 0.8618 -0.0592 0.5037
vn 0.9106 0.4122 0.0300
vn 0.8963 0.4432 -0.0107
vn 0.9011 0.4336 0.0023
vn 0.8802 0.4720 -0.0489
vn 0.9881 -0.1366 -0.0705
vn 0.9777 -0.0994 0.1849
vn 0.9520 -0.0457 -0.3027
vn 0.9167 -0.2148 0.3369
vn -0.1122 0.0297 0.9932
vn 0.1329 -0.1862 0.9735
vn -0.4126 0.1828 0.8924
vn 0.6051 -0.6823 0.4102
vn 0.2069 -0.0267 0.9780
vn 0.7695 -0.2046 0.6050
vn 0.5634 -0.5022 -0.6560
vn 0.8128 -0.2389 -0.5313
vn 0.9553 0.0240 -0.2945
vn 0.9428 -0.3001 -0.1453
vn 0.9598 -0.1859 0.2105
vn 0.9597 -0.1858 0.2109
vn 0.9598 -0.1854 0.2110
vn 0.9213 0.2733 -0.2767
vn 0.9210 0.2735 -0.2774
vn 0.9212 0.2733 -0.2770
vn 0.8950 0.0988 0.4349
vn 0.8959 0.3116 0.3167
vn 0.9937 -0.0953 0.0592
vn 0.9879 -0.1545 -0.0110
vn 0.9074 -0.3894 0.1581
vn 0.8830 -0.1536 -0.4436
vn 0.3624 -0.9320 -0.0083
vn 0.1304 -0.9842 0.1196
vn 0.5173 -0.8539 -0.0566
vn 0.9939 -0.0511 0.0977
vn -0.0114 -0.9938 -0.1104
vn 0.3156 -0.9485 -0.0258
vn 0.6060 -0.0587 0.7933
vn 0.7668 -0.4046 0.4983
vn 0.7612 -0.4362 0.4799
vn 0.7487 -0.4860 0.4509
vn 0.5441 -0.6407 0.5417
vn 0.8122 -0.4028 0.4221
vn 0.4347 -0.7637 0.4772
vn -0.0118 -0.7890 0.6143
vn -0.5167 -0.6878 0.5099
vn 0.0343 -0.9986 0.0411
vn 0.0849 -0.7874 -0.6105
vn -0.0223 -0.9983 -0.0540
vn -0.0135 -0.9999 -0.0101
vn 0.0865 -0.7945 0.6011
vn -0.0808 -0.8073 0.5846
vn -0.0396 -0.9490 0.3129
vn -0.1448 0.6501 -0.7459
vn -0.3417 -0.5043 0.7931
vn -0.1036 -0.6962 0.7104
vn -0.0790 -0.7009 0.7089
vn -0.0119 -0.7314 0.6819
vn -0.0616 -0.7292 0.6815
vn -0.1651 -0.5733 0.8026
vn -0.0040 -0.2616 0.9652
vn -0.1174 -0.3324 0.9358
vn -0.0073 -0.2510 0.9680
vn 0.1569 0.2850 -0.9456
vn 0.0408 -0.1784 0.9831
vn 0.2385 0.1754 -0.9552
vn -0.0632 0.5994 -0.7979
vn -0.3946 -0.0296 0.9184
vn -0.4167 -0.0411 0.9081
vn -0.4435 0.0227 0.8960
vn -0.0122 -0.0657 0.9978
vn -0.1186 0.0478 0.9918
vn -0.0339 -0.1017 0.9942
vn -0.1154 0.0849 0.9897
vn 0.8458 -0.3559 0.3974
vn 0.8205 0.0655 0.5678
vn 0.8303 0.0134 0.5572
vn 0.8334 0.0146 0.5525
vn 0.7420 0.4161 0.5256
vn 0.4410 0.8750 0.1999
vn 0.7384 -0.0012 0.6744
vn 0.7509 0.1004 0.6528
vn 0.9806 0.0515 0.1891
vn 0.1705 0.9853 -0.0078
vn 0.5273 0.8228 -0.2119
vn 0.2974 -0.0622 0.9527
vn 0.2599 -0.0350 0.9650
vn -0.4044 0.3130 0.8594
vn 0.0146 0.3190 0.9476
vn 0.8976 0.2552 0.3595
vn 0.9044 0.3754 0.2028
vn 0.9423 0.3221 0.0914
vn 0.8975 0.4137 0.1529
vn 0.9932 -0.1154 -0.0142
vn 0.9806 -0.1947 0.0207
vn 0.9912 -0.1306 -0.0211
vn 0.9948 0.0692 0.0748
vn 0.9472 0.0512 0.3166
vn 0.8826 -0.4389 -0.1684
vn 0.9127 -0.3952 -0.1041
vn 0.9473 -0.0340 -0.3185
vn 0.9270 -0.2798 -0.2496
vn 0.9431 -0.3062 0.1294
vn 0.9619 -0.2536 0.1023
vn 0.9456 -0.2593 0.1964
vn 0.6271 -0.7461 0.2237
vn 0.6676 -0.0131 0.7444
vn 0.6944 -0.6870 0.2143
vn 0.4281 -0.9036 -0.0124
vn 0.2618 -0.9650 0.0141
vn 0.9948 -0.0313 0.0966
vn 0.2421 -0.0257 -0.9699
vn 0.0889 0.0344 -0.9954
vn 0.0802 0.0512 -0.9955
vn 0.8898 -0.4563 0.0032
vn 0.8619 -0.5055 0.0398
vn 0.8538 -0.5172 0.0592
vn 0.8553 -0.4873 0.1763
vn 0.8504 -0.5201 0.0792
vn 0.8566 -0.5134 0.0515
vn 0.7118 -0.5297 0.4613
vn 0.5533 -0.5786 0.5993
vn 0.0435 -0.9349 0.3524
vn 0.4203 -0.8914 -0.1696
vn 0.0924 -0.9938 0.0621
vn 0.3912 -0.9076 -0.1525
vn 0.2967 -0.9464 -0.1275
vn 0.4119 -0.8988 -0.1498
vn 0.4627 -0.7468 -0.4778
vn 0.5155 -0.8152 -0.2639
vn 0.5007 -0.7960 -0.3401
vn 0.5289 -0.8298 -0.1780
vn 0.0043 -0.9760 -0.2178
vn 0.0501 -0.9557 -0.2901
vn -0.0722 -0.8773 0.4745
vn -0.0720 -0.8774 0.4744
vn 0.9979 0.0650 0.0008
vn 0.9944 0.0991 -0.0375
vn 0.9835 0.1574 -0.0894
vn 0.7205 0.6001 0.3475
vn 0.7202 0.6004 0.3477
vn 0.7200 0.6004 0.3481
vn 0.5011 -0.8386 -0.2136
vn 0.5027 -0.8353 -0.2227
vn -0.6696 -0.4864 -0.5613
vn -0.5834 -0.4842 -0.6521
vn -0.6287 -0.4860 -0.6071
vn -0.5737 -0.7336 -0.3643
vn -0.7544 -0.5106 -0.4124
vn -0.3110 -0.9106 -0.2722
vn 0.0121 -0.9944 -0.1053
vn -0.0999 -0.9919 -0.0785
vn 0.0118 -0.9975 -0.0692
vn -0.4025 -0.9141 0.0492
vn 0.9983 -0.0577 -0.0000
vn 0.0121 -0.5614 0.8274
vn 0.8911 -0.3104 0.3311
vn -0.1800 -0.7064 0.6845
vn -0.0108 -0.9962 0.0869
vn -0.2545 -0.7634 0.5937
vn -0.0063 -0.2737 0.9618
vn -0.0680 -0.4268 0.9018
vn 0.0048 -0.4541 0.8909
vn -0.1002 -0.5516 0.8281
vn -0.2556 -0.0441 0.9658
vn -0.2417 -0.0908 0.9661
vn -0.2483 -0.0929 0.9642
vn 0.3546 -0.4756 0.8050
vn 0.6896 -0.7115 0.1354
vn 0.3305 -0.5458 0.7700
vn 0.0940 0.0384 0.9948
vn 0.1628 -0.7712 0.6155
vn 0.0600 -0.1149 0.9916
vn -0.0040 0.1384 0.9904
vn -0.0481 -0.0579 0.9972
vn -0.3268 0.1535 0.9325
vn 0.9905 0.1375 0.0055
vn 0.9951 0.0553 -0.0819
vn 0.7204 -0.2822 0.6336
vn 0.8074 -0.0270 0.5894
vn 0.8188 -0.0085 0.5740
vn 0.7861 -0.0186 0.6179
vn 0.0930 -0.9926 -0.0776
vn 0.8530 0.0072 0.5219
vn 0.8200 0.0081 0.5723
vn 0.2173 0.9761 0.0063
vn -0.3050 0.9196 -0.2478
vn 0.8141 -0.0385 0.5794
vn 0.7928 0.0025 0.6095
vn 0.6916 0.4558 0.5603
vn 0.8413 0.0007 0.5405
vn 0.7571 0.2725 0.5937
vn 0.6189 0.5133 0.5945
vn 0.7566 0.3455 0.5552
vn 0.8382 0.4544 0.3015
vn 0.9944 -0.0127 0.1049
vn 0.9892 0.0092 0.1462
vn 0.1713 0.0312 -0.9847
vn 0.1564 0.0261 -0.9873
vn 0.9971 0.0354 0.0668
vn 0.9830 0.0760 0.1671
vn 0.9201 0.2033 -0.3349
vn 0.3891 0.4081 -0.8258
vn 0.4111 0.9051 -0.1081
vn 0.2793 0.9546 -0.1032
vn 0.5689 0.8063 -0.1623
vn 0.3072 0.9367 -0.1678
vn 0.8391 0.1200 0.5306
vn 0.4714 0.8438 0.2564
vn 0.6220 0.7768 0.0986
vn 0.5808 0.8141 -0.0005
vn 0.8820 0.4541 0.1259
vn 0.6978 0.4742 -0.5368
vn 0.5615 0.3697 -0.7403
vn 0.9125 0.0587 -0.4049
vn 0.9100 -0.3041 -0.2817
vn 0.9427 -0.3036 -0.1384
vn 0.9100 -0.3347 -0.2447
vn 0.6379 -0.3140 -0.7032
vn 0.7747 -0.2148 -0.5947
vn 0.5658 -0.6845 -0.4597
vn 0.3262 -0.9443 0.0437
vn 0.5090 -0.8423 0.1770
vn 0.4438 -0.8960 0.0175
vn 0.4392 -0.8974 0.0411
vn 0.6405 -0.7647 -0.0707
vn 0.5804 -0.8143 -0.0105
vn 0.4122 -0.9091 -0.0598
vn 0.0886 0.0428 -0.9951
vn 0.8484 -0.5293 0.0091
vn 0.8013 -0.4795 0.3579
vn -0.5443 -0.4569 0.7035
vn -0.5445 -0.4566 0.7036
vn 0.1074 -0.7954 -0.5965
vn 0.5750 -0.6836 -0.4495
vn 0.5082 -0.8393 -0.1930
vn 0.6164 -0.6149 -0.4918
vn 0.6163 -0.6606 -0.4288
vn 0.3918 -0.9196 0.0298
vn -0.7477 -0.3220 0.5808
vn 0.2492 -0.9301 -0.2698
vn -0.6591 -0.5202 0.5431
vn 0.2173 -0.1892 0.9576
vn -0.0603 -0.0928 0.9939
vn 0.1295 -0.2593 0.9571
vn 0.1474 -0.9884 -0.0364
vn 0.0375 -0.9908 -0.1298
vn -0.1457 -0.9707 0.1910
vn -0.3189 -0.9037 0.2858
vn -0.1158 -0.9592 0.2578
vn -0.1248 -0.9859 0.1112
vn -0.0183 -0.9997 0.0143
vn 0.9958 -0.0857 0.0323
vn 0.9462 -0.3139 -0.0789
vn 0.9974 -0.0727 -0.0015
vn 0.9960 -0.0775 0.0444
vn 0.9651 0.2270 -0.1303
vn 0.9995 -0.0287 -0.0131
vn -0.2247 -0.7750 0.5907
vn -0.0665 -0.6742 0.7356
vn -0.0292 -0.6642 0.7469
vn -0.6331 -0.7686 -0.0920
vn -0.0976 -0.7022 0.7053
vn -0.0085 -0.4475 0.8942
vn 0.0664 -0.3777 0.9235
vn -0.0752 -0.1797 0.9808
vn -0.1886 0.2087 0.9596
vn -0.3128 -0.0788 0.9466
vn 0.2544 0.1597 -0.9538
vn -0.1152 0.1522 -0.9816
vn 0.1593 0.1758 -0.9715
vn -0.1055 0.0868 -0.9906
vn 0.0038 0.2803 -0.9599
vn -0.0519 0.4135 -0.9090
vn -0.1237 0.0591 0.9906
vn 0.3113 0.1193 -0.9428
vn 0.3514 0.1005 -0.9308
vn -0.4249 -0.0267 0.9049
vn 0.4117 0.2920 -0.8633
vn 0.3346 0.0601 -0.9404
vn 0.4411 -0.0052 -0.8975
vn -0.0855 -0.0738 0.9936
vn -0.2682 -0.0017 0.9633
vn -0.2315 -0.0381 0.9721
vn 0.0913 0.5283 -0.8441
vn 0.2411 0.1293 -0.9619
vn -0.3240 -0.0617 0.9440
vn -0.5527 0.2318 0.8005
vn -0.3378 0.0272 0.9408
vn 0.3646 -0.2182 -0.9052
vn 0.3641 -0.2179 -0.9055
vn 0.3640 -0.2186 -0.9054
vn 0.2034 -0.0536 0.9776
vn 0.0727 0.0811 0.9940
vn 0.9680 -0.2508 0.0044
vn 0.2011 -0.1824 0.9624
vn 0.9819 -0.1212 -0.1456
vn 0.9818 -0.1215 -0.1460
vn 0.9817 -0.1220 -0.1460
vn 0.7682 -0.0220 0.6398
vn 0.7352 -0.0461 0.6763
vn -0.0913 -0.0507 0.9945
vn 0.0556 -0.9984 0.0082
vn 0.8366 -0.1344 0.5310
vn 0.2986 0.9464 0.1236
vn 0.4106 0.8920 0.1892
vn 0.2716 0.9212 0.2786
vn 0.1871 0.9101 0.3697
vn 0.5852 0.8094 0.0499
vn 0.8471 0.0512 0.5289
vn 0.5824 0.6176 0.5286
vn 0.5582 0.5212 0.6456
vn 0.6995 0.4784 0.5309
vn 0.8259 0.0486 0.5617
vn 0.5700 0.7573 0.3187
vn 0.7554 0.3937 0.5238
vn 0.9040 0.0387 0.4259
vn 0.6634 0.5238 0.5344
vn 0.6631 0.5239 0.5347
vn 0.8504 0.5100 0.1293
vn 0.8469 0.5119 0.1439
vn 0.8176 0.5440 0.1886
vn 0.9853 0.0668 0.1573
vn 0.9982 0.0251 0.0541
vn 0.9911 0.0585 0.1199
vn 0.9940 0.0347 0.1037
vn 0.7920 0.6090 -0.0437
vn 0.9946 0.0997 0.0293
vn 0.9946 0.0224 -0.1009
vn 0.4917 0.8646 0.1032
vn 0.5110 0.8595 0.0072
vn 0.5520 0.8309 -0.0697
vn 0.8587 0.4522 -0.2413
vn 0.8731 -0.2348 -0.4273
vn 0.8842 -0.3127 -0.3469
vn 0.5819 -0.7336 -0.3510
vn 0.5374 -0.8431 -0.0189
vn -0.5816 -0.6052 0.5435
vn -0.5390 -0.6136 0.5770
vn 0.9926 -0.0429 0.1138
vn 0.9842 -0.0921 0.1513
vn 0.9941 -0.0212 0.1067
vn 0.9952 -0.0600 0.0775
vn 0.9565 -0.2813 0.0779
vn 0.0939 0.0335 -0.9950
vn 0.0971 0.0130 -0.9952
vn 0.0993 0.0277 -0.9947
vn 0.0668 0.0600 -0.9960
vn 0.0543 0.0513 -0.9972
vn 0.0599 0.0515 -0.9969
vn 0.8265 -0.4458 0.3438
vn 0.7182 -0.4930 0.4911
vn 0.7495 -0.5306 0.3960
vn 0.8394 -0.5406 0.0568
vn 0.8700 -0.4885 0.0664
vn 0.0673 -0.8699 0.4886
vn 0.0703 -0.8889 0.4527
vn 0.0774 -0.9964 0.0355
vn 0.0495 -0.9976 0.0491
vn 0.0028 -0.9993 0.0370
vn -0.0059 -0.9991 0.0425
vn 0.0015 -0.9993 0.0369
vn -0.0869 -0.9954 0.0406
vn 0.0171 -0.9984 0.0545
vn 0.9751 0.1711 -0.1410
vn 0.9916 0.1019 -0.0797
vn 0.9041 0.3250 -0.2774
vn 0.8940 0.0459 0.4457
vn 0.8937 0.0460 0.4462
vn 0.8938 0.0457 0.4461
vn 0.1444 0.9527 -0.2675
vn 0.2082 0.9351 -0.2869
vn 0.2599 0.9068 -0.3320
vn 0.1834 0.9128 -0.3650
vn 0.0302 0.8988 -0.4373
vn -0.2767 0.8230 -0.4961
vn -0.1203 -0.9734 -0.1952
vn 0.4251 -0.5502 -0.7188
vn 0.4247 -0.5506 -0.7187
vn 0.4790 -0.5299 -0.6998
vn -0.5222 -0.8393 -0.1510
vn 0.0087 -0.9379 0.3469
vn 0.0104 -0.9374 0.3481
vn 0.0034 -0.9392 0.3433
vn 0.0668 -0.9901 0.1238
vn -0.0149 -0.9655 0.2601
vn -0.0385 -0.9286 0.3691
vn 0.9921 -0.1211 0.0329
vn 0.9958 -0.0733 0.0558
vn 0.9898 -0.1022 0.0988
vn 0.9746 -0.2177 0.0516
vn -0.1447 -0.5683 0.8100
vn -0.1887 0.2184 -0.9574
vn 0.1290 0.1952 -0.9723
vn -0.0324 0.2082 -0.9776
vn -0.3873 -0.5297 0.7546
vn -0.2500 -0.2436 0.9371
vn -0.2734 -0.2177 0.9370
vn -0.2945 -0.1122 0.9490
vn 0.4041 0.3709 -0.8362
vn 0.4045 0.3704 -0.8362
vn 0.0168 0.0376 -0.9992
vn 0.2137 0.8409 -0.4971
vn 0.7505 0.5000 -0.4321
vn 0.3734 0.8544 0.3613
vn 0.1808 0.1427 0.9731
vn -0.3077 -0.0388 0.9507
vn -0.0607 0.0376 0.9974
vn -0.1080 -0.0344 0.9936
vn -0.0117 -0.0061 0.9999
vn 0.1670 0.0257 0.9856
vn 0.1479 0.0219 0.9888
vn 0.1112 0.1515 0.9822
vn 0.0889 0.0079 0.9960
vn 0.8546 -0.0560 0.5163
vn 0.0210 -0.9997 -0.0115
vn 0.8613 0.0059 0.5081
vn 0.7327 -0.0178 0.6803
vn 0.9108 0.0798 0.4052
vn 0.6813 0.0103 0.7320
vn 0.6432 0.7142 0.2760
vn 0.1606 0.9074 0.3884
vn 0.2039 0.7539 0.6245
vn 0.1678 0.7670 0.6193
vn 0.0402 0.7663 0.6412
vn -0.0248 0.7933 0.6083
vn -0.0948 0.8198 0.5647
vn 0.2648 0.6209 0.7378
vn 0.7525 0.4730 0.4583
vn 0.9942 0.0485 0.0961
vn 0.9943 0.0143 0.1053
vn -0.0786 0.7894 0.6088
vn 0.4877 0.5814 -0.6513
vn 0.4528 0.5596 -0.6941
vn 0.5527 0.6538 -0.5169
vn 0.1692 -0.4928 -0.8535
vn 0.1642 -0.6132 -0.7726
vn 0.1660 -0.1876 -0.9681
vn -0.0993 -0.4848 -0.8690
vn -0.0987 -0.4846 -0.8691
vn -0.0996 -0.4845 -0.8691
vn -0.6168 -0.7846 -0.0629
vn -0.6306 -0.7690 0.1047
vn -0.1616 -0.9291 0.3328
vn 0.4125 -0.7435 0.5263
vn 0.4173 -0.9061 -0.0701
vn 0.9769 -0.1476 -0.1544
vn 0.8830 -0.4684 0.0298
vn 0.8691 -0.4842 -0.1015
vn 0.0286 0.0571 -0.9980
vn -0.0610 0.1034 -0.9928
vn 0.1152 -0.9019 0.4164
vn 0.8345 0.4175 -0.3597
vn 0.2449 0.8879 -0.3893
vn -0.9061 0.3111 -0.2868
vn 0.9052 0.0404 -0.4231
vn 0.8862 0.0842 -0.4556
vn 0.8927 0.0696 -0.4452
vn 0.8723 0.1124 -0.4758
vn -0.0278 0.9387 -0.3437
vn -0.1908 0.8253 -0.5315
vn -0.1419 0.9095 -0.3908
vn -0.4638 0.6391 -0.6135
vn -0.6194 -0.6712 -0.4072
vn -0.5331 -0.7931 -0.2947
vn -0.4997 -0.8192 -0.2816
vn -0.1663 -0.9857 0.0277
vn 0.0012 -0.9401 0.3409
vn -0.7374 -0.6505 0.1818
vn 0.4599 -0.8640 0.2048
vn -0.7351 -0.5582 0.3848
vn -0.4864 -0.8656 -0.1191
vn -0.4868 -0.8654 -0.1188
vn 0.0724 -0.9956 0.0588
vn 0.0001 -0.9997 0.0247
vn -0.0140 -0.9745 0.2239
vn 0.9884 -0.1455 -0.0432
vn 0.9763 -0.2112 -0.0470
vn 0.9706 -0.1959 0.1396
vn 0.9523 -0.2773 0.1276
vn 0.9671 -0.1787 0.1808
vn -0.0929 -0.5160 0.8515
vn -0.0936 -0.5164 0.8512
vn 0.2228 0.2274 -0.9480
vn 0.2586 0.1613 -0.9524
vn 0.2617 0.1426 -0.9545
vn -0.0959 -0.0390 0.9946
vn -0.0954 -0.0389 0.9947
vn -0.1987 -0.0568 -0.9784
vn 0.1335 0.1596 0.9781
vn -0.0806 0.0436 0.9958
vn 0.1093 0.1021 0.9888
vn 0.0237 0.0052 0.9997
vn 0.0172 -0.0168 0.9997
vn 0.2585 0.2459 0.9342
vn 0.2584 0.2457 0.9343
vn 0.2589 0.2454 0.9342
vn 0.6299 0.0514 0.7750
vn 0.6442 0.0398 0.7638
vn 0.7387 0.0195 0.6737
vn 0.6135 0.0705 0.7866
vn -0.1086 0.0005 0.9941
vn 0.1266 0.0939 0.9875
vn 0.0389 -0.0012 0.9992
vn -0.0180 -0.1079 0.9940
vn -0.1512 -0.9712 0.1839
vn 0.8389 -0.0005 0.5442
vn -0.2527 0.8747 -0.4136
vn 0.1735 0.9819 0.0754
vn 0.2926 0.9398 0.1763
vn 0.5302 0.7800 0.3325
vn 0.0959 0.9876 0.1244
vn 0.0130 0.9838 0.1786
vn 0.7779 0.0066 0.6284
vn 0.2025 -0.0008 0.9793
vn 0.5577 -0.0066 0.8301
vn 0.0076 0.0098 0.9999
vn 0.0098 0.0028 0.9999
vn 0.0059 0.1260 0.9920
vn -0.0437 0.1324 0.9902
vn 0.0279 0.6005 0.7991
vn 0.0223 0.6307 0.7757
vn -0.7886 0.5769 0.2129
vn 0.7068 0.4632 0.5347
vn 0.8459 0.5197 0.1197
vn 0.2430 -0.0017 -0.9700
vn 0.2433 -0.0520 -0.9685
vn 0.2420 -0.0518 -0.9689
vn -0.4369 0.7879 0.4340
vn -0.4032 0.9126 0.0673
vn -0.2272 0.9684 -0.1024
vn -0.5304 0.8408 -0.1078
vn -0.6275 0.7775 -0.0420
vn 0.4920 0.8703 0.0217
vn 0.4558 0.8885 0.0539
vn 0.6725 0.6548 -0.3450
vn 0.5883 0.7982 -0.1293
vn -0.5568 -0.6912 -0.4607
vn -0.3922 -0.7433 -0.5418
vn -0.5796 -0.6769 -0.4537
vn -0.7318 -0.5015 -0.4615
vn -0.5580 -0.6576 -0.5061
vn -0.9121 -0.2041 -0.3554
vn 0.4196 0.7863 -0.4534
vn 0.4435 0.7796 -0.4422
vn -0.0503 0.5953 -0.8019
vn 0.6979 -0.7133 -0.0640
vn 0.3288 -0.9411 -0.0791
vn -0.5654 -0.8217 -0.0715
vn -0.5754 -0.8164 -0.0484
vn 0.9679 -0.1470 0.2037
vn 0.8710 -0.3269 0.3668
vn 0.8751 -0.4762 0.0859
vn -0.1819 0.7456 -0.6410
vn -0.1820 0.7459 -0.6407
vn -0.1371 0.7473 -0.6501
vn 0.0056 0.9509 -0.3096
vn 0.0261 0.9718 -0.2345
vn -0.5203 -0.7690 -0.3715
vn -0.5296 -0.7906 0.3072
vn -0.1598 -0.9838 0.0807
vn -0.3236 -0.7266 0.6061
vn -0.9445 -0.2928 0.1487
vn -0.9610 0.1045 0.2562
vn -0.2668 -0.9575 -0.1092
vn -0.0267 -0.9992 0.0302
vn 0.0213 -0.9683 0.2490
vn -0.1217 -0.8888 0.4419
vn 0.0007 -0.8469 0.5317
vn 0.9691 -0.1042 0.2234
vn 0.9903 -0.1248 0.0608
vn 0.7592 -0.2350 0.6070
vn -0.1100 -0.5188 0.8478
vn -0.1464 -0.4353 0.8883
vn 0.0626 -0.5298 0.8458
vn 0.0675 -0.3785 0.9232
vn 0.2475 -0.3429 0.9062
vn -0.3324 -0.4127 0.8481
vn -0.2945 -0.4565 0.8395
vn -0.2790 -0.3952 0.8752
vn 0.3079 0.2284 0.9236
vn -0.0378 -0.0333 0.9987
vn -0.0883 -0.1067 0.9904
vn -0.0103 -0.9821 0.1879
vn 0.0182 -0.9915 0.1286
vn 0.1047 0.9640 0.2443
vn 0.0667 0.9747 0.2131
vn 0.0256 0.9813 0.1910
vn 0.4003 0.2269 0.8878
vn 0.3183 0.3757 0.8704
vn 0.3185 0.3752 0.8705
vn 0.0170 -0.0115 0.9998
vn -0.0460 -0.0417 0.9981
vn -0.1135 0.3931 0.9125
vn -0.0183 0.0743 0.9971
vn -0.0802 0.3379 0.9378
vn 0.0203 0.8029 0.5958
vn 0.0189 0.7993 0.6006
vn 0.3919 0.5095 0.7660
vn 0.7136 0.4591 0.5291
vn 0.7048 0.4866 0.5161
vn 0.7156 0.4620 0.5239
vn 0.8300 0.5420 0.1319
vn 0.2184 0.0335 -0.9753
vn -0.3624 0.1468 -0.9204
vn 0.9484 0.3137 0.0457
vn 0.8979 0.4383 -0.0407
vn 0.9050 0.4107 0.1105
vn 0.9258 0.3123 0.2131
vn 0.9187 0.2935 0.2643
vn 0.9941 0.0590 0.0908
vn 0.8627 0.4971 0.0926
vn 0.5573 0.7995 -0.2242
vn 0.1573 -0.0177 -0.9874
vn -0.5459 -0.7120 -0.4416
vn -0.3730 -0.7705 -0.5169
vn 0.0112 -0.7848 -0.6196
vn -0.5172 0.7007 -0.4915
vn -0.4819 0.7889 -0.3813
vn -0.5546 0.6532 -0.5155
vn -0.9616 0.1503 -0.2295
vn -0.5624 0.4102 -0.7179
vn -0.5431 0.6231 -0.5629
vn 0.0370 -0.9963 -0.0779
vn 0.9726 -0.2033 0.1127
vn 0.8797 -0.4754 -0.0127
vn 0.8727 -0.4882 0.0093
vn 0.8651 -0.4971 0.0665
vn -0.0709 0.1115 -0.9912
vn 0.1423 -0.9898 -0.0123
vn 0.9276 0.2444 -0.2826
vn 0.9274 0.2449 -0.2827
vn -0.0016 -0.9991 0.0429
vn 0.0218 -0.9986 0.0483
vn -0.0421 0.8966 -0.4407
vn -0.1245 -0.9906 -0.0567
vn -0.2653 -0.8976 0.3519
vn 0.0346 -0.9994 -0.0008
vn 0.0924 -0.9956 -0.0147
vn 0.1486 -0.8975 0.4153
vn 0.0768 -0.8097 0.5818
vn 0.0203 -0.7402 0.6721
vn 0.0390 -0.7739 0.6321
vn 0.9671 -0.1730 0.1866
vn 0.9531 -0.1772 0.2455
vn 0.9648 -0.0782 0.2510
vn -0.2028 -0.2471 0.9475
vn 0.0077 -0.2784 0.9604
vn -0.1254 -0.3287 0.9361
vn -0.0848 0.8405 0.5352
vn 0.1188 0.3784 0.9180
vn 0.0099 0.3713 0.9284
vn -0.1205 -0.0712 0.9902
vn -0.1304 -0.0805 0.9882
vn -0.1245 -0.0838 0.9887
vn 0.0084 -0.0021 1.0000
vn 0.0212 0.0004 0.9998
vn 0.0627 0.0091 0.9980
vn -0.0036 -0.9835 0.1811
vn -0.0206 -0.9911 0.1315
vn -0.1385 -0.9767 0.1638
vn -0.0240 -0.9578 0.2863
vn 0.5492 -0.3547 0.7566
vn -0.5533 -0.3654 0.7486
vn 0.2277 0.1547 0.9614
vn 0.3081 0.0303 0.9509
vn 0.1155 0.0405 0.9925
vn 0.3681 -0.0354 0.9291
vn 0.2002 -0.0252 0.9794
vn -0.0156 -0.0130 0.9998
vn -0.0329 -0.0152 0.9993
vn 0.1620 0.2148 0.9631
vn -0.0170 0.9743 0.2248
vn 0.0025 -0.0012 1.0000
vn -0.0218 0.0053 0.9997
vn -0.0054 -0.0004 1.0000
vn -0.0091 0.0029 1.0000
vn 0.1690 0.2576 0.9514
vn 0.0050 0.7738 0.6335
vn -0.0454 0.7633 0.6444
vn -0.0076 0.8118 0.5839
vn 0.0305 0.8218 0.5689
vn 0.7119 0.4790 0.5136
vn 0.8984 0.1705 0.4048
vn 0.8645 0.4832 0.1385
vn 0.7768 0.5818 0.2411
vn 0.8250 0.5644 -0.0280
vn 0.4871 0.0011 -0.8733
vn 0.8693 0.4915 0.0532
vn 0.8540 0.5085 0.1101
vn 0.8697 0.4858 0.0877
vn 0.9499 0.2759 0.1469
vn 0.9498 0.2763 0.1470
vn 0.9933 0.0547 0.1021
vn 0.9987 -0.0091 0.0503
vn 0.9939 -0.0998 -0.0474
vn -0.6557 -0.2851 -0.6991
vn 0.7622 -0.2784 -0.5844
vn -0.0452 -0.0652 -0.9969
vn -0.6401 -0.7682 0.0041
vn -0.6088 -0.7930 -0.0234
vn 0.9964 0.0256 0.0811
vn 0.4966 0.8551 0.1491
vn 0.9649 -0.2278 0.1307
vn 0.8599 -0.5019 0.0930
vn 0.7362 -0.6733 0.0685
vn 0.6977 -0.7164 -0.0028
vn 0.6954 -0.7156 0.0653
vn 0.9999 0.0043 -0.0125
vn 0.9999 0.0106 -0.0110
vn 0.9993 0.0382 -0.0028
vn 1.0000 0.0067 0.0031
vn 0.9999 -0.0084 0.0091
vn 1.0000 0.0046 0.0019
vn -0.0005 -0.9996 0.0293
vn -0.0734 -0.9965 0.0398
vn 0.8503 -0.5260 0.0179
vn -0.6055 0.7792 -0.1621
vn 0.0417 -0.9991 -0.0001
vn -0.0245 -0.9997 0.0028
vn 0.0191 -0.9062 0.4223
vn 0.0107 -0.8490 0.5283
vn -0.0028 -0.7055 0.7087
vn 0.0296 -0.7632 0.6455
vn 0.0809 -0.5862 0.8061
vn 0.0036 -0.7495 0.6620
vn 0.0074 -0.7913 0.6114
vn 0.9738 -0.0990 0.2048
vn -0.3758 -0.3692 0.8500
vn 0.0482 0.0453 0.9978
vn -0.0191 0.0151 0.9997
vn -0.0853 -0.0109 0.9963
vn -0.1519 0.0394 0.9876
vn -0.1433 -0.0186 0.9895
vn -0.0024 -0.0210 0.9998
vn 0.0930 0.0028 0.9957
vn 0.0556 0.1216 0.9910
vn -0.0143 0.0089 0.9999
vn 0.1139 0.0182 0.9933
vn 0.0028 0.0059 1.0000
vn 0.0457 0.0542 0.9975
vn 0.0267 0.0179 0.9995
vn -0.0029 0.0024 1.0000
vn -0.0800 -0.9694 0.2323
vn -0.3630 -0.7889 0.4959
vn -0.2690 -0.3010 0.9149
vn -0.3284 -0.2038 0.9223
vn 0.0469 -0.0107 0.9988
vn -0.0266 0.0045 0.9996
vn -0.0072 0.8077 0.5896
vn 0.9635 0.2572 0.0740
vn 0.9403 0.3310 0.0791
vn 0.9993 0.0384 0.0014
vn 0.9951 0.0408 0.0902
vn 0.9807 0.1210 0.1533
vn 0.9957 0.0397 -0.0838
vn 0.0269 0.8070 0.5900
vn -0.0847 0.8325 0.5475
vn 0.0327 0.7734 0.6331
vn -0.1327 0.9373 0.3222
vn 0.0545 0.9709 0.2331
vn -0.0073 0.9848 0.1736
vn 0.0055 0.9934 0.1141
vn -0.0243 0.9904 0.1361
vn -0.0966 0.9286 0.3584
vn -0.0501 0.9317 0.3598
vn 0.3200 0.7282 0.6061
vn 0.0819 0.8001 0.5942
vn 0.4278 0.6822 0.5930
vn 0.4025 0.6870 0.6051
vn 0.7247 0.5013 0.4727
vn 0.3566 0.2472 0.9010
vn 0.8681 0.4887 0.0870
vn 0.9523 0.0965 0.2894
vn 0.9882 0.0532 0.1436
vn -0.6532 0.7433 -0.1444
vn -0.6861 0.7274 -0.0092
vn -0.6427 0.7660 0.0159
vn -0.7941 0.6071 0.0289
vn -0.7940 0.6073 0.0285
vn -0.5096 0.6837 -0.5224
vn -0.4909 0.7948 -0.3568
vn -0.8931 -0.2761 -0.3551
vn -0.8932 -0.2758 -0.3552
vn -0.8931 -0.2756 -0.3556
vn 0.9929 0.0236 0.1165
vn 0.9025 0.3787 0.2052
vn 0.9973 -0.0691 0.0231
vn 0.9597 -0.2783 0.0390
vn 0.9151 -0.3995 0.0539
vn 0.8712 -0.4812 0.0969
vn 0.8872 -0.4547 0.0781
vn 0.6873 -0.7261 0.0192
vn -0.0309 0.1754 -0.9840
vn 0.0934 0.1434 -0.9852
vn 0.1754 0.1550 -0.9722
vn 0.0896 0.2176 -0.9719
vn 0.2644 0.4689 -0.8427
vn 0.3477 0.5057 -0.7895
vn 0.2150 0.2794 -0.9358
vn 0.0680 0.0354 -0.9971
vn 0.0015 -0.9997 0.0247
vn -0.9997 -0.0081 -0.0233
vn -0.9998 0.0174 -0.0125
vn -0.9961 -0.0723 -0.0503
vn -0.8825 -0.4591 0.1026
vn -0.9808 -0.1608 -0.1100
vn -0.9903 -0.1262 0.0585
vn -0.9975 -0.0678 -0.0188
vn -0.1608 -0.9870 0.0017
vn 0.0014 -0.9349 0.3548
vn -0.0216 -0.8320 0.5544
vn 0.0007 -0.9529 0.3033
vn -0.0239 -0.7202 0.6933
vn 0.1349 -0.7162 0.6847
vn -0.0135 -0.6675 0.7445
vn 0.0166 -0.7107 0.7033
vn -0.0214 -0.6743 0.7381
vn 0.9325 -0.0312 0.3599
vn 0.9070 -0.0065 0.4211
vn 0.8847 0.0162 0.4658
vn 0.9497 0.0078 0.3131
vn 0.0841 -0.0794 0.9933
vn 0.2421 0.1169 0.9632
vn -0.0125 -0.7631 0.6462
vn -0.2206 -0.5842 0.7810
vn 0.1651 0.0823 0.9828
vn -0.0586 0.9965 0.0594
vn -0.0104 0.9980 0.0618
vn 0.0821 -0.4454 0.8916
vn -0.0437 -0.0427 0.9981
vn 0.9656 -0.0182 0.2595
vn 0.9409 -0.0135 0.3383
vn 0.9768 0.0103 0.2137
vn 0.9700 0.1928 0.1478
vn 0.9972 0.0662 0.0362
vn 0.9912 0.0720 0.1109
vn -0.2304 0.8105 0.5385
vn -0.1759 0.8012 0.5719
vn -0.1748 0.9758 -0.1312
vn 0.0713 0.9876 0.1401
vn -0.0129 0.9997 0.0225
vn -0.0914 0.9945 0.0507
vn -0.0080 0.9999 0.0153
vn 0.0410 0.9974 0.0601
vn 0.6821 0.5623 0.4675
vn 0.8063 0.5631 0.1814
vn 0.8549 0.4778 0.2022
vn -0.0156 0.1096 -0.9939
vn -0.0515 0.1383 -0.9891
vn 0.9929 0.0510 0.1078
vn 0.9986 0.0391 0.0357
vn 0.9934 0.1096 0.0329
vn -0.6158 0.7876 0.0241
vn 0.4640 0.3394 -0.8182
vn 0.4644 0.3393 -0.8180
vn 0.9951 -0.0546 0.0830
vn 0.8717 -0.4785 0.1057
vn 0.8824 -0.4564 0.1143
vn 0.6905 -0.7199 0.0701
vn 0.7268 -0.6865 0.0229
vn 0.0132 0.0891 -0.9959
vn 0.0064 0.0995 -0.9950
vn 0.0194 0.0842 -0.9963
vn 0.0573 0.3027 -0.9514
vn -0.1151 -0.9931 0.0223
vn -0.0057 0.9997 -0.0247
vn 0.0155 0.9993 -0.0330
vn 0.2744 0.9601 -0.0534
vn -0.5455 0.7154 0.4366
vn 0.0118 -0.0642 -0.9979
vn 0.0120 -0.0653 -0.9978
vn -0.5001 -0.6577 0.5633
vn -0.9937 -0.0949 -0.0597
vn -0.8781 0.0549 -0.4754
vn 0.2818 -0.8628 0.4196
vn -0.9912 0.0389 -0.1264
vn -0.9877 -0.1368 0.0753
vn -0.9964 -0.0819 0.0197
vn -0.9753 -0.1726 0.1375
vn -0.9805 0.1282 -0.1490
vn -0.9844 -0.0765 0.1582
vn -0.8126 -0.2965 0.5018
vn 0.0814 -0.5478 0.8326
vn 0.0836 -0.5989 0.7964
vn 0.1674 -0.6511 0.7403
vn 0.0722 -0.6946 0.7158
vn 0.0930 -0.6996 0.7084
vn -0.0028 -0.6939 0.7201
vn -0.0384 -0.6997 0.7134
vn 0.9665 -0.0157 0.2561
vn 0.9368 0.0048 0.3498
vn 0.9471 0.0003 0.3210
vn -0.0198 0.0088 0.9998
vn 0.0218 -0.9874 0.1565
vn 0.0054 -0.9606 0.2778
vn -0.0944 0.0351 0.9949
vn -0.2626 0.8049 0.5322
vn -0.2633 0.8046 0.5323
vn 0.0508 0.5821 0.8115
vn 0.0194 0.9845 0.1746
vn 0.1056 0.9620 0.2519
vn -0.1595 -0.0382 0.9865
vn -0.2309 0.1260 0.9648
vn 0.9630 0.0413 0.2664
vn 0.9339 0.0125 0.3574
vn 0.9564 0.1827 0.2278
vn 0.8894 0.1117 0.4432
vn 0.0199 0.9965 0.0814
vn 0.4997 0.8566 -0.1285
vn 0.5446 0.8129 -0.2066
vn 0.4996 0.7918 -0.3513
vn 0.4416 0.7633 -0.4716
vn 0.4047 0.8362 -0.3701
vn 0.4241 0.8655 -0.2665
vn 0.2601 -0.8332 -0.4880
vn 0.5140 -0.6938 -0.5045
vn 0.5586 -0.6567 -0.5067
vn 0.8301 -0.3620 -0.4242
vn 0.8555 -0.3292 -0.3996
vn 0.9120 -0.3431 -0.2246
vn 0.9493 -0.2935 -0.1128
vn 0.9389 0.1254 0.3205
vn 0.9389 0.1246 0.3208
vn 0.8242 0.0601 0.5631
vn 0.3848 0.9189 -0.0873
vn 0.2173 0.9760 -0.0122
vn 0.2218 -0.8894 -0.3997
vn 0.4234 -0.8102 -0.4054
vn -0.4920 -0.8542 0.1681
vn 0.9088 -0.3865 0.1572
vn 0.9291 -0.0282 -0.3687
vn 0.9311 -0.0222 -0.3642
vn 0.9600 -0.0929 -0.2642
vn 0.9849 -0.1366 -0.1068
vn 0.9943 -0.1030 0.0263
vn 0.3522 -0.8027 0.4813
vn 0.3239 -0.4133 0.8510
vn 0.1752 0.1820 0.9676
vn -0.0552 0.9955 0.0773
vn 0.1738 0.9848 0.0024
vn 0.1201 0.9920 0.0377
vn 0.1164 0.9842 0.1337
vn -0.1063 0.8185 -0.5646
vn -0.1045 0.7755 -0.6226
vn 0.0006 -0.9571 -0.2899
vn -0.7031 -0.6358 0.3184
vn -0.0187 0.9997 0.0134
vn -0.0010 0.9993 0.0386
vn -0.0096 0.9997 0.0211
vn 0.0031 0.9985 0.0546
vn -0.0007 0.9995 0.0327
vn -0.0143 0.9929 0.1185
vn 0.0323 0.9995 0.0075
vn 0.0995 0.9715 0.2151
vn -0.1797 0.7765 0.6040
vn 0.7434 0.6568 0.1262
vn 0.9048 0.4030 0.1374
vn 0.7969 0.5990 0.0782
vn 0.8616 0.4943 0.1152
vn 0.7441 0.5481 0.3818
vn 0.8292 0.4902 0.2686
vn 0.8706 0.4905 0.0389
vn 0.9960 0.0526 -0.0729
vn 0.9933 0.0149 -0.1148
vn 0.9905 -0.0343 -0.1329
vn 0.9798 0.0850 -0.1810
vn 0.9984 -0.0549 -0.0107
vn 0.9751 -0.2130 0.0609
vn 0.9424 0.3266 0.0725
vn 0.8820 -0.4585 0.1087
vn -0.0446 0.1059 -0.9934
vn -0.0865 -0.0566 -0.9946
vn 0.0486 0.1313 -0.9902
vn 0.3757 0.3884 -0.8414
vn 0.2852 0.3171 -0.9045
vn 0.0259 0.9805 -0.1950
vn 0.0060 0.9991 -0.0426
vn -0.2562 0.9655 0.0458
vn -0.0225 -0.0292 -0.9993
vn -0.0138 -0.0137 -0.9998
vn 0.0007 0.0177 -0.9998
vn -0.0825 -0.9624 -0.2586
vn -0.1582 -0.8180 -0.5530
vn -0.0325 -0.9975 0.0633
vn -0.9951 -0.0987 -0.0116
vn -0.9824 -0.1731 0.0701
vn -0.9404 0.1185 0.3187
vn -0.9728 0.1179 0.1992
vn -0.4662 0.5340 -0.7053
vn -0.7965 0.3820 -0.4688
vn 0.6299 0.0376 0.7757
vn 0.0388 -0.9899 0.1363
vn -0.1378 -0.2242 0.9647
vn 0.0033 -0.0074 1.0000
vn -0.3198 0.2694 0.9084
vn 0.2176 0.0470 0.9749
vn -0.0420 -0.1698 0.9846
vn 0.1138 0.9531 0.2805
vn -0.0893 0.9832 0.1594
vn 0.1487 0.9422 0.3001
vn -0.2141 0.8156 0.5376
vn -0.0310 0.9856 0.1664
vn -0.0644 0.9947 0.0796
vn 0.3588 0.6296 0.6891
vn -0.5904 0.2918 0.7525
vn -0.2283 0.3172 0.9205
vn -0.0256 0.5170 0.8556
vn 0.9968 0.0695 0.0396
vn 0.8389 0.0073 -0.5442
vn 0.9920 0.0602 -0.1106
vn 0.9996 -0.0206 0.0204
vn 1.0000 0.0034 -0.0020
vn 0.9999 -0.0085 0.0123
vn 0.9993 -0.0363 0.0104
vn 0.7016 0.7041 -0.1100
vn 0.7014 0.7043 -0.1097
vn 0.7016 0.7041 -0.1095
vn -0.3420 -0.0075 0.9397
vn 0.0448 0.9988 0.0219
vn 0.1008 0.9859 0.1334
vn 0.1573 0.9858 -0.0588
vn 0.0046 0.8937 0.4487
vn 0.0039 0.8937 0.4487
vn 0.0044 0.8938 0.4485
vn -0.0924 0.9552 0.2812
vn -0.0229 0.9540 0.2988
vn 0.0509 0.9798 0.1933
vn 0.3566 0.8953 0.2668
vn -0.0240 0.9852 0.1698
vn 0.0231 -0.8941 -0.4472
vn 0.0029 0.9990 0.0454
vn -0.0075 0.9969 0.0780
vn -0.0235 0.9851 0.1702
vn -0.0017 0.9985 0.0545
vn 0.0409 -0.0412 -0.9983
vn 0.0033 -0.0404 -0.9992
vn 0.0478 -0.3209 -0.9459
vn -0.0634 -0.4827 -0.8735
vn 0.0500 -0.0617 -0.9968
vn 0.2471 -0.9689 0.0158
vn 0.8197 -0.5566 -0.1351
vn -0.9741 -0.0880 0.2081
vn 0.9859 -0.0747 -0.1498
vn 0.9570 0.1231 0.2626
vn 0.9521 0.2282 -0.2036
vn 0.0544 0.9967 0.0598
vn -0.0259 0.9984 0.0506
vn 0.0445 0.9902 0.1323
vn 0.0693 -0.1348 -0.9884
vn 0.0416 0.0739 -0.9964
vn 0.1044 -0.0880 -0.9906
vn 0.1650 0.0797 -0.9831
vn 0.8673 0.4900 0.0879
vn 0.8706 0.4836 0.0907
vn 0.0260 0.0147 -0.9996
vn 0.0142 0.0113 -0.9998
vn 0.0650 0.0016 -0.9979
vn 0.9922 -0.0016 -0.1244
vn 0.9998 0.0212 -0.0051
vn 0.9954 -0.0063 0.0955
vn 0.8336 -0.4919 0.2513
vn 0.8316 -0.5052 0.2306
vn 0.6283 -0.7746 0.0721
vn 0.6632 -0.7446 0.0763
vn 0.9495 -0.3052 0.0724
vn 0.0367 -0.9982 0.0476
vn 0.4562 -0.8887 0.0454
vn 0.2116 -0.0039 -0.9774
vn -0.0505 0.9956 0.0790
vn 0.0126 0.0537 -0.9985
vn -0.0429 -0.3300 -0.9430
vn -0.0008 -0.9995 0.0314
vn -0.0045 -0.9986 0.0526
vn -0.0029 -0.9975 0.0700
vn -0.0034 -0.9974 0.0723
vn 0.0041 -0.9965 0.0829
vn 0.0480 -0.9945 0.0929
vn 0.2254 -0.9576 -0.1795
vn 0.0641 -0.9589 -0.2765
vn -0.9971 -0.0643 0.0401
vn -0.9918 -0.1241 0.0291
vn -0.9950 -0.0856 0.0505
vn -0.9956 0.0891 0.0294
vn -0.9530 -0.1240 0.2765
vn -0.9818 -0.1360 0.1324
vn -0.9850 -0.1508 0.0844
vn -0.9839 -0.1032 0.1462
vn 0.0638 -0.7095 0.7018
vn -0.2263 -0.5060 0.8323
vn 0.0622 0.0636 0.9960
vn 0.1024 0.0792 0.9916
vn -0.0008 0.0124 0.9999
vn -0.0253 -0.0628 0.9977
vn 0.4317 0.1992 0.8798
vn 0.5450 -0.3240 0.7733
vn 0.9600 -0.0065 0.2799
vn 0.9523 -0.0103 0.3051
vn 0.9576 0.0439 0.2849
vn 0.9368 0.0032 0.3498
vn 0.3304 -0.0767 0.9407
vn 0.7342 -0.0451 0.6775
vn -0.6182 -0.3883 0.6834
vn -0.6186 -0.3881 0.6832
vn -0.0108 -0.0302 0.9995
vn -0.0907 -0.0730 0.9932
vn 0.3933 0.8144 0.4266
vn 0.9499 -0.0168 0.3121
vn 0.9940 -0.0158 0.1083
vn 0.5666 0.0100 0.8240
vn 0.9701 -0.0199 0.2419
vn 0.9914 0.0259 0.1287
vn 0.9945 0.0282 0.1010
vn 0.9949 0.0279 0.0965
vn -0.3906 0.7581 0.5223
vn -0.3202 0.7719 0.5492
vn -0.3062 0.7985 0.5184
vn -0.0340 0.7758 0.6300
vn 0.0117 0.7402 0.6723
vn -0.0723 0.8385 0.5400
vn 0.0192 0.7696 0.6382
vn 0.0141 0.6156 0.7879
vn 0.9869 -0.1319 -0.0925
vn 0.8629 -0.1463 -0.4838
vn 0.7874 0.2115 -0.5790
vn 0.8613 -0.2547 -0.4396
vn -0.0347 0.9992 0.0174
vn -0.0316 0.9993 0.0186
vn 0.3981 0.9126 -0.0936
vn 0.6638 0.7475 -0.0238
vn 0.9677 0.0990 -0.2318
vn -0.2231 0.8742 0.4313
vn -0.0913 0.9832 0.1583
vn -0.1144 0.9628 -0.2447
vn 0.1489 0.9540 -0.2601
vn 0.0362 0.9828 -0.1813
vn 0.0620 0.5804 0.8119
vn 0.5655 0.4354 0.7004
vn 0.6048 0.2734 0.7480
vn -0.3152 -0.8724 -0.3735
vn -0.2972 -0.8165 -0.4951
vn -0.0706 -0.9441 -0.3220
vn 0.3522 -0.2665 -0.8972
vn -0.7342 0.3789 -0.5633
vn -0.7341 0.3793 -0.5633
vn 0.0926 -0.4224 -0.9017
vn -0.0045 0.0141 -0.9999
vn -0.0195 -0.9991 0.0388
vn -0.0208 -0.9997 0.0144
vn 0.9999 0.0053 -0.0128
vn 0.9999 0.0050 -0.0133
vn 0.2953 0.9499 -0.1027
vn 0.9946 -0.0908 -0.0496
vn 0.9995 -0.0094 -0.0294
vn 0.9971 0.0631 0.0422
vn 0.9961 0.0725 0.0498
vn -0.0043 0.9988 0.0488
vn 0.1094 0.9431 0.3140
vn -0.0021 0.8135 0.5816
vn 0.0602 0.8535 0.5176
vn 0.0840 0.9547 0.2856
vn 0.0838 0.9546 0.2858
vn 0.8336 0.5371 0.1291
vn 0.8243 0.5658 0.0206
vn 0.8308 0.5503 0.0835
vn 0.0239 -0.0295 -0.9993
vn 0.8732 0.4819 0.0722
vn 0.0577 -0.0170 -0.9982
vn 0.0676 -0.0043 -0.9977
vn 0.0755 -0.0142 -0.9970
vn 0.0730 0.0010 -0.9973
vn 0.0738 0.0022 -0.9973
vn 0.0430 0.0011 -0.9991
vn 0.0264 -0.0049 -0.9996
vn 0.8724 -0.4734 0.1216
vn 0.0325 0.1563 -0.9872
vn 0.0022 0.9993 -0.0372
vn -0.0264 0.0301 -0.9992
vn -0.0392 0.0940 -0.9948
vn 0.0390 -0.4516 0.8914
vn -0.0015 -0.9967 0.0817
vn 0.0060 -0.9829 0.1842
vn 0.0146 -0.9990 0.0431
vn 0.0209 -0.9986 0.0482
vn -0.1119 -0.9814 0.1561
vn -0.0121 -0.9988 0.0472
vn 0.0012 -0.9965 0.0837
vn -0.0476 -0.9965 -0.0690
vn -0.0555 -0.7944 0.6049
vn -0.4167 -0.7427 0.5242
vn -0.1512 -0.7903 0.5937
vn -0.2560 -0.7542 0.6047
vn -0.4596 -0.6669 0.5865
vn 0.1233 -0.7637 0.6337
vn -0.9705 -0.0585 0.2339
vn -0.9411 0.0024 0.3382
vn -0.0288 -0.0211 0.9994
vn -0.0262 -0.0146 0.9996
vn -0.0203 -0.1120 0.9935
vn 0.8816 -0.0358 0.4707
vn -0.0170 -0.0127 0.9998
vn -0.0047 -0.0049 1.0000
vn 0.0038 -0.0287 0.9996
vn 0.9623 -0.0249 0.2709
vn 0.0105 -0.0598 0.9982
vn -0.0004 -0.0164 0.9999
vn 0.8657 -0.0292 0.4997
vn 0.9149 -0.0082 0.4036
vn 0.9765 -0.0073 0.2152
vn 0.9264 0.0280 0.3754
vn -0.0605 -0.0000 0.9982
vn 0.0114 0.0531 0.9985
vn -0.0255 0.0088 0.9996
vn 0.0224 -0.1924 0.9811
vn -0.0201 0.6167 0.7869
vn 0.0067 0.6460 0.7633
vn -0.0056 0.6554 0.7553
vn -0.0685 0.5917 0.8032
vn -0.0998 0.7983 0.5939
vn -0.0340 0.6606 0.7500
vn 0.0183 0.7133 0.7006
vn -0.0894 0.7622 0.6411
vn -0.0144 0.7344 0.6786
vn -0.0156 0.6746 0.7381
vn 0.0112 0.7808 0.6247
vn 0.7847 -0.5580 -0.2702
vn -0.0327 0.9993 0.0199
vn 0.0359 0.9484 0.3150
vn -0.2332 0.7290 0.6436
vn 0.1265 0.9741 0.1873
vn -0.0372 0.9986 -0.0371
vn 0.0776 0.7175 0.6922
vn 0.0350 0.7149 0.6984
vn 0.0372 0.5736 0.8183
vn 0.4070 0.7710 0.4898
vn -0.0590 0.9709 -0.2322
vn -0.0586 0.9709 -0.2322
vn -0.1383 -0.8516 -0.5056
vn 0.1936 -0.9485 -0.2508
vn -0.0010 -0.8994 -0.4371
vn 0.0182 0.9983 0.0552
vn -0.0173 0.0189 -0.9997
vn 0.0008 -0.9999 -0.0155
vn 0.9449 -0.3163 0.0846
vn 0.9597 -0.2767 -0.0491
vn 0.9586 -0.2836 -0.0269
vn 0.9584 -0.2428 -0.1502
vn 0.0522 -0.9974 -0.0493
vn 0.0560 -0.9972 -0.0499
vn 0.4231 -0.8947 0.1431
vn 0.9910 0.0233 0.1319
vn 0.0137 0.9944 0.1046
vn 0.0964 0.9950 0.0267
vn 0.8339 0.5244 0.1720
vn -0.0351 -0.1016 -0.9942
vn 0.1143 -0.0233 -0.9932
vn -0.0003 -0.0441 -0.9990
vn 0.7646 0.6389 0.0851
vn 0.0809 0.0067 -0.9967
vn 0.0250 -0.0010 -0.9997
vn 0.8713 -0.4840 0.0806
vn 0.6083 -0.7903 0.0731
vn 0.7468 -0.6427 0.1708
vn 0.0176 -0.9951 0.0969
vn 0.1756 -0.9842 0.0210
vn 0.0913 -0.9954 0.0283
vn 0.6447 -0.7638 0.0303
vn 0.0030 -0.9707 0.2403
vn -0.0016 -0.1951 -0.9808
vn 0.0012 -0.5263 0.8503
vn 0.0053 0.9929 -0.1189
vn -0.0028 0.9988 -0.0481
vn 0.0624 0.9465 -0.3165
vn 0.0049 0.9989 -0.0477
vn -0.0228 0.1476 -0.9888
vn 0.0092 0.1568 -0.9876
vn -0.0389 0.0147 -0.9991
vn -0.0161 0.0535 -0.9984
vn -0.0530 -0.0204 -0.9984
vn -0.7988 0.3458 -0.4923
vn -0.7050 0.3890 -0.5929
vn 0.2404 -0.9702 0.0313
vn -0.0355 -0.9946 -0.0978
vn -0.0603 -0.9954 -0.0745
vn -0.0560 -0.9958 -0.0730
vn -0.0594 -0.9967 -0.0553
vn -0.0251 -0.9684 0.2480
vn -0.0197 -0.5177 -0.8554
vn 0.0527 -0.8341 0.5491
vn -0.0613 -0.0119 0.9980
vn 0.0021 -0.0035 1.0000
vn 0.9708 -0.0021 0.2399
vn -0.0283 -0.0052 0.9996
vn 0.8797 -0.0368 0.4740
vn -0.0246 -0.0018 0.9997
vn -0.0127 0.0011 0.9999
vn -0.0177 0.0074 0.9998
vn -0.0066 0.0086 0.9999
vn 0.0564 -0.3458 0.9366
vn 0.0566 -0.3456 0.9367
vn 0.0006 0.6529 0.7575
vn -0.0267 0.6703 0.7416
vn -0.9828 0.1153 0.1444
vn -0.9997 0.0130 -0.0229
vn -0.9896 0.1041 0.0993
vn 0.0078 0.8931 0.4498
vn 0.0026 0.8537 0.5207
vn 0.0048 0.9177 0.3971
vn 0.0011 0.9223 0.3865
vn -0.0110 0.9196 0.3928
vn 0.0027 0.9258 0.3779
vn -0.0389 0.9983 -0.0434
vn -0.1153 0.9845 -0.1319
vn 0.0032 0.9995 -0.0313
vn 0.0722 0.9957 -0.0573
vn 0.3817 0.8936 -0.2361
vn 0.0254 0.9997 0.0031
vn -0.0145 0.9813 0.1918
vn -0.0143 0.9814 0.1916
vn 0.0177 0.8379 0.5456
vn -0.0468 0.7302 0.6817
vn -0.0314 0.7047 0.7088
vn -0.2206 0.8846 0.4109
vn -0.5522 0.0279 0.8333
vn -0.5143 0.7984 -0.3131
vn -0.5138 0.7988 -0.3129
vn -0.3069 -0.7867 -0.5357
vn -0.0036 0.9997 0.0252
vn -0.0038 0.9801 0.1982
vn -0.0115 0.0061 -0.9999
vn 0.3327 -0.8289 -0.4496
vn 0.0006 -0.9993 -0.0363
vn 0.0093 -0.9987 -0.0506
vn 0.0089 -0.9989 -0.0455
vn -0.0144 -0.1147 -0.9933
vn -0.0176 -0.1317 -0.9911
vn -0.2031 -0.0807 -0.9758
vn -0.0071 -0.0023 -1.0000
vn -0.0076 -0.0002 -1.0000
vn 0.0089 0.0191 -0.9998
vn 0.0678 0.0057 -0.9977
vn 0.0071 -0.0226 -0.9997
vn -0.0723 -0.0380 -0.9967
vn 0.8502 -0.5219 0.0693
vn 0.8504 -0.5220 0.0655
vn 0.8491 -0.5249 0.0601
vn 0.8763 -0.4758 0.0753
vn 0.8717 -0.4829 0.0831
vn 0.7460 -0.6569 0.1094
vn 0.1399 -0.9894 0.0380
vn 0.0111 -0.9994 0.0337
vn 0.0002 -0.9989 0.0478
vn 0.6888 -0.7245 0.0262
vn -0.0170 -0.9896 0.1429
vn -0.0410 -0.9907 0.1295
vn -0.0798 -0.7685 0.6348
vn -0.0188 -0.8117 0.5838
vn -0.0311 -0.7918 0.6100
vn -0.0184 -0.8066 0.5909
vn -0.0258 -0.7671 0.6410
vn -0.9203 -0.0359 0.3896
vn -0.9556 -0.0268 0.2935
vn -0.2493 -0.0253 0.9681
vn -0.9647 -0.1008 -0.2435
vn -0.9643 -0.0190 0.2640
vn -0.8761 0.1081 0.4699
vn 0.0954 -0.1523 0.9837
vn 0.0362 0.0346 0.9987
vn -0.0131 0.0117 0.9998
vn -0.0194 0.0111 0.9997
vn -0.0195 0.0021 0.9998
vn -0.0584 -0.0071 0.9983
vn -0.9732 0.0220 0.2289
vn -0.9864 0.1155 0.1169
vn 0.0081 0.9249 0.3801
vn 0.0096 0.9256 0.3785
vn 0.2155 0.9699 0.1133
vn 0.0090 0.9998 0.0167
vn -0.6938 -0.5796 -0.4275
vn -0.6937 -0.5798 -0.4273
vn -0.6939 -0.5800 -0.4268
vn -0.1441 0.6705 -0.7278
vn 0.0075 -0.9768 0.2142
vn -0.0008 -0.9999 -0.0111
vn -0.0916 -0.0989 -0.9909
vn 0.6774 0.7316 0.0766
vn 0.4592 0.8870 0.0487
vn 0.6658 0.7424 0.0746
vn 0.1766 0.9834 0.0409
vn 0.6724 0.7360 0.0790
vn 0.7425 0.6689 0.0365
vn 0.6939 0.7159 0.0771
vn 0.1722 0.0995 -0.9800
vn 0.0868 0.0701 -0.9938
vn -0.0237 -0.0167 -0.9996
vn 0.9997 -0.0194 0.0178
vn 0.9997 0.0044 0.0221
vn 0.9999 -0.0043 0.0103
vn 0.9997 -0.0225 0.0113
vn 0.9765 -0.2039 0.0692
vn 0.9753 -0.2154 0.0483
vn -0.1315 -0.0461 -0.9902
vn 0.3672 0.0143 -0.9300
vn -0.1194 0.2207 -0.9680
vn 0.0993 0.1524 -0.9833
vn 0.6696 -0.7370 0.0917
vn 0.5807 -0.8086 0.0949
vn 0.3568 -0.1654 -0.9194
vn 0.3013 -0.1737 -0.9376
vn 0.4217 -0.2071 -0.8828
vn 0.4296 -0.2364 -0.8715
vn 0.0766 0.2110 -0.9745
vn -0.3248 0.9451 -0.0363
vn -0.0049 0.9995 -0.0315
vn -0.0226 0.9975 -0.0674
vn -0.9227 0.3532 -0.1544
vn -0.9897 0.1384 -0.0356
vn -0.9897 0.1389 -0.0356
vn -0.0773 -0.9970 0.0052
vn -0.0148 -0.7968 0.6041
vn -0.0148 -0.7660 0.6426
vn -0.0103 -0.7696 0.6384
vn -0.9824 0.0291 0.1842
vn -0.9546 -0.0054 0.2979
vn -0.5539 -0.0131 0.8325
vn -0.9739 -0.0207 0.2262
vn -0.9763 -0.0326 0.2138
vn 0.0008 -0.0042 1.0000
vn -0.9480 -0.0456 0.3150
vn -0.9943 0.1058 -0.0092
vn -0.9936 0.0847 0.0742
vn -0.9965 -0.0451 -0.0707
vn -0.9958 0.0898 0.0181
vn -0.9925 0.1190 0.0275
vn -0.9804 0.1875 0.0603
vn 0.2705 0.7719 0.5753
vn -0.9894 -0.1222 -0.0791
vn -0.0890 -0.8817 -0.4633
vn -0.1701 -0.8991 -0.4033
vn -0.0695 -0.9318 -0.3564
vn -0.0133 -0.9881 -0.1529
vn -0.0603 -0.4117 -0.9093
vn -0.0079 0.9989 0.0453
vn -0.0196 0.0907 -0.9957
vn 0.0197 -0.1007 -0.9947
vn -0.0066 -0.0267 -0.9996
vn 0.0143 -0.0835 -0.9964
vn -0.0224 -0.0364 -0.9991
vn -0.0177 -0.9982 -0.0580
vn -0.0111 -0.9378 -0.3469
vn -0.0092 -0.1121 -0.9937
vn 0.6869 0.6084 -0.3976
vn 0.6536 0.7496 0.1041
vn 0.6831 0.7252 0.0866
vn 0.6724 0.7367 0.0715
vn 0.1848 0.1029 -0.9774
vn 1.0000 -0.0065 0.0061
vn 0.9165 -0.3966 0.0519
vn 0.4308 -0.1277 -0.8934
vn 0.7825 -0.6192 -0.0657
vn -0.0409 -0.2736 -0.9610
vn -0.0625 -0.4236 -0.9037
vn -0.0395 -0.2571 -0.9656
vn -0.0010 -0.9832 0.1826
vn 0.0015 -0.9989 0.0470
vn -0.0277 0.2051 -0.9783
vn -0.0219 0.1409 -0.9898
vn -0.0043 0.9990 -0.0450
vn 0.0081 0.9975 -0.0707
vn -0.9755 -0.0947 0.1985
vn -0.9756 -0.0950 0.1981
vn -0.0339 -0.9994 0.0016
vn -0.0316 -0.9445 0.3270
vn -0.0005 -0.8050 0.5933
vn -0.0435 -0.3620 0.9312
vn -0.0438 -0.3622 0.9311
vn -0.0429 -0.3625 0.9310
vn -0.0512 0.0070 0.9987
vn -0.6262 -0.0534 0.7778
vn -0.0708 -0.0225 0.9972
vn -0.7175 -0.1616 0.6775
vn -0.1613 -0.0704 0.9844
vn -0.8001 -0.2355 0.5517
vn -0.8260 -0.2522 0.5042
vn 0.0174 0.0006 0.9998
vn -0.9046 0.0036 0.4264
vn -0.9507 0.0231 0.3091
vn -0.9787 0.0485 0.1996
vn -0.9651 0.0260 0.2605
vn -0.9609 0.0169 0.2764
vn -0.9636 0.0226 0.2664
vn -0.9267 0.0172 0.3754
vn -0.9557 -0.0368 0.2921
vn -0.6669 -0.2474 0.7029
vn -0.9041 -0.0645 0.4225
vn -0.9958 0.0793 0.0462
vn -0.9955 0.0946 -0.0019
vn -0.9911 0.1292 0.0322
vn -0.9991 0.0341 -0.0252
vn -0.9979 0.0513 0.0385
vn -0.9996 0.0286 -0.0012
vn -0.9932 0.0818 0.0834
vn -0.9999 0.0065 -0.0154
vn -0.9770 0.2077 0.0486
vn 0.0092 0.9998 0.0190
vn -0.6610 -0.5182 -0.5427
vn -0.6613 -0.5178 -0.5427
vn -0.0052 -0.9997 -0.0248
vn -0.0060 -0.9999 -0.0151
vn -0.0132 -0.9992 -0.0365
vn -0.2027 -0.9357 -0.2888
vn 0.0347 -0.9993 0.0150
vn -0.0006 -0.9995 -0.0303
vn -0.0162 -0.9969 -0.0771
vn -0.0067 -0.9992 -0.0399
vn 0.0012 -0.4960 0.8683
vn -0.0022 -0.1126 -0.9936
vn 0.6790 0.7314 0.0637
vn 0.6064 0.7855 0.1234
vn 0.6379 0.7628 0.1060
vn -0.0695 -0.0901 -0.9935
vn -0.0691 -0.0899 -0.9936
vn -0.0574 -0.0977 -0.9936
vn 0.9991 -0.0020 0.0427
vn 0.9771 0.2066 0.0502
vn 0.9876 0.1475 0.0537
vn 0.9998 0.0007 0.0186
vn 0.9998 -0.0010 0.0175
vn 0.9998 -0.0003 0.0202
vn 0.9999 0.0020 0.0147
vn 1.0000 0.0043 0.0082
vn 0.9045 -0.4167 0.0909
vn 0.8085 -0.3224 -0.4923
vn 0.8756 -0.4719 0.1029
vn 0.7653 -0.6383 0.0832
vn 0.7540 -0.4928 0.4344
vn 0.6973 -0.7167 -0.0076
vn 0.6522 -0.7569 0.0420
vn 0.5194 -0.8449 0.1277
vn 0.6122 -0.7878 0.0672
vn -0.1030 -0.3672 -0.9244
vn -0.0078 -0.9986 0.0532
vn 0.0300 0.1491 -0.9884
vn -0.0476 -0.0924 -0.9946
vn -1.0000 -0.0011 0.0005
vn -1.0000 0.0037 0.0007
vn -0.9999 -0.0112 -0.0013
vn -0.0031 -0.7460 0.6660
vn 0.0310 0.5308 0.8469
vn 0.0117 0.0334 0.9994
vn 0.0145 0.0099 0.9998
vn -0.0001 -0.0142 0.9999
vn 0.0004 0.0034 1.0000
vn 0.0440 0.0390 0.9983
vn 0.0596 -0.0322 0.9977
vn -0.7589 -0.1675 0.6292
vn -0.9764 -0.0324 0.2135
vn -0.9317 0.0051 0.3631
vn -0.9164 0.0039 0.4003
vn -0.9176 0.0259 0.3966
vn -0.0195 0.7984 0.6018
vn 0.0321 0.7934 0.6079
vn -0.0398 0.8080 0.5878
vn 0.0256 0.8335 0.5519
vn -0.4157 0.6661 0.6192
vn 0.1493 0.8389 0.5235
vn -0.0229 0.9972 0.0710
vn -0.0319 0.9978 0.0581
vn -0.0206 0.9986 0.0484
vn -0.0639 0.9977 0.0220
vn -0.0350 0.9982 0.0481
vn -0.0366 0.9982 0.0471
vn -0.0023 0.9991 0.0414
vn -0.9686 0.2421 0.0565
vn -0.0007 0.9991 0.0421
vn 0.0005 -0.9992 -0.0404
vn -0.0051 -0.9991 -0.0425
vn 0.0016 -0.0927 -0.9957
vn -0.0057 -0.1069 -0.9943
vn -0.0651 0.9917 0.1106
vn -0.0842 0.9908 -0.1060
vn 0.0790 0.9879 -0.1333
vn 0.1641 0.8650 0.4741
vn 0.4149 0.8784 0.2372
vn 0.4244 0.8783 0.2203
vn 0.6829 0.7293 -0.0424
vn 0.0439 0.1523 -0.9874
vn 0.2829 0.9590 -0.0168
vn 0.2738 0.9615 -0.0221
vn 0.3033 0.9529 0.0056
vn 0.6882 0.7230 0.0608
vn 0.6392 0.7453 0.1896
vn 0.6910 0.7130 0.1188
vn 0.7119 0.6902 0.1296
vn 0.6788 0.7309 0.0703
vn 0.7693 0.6176 0.1635
vn 0.8324 0.5438 0.1065
vn 0.8275 0.5475 0.1243
vn 0.9242 0.3815 0.0202
vn 0.9109 0.4080 0.0612
vn 0.9388 0.3404 0.0528
vn 0.0809 -0.9909 0.1075
vn 0.0310 -0.9989 0.0345
vn 0.0240 -0.9994 0.0232
vn 0.0055 -0.9994 0.0336
vn -0.0180 -0.9988 0.0451
vn 0.0782 0.3042 -0.9494
vn 0.0751 0.9883 -0.1327
vn 0.0749 0.9884 -0.1325
vn 0.0752 0.9883 -0.1324
vn 0.0648 0.9729 -0.2218
vn -0.0170 0.9960 -0.0877
vn -0.1670 0.9859 0.0023
vn -0.6373 0.7703 -0.0242
vn -0.1140 -0.8862 0.4491
vn -0.2155 -0.9680 -0.1284
vn -0.0139 -0.7889 0.6144
vn 0.0041 -0.0470 0.9989
vn -0.1508 -0.0541 0.9871
vn 0.0011 -0.0084 1.0000
vn -0.0035 -0.0039 1.0000
vn -0.0002 0.0143 0.9999
vn 0.0192 0.0561 0.9982
vn 0.0064 -0.9803 0.1973
vn 0.0175 -0.9792 0.2020
vn 0.0260 -0.9937 0.1094
vn 0.0015 -0.9992 0.0400
vn -0.0507 -0.9981 -0.0344
vn -0.9538 -0.0221 -0.2997
vn -0.9919 0.1266 -0.0011
vn -0.9735 0.0151 0.2282
vn -0.0243 0.7960 0.6048
vn -0.0242 0.7999 0.5996
vn -0.0521 0.8875 0.4579
vn 0.2526 0.9307 0.2645
vn -0.1429 0.9010 0.4095
vn -0.0291 0.9909 0.1313
vn 0.0189 0.9941 0.1065
vn -0.0244 0.9930 0.1157
vn 0.0437 0.9259 0.3753
vn 0.0303 0.9435 0.3299
vn 0.0232 0.9637 0.2659
vn -0.0190 0.9979 0.0617
vn 0.0106 0.9962 0.0862
vn -0.0275 -0.2204 -0.9750
vn -0.0052 0.9990 0.0448
vn 0.0363 0.9988 0.0339
vn 0.0160 0.9982 0.0584
vn 0.2519 0.9677 -0.0080
vn 0.3525 0.9357 -0.0149
vn 0.0124 0.9989 0.0443
vn 0.0100 0.9992 0.0399
vn 0.0082 0.9986 0.0513
vn 0.0074 0.9993 0.0367
vn 0.0179 0.9989 0.0442
vn 0.0532 0.9974 0.0484
vn 0.0944 0.9933 0.0663
vn 0.3176 0.9395 0.1281
vn 0.6824 0.7309 -0.0093
vn 0.9285 -0.3628 0.0791
vn 0.6917 -0.7196 0.0617
vn 0.6593 -0.7502 0.0509
vn 0.0198 -0.9998 0.0052
vn -0.1124 -0.3513 -0.9295
vn -0.9999 -0.0131 -0.0015
vn 0.3338 -0.8920 0.3047
vn 0.0194 -0.7856 0.6185
vn -0.1122 -0.9709 0.2114
vn -0.0309 -0.8288 0.5587
vn -0.4022 -0.1473 0.9036
vn 0.0048 -0.9873 0.1586
vn 0.0070 -0.9887 0.1498
vn 0.2181 -0.7017 0.6783
vn 0.2179 -0.7016 0.6785
vn 0.2172 -0.7020 0.6782
vn 0.0296 0.0027 0.9996
vn 0.0204 0.0035 0.9998
vn -0.1735 0.9072 0.3833
vn -0.4433 0.7531 0.4862
vn -0.1714 0.9510 0.2574
vn -0.4133 0.8897 0.1941
vn -0.2760 0.4895 0.8272
vn 0.0633 0.0474 0.9969
vn 0.0630 0.0469 0.9969
vn 0.0808 -0.0766 0.9938
vn 0.1335 -0.1632 0.9775
vn -0.1531 -0.0017 0.9882
vn 0.1950 0.0855 0.9771
vn -0.5662 -0.1826 0.8038
vn -0.2137 -0.0690 0.9745
vn 0.0145 0.0108 0.9998
vn 0.0307 0.0417 0.9987
vn -0.0303 0.0276 0.9992
vn -0.1284 0.6023 0.7879
vn -0.0134 0.8066 0.5909
vn -0.0244 0.7948 0.6064
vn -0.0212 0.7999 0.5998
vn -0.0826 0.7872 0.6112
vn -0.0025 0.8122 0.5834
vn -0.0208 0.7904 0.6123
vn -0.0164 0.9955 0.0931
vn -0.0055 0.9989 0.0466
vn -0.0339 0.9877 0.1526
vn 0.0039 0.9996 0.0288
vn -0.0000 -0.9992 -0.0409
vn 0.0043 -0.0979 -0.9952
vn 0.0700 0.9975 -0.0105
vn 0.0707 0.9959 0.0558
vn 0.0265 0.9992 0.0298
vn 0.0271 0.9995 0.0182
vn -0.0841 0.3022 -0.9495
vn -0.0796 0.3022 -0.9499
vn 0.0251 0.9983 0.0527
vn 0.6451 0.7567 0.1057
vn 0.0084 -0.9991 0.0405
vn 0.0024 -0.9988 0.0483
vn 0.0076 -0.7812 -0.6242
vn -0.0107 -0.6465 -0.7628
vn -0.0087 -0.6255 -0.7802
vn 0.0760 0.6032 -0.7940
vn 0.0768 0.6284 -0.7741
vn -0.0780 0.4088 -0.9093
vn -0.2566 -0.0258 -0.9662
vn 0.0177 0.2392 -0.9708
vn 0.0828 0.1682 -0.9823
vn -0.2528 -0.9541 -0.1605
vn -0.8544 -0.5024 0.1324
vn -0.8370 -0.5141 0.1874
vn -0.8025 -0.5489 0.2340
vn -0.0047 -0.7694 0.6387
vn -0.3302 -0.8102 0.4843
vn -0.3227 -0.7950 0.5137
vn -0.3720 -0.7631 0.5284
vn -0.4137 -0.6772 0.6085
vn 0.2245 -0.0134 0.9744
vn -0.0046 -0.9891 0.1471
vn 0.0222 0.0032 0.9997
vn 0.0190 0.9896 0.1424
vn 0.0117 -0.0063 0.9999
vn 0.0607 0.0621 0.9962
vn 0.0096 0.0217 0.9997
vn -0.0032 -0.0064 1.0000
vn -0.0191 0.7998 0.5999
vn -0.1160 0.9547 -0.2740
vn -0.0626 0.9214 -0.3836
vn -0.0619 0.9835 -0.1702
vn -0.0871 0.9800 -0.1787
vn -0.0706 0.9936 0.0882
vn -0.0860 0.9957 -0.0338
vn 0.0044 0.9961 0.0880
vn -0.9833 -0.1539 0.0972
vn -0.9968 -0.0564 -0.0563
vn -0.9897 0.1428 -0.0079
vn -0.9947 -0.0829 -0.0613
vn 0.0083 -0.9961 -0.0877
vn 0.0271 -0.9291 0.3687
vn -0.0122 -0.1279 -0.9917
vn 0.0013 0.9989 0.0461
vn -0.0017 0.9981 0.0621
vn -0.0011 0.9991 0.0429
vn -0.0162 0.9996 0.0226
vn -0.0161 0.9995 0.0274
vn 0.0409 0.9980 0.0485
vn 0.0414 0.9978 0.0527
vn 0.0269 0.9981 0.0559
vn 1.0000 -0.0023 -0.0076
vn 0.0042 -0.0040 -1.0000
vn 0.0081 -0.0005 -1.0000
vn 0.0116 -0.0092 -0.9999
vn -0.0032 -0.0032 -1.0000
vn -0.0081 -0.6922 0.7216
vn 0.0063 -0.9185 -0.3953
vn -0.0925 -0.8999 -0.4261
vn -0.0915 -0.9000 -0.4262
vn -0.0016 -0.9328 0.3603
vn 0.0664 -0.8098 0.5829
vn -0.7247 -0.4289 0.5393
vn -0.6926 -0.4744 0.5434
vn -0.6942 -0.4626 0.5514
vn -0.6858 -0.4476 0.5738
vn -0.7123 -0.4149 0.5661
vn 0.0660 -0.0356 0.9972
vn -0.1282 0.0211 0.9915
vn -0.1167 0.1652 0.9793
vn -0.0009 -0.0363 0.9993
vn -0.0074 -0.0030 1.0000
vn -0.0012 0.0135 0.9999
vn 0.0411 -0.0143 0.9991
vn -0.0082 -0.0225 0.9997
vn 0.0078 0.9889 0.1486
vn 0.0305 0.9662 0.2559
vn 0.0304 0.9664 0.2553
vn -0.3899 0.8507 0.3525
vn 0.0051 0.9807 0.1955
vn 0.0186 0.9701 0.2421
vn -0.0037 0.0223 0.9997
vn -0.0481 0.0137 0.9987
vn -0.1781 0.1013 0.9788
vn -0.0196 0.7984 0.6018
vn -0.0543 0.8264 0.5604
vn -0.0586 0.9902 0.1270
vn -0.0361 0.9975 0.0605
vn -0.0772 -0.9963 -0.0385
vn -0.0021 -0.0140 -0.9999
vn 0.0028 0.0185 -0.9998
vn 0.0028 0.0052 -1.0000
vn 0.0208 0.0026 -0.9998
vn 0.0311 0.0043 -0.9995
vn 0.0028 -0.9988 0.0488
vn 0.0093 -0.4461 -0.8949
vn 0.0100 -0.4516 -0.8921
vn -0.0030 -0.3395 -0.9406
vn 0.0106 -0.9860 0.1662
vn -0.0634 -0.9962 0.0592
vn 0.0913 0.1290 -0.9874
vn -0.6054 -0.4889 0.6281
vn -0.6859 -0.5244 0.5046
vn -0.7128 -0.4886 0.5031
vn -0.6681 -0.5261 0.5262
vn -0.5408 -0.6046 0.5847
vn -0.6930 -0.4534 0.5606
vn -0.1759 0.0134 0.9843
vn -0.0063 -0.9971 0.0762
vn -0.0660 -0.8854 0.4601
vn -0.1471 -0.9735 0.1752
vn -0.0159 -0.8471 0.5312
vn -0.0702 -0.5633 0.8233
vn -0.0701 -0.5629 0.8235
vn -0.0697 -0.5634 0.8232
vn -0.4341 0.1634 0.8859
vn -0.7166 0.4569 0.5270
vn -0.9103 -0.4097 -0.0597
vn -0.7573 0.4167 0.5029
vn -0.1440 0.6179 0.7730
vn -0.4961 0.7002 0.5134
vn 0.2534 0.9651 0.0660
vn -0.0228 0.8225 0.5683
vn -0.0139 0.6985 0.7154
vn -0.0213 0.7600 0.6495
vn -0.9642 -0.2358 0.1218
vn -0.9455 -0.2884 0.1513
vn 0.0880 -0.8502 -0.5190
vn -0.2263 -0.9699 0.0901
vn 0.0213 -0.1881 -0.9819
vn -0.3171 0.6511 -0.6896
vn -0.2649 0.6512 -0.7111
vn -0.1894 0.9779 -0.0889
vn -0.0462 0.9957 -0.0798
vn -0.0864 0.9874 -0.1328
vn 0.0259 0.9994 0.0248
vn 0.9823 0.0021 0.1874
vn 0.0040 -0.0059 -1.0000
vn -0.0040 -0.3309 -0.9437
vn -0.0231 -0.9989 0.0408
vn 0.1551 -0.9100 0.3845
vn -0.6877 -0.7222 0.0746
vn 0.0747 0.2379 -0.9684
vn -0.8517 -0.5230 0.0341
vn -0.8421 -0.5393 0.0085
vn -0.7049 -0.4252 0.5677
vn -0.4545 -0.3525 0.8180
vn -0.8049 -0.1601 0.5714
vn -0.7108 -0.4933 0.5013
vn -0.7230 -0.5133 0.4624
vn -0.7397 -0.4129 0.5314
vn -0.7947 -0.2960 0.5300
vn -0.8086 -0.0298 0.5876
vn -0.8096 -0.0375 0.5858
vn -0.8162 -0.0175 0.5775
vn -0.8308 0.0089 0.5565
vn -0.8176 -0.0042 0.5758
vn -0.7987 -0.0104 0.6016
vn -0.8189 -0.0147 0.5738
vn -0.8341 -0.0223 0.5512
vn -0.8162 -0.0111 0.5776
vn 0.0237 -0.9967 0.0771
vn 0.2319 -0.9324 -0.2771
vn 0.3252 -0.9074 -0.2660
vn -0.3784 -0.6683 0.6404
vn 0.0535 -0.0275 0.9982
vn 0.0253 0.0083 0.9996
vn 0.0341 -0.0022 0.9994
vn 0.0048 0.9857 0.1685
vn 0.0514 0.7175 0.6946
vn 0.0428 0.0800 0.9959
vn -0.6983 0.5499 0.4584
vn -0.6909 0.5166 0.5057
vn -0.6946 0.4741 0.5411
vn -0.7272 0.4277 0.5370
vn -0.2143 -0.8346 -0.5075
vn -0.0278 0.8217 0.5692
vn 0.0648 0.5494 0.8331
vn -0.0144 0.7033 0.7107
vn -0.1525 0.9883 -0.0017
vn 0.0385 -0.1182 -0.9922
vn 0.0181 -0.1414 -0.9898
vn 0.0183 -0.1221 -0.9923
vn 0.0005 -0.1032 -0.9947
vn -0.0011 -0.1100 -0.9939
vn -0.0173 -0.1051 -0.9943
vn -0.1223 0.4861 -0.8653
vn -0.0381 -0.9409 -0.3367
vn -0.0086 0.9983 -0.0569
vn 0.0006 0.9800 0.1992
vn 0.0127 0.9999 0.0098
vn 0.1271 0.9855 0.1125
vn 0.0004 0.0015 -1.0000
vn 0.0034 -0.0048 -1.0000
vn -0.0030 -0.9984 0.0572
vn -0.0079 -0.9985 0.0542
vn -0.0164 -0.9987 0.0492
vn -0.0051 -0.9974 0.0714
vn -0.0210 -0.9980 0.0589
vn -0.0214 -0.9980 0.0587
vn -0.0055 -0.9970 0.0772
vn -0.0099 -0.9976 0.0686
vn -0.5630 -0.8258 0.0335
vn -0.6588 -0.7488 0.0721
vn -0.6917 -0.7155 0.0981
vn -0.6850 -0.7245 0.0769
vn -0.7056 -0.7084 0.0180
vn -0.7119 -0.7013 0.0366
vn 0.0952 0.1646 -0.9818
vn 0.0694 0.1132 -0.9911
vn -0.8463 -0.5326 0.0078
vn -0.8471 -0.5314 0.0066
vn -0.8452 -0.5343 0.0114
vn -0.7638 -0.1470 0.6285
vn -0.7638 -0.1475 0.6283
vn -0.0564 -0.9839 0.1697
vn -0.0668 -0.9825 0.1740
vn 0.0665 -0.1834 0.9808
vn -0.0763 -0.2668 0.9607
vn 0.2828 0.0574 0.9575
vn -0.8068 0.0282 0.5901
vn -0.7861 0.0184 0.6178
vn -0.8079 -0.0132 0.5892
vn -0.9030 -0.1589 0.3991
vn -0.8424 -0.0380 0.5375
vn 0.3620 0.8530 0.3759
vn 0.3379 -0.0925 -0.9366
vn 0.0072 -0.1233 -0.9923
vn -0.0239 0.9995 0.0203
vn 0.0145 0.9906 0.1362
vn -0.0190 0.9997 0.0135
vn 0.0310 -0.9994 -0.0182
vn -0.0004 0.0151 -0.9999
vn 0.0004 -0.0034 -1.0000
vn -0.0002 -0.9967 0.0806
vn -0.0192 0.1473 -0.9889
vn -0.8369 -0.5462 0.0359
vn -0.7184 -0.4622 0.5199
vn -0.4280 -0.8958 0.1197
vn -0.2172 -0.9552 0.2009
vn 0.0579 0.0371 0.9976
vn 0.0577 0.0367 0.9977
vn 0.1095 0.0331 0.9934
vn -0.2382 0.8376 0.4915
vn -0.0125 0.9873 0.1583
vn -0.7953 0.0768 0.6013
vn -0.7203 0.4339 0.5412
vn -0.8161 0.1422 0.5602
vn -0.7128 0.4426 0.5441
vn -0.7032 0.4654 0.5376
vn -0.2332 0.7660 0.5991
vn -0.3547 0.5198 0.7771
vn -0.7288 0.6019 0.3264
vn -0.6880 0.6526 0.3175
vn -0.7182 0.5748 0.3922
vn -0.7887 0.5984 0.1408
vn -0.8153 0.5711 0.0954
vn -0.8370 0.5449 0.0492
vn 0.1024 -0.0959 -0.9901
vn 0.0327 0.9197 -0.3914
vn 0.0060 0.9997 0.0242
vn 0.0712 0.2887 -0.9548
vn -0.0045 0.9996 0.0268
vn 0.0022 0.9986 0.0529
vn -0.0269 0.9996 -0.0120
vn -0.0008 0.0047 -1.0000
vn -0.0045 0.0008 -1.0000
vn -0.0045 -0.0010 -1.0000
vn 0.0004 -0.0040 -1.0000
vn -0.5399 -0.8414 0.0226
vn -0.5201 -0.8520 -0.0599
vn -0.6681 -0.7440 0.0069
vn -0.5167 -0.8370 -0.1802
vn 0.2417 0.2582 -0.9354
vn 0.2412 0.2589 -0.9353
vn 0.2422 0.2581 -0.9353
vn -0.6643 -0.7452 0.0590
vn -0.6884 -0.7142 0.1270
vn -0.6998 -0.7077 0.0972
vn -0.6535 -0.7519 0.0871
vn -0.8684 -0.4895 0.0791
vn -0.8677 -0.4859 0.1050
vn -0.8499 -0.5167 0.1031
vn 0.0201 0.1102 -0.9937
vn -0.9237 -0.3812 0.0385
vn -0.8382 -0.5365 0.0980
vn -0.8019 -0.0845 0.5915
vn -0.8207 -0.0283 0.5707
vn -0.3575 -0.8783 0.3176
vn -0.3151 -0.9229 0.2211
vn -0.8120 0.0131 0.5835
vn -0.8376 0.0023 0.5463
vn -0.8435 0.0186 0.5369
vn -0.6842 0.1678 0.7097
vn 0.2411 0.6453 0.7248
vn -0.0600 0.9800 0.1895
vn -0.1464 0.9760 0.1609
vn -0.7094 0.4690 0.5260
vn -0.7198 0.4807 0.5008
vn -0.7215 0.4412 0.5337
vn -0.7393 0.4710 0.4813
vn -0.8509 0.5238 -0.0393
vn -0.8508 0.5215 0.0649
vn -0.0018 0.9998 0.0181
vn 0.1539 0.9717 0.1793
vn 0.1579 0.9737 0.1641
vn 0.1495 0.9761 0.1578
vn 0.0915 0.1544 -0.9838
vn 0.0846 0.1498 -0.9851
vn 0.0867 0.1548 -0.9841
vn -0.5316 0.7815 0.3266
vn -0.0486 0.9577 -0.2835
vn -0.1651 0.9817 0.0949
vn -0.0143 0.9980 0.0611
vn -0.0152 -0.0034 -0.9999
vn -0.6479 -0.7584 0.0707
vn -0.8226 -0.5566 0.1162
vn -0.7129 -0.7012 -0.0065
vn -0.7162 -0.6931 0.0817
vn 0.1004 0.1621 -0.9817
vn 0.0124 0.0380 -0.9992
vn -0.0894 0.0613 -0.9941
vn -0.8095 -0.4904 0.3228
vn -0.7195 -0.3674 0.5894
vn -0.7091 -0.4315 0.5576
vn -0.7339 -0.4291 0.5266
vn -0.7946 -0.3216 0.5150
vn -0.8006 -0.0046 0.5992
vn -0.1152 -0.9928 0.0334
vn -0.8742 -0.0304 0.4846
vn 0.0395 0.9944 0.0983
vn 0.1086 0.9939 -0.0179
vn -0.7991 0.0344 0.6003
vn -0.8465 0.0094 0.5323
vn -0.0205 -0.0476 -0.9987
vn 0.0105 -0.0616 -0.9980
vn -0.0059 0.9992 0.0403
vn -0.0338 0.9987 0.0370
vn -0.0755 0.9959 0.0506
vn -0.0857 0.9957 0.0340
vn -0.0574 0.9966 0.0594
vn -0.0003 0.0158 -0.9999
vn 0.0006 -0.0057 -1.0000
vn 0.0131 0.0031 -0.9999
vn -0.8812 -0.4700 0.0508
vn -0.3380 -0.9311 0.1368
vn -0.8651 -0.4997 0.0427
vn -0.8051 -0.5895 -0.0656
vn -0.7242 -0.6892 0.0231
vn -0.6969 -0.7123 0.0829
vn -0.1390 0.0294 -0.9899
vn -0.5402 0.5505 -0.6365
vn -0.6976 -0.6259 0.3487
vn -0.4106 -0.6530 0.6364
vn -0.7842 -0.3895 0.4830
vn -0.1444 0.5651 0.8123
vn -0.7738 -0.6334 0.0043
vn -0.8859 -0.2762 0.3727
vn -0.8097 -0.0134 0.5866
vn -0.0085 -0.9847 0.1739
vn -0.3044 -0.9112 0.2775
vn -0.4660 -0.7373 0.4892
vn -0.8100 0.0735 0.5817
vn -0.7533 0.3371 0.5647
vn -0.7424 0.4244 0.5184
vn -0.0388 -0.0212 -0.9990
vn -0.7091 0.7044 0.0317
vn -0.6890 0.7229 0.0518
vn -0.6895 0.7223 0.0539
vn -0.0409 0.9962 -0.0775
vn -0.0598 0.9956 0.0716
vn -0.0411 0.9977 0.0538
vn -0.8576 -0.5097 0.0688
vn -0.8793 -0.4561 0.1370
vn -0.8841 -0.4323 0.1775
vn -0.1759 0.2067 -0.9625
vn -0.0751 0.1598 -0.9843
vn -0.0741 0.2656 -0.9612
vn -0.1119 0.1669 -0.9796
vn 0.0328 0.1084 -0.9936
vn -0.9676 0.1172 -0.2236
vn -0.6813 -0.2423 0.6907
vn -0.3510 -0.6297 0.6930
vn -0.7043 -0.1980 0.6817
vn -0.9693 -0.0179 0.2452
vn -0.8163 -0.0181 0.5774
vn -0.2969 -0.9336 0.2006
vn -0.3363 -0.9127 0.2320
vn -0.7696 -0.0692 0.6348
vn -0.9602 -0.0868 0.2655
vn 0.3864 0.8811 -0.2725
vn -0.0656 0.9947 0.0786
vn 0.6740 0.5058 -0.5384
vn 0.6737 0.5061 -0.5385
vn 0.1309 0.9910 -0.0280
vn 0.0809 0.9967 -0.0060
vn 0.2219 0.9727 -0.0681
vn -0.7789 0.2740 0.5642
vn -0.8102 0.0313 0.5853
vn -0.8438 0.0725 0.5318
vn -0.8536 0.2123 0.4757
vn -0.8464 0.0727 0.5275
vn -0.8424 0.3031 0.4454
vn -0.7646 0.4029 0.5031
vn -0.7265 0.6668 0.1661
vn -0.7835 0.6214 0.0045
vn -0.6935 0.7182 0.0564
vn -0.7898 0.6095 -0.0680
vn -0.7190 0.6824 0.1316
vn -0.7107 0.6973 0.0926
vn -0.6951 0.7146 0.0789
vn -0.4852 0.8652 -0.1264
vn -0.4830 0.8666 -0.1255
vn -0.1556 0.9878 -0.0025
vn -0.0361 0.9989 0.0302
vn -0.0242 0.9995 0.0183
vn 0.0020 0.9944 0.1055
vn -0.0219 0.9982 0.0564
vn -0.0230 0.9960 0.0860
vn -0.0955 0.9868 0.1305
vn -0.8306 0.5026 -0.2398
vn -0.2885 0.9562 0.0497
vn -0.8977 0.3361 -0.2850
vn -0.9208 -0.3862 0.0552
vn -0.9550 -0.2802 0.0975
vn 0.1590 0.0664 -0.9850
vn -0.0944 -0.0167 -0.9954
vn -0.8284 0.0876 0.5532
vn 0.2260 -0.9046 -0.3614
vn 0.2479 -0.8726 -0.4209
vn 0.1530 -0.9649 -0.2135
vn -0.7506 -0.4992 0.4328
vn -0.7061 -0.6244 0.3340
vn -0.7805 -0.5956 0.1901
vn -0.9658 -0.1462 0.2140
vn -0.8380 0.0096 0.5457
vn -0.2996 0.7544 0.5840
vn -0.2091 0.9534 0.2176
vn -0.2602 0.9497 0.1741
vn 0.2881 0.9526 -0.0979
vn -0.8860 0.0095 0.4637
vn -0.7632 0.2052 0.6128
vn -0.9137 0.2888 0.2860
vn -0.0979 -0.0319 -0.9947
vn -0.0319 -0.0269 -0.9991
vn -0.1002 0.8989 -0.4266
vn -0.7580 0.5423 0.3625
vn 0.5204 -0.0318 -0.8534
vn -0.8782 0.4512 0.1586
vn -0.7843 0.5452 0.2961
vn -0.8345 0.5472 0.0650
vn -0.7192 0.6865 0.1068
vn -0.7886 0.6106 0.0727
vn -0.6935 0.7176 0.0641
vn -0.4903 0.8596 -0.1436
vn -0.4637 0.8216 0.3317
vn -0.2900 0.9455 0.1479
vn -0.3449 0.9340 0.0930
vn -0.3464 0.9337 0.0911
vn -0.4058 0.9135 0.0289
vn -0.4291 0.8263 0.3648
vn -0.1550 -0.6640 -0.7315
vn -0.1546 -0.6637 -0.7318
vn -0.5746 0.8153 0.0721
vn -0.6569 0.7512 0.0648
vn -0.7314 0.6805 -0.0446
vn -0.7299 0.6836 -0.0022
vn -0.6360 0.7625 0.1184
vn -0.9185 0.3953 0.0113
vn -0.9186 0.3951 0.0105
vn -0.9136 0.4063 0.0192
vn 0.0015 0.0116 -0.9999
vn -0.9246 -0.3783 0.0453
vn -0.9121 -0.4097 0.0163
vn -0.7760 -0.2647 -0.5725
vn 0.4421 0.1074 -0.8905
vn 0.1742 0.0198 -0.9845
vn -0.0473 -0.0383 -0.9981
vn -0.8569 -0.4865 0.1705
vn -0.8508 -0.5209 0.0687
vn -0.8746 -0.4393 0.2054
vn -0.8617 -0.4939 0.1167
vn -0.9455 -0.2838 0.1594
vn -0.9594 -0.2263 0.1682
vn -0.9801 0.0366 0.1953
vn -0.9257 -0.0156 0.3780
vn -0.8157 -0.0003 0.5785
vn -0.7482 -0.0408 0.6623
vn -0.3943 0.8641 0.3127
vn -0.2762 0.9610 -0.0158
vn -0.5936 -0.0128 0.8047
vn -0.8522 0.0261 0.5226
vn -0.9845 0.0289 0.1730
vn -0.9597 -0.0417 0.2780
vn -0.7663 -0.3819 0.5166
vn -0.9437 -0.0168 0.3305
vn -0.0126 -0.0010 -0.9999
vn -0.4863 0.1246 -0.8649
vn -0.8712 0.4855 0.0729
vn -0.8038 0.5894 0.0802
vn -0.5620 0.8184 -0.1198
vn -0.7921 0.6103 0.0091
vn -0.4909 0.8664 0.0917
vn -0.8154 0.5714 0.0928
vn -0.6864 0.7212 0.0933
vn -0.7922 0.6070 0.0631
vn -0.7217 0.6865 0.0885
vn -0.7009 0.7075 0.0901
vn -0.7430 0.6671 0.0549
vn 0.5772 -0.0960 -0.8109
vn -0.0272 0.0595 -0.9979
vn 0.4626 -0.0639 -0.8843
vn -0.9348 0.3541 0.0260
vn -0.9813 0.1883 0.0409
vn -0.1934 -0.0127 -0.9810
vn -0.1603 -0.0101 -0.9870
vn -0.9731 -0.0124 -0.2300
vn -0.9992 -0.0318 0.0237
vn -0.9995 -0.0318 0.0020
vn -0.9958 -0.0719 0.0573
vn -0.9549 -0.0557 -0.2916
vn -0.8773 -0.4799 -0.0031
vn 0.0334 0.0294 -0.9990
vn -0.0124 -0.0221 -0.9997
vn -0.8882 -0.4484 0.1000
vn -0.9801 -0.0792 0.1822
vn 0.0347 -0.0165 -0.9993
vn -0.0670 -0.9977 -0.0096
vn -0.3596 -0.9128 0.1936
vn -0.8097 0.0128 0.5867
vn -0.8570 -0.0091 0.5153
vn -0.8469 -0.0106 0.5316
vn -0.8250 0.0034 0.5651
vn -0.4319 0.8057 0.4053
vn 0.1940 0.9780 -0.0763
vn 0.2248 0.9600 -0.1670
vn 0.2755 0.9044 -0.3258
vn -0.8994 0.0305 0.4360
vn -0.9975 0.0387 0.0593
vn -0.9965 0.0326 0.0773
vn -0.9968 0.0341 0.0727
vn -0.0366 -0.0018 -0.9993
vn -0.8010 0.5869 0.1179
vn -0.5684 0.8115 0.1357
vn -0.7096 0.6947 0.1174
vn -0.4831 0.8738 0.0556
vn -0.1493 0.0800 -0.9855
vn -0.9774 0.1734 0.1211
vn -0.9873 -0.1204 0.1034
vn -0.9873 -0.1025 0.1211
vn -0.8465 -0.5027 0.1753
vn -0.0193 0.0529 -0.9984
vn -0.1645 0.0012 -0.9864
vn -0.8161 -0.0030 0.5779
vn -0.1816 -0.9810 0.0689
vn -0.6854 -0.5816 0.4380
vn -0.9561 0.0035 0.2929
vn -0.9377 -0.0132 0.3473
vn -0.9531 -0.0115 0.3025
vn -0.8416 0.4671 0.2710
vn -0.4127 0.8803 0.2339
vn -0.4646 0.8459 0.2620
vn 0.3006 0.8600 -0.4124
vn -0.9911 -0.0119 0.1326
vn 0.3777 -0.0557 -0.9242
vn -0.0316 0.0157 -0.9994
vn -0.9936 0.0418 0.1049
vn -0.9840 0.0641 0.1660
vn -0.9923 0.0442 0.1160
vn -0.9661 -0.2497 0.0652
vn -0.8727 0.4872 0.0330
vn -0.8790 0.4759 0.0288
vn -0.8973 0.4243 0.1219
vn -0.9569 0.2710 0.1042
vn -0.0457 0.0009 -0.9990
vn -0.0387 -0.0121 -0.9992
vn -0.9835 0.1392 0.1153
vn -0.0262 0.0038 -0.9996
vn -0.9876 -0.0660 -0.1426
vn 0.3756 -0.0009 -0.9268
vn -0.0498 -0.0106 -0.9987
vn -0.9933 -0.0379 0.1088
vn 0.0274 -0.9952 0.0939
vn -0.3016 -0.9519 0.0545
vn -0.0321 -0.9987 -0.0399
vn -0.9520 -0.0094 0.3060
vn -0.4797 0.8317 0.2798
vn -0.4798 0.8314 0.2803
vn -0.4882 0.7708 0.4094
vn -0.4926 0.7143 0.4971
vn -0.4825 0.7070 0.5171
vn 0.0419 0.9928 -0.1125
vn -0.0263 0.9763 -0.2147
vn 0.0436 0.9964 -0.0729
vn -0.9170 -0.1557 -0.3672
vn -0.9318 -0.1205 -0.3423
vn -0.9124 -0.1574 -0.3779
vn -0.9854 -0.0307 0.1676
vn -0.9925 -0.0207 0.1201
vn -0.1864 0.0399 -0.9817
vn -0.9083 0.3974 0.1304
vn -0.9998 0.0136 -0.0176
vn 0.0212 -0.0084 -0.9997
vn -0.8332 0.0005 -0.5530
vn -0.9908 -0.0689 -0.1166
vn -0.9964 -0.0156 -0.0828
vn -0.8996 -0.0190 -0.4363
vn 0.0231 0.0666 -0.9975
vn -0.9509 0.0960 0.2943
vn -0.8043 -0.0173 0.5940
vn -0.9468 -0.0301 0.3204
vn -0.0052 0.0088 -0.9999
vn -0.9942 0.0655 -0.0856
vn -0.2528 0.0057 -0.9675
vn -0.9986 0.0113 -0.0524
vn -0.9981 -0.0322 -0.0526
vn -0.9989 0.0081 -0.0454
vn -0.4609 -0.0065 -0.8874
vn -0.9912 0.0351 0.1274
vn -0.9476 0.1839 0.2614
vn -0.9940 -0.0129 0.1082
vn -0.3188 -0.8415 0.4363
vn -0.9838 -0.0152 0.1788
vn -0.9738 0.0158 0.2270
vn -0.0470 0.0206 -0.9987
vn -0.9868 0.1366 0.0867
vn -0.9926 0.0559 0.1083
vn -0.9660 0.2224 0.1320
vn -0.9160 0.2888 0.2786
vn -0.9421 0.3171 0.1091
vn -0.0765 -0.0056 -0.9971
vn -0.0925 0.0091 -0.9957
vn -0.9958 0.0191 -0.0892
vn -0.9998 -0.0025 -0.0200
vn -0.8042 -0.0032 0.5943
vn -0.9984 -0.0547 0.0111
vn -0.9998 0.0169 -0.0075
vn 0.0200 0.0161 -0.9997
vn 0.0054 0.0046 -1.0000
vn -0.9950 -0.0349 0.0937
vn -0.9883 0.0012 0.1523
vn -0.5669 -0.8235 0.0204
vn -0.5464 -0.8326 0.0913
vn -0.5865 -0.8099 0.0033
vn -0.9947 0.0014 0.1025
vn -0.1425 0.9897 0.0115
vn -0.1135 0.9922 0.0523
vn -0.9034 0.0937 -0.4185
vn -0.9979 0.0264 0.0586
vn -0.9921 0.0241 -0.1231
vn -0.9952 0.0002 0.0983
vn -0.0963 -0.0291 -0.9949
vn -0.2402 -0.0471 -0.9696
vn -0.0271 -0.0083 -0.9996
vn -0.0387 0.0050 -0.9992
vn -0.9714 0.1715 0.1641
vn -0.9927 0.0296 0.1167
vn -0.9955 -0.0692 0.0650
vn -0.9979 -0.0427 0.0477
vn -0.9974 -0.0508 0.0518
vn -0.1612 -0.9648 -0.2076
vn -0.1599 0.9871 0.0117
vn -0.1244 0.9919 0.0255
vn -0.9953 0.0222 0.0939
vn -0.0503 0.0158 -0.9986
vn -0.9917 0.0189 -0.1269
vn -0.9988 -0.0332 -0.0374
vn -0.9990 -0.0215 -0.0387
vn -0.9388 -0.2749 0.2078
vn -0.2836 0.9345 0.2150
vn -0.9556 -0.2701 -0.1175
vn -0.9966 -0.0529 0.0634
vn -0.6818 -0.7300 0.0474
vn -0.6818 -0.7300 0.0471
vn -0.6823 -0.7296 0.0468
vn -0.4580 -0.8890 0.0038
vn -0.2442 -0.9615 -0.1263
vn -0.4973 -0.8666 0.0412
vn -0.9923 -0.0789 0.0955
vn -0.9922 -0.0284 0.1214
vn -0.9993 -0.0024 0.0386
vn -0.9887 0.1493 0.0137
vn -0.8863 0.4228 0.1888
vn -0.4330 0.8910 -0.1363
vn -0.3047 0.9498 -0.0709
vn -0.9822 -0.0994 -0.1594
vn -0.0809 -0.9967 -0.0108
vn 0.1263 -0.9477 -0.2933
vn -0.1554 -0.9861 -0.0589
vn -0.9918 0.0009 0.1281
vn -0.9962 -0.0058 0.0865
vn -0.9960 0.0019 0.0892
vn -0.2930 0.9540 0.0637
vn -0.2840 0.9586 -0.0201
vn -0.2882 0.9574 0.0161
vn -0.2776 0.9582 -0.0692
vn -0.0129 -0.0011 -0.9999
vn 0.3991 -0.6932 -0.6002
vn 0.2962 -0.6498 -0.7000
vn 0.5674 -0.6712 -0.4770
vn 0.5221 -0.6685 -0.5297
vn 0.7786 -0.6231 -0.0743
vn 0.7618 -0.6389 -0.1071
vn 0.7897 -0.6114 -0.0510
vn -0.0284 -0.9985 -0.0461
vn 0.3311 -0.9426 -0.0435
vn 0.3803 -0.8919 -0.2448
vn -0.0826 -0.9399 -0.3314
vn -0.1395 -0.9899 -0.0246
vn -0.9973 -0.0394 -0.0627
vn -0.6264 0.6749 -0.3901
vn -0.4001 0.7914 0.4621
vn -0.3999 0.7914 0.4623
vn -0.5061 0.8583 -0.0855
vn -0.5057 0.8584 -0.0859
vn -0.9952 0.0207 0.0952
vn -0.9948 0.0239 0.0987
vn -0.9985 0.0206 -0.0509
vn 0.5838 -0.6568 -0.4774
vn 0.4611 0.1782 -0.8693
vn 0.7542 0.6080 -0.2480
vn 0.6006 0.5825 -0.5476
vn 0.5965 0.6190 -0.5109
vn 0.6154 0.6019 -0.5089
vn 0.7431 -0.6541 -0.1411
vn 0.0008 -0.9899 -0.1420
vn 0.7145 -0.5602 -0.4191
vn -0.5500 -0.8325 0.0660
vn -0.5817 -0.7965 0.1650
vn -0.5889 -0.8067 0.0494
vn 0.1585 0.7076 0.6886
vn -0.1701 0.2143 0.9619
vn -0.1991 -0.1276 0.9716
vn -0.1149 -0.1209 0.9860
vn -0.3530 0.2797 0.8928
vn 0.1832 0.9826 0.0291
vn 0.2154 0.9765 0.0058
vn 0.2853 0.9579 -0.0326
vn 0.6193 -0.5770 -0.5326
vn 0.7366 -0.2442 -0.6307
vn 0.6563 0.5189 -0.5478
vn 0.6533 0.5943 -0.4690
vn -0.5173 -0.8214 -0.2404
vn -0.4395 -0.8828 -0.1656
vn -0.4707 -0.8514 -0.2314
vn -0.4510 -0.8911 -0.0503
vn -0.4980 -0.8660 -0.0454
vn -0.5328 -0.8447 -0.0509
vn 0.6111 -0.3296 0.7197
vn -0.1753 0.0298 0.9841
vn -0.3071 0.3236 0.8950
vn 0.0153 0.0504 0.9986
vn -0.5281 0.8417 0.1126
vn -0.5752 0.7713 0.2725
vn -0.5511 0.8143 0.1824
vn -0.5872 0.7413 0.3251
vn -0.5285 0.8302 0.1774
vn -0.6041 0.7936 0.0724
vn -0.4724 0.8334 -0.2871
vn 0.2504 0.9621 -0.1083
vn 0.4685 -0.2434 -0.8493
vn 0.4094 -0.6633 -0.6264
vn 0.3626 -0.4855 -0.7955
vn 0.4037 -0.7122 -0.5742
vn 0.8029 0.5155 -0.2992
vn -0.6472 -0.7386 0.1887
vn -0.7697 -0.6079 0.1950
vn -0.8515 -0.4515 -0.2667
vn -0.0368 -0.9227 -0.3836
vn -0.8614 -0.5000 -0.0895
vn -0.9016 0.0893 0.4232
vn -0.9722 0.2315 0.0351
vn -0.8201 -0.0342 0.5712
vn 0.3765 0.9257 -0.0366
vn 0.2140 0.9676 -0.1339
vn 0.3342 -0.3775 -0.8636
vn 0.4276 0.4474 -0.7855
vn 0.4273 0.4477 -0.7855
vn -0.1931 -0.3683 -0.9094
vn -0.4000 -0.7080 -0.5820
vn -0.9704 -0.2018 -0.1323
vn -0.9550 -0.2414 0.1723
vn -0.7311 -0.0747 0.6782
vn -0.7123 -0.1480 0.6861
vn -0.9650 0.2289 -0.1279
vn -0.9663 0.0360 -0.2547
vn -0.7422 0.6379 0.2055
vn -0.8819 0.4510 0.1371
vn -0.8164 0.5500 0.1761
vn -0.9564 0.2828 0.0722
vn -0.3981 0.8906 -0.2199
vn -0.4482 0.7931 -0.4125
vn -0.4071 0.9098 0.0808
vn -0.6123 0.7441 0.2672
vn -0.4295 0.8504 -0.3039
vn -0.5296 0.6920 -0.4905
vn -0.4262 0.8516 -0.3050
vn -0.6109 0.3866 -0.6909
vn -0.5491 -0.2561 -0.7956
vn -0.9263 0.3265 -0.1879
vn -0.9919 0.1058 -0.0700
vn -0.9510 0.1643 -0.2619
vn 0.7388 0.6520 -0.1707
vn 0.7552 0.6200 -0.2129
vn -0.3081 -0.8596 -0.4076
vn -0.6328 -0.7705 -0.0764
vn -0.9979 -0.0330 -0.0560
vn -0.9823 -0.1311 -0.1340
vn -0.9711 0.1998 0.1308
vn -0.9457 0.2827 0.1605
vn -0.9920 0.1241 0.0227
vn -0.9372 -0.3488 -0.0044
vn -0.9373 -0.3486 -0.0048
vn -0.9374 -0.3482 -0.0047
vn -0.9939 0.1100 0.0069
vn -0.6366 0.7278 0.2551
vn -0.5348 0.5045 0.6778
vn -0.9490 0.2594 0.1792
vn -0.9205 -0.3601 -0.1519
vn -0.9206 -0.3600 -0.1516
vn -0.5327 0.7694 0.3525
vn -0.8118 0.5833 -0.0264
vn -0.9642 0.2528 0.0796
vn -0.9226 0.3669 -0.1196
vn -0.9314 0.0824 -0.3546
vn -0.7664 0.0532 -0.6401
vn -0.7994 0.0205 -0.6005
vn -0.8072 0.0117 -0.5902
vn -0.8449 -0.0304 -0.5340
vn -0.9018 -0.1855 0.3904
vn -0.9019 -0.1861 0.3899
vn -0.9018 -0.1867 0.3899
vn -0.9951 -0.0034 0.0986
vn -0.9080 0.3220 -0.2682
vn -0.9080 0.3221 -0.2679
vt 0.607633 0.701671
vt 0.599660 0.702358
vt 0.599406 0.693815
vt 0.133421 0.952166
vt 0.137761 0.950485
vt 0.133866 0.957789
vt 0.885275 0.645134
vt 0.896524 0.620412
vt 0.896193 0.643376
vt 0.892390 0.523717
vt 0.882123 0.524297
vt 0.896795 0.511363
vt 0.879387 0.489317
vt 0.067083 0.731827
vt 0.064553 0.740478
vt 0.060015 0.736536
vt 0.068874 0.740906
vt 0.065687 0.735379
vt 0.076851 0.741138
vt 0.826393 0.789473
vt 0.835676 0.789637
vt 0.837858 0.792081
vt 0.068674 0.746187
vt 0.073925 0.734706
vt 0.070955 0.728342
vt 0.818269 0.808943
vt 0.067884 0.745971
vt 0.059841 0.747075
vt 0.061323 0.758584
vt 0.069247 0.752812
vt 0.075693 0.744901
vt 0.059697 0.720478
vt 0.820917 0.789103
vt 0.817881 0.829244
vt 0.836571 0.892480
vt 0.851870 0.884070
vt 0.848652 0.893783
vt 0.861749 0.893462
vt 0.852463 0.894808
vt 0.067002 0.760325
vt 0.069465 0.757362
vt 0.069573 0.766377
vt 0.065729 0.758643
vt 0.068337 0.751776
vt 0.813494 0.278082
vt 0.814845 0.266374
vt 0.848230 0.270780
vt 0.814778 0.259919
vt 0.846626 0.261310
vt 0.850196 0.248273
vt 0.813073 0.248618
vt 0.068477 0.719826
vt 0.818330 0.808846
vt 0.806792 0.833402
vt 0.808518 0.789222
vt 0.843062 0.790903
vt 0.817160 0.873535
vt 0.840381 0.895121
vt 0.847162 0.893743
vt 0.853345 0.895192
vt 0.841873 0.910189
vt 0.691812 0.337922
vt 0.685665 0.335769
vt 0.718214 0.327781
vt 0.417218 0.946917
vt 0.417263 0.953744
vt 0.410472 0.951012
vt 0.454893 0.925587
vt 0.439027 0.948568
vt 0.443151 0.926166
vt 0.162846 0.882213
vt 0.159522 0.887773
vt 0.146922 0.885317
vt 0.451554 0.922866
vt 0.161428 0.859889
vt 0.164338 0.868094
vt 0.451061 0.952327
vt 0.457443 0.947351
vt 0.459231 0.942196
vt 0.457143 0.930517
vt 0.129568 0.934428
vt 0.122131 0.926256
vt 0.125612 0.921248
vt 0.452589 0.919110
vt 0.150995 0.850862
vt 0.161019 0.856146
vt 0.457324 0.952682
vt 0.471064 0.927568
vt 0.468858 0.922296
vt 0.470190 0.918663
vt 0.144125 0.875045
vt 0.143449 0.880028
vt 0.142079 0.886755
vt 0.464155 0.957379
vt 0.136436 0.941763
vt 0.133949 0.938258
vt 0.149563 0.930950
vt 0.468217 0.933613
vt 0.478261 0.924558
vt 0.484758 0.921588
vt 0.485291 0.931185
vt 0.410641 0.958496
vt 0.224556 0.950162
vt 0.226859 0.949830
vt 0.224561 0.955830
vt 0.973683 0.504092
vt 0.970576 0.510087
vt 0.969470 0.500577
vt 0.966886 0.510850
vt 0.768503 0.338340
vt 0.765345 0.341452
vt 0.766035 0.334611
vt 0.465966 0.946524
vt 0.137271 0.945787
vt 0.143058 0.940812
vt 0.123172 0.920006
vt 0.128722 0.908870
vt 0.473306 0.933611
vt 0.769065 0.325822
vt 0.729023 0.320451
vt 0.725564 0.316501
vt 0.734744 0.315604
vt 0.147298 0.940866
vt 0.657755 0.307785
vt 0.659957 0.299992
vt 0.681768 0.298640
vt 0.702020 0.304408
vt 0.148835 0.910133
vt 0.132200 0.911698
vt 0.132430 0.903953
vt 0.477355 0.940205
vt 0.130949 0.859462
vt 0.125847 0.885482
vt 0.126624 0.869460
vt 0.775926 0.340604
vt 0.771843 0.329781
vt 0.754166 0.311480
vt 0.152047 0.942067
vt 0.133010 0.913499
vt 0.132687 0.912780
vt 0.134210 0.902887
vt 0.128406 0.908165
vt 0.127758 0.900272
vt 0.472570 0.939696
vt 0.184531 0.761774
vt 0.182015 0.767508
vt 0.180728 0.760033
vt 0.478011 0.945407
vt 0.482489 0.943914
vt 0.144415 0.851604
vt 0.120940 0.882570
vt 0.775652 0.326845
vt 0.740910 0.310233
vt 0.426143 0.951926
vt 0.421028 0.958261
vt 0.420082 0.950998
vt 0.155669 0.934193
vt 0.673468 0.290350
vt 0.956840 0.599876
vt 0.946450 0.598336
vt 0.954513 0.596569
vt 0.878962 0.930373
vt 0.870549 0.933695
vt 0.862059 0.791460
vt 0.893889 0.839499
vt 0.063930 0.767913
vt 0.061417 0.759345
vt 0.066399 0.762193
vt 0.496731 0.760422
vt 0.505195 0.752701
vt 0.505148 0.758811
vt 0.484966 0.349106
vt 0.478547 0.354319
vt 0.440363 0.351458
vt 0.816251 0.863484
vt 0.817599 0.903073
vt 0.833067 0.893006
vt 0.835814 0.893719
vt 0.839645 0.894583
vt 0.846181 0.892685
vt 0.936177 0.594600
vt 0.948496 0.596434
vt 0.934186 0.597670
vt 0.653605 0.326855
vt 0.662524 0.330451
vt 0.930000 0.629785
vt 0.926829 0.638875
vt 0.920187 0.636845
vt 0.921097 0.638713
vt 0.917699 0.640229
vt 0.926043 0.640735
vt 0.931762 0.653943
vt 0.697507 0.341380
vt 0.710283 0.337779
vt 0.152121 0.926586
vt 0.149502 0.927855
vt 0.148711 0.913510
vt 0.139761 0.893205
vt 0.128457 0.897199
vt 0.132841 0.892500
vt 0.125335 0.852760
vt 0.240292 0.538267
vt 0.245799 0.535128
vt 0.239187 0.544222
vt 0.254566 0.547666
vt 0.739115 0.304845
vt 0.423503 0.947029
vt 0.659643 0.295273
vt 0.661077 0.281464
vt 0.883781 0.925906
vt 0.882372 0.906287
vt 0.871162 0.897565
vt 0.861631 0.893483
vt 0.868683 0.793853
vt 0.069864 0.771272
vt 0.065373 0.766879
vt 0.076783 0.768358
vt 0.812046 0.283059
vt 0.812145 0.298589
vt 0.846301 0.290386
vt 0.847931 0.278819
vt 0.503709 0.751866
vt 0.498333 0.757308
vt 0.499936 0.751362
vt 0.898555 0.525620
vt 0.912801 0.526422
vt 0.901030 0.526186
vt 0.879404 0.489650
vt 0.881130 0.523730
vt 0.878156 0.523785
vt 0.492718 0.753748
vt 0.498311 0.753010
vt 0.495430 0.762590
vt 0.501108 0.766729
vt 0.059617 0.703622
vt 0.053164 0.707611
vt 0.820685 0.789017
vt 0.806147 0.863824
vt 0.860398 0.944297
vt 0.674991 0.336586
vt 0.681510 0.339476
vt 0.897444 0.654971
vt 0.711178 0.307635
vt 0.136540 0.901050
vt 0.145663 0.898815
vt 0.140259 0.893554
vt 0.124532 0.831514
vt 0.136834 0.828384
vt 0.142106 0.833221
vt 0.148547 0.847210
vt 0.227802 0.558071
vt 0.225847 0.549699
vt 0.252477 0.526144
vt 0.255416 0.534191
vt 0.258764 0.526116
vt 0.869405 0.891102
vt 0.871473 0.892553
vt 0.509429 0.740996
vt 0.509525 0.746558
vt 0.507246 0.752424
vt 0.903021 0.428457
vt 0.933252 0.522865
vt 0.899479 0.420944
vt 0.879189 0.452076
vt 0.879144 0.471389
vt 0.868465 0.470248
vt 0.868368 0.493918
vt 0.869123 0.525250
vt 0.264421 0.625929
vt 0.306280 0.631374
vt 0.263112 0.632594
vt 0.486773 0.775983
vt 0.496716 0.775674
vt 0.499841 0.767450
vt 0.846441 0.232474
vt 0.441114 0.346507
vt 0.502105 0.357738
vt 0.517371 0.350727
vt 0.816833 0.894553
vt 0.817303 0.874076
vt 0.816646 0.895129
vt 0.806735 0.894006
vt 0.852085 0.945623
vt 0.924329 0.594416
vt 0.931802 0.606741
vt 0.927506 0.619595
vt 0.925659 0.626326
vt 0.901531 0.667863
vt 0.933118 0.665139
vt 0.941214 0.656878
vt 0.722706 0.318466
vt 0.146164 0.894212
vt 0.121771 0.836073
vt 0.126676 0.844357
vt 0.121161 0.848956
vt 0.234708 0.566770
vt 0.799908 0.909792
vt 0.798449 0.917746
vt 0.793754 0.910361
vt 0.795788 0.918634
vt 0.749314 0.301395
vt 0.756583 0.305579
vt 0.974568 0.561378
vt 0.972108 0.563431
vt 0.972995 0.555441
vt 0.759187 0.310088
vt 0.760423 0.308226
vt 0.760040 0.304521
vt 0.747943 0.297956
vt 0.755017 0.295170
vt 0.671299 0.280622
vt 0.878091 0.895743
vt 0.872762 0.893523
vt 0.878523 0.891363
vt 0.060569 0.776019
vt 0.065462 0.768732
vt 0.077433 0.776983
vt 0.812362 0.311439
vt 0.847871 0.300734
vt 0.510356 0.729266
vt 0.511578 0.732808
vt 0.500734 0.740507
vt 0.882324 0.457564
vt 0.879141 0.471357
vt 0.878600 0.450838
vt 0.869704 0.481969
vt 0.292094 0.626311
vt 0.490019 0.779330
vt 0.852546 0.233197
vt 0.849767 0.239736
vt 0.846133 0.231768
vt 0.814275 0.228211
vt 0.052464 0.699903
vt 0.047776 0.711997
vt 0.040693 0.700970
vt 0.895235 0.044139
vt 0.895254 0.077321
vt 0.885797 0.044062
vt 0.894068 0.106209
vt 0.895361 0.092045
vt 0.821061 0.916668
vt 0.856650 0.946980
vt 0.925998 0.609579
vt 0.664575 0.336558
vt 0.886375 0.668103
vt 0.894618 0.666810
vt 0.897516 0.655135
vt 0.720678 0.309392
vt 0.708836 0.301200
vt 0.153373 0.901852
vt 0.799021 0.897773
vt 0.794775 0.895701
vt 0.473442 0.866861
vt 0.487817 0.865752
vt 0.490665 0.874013
vt 0.618480 0.342261
vt 0.618538 0.333870
vt 0.622176 0.340484
vt 0.623214 0.328833
vt 0.777590 0.301214
vt 0.765375 0.307766
vt 0.756434 0.292234
vt 0.747332 0.295337
vt 0.659201 0.276941
vt 0.668362 0.275843
vt 0.658909 0.276923
vt 0.658844 0.270565
vt 0.019586 0.964818
vt 0.019234 0.971208
vt 0.009371 0.957221
vt 0.896961 0.893472
vt 0.901313 0.910421
vt 0.893687 0.894548
vt 0.897535 0.914353
vt 0.892437 0.917525
vt 0.878863 0.793003
vt 0.883987 0.795838
vt 0.060834 0.783745
vt 0.078973 0.789535
vt 0.504659 0.729356
vt 0.510628 0.728654
vt 0.501041 0.739614
vt 0.497515 0.750411
vt 0.493056 0.745151
vt 0.503145 0.732382
vt 0.492002 0.730402
vt 0.933354 0.528322
vt 0.923523 0.422349
vt 0.918231 0.421705
vt 0.878659 0.422379
vt 0.879826 0.439032
vt 0.868710 0.450952
vt 0.318674 0.631176
vt 0.335739 0.623082
vt 0.336194 0.630714
vt 0.319954 0.624053
vt 0.781940 0.947346
vt 0.782364 0.968635
vt 0.770559 0.971494
vt 0.480307 0.772429
vt 0.472751 0.785386
vt 0.489490 0.786024
vt 0.850153 0.227406
vt 0.848739 0.215898
vt 0.813081 0.215813
vt 0.815001 0.207839
vt 0.826211 0.195252
vt 0.915118 0.541802
vt 0.917545 0.547228
vt 0.912942 0.552328
vt 0.919077 0.568824
vt 0.908502 0.573301
vt 0.914953 0.567492
vt 0.925347 0.572968
vt 0.919094 0.568592
vt 0.922629 0.565153
vt 0.918819 0.558017
vt 0.917334 0.565244
vt 0.913177 0.561943
vt 0.914342 0.566723
vt 0.914282 0.559326
vt 0.914629 0.567002
vt 0.905630 0.560209
vt 0.906542 0.571470
vt 0.795300 0.269747
vt 0.805232 0.288515
vt 0.793787 0.276533
vt 0.799525 0.284041
vt 0.795764 0.264477
vt 0.916425 0.563978
vt 0.922651 0.561466
vt 0.917759 0.561935
vt 0.921769 0.556549
vt 0.916218 0.558143
vt 0.920661 0.545441
vt 0.918110 0.540338
vt 0.921094 0.541302
vt 0.918711 0.541996
vt 0.912863 0.539519
vt 0.914392 0.536809
vt 0.912180 0.539509
vt 0.913510 0.542992
vt 0.907282 0.545860
vt 0.912388 0.551050
vt 0.914809 0.553396
vt 0.903332 0.555471
vt 0.028870 0.674095
vt 0.035724 0.672648
vt 0.041171 0.682870
vt 0.811935 0.194475
vt 0.050327 0.691981
vt 0.045943 0.688117
vt 0.896273 0.109618
vt 0.818610 0.918970
vt 0.819818 0.924740
vt 0.828402 0.938124
vt 0.840474 0.955003
vt 0.850660 0.950073
vt 0.846202 0.955651
vt 0.907273 0.590784
vt 0.922094 0.590847
vt 0.883415 0.627587
vt 0.881435 0.644574
vt 0.883784 0.668789
vt 0.877582 0.667301
vt 0.919637 0.668585
vt 0.943508 0.660646
vt 0.709106 0.300497
vt 0.149515 0.894035
vt 0.610199 0.330645
vt 0.615247 0.331464
vt 0.603400 0.334423
vt 0.613819 0.340569
vt 0.606839 0.340940
vt 0.251434 0.575920
vt 0.253672 0.569718
vt 0.492753 0.881013
vt 0.481408 0.887700
vt 0.760280 0.291380
vt 0.486069 0.893280
vt 0.778915 0.280944
vt 0.751541 0.289096
vt 0.678539 0.277252
vt 0.672621 0.268270
vt 0.684011 0.275223
vt 0.469899 0.865272
vt 0.480065 0.872189
vt 0.472293 0.871845
vt 0.477285 0.875520
vt 0.884302 0.891615
vt 0.811724 0.325894
vt 0.816081 0.317119
vt 0.814143 0.331161
vt 0.511751 0.717327
vt 0.504469 0.719505
vt 0.959651 0.436731
vt 0.953404 0.423716
vt 0.879842 0.439093
vt 0.477738 0.790737
vt 0.488608 0.787169
vt 0.484944 0.794262
vt 0.804140 0.269476
vt 0.793736 0.259267
vt 0.795627 0.253264
vt 0.799570 0.251746
vt 0.931689 0.564522
vt 0.922801 0.566071
vt 0.923460 0.557173
vt 0.929538 0.561131
vt 0.917991 0.548804
vt 0.923467 0.546056
vt 0.932414 0.540033
vt 0.923317 0.539948
vt 0.921927 0.540688
vt 0.920008 0.538756
vt 0.923205 0.536900
vt 0.918238 0.533880
vt 0.904406 0.539377
vt 0.905123 0.550531
vt 0.907620 0.555012
vt 0.040454 0.653239
vt 0.042449 0.658848
vt 0.039216 0.662014
vt 0.035113 0.683180
vt 0.030048 0.685431
vt 0.811264 0.073310
vt 0.522229 0.359871
vt 0.538856 0.361743
vt 0.548261 0.353697
vt 0.806453 0.894124
vt 0.816491 0.896323
vt 0.806345 0.904748
vt 0.820863 0.916841
vt 0.820179 0.924477
vt 0.815912 0.955695
vt 0.833240 0.959732
vt 0.838753 0.961242
vt 0.891162 0.567428
vt 0.887874 0.574842
vt 0.891409 0.564460
vt 0.869804 0.575301
vt 0.873024 0.572939
vt 0.876681 0.579953
vt 0.896202 0.569138
vt 0.893946 0.575871
vt 0.893037 0.567197
vt 0.881607 0.560136
vt 0.874201 0.550792
vt 0.873004 0.572816
vt 0.869746 0.573095
vt 0.743511 0.224381
vt 0.743766 0.235582
vt 0.739955 0.232425
vt 0.605935 0.842341
vt 0.602069 0.841518
vt 0.603094 0.835782
vt 0.883702 0.578473
vt 0.889732 0.577479
vt 0.195272 0.767901
vt 0.196538 0.761638
vt 0.198790 0.765882
vt 0.897096 0.565774
vt 0.893694 0.567455
vt 0.889777 0.563040
vt 0.093733 0.950187
vt 0.087330 0.960458
vt 0.083293 0.947374
vt 0.083211 0.958843
vt 0.759329 0.211732
vt 0.897016 0.668316
vt 0.912420 0.669732
vt 0.722992 0.304748
vt 0.713418 0.295774
vt 0.235789 0.573218
vt 0.258185 0.558030
vt 0.467593 0.862031
vt 0.464296 0.865989
vt 0.490817 0.956377
vt 0.485278 0.956694
vt 0.485643 0.949026
vt 0.461113 0.867382
vt 0.463163 0.872869
vt 0.468361 0.875168
vt 0.472586 0.874199
vt 0.478512 0.873966
vt 0.483211 0.876628
vt 0.674081 0.276028
vt 0.654040 0.264298
vt 0.014740 0.958842
vt 0.886634 0.894257
vt 0.888320 0.896165
vt 0.882519 0.893542
vt 0.895586 0.865287
vt 0.890180 0.796684
vt 0.900010 0.794229
vt 0.061820 0.793778
vt 0.846607 0.330205
vt 0.845313 0.310527
vt 0.500023 0.713600
vt 0.496066 0.711802
vt 0.938988 0.526647
vt 0.947212 0.525830
vt 0.948154 0.413437
vt 0.959665 0.415641
vt 0.962210 0.411270
vt 0.949532 0.391393
vt 0.885480 0.419245
vt 0.881456 0.417921
vt 0.878595 0.422298
vt 0.869642 0.420238
vt 0.366859 0.629817
vt 0.364513 0.620696
vt 0.758447 0.962690
vt 0.762576 0.968604
vt 0.752250 0.971208
vt 0.754627 0.971862
vt 0.468124 0.793206
vt 0.469095 0.801749
vt 0.480190 0.797843
vt 0.806159 0.244843
vt 0.471958 0.818506
vt 0.476713 0.824283
vt 0.474392 0.833128
vt 0.932510 0.552397
vt 0.930683 0.535853
vt 0.932412 0.540084
vt 0.924162 0.532228
vt 0.913564 0.535886
vt 0.912340 0.539408
vt 0.904346 0.539129
vt 0.011596 0.632454
vt 0.019802 0.634460
vt 0.018284 0.636120
vt 0.023762 0.638452
vt 0.029714 0.642368
vt 0.017777 0.652497
vt 0.032383 0.647980
vt 0.025814 0.660406
vt 0.030469 0.667215
vt 0.022972 0.676048
vt 0.551641 0.356827
vt 0.822290 0.942556
vt 0.822293 0.942618
vt 0.119610 0.958724
vt 0.125004 0.953436
vt 0.124736 0.956297
vt 0.883518 0.554423
vt 0.895417 0.548573
vt 0.886646 0.553436
vt 0.896600 0.542263
vt 0.891173 0.543450
vt 0.883719 0.549365
vt 0.891177 0.543427
vt 0.888592 0.540795
vt 0.102889 0.962305
vt 0.092072 0.961395
vt 0.099012 0.959186
vt 0.098784 0.959164
vt 0.099485 0.950239
vt 0.098977 0.945886
vt 0.093568 0.949648
vt 0.095055 0.941447
vt 0.092857 0.943117
vt 0.084660 0.939653
vt 0.778538 0.204903
vt 0.763966 0.205768
vt 0.776179 0.194295
vt 0.779085 0.174375
vt 0.781067 0.164482
vt 0.785174 0.163425
vt 0.951425 0.663013
vt 0.788270 0.946239
vt 0.799299 0.952467
vt 0.789958 0.957332
vt 0.235383 0.578674
vt 0.239931 0.579284
vt 0.460249 0.874966
vt 0.478833 0.873375
vt 0.471169 0.882556
vt 0.475955 0.896324
vt 0.760659 0.283875
vt 0.752720 0.288743
vt 0.754741 0.280779
vt 0.750251 0.286486
vt 0.743644 0.270022
vt 0.753833 0.273887
vt 0.470473 0.885042
vt 0.778093 0.264249
vt 0.467651 0.897507
vt 0.764104 0.273586
vt 0.758914 0.280271
vt 0.754546 0.276854
vt 0.463368 0.879521
vt 0.457028 0.901093
vt 0.757818 0.268383
vt 0.777873 0.253987
vt 0.446292 0.904235
vt 0.438965 0.905136
vt 0.440840 0.898270
vt 0.776669 0.244682
vt 0.777887 0.252983
vt 0.773800 0.251259
vt 0.477308 0.889921
vt 0.485366 0.882356
vt 0.671599 0.265341
vt 0.667328 0.260123
vt 0.896056 0.883472
vt 0.889223 0.895655
vt 0.895255 0.869475
vt 0.899260 0.828963
vt 0.897529 0.817762
vt 0.899597 0.804601
vt 0.060651 0.796910
vt 0.847605 0.314159
vt 0.512820 0.701296
vt 0.512911 0.710063
vt 0.506348 0.710256
vt 0.501442 0.722463
vt 0.505656 0.709238
vt 0.958549 0.472029
vt 0.955808 0.421791
vt 0.963515 0.402754
vt 0.933651 0.381134
vt 0.903942 0.423265
vt 0.917662 0.422507
vt 0.900630 0.420317
vt 0.881459 0.417988
vt 0.882653 0.406540
vt 0.882437 0.406270
vt 0.870106 0.411926
vt 0.871841 0.419947
vt 0.781573 0.874563
vt 0.782043 0.915798
vt 0.770195 0.876889
vt 0.699927 0.914095
vt 0.471169 0.813263
vt 0.848140 0.195068
vt 0.805378 0.249333
vt 0.462483 0.820892
vt 0.471123 0.837728
vt 0.455591 0.828902
vt 0.927544 0.531832
vt 0.913447 0.531497
vt 0.907510 0.530626
vt 0.008954 0.637041
vt 0.014234 0.653431
vt 0.027904 0.668923
vt 0.031186 0.673978
vt 0.024513 0.671206
vt 0.846733 0.044080
vt 0.852632 0.043206
vt 0.859457 0.043774
vt 0.895472 0.130536
vt 0.892456 0.140137
vt 0.554271 0.370925
vt 0.556801 0.359560
vt 0.575175 0.375270
vt 0.558897 0.373743
vt 0.575252 0.375371
vt 0.570114 0.378763
vt 0.827274 0.946787
vt 0.829691 0.966747
vt 0.827481 0.948125
vt 0.829520 0.967269
vt 0.901055 0.593603
vt 0.894811 0.599126
vt 0.895354 0.588859
vt 0.883549 0.597568
vt 0.812347 0.599134
vt 0.855407 0.668344
vt 0.806358 0.640657
vt 0.846865 0.669636
vt 0.840694 0.667557
vt 0.511052 0.949478
vt 0.509192 0.953329
vt 0.500688 0.945375
vt 0.602996 0.831128
vt 0.601905 0.825693
vt 0.604661 0.826275
vt 0.493842 0.937869
vt 0.493198 0.929180
vt 0.499788 0.940237
vt 0.498493 0.927351
vt 0.511379 0.930585
vt 0.506822 0.926642
vt 0.891852 0.558255
vt 0.949341 0.576597
vt 0.952460 0.577128
vt 0.951537 0.583252
vt 0.891911 0.540267
vt 0.874080 0.549935
vt 0.870226 0.565819
vt 0.871592 0.546906
vt 0.105417 0.951265
vt 0.104986 0.943107
vt 0.100995 0.937328
vt 0.783765 0.156835
vt 0.799443 0.166571
vt 0.800245 0.157745
vt 0.786770 0.147296
vt 0.449683 0.865488
vt 0.753256 0.272602
vt 0.743610 0.269673
vt 0.748688 0.267614
vt 0.460127 0.876871
vt 0.454174 0.870606
vt 0.460649 0.867465
vt 0.450351 0.882214
vt 0.768236 0.253627
vt 0.775748 0.244768
vt 0.773256 0.249854
vt 0.774103 0.252495
vt 0.757551 0.270818
vt 0.759302 0.280406
vt 0.468208 0.875153
vt 0.458428 0.880078
vt 0.475105 0.896443
vt 0.674134 0.246408
vt 0.673250 0.252300
vt 0.669822 0.245432
vt 0.018142 0.953789
vt 0.014296 0.958160
vt 0.018072 0.945069
vt 0.008424 0.942947
vt 0.900475 0.813754
vt 0.078460 0.801479
vt 0.847146 0.336116
vt 0.961919 0.479289
vt 0.960988 0.453533
vt 0.960634 0.419227
vt 0.344118 0.845598
vt 0.349562 0.838515
vt 0.352030 0.844084
vt 0.423654 0.817603
vt 0.413798 0.819759
vt 0.431502 0.814382
vt 0.401466 0.820719
vt 0.414827 0.820069
vt 0.392008 0.826613
vt 0.889579 0.387335
vt 0.763984 0.878511
vt 0.745079 0.971798
vt 0.466733 0.817162
vt 0.455546 0.848205
vt 0.460361 0.851274
vt 0.457813 0.853776
vt 0.187290 0.721783
vt 0.188921 0.728387
vt 0.181209 0.720760
vt 0.190040 0.730005
vt 0.189238 0.733580
vt 0.186042 0.726845
vt 0.018281 0.658336
vt 0.024321 0.662300
vt 0.026333 0.669057
vt 0.027885 0.665053
vt 0.020036 0.668938
vt 0.839848 0.136003
vt 0.895611 0.142880
vt 0.895811 0.150328
vt 0.577605 0.382881
vt 0.601385 0.390111
vt 0.895926 0.588327
vt 0.501123 0.942773
vt 0.508434 0.934097
vt 0.646637 0.341281
vt 0.642964 0.329515
vt 0.648989 0.330019
vt 0.165259 0.940263
vt 0.163894 0.946996
vt 0.160017 0.941345
vt 0.158719 0.948144
vt 0.966346 0.404317
vt 0.970062 0.396338
vt 0.981212 0.405099
vt 0.982087 0.400330
vt 0.899348 0.540872
vt 0.891708 0.542525
vt 0.886202 0.531723
vt 0.876695 0.529987
vt 0.868723 0.536675
vt 0.105762 0.941912
vt 0.103381 0.935102
vt 0.105836 0.936744
vt 0.103364 0.935459
vt 0.096624 0.936983
vt 0.098227 0.933566
vt 0.084654 0.939595
vt 0.083720 0.909401
vt 0.091642 0.910171
vt 0.788920 0.185646
vt 0.780364 0.181274
vt 0.804098 0.138151
vt 0.789607 0.137751
vt 0.792355 0.130630
vt 0.450094 0.869072
vt 0.453462 0.873009
vt 0.443650 0.868517
vt 0.741780 0.260436
vt 0.738132 0.259597
vt 0.736167 0.263843
vt 0.457790 0.868263
vt 0.452462 0.872827
vt 0.450758 0.864610
vt 0.773631 0.250559
vt 0.458347 0.901374
vt 0.467631 0.902543
vt 0.655386 0.251202
vt 0.029760 0.940735
vt 0.009574 0.922754
vt 0.008394 0.943050
vt 0.005626 0.922696
vt 0.011542 0.918877
vt 0.899442 0.845700
vt 0.006887 0.910993
vt 0.001000 0.905478
vt 0.007951 0.889781
vt 0.004136 0.893298
vt 0.003904 0.875960
vt 0.019818 0.864150
vt 0.003886 0.858403
vt 0.070395 0.803600
vt 0.812542 0.336453
vt 0.513408 0.694216
vt 0.510511 0.686320
vt 0.503705 0.698625
vt 0.503705 0.698624
vt 0.495640 0.684090
vt 0.962721 0.526578
vt 0.337870 0.897494
vt 0.333485 0.897665
vt 0.336178 0.870069
vt 0.343097 0.846739
vt 0.356339 0.841466
vt 0.376478 0.842998
vt 0.435178 0.805920
vt 0.435699 0.787614
vt 0.395647 0.821581
vt 0.885592 0.397823
vt 0.872825 0.397046
vt 0.383253 0.621680
vt 0.368474 0.629549
vt 0.364657 0.620654
vt 0.461825 0.813295
vt 0.463970 0.818703
vt 0.457726 0.817398
vt 0.453277 0.823196
vt 0.456036 0.828380
vt 0.448142 0.843225
vt 0.460963 0.850950
vt 0.453142 0.857553
vt 0.448525 0.851341
vt 0.979178 0.443252
vt 0.983564 0.455202
vt 0.979911 0.454495
vt 0.975367 0.459771
vt 0.966510 0.458864
vt 0.134926 0.948045
vt 0.186295 0.736289
vt 0.186951 0.744114
vt 0.182378 0.740729
vt 0.190709 0.744732
vt 0.183561 0.749310
vt 0.189091 0.741592
vt 0.006649 0.642850
vt 0.012118 0.645755
vt 0.012684 0.651048
vt 0.015019 0.662306
vt 0.858808 0.141027
vt 0.863984 0.139968
vt 0.818329 0.970475
vt 0.505161 0.944087
vt 0.501225 0.939563
vt 0.510963 0.933949
vt 0.967161 0.411890
vt 0.983621 0.408424
vt 0.893467 0.537015
vt 0.869473 0.533224
vt 0.873724 0.536869
vt 0.871956 0.536448
vt 0.110127 0.959439
vt 0.108892 0.944103
vt 0.106322 0.934447
vt 0.099205 0.933456
vt 0.091843 0.940462
vt 0.101695 0.910408
vt 0.083746 0.909352
vt 0.083024 0.895472
vt 0.780507 0.181039
vt 0.789381 0.184908
vt 0.243725 0.583425
vt 0.250946 0.583436
vt 0.438900 0.861331
vt 0.445366 0.859431
vt 0.442971 0.867807
vt 0.450129 0.864475
vt 0.451137 0.874125
vt 0.441034 0.865274
vt 0.449183 0.893628
vt 0.017827 0.906916
vt 0.008215 0.915359
vt 0.060711 0.810416
vt 0.057972 0.799651
vt 0.515441 0.684083
vt 0.510413 0.678320
vt 0.333874 0.912486
vt 0.332889 0.900037
vt 0.338554 0.894076
vt 0.337960 0.854817
vt 0.406802 0.938398
vt 0.379500 0.839747
vt 0.390607 0.845797
vt 0.388106 0.838413
vt 0.408382 0.756913
vt 0.393552 0.755560
vt 0.392907 0.822189
vt 0.921460 0.371264
vt 0.928884 0.375462
vt 0.882709 0.404206
vt 0.886084 0.399122
vt 0.383621 0.609949
vt 0.780764 0.869151
vt 0.780641 0.873671
vt 0.782732 0.866514
vt 0.771115 0.868541
vt 0.764690 0.873974
vt 0.760935 0.873406
vt 0.454214 0.813861
vt 0.446517 0.843675
vt 0.179868 0.716416
vt 0.972484 0.442027
vt 0.970480 0.444096
vt 0.966888 0.447564
vt 0.742197 0.328695
vt 0.743625 0.333503
vt 0.740988 0.338072
vt 0.734755 0.339100
vt 0.734469 0.341880
vt 0.729798 0.339201
vt 0.005568 0.644877
vt 0.878909 0.142754
vt 0.894489 0.174043
vt 0.895124 0.187870
vt 0.886402 0.188096
vt 0.592950 0.397569
vt 0.883435 0.588395
vt 0.781694 0.249122
vt 0.781011 0.244802
vt 0.789130 0.246993
vt 0.806404 0.705061
vt 0.833333 0.668605
vt 0.970288 0.416079
vt 0.893528 0.533936
vt 0.115741 0.960360
vt 0.110483 0.944970
vt 0.105351 0.933951
vt 0.114534 0.907217
vt 0.115075 0.856260
vt 0.083727 0.855404
vt 0.084036 0.839358
vt 0.806483 0.129367
vt 0.793996 0.119960
vt 0.798614 0.111601
vt 0.781110 0.335836
vt 0.782849 0.323284
vt 0.787656 0.333134
vt 0.600864 0.788912
vt 0.599342 0.776835
vt 0.605373 0.778545
vt 0.166920 0.906825
vt 0.161018 0.913888
vt 0.158719 0.889949
vt 0.043838 0.939033
vt 0.032994 0.859201
vt 0.016759 0.858923
vt 0.047616 0.807365
vt 0.058427 0.817423
vt 0.047367 0.823453
vt 0.067187 0.812309
vt 0.015789 0.453029
vt 0.008340 0.451733
vt 0.015646 0.442147
vt 0.005522 0.444656
vt 0.002094 0.443710
vt 0.011909 0.431010
vt 0.023183 0.415801
vt 0.025397 0.425714
vt 0.053115 0.438467
vt 0.036431 0.424684
vt 0.028328 0.418271
vt 0.495123 0.666269
vt 0.351094 0.960637
vt 0.333918 0.962467
vt 0.334355 0.930628
vt 0.398298 0.841171
vt 0.432202 0.775511
vt 0.422994 0.758258
vt 0.380287 0.757134
vt 0.353356 0.829965
vt 0.912833 0.364017
vt 0.885750 0.398241
vt 0.885280 0.390566
vt 0.874419 0.390248
vt 0.391298 0.614583
vt 0.782009 0.848937
vt 0.761031 0.873678
vt 0.700883 0.825581
vt 0.732400 0.873476
vt 0.759048 0.873776
vt 0.726623 0.873834
vt 0.735853 0.972623
vt 0.729283 0.971544
vt 0.175651 0.712274
vt 0.179765 0.719880
vt 0.173882 0.715252
vt 0.747779 0.329178
vt 0.752921 0.336062
vt 0.746861 0.336904
vt 0.183650 0.749894
vt 0.179056 0.755785
vt 0.179345 0.751272
vt 0.005270 0.644613
vt 0.002558 0.649452
vt 0.828742 0.040656
vt 0.864610 0.140393
vt 0.859309 0.141911
vt 0.894588 0.163530
vt 0.781242 0.354712
vt 0.779116 0.366402
vt 0.769922 0.354074
vt 0.787843 0.320346
vt 0.780531 0.318267
vt 0.789501 0.291183
vt 0.780416 0.248655
vt 0.788923 0.263793
vt 0.784759 0.250584
vt 0.807222 0.603225
vt 0.832901 0.700359
vt 0.834954 0.704670
vt 0.192930 0.736648
vt 0.198188 0.749262
vt 0.193806 0.753671
vt 0.117239 0.943851
vt 0.114826 0.910749
vt 0.117192 0.888591
vt 0.083024 0.891565
vt 0.083075 0.862076
vt 0.117348 0.867642
vt 0.106791 0.831672
vt 0.092538 0.828940
vt 0.082367 0.830668
vt 0.808970 0.111553
vt 0.786530 0.338401
vt 0.608606 0.880327
vt 0.603515 0.881858
vt 0.608589 0.857226
vt 0.597156 0.872670
vt 0.601814 0.860426
vt 0.611964 0.774564
vt 0.605563 0.766859
vt 0.442403 0.906486
vt 0.447975 0.916931
vt 0.599134 0.756806
vt 0.611102 0.751635
vt 0.078268 0.917093
vt 0.077335 0.895449
vt 0.042260 0.814415
vt 0.060711 0.810416
vt 0.061476 0.818125
vt 0.023644 0.457264
vt 0.366314 0.962200
vt 0.406365 0.844783
vt 0.433887 0.759860
vt 0.852037 0.454372
vt 0.846434 0.444663
vt 0.843884 0.432180
vt 0.835880 0.407550
vt 0.837295 0.412259
vt 0.833139 0.400644
vt 0.345945 0.785675
vt 0.372825 0.754570
vt 0.350830 0.772557
vt 0.348425 0.764909
vt 0.346484 0.763434
vt 0.342804 0.772503
vt 0.335215 0.767238
vt 0.346890 0.780693
vt 0.350828 0.772558
vt 0.378316 0.825731
vt 0.387975 0.825983
vt 0.381911 0.829418
vt 0.369558 0.828367
vt 0.895833 0.359008
vt 0.888910 0.380433
vt 0.726302 0.873885
vt 0.722398 0.973103
vt 0.714603 0.973006
vt 0.440014 0.838187
vt 0.451276 0.823794
vt 0.447194 0.833957
vt 0.442812 0.844188
vt 0.737443 0.325595
vt 0.742901 0.328756
vt 0.728401 0.327063
vt 0.726857 0.329316
vt 0.725564 0.335475
vt 0.179518 0.750531
vt 0.178464 0.757457
vt 0.175926 0.755785
vt 0.813425 0.040977
vt 0.817379 0.038823
vt 0.837523 0.143009
vt 0.837257 0.142878
vt 0.823192 0.167090
vt 0.871507 0.187634
vt 0.772516 0.369534
vt 0.593516 0.401096
vt 0.613525 0.397611
vt 0.612786 0.406736
vt 0.606939 0.408101
vt 0.599334 0.410809
vt 0.248238 0.517748
vt 0.241941 0.519695
vt 0.249928 0.509751
vt 0.832598 0.671652
vt 0.685335 0.568216
vt 0.681463 0.572166
vt 0.665031 0.558426
vt 0.665185 0.550532
vt 0.664978 0.558346
vt 0.659132 0.544631
vt 0.642586 0.543425
vt 0.116941 0.909384
vt 0.117571 0.874907
vt 0.083353 0.867804
vt 0.117282 0.869498
vt 0.115743 0.842572
vt 0.008636 0.619842
vt 0.001218 0.615015
vt 0.006802 0.609677
vt 0.792640 0.107155
vt 0.788025 0.097242
vt 0.788480 0.103305
vt 0.769605 0.068982
vt 0.612242 0.760539
vt 0.033965 0.835672
vt 0.031028 0.466121
vt 0.023545 0.458997
vt 0.036550 0.461664
vt 0.037499 0.464046
vt 0.482867 0.662608
vt 0.473314 0.667559
vt 0.363296 0.963326
vt 0.381900 0.963144
vt 0.821351 0.513857
vt 0.849969 0.471318
vt 0.852694 0.485019
vt 0.860783 0.438963
vt 0.855371 0.419745
vt 0.841163 0.423362
vt 0.360053 0.752201
vt 0.348072 0.752513
vt 0.346212 0.763069
vt 0.347478 0.752802
vt 0.311988 0.757829
vt 0.332716 0.757258
vt 0.332959 0.766732
vt 0.345795 0.793478
vt 0.903658 0.356027
vt 0.888208 0.369730
vt 0.884784 0.383695
vt 0.398275 0.611795
vt 0.396571 0.605326
vt 0.699704 0.873963
vt 0.698140 0.973291
vt 0.703837 0.976101
vt 0.439968 0.838264
vt 0.177009 0.753228
vt 0.173384 0.757028
vt 0.173238 0.753358
vt 0.810766 0.127880
vt 0.827113 0.189449
vt 0.843514 0.189074
vt 0.756973 0.351467
vt 0.747037 0.365940
vt 0.146070 0.955470
vt 0.145890 0.947821
vt 0.153924 0.947625
vt 0.593829 0.415591
vt 0.222079 0.945347
vt 0.193680 0.946649
vt 0.250397 0.946611
vt 0.173932 0.944178
vt 0.174565 0.935166
vt 0.244637 0.482190
vt 0.250820 0.481775
vt 0.846240 0.703540
vt 0.671403 0.554503
vt 0.670189 0.553567
vt 0.640383 0.513957
vt 0.634655 0.524252
vt 0.627475 0.509807
vt 0.622723 0.486679
vt 0.624341 0.503812
vt 0.628280 0.467412
vt 0.618082 0.472590
vt 0.116321 0.831731
vt 0.111558 0.827569
vt 0.029288 0.629609
vt 0.021479 0.628671
vt 0.031377 0.620790
vt 0.027488 0.608993
vt 0.009711 0.599104
vt 0.803377 0.104589
vt 0.783603 0.075075
vt 0.753659 0.044132
vt 0.076638 0.858017
vt 0.001125 0.843328
vt 0.013217 0.843931
vt 0.051077 0.474692
vt 0.491848 0.664058
vt 0.480198 0.653402
vt 0.057046 0.443168
vt 0.055273 0.433815
vt 0.064512 0.441611
vt 0.465392 0.647815
vt 0.463771 0.660661
vt 0.395569 0.954916
vt 0.405552 0.957067
vt 0.850943 0.469716
vt 0.863997 0.457300
vt 0.851333 0.462773
vt 0.334989 0.753144
vt 0.252402 0.751656
vt 0.249507 0.755432
vt 0.245273 0.757722
vt 0.246353 0.763307
vt 0.239710 0.762196
vt 0.239382 0.767435
vt 0.505765 0.909225
vt 0.495419 0.919744
vt 0.496706 0.912675
vt 0.787979 0.918161
vt 0.787255 0.911869
vt 0.789660 0.907850
vt 0.786112 0.906807
vt 0.791941 0.899485
vt 0.786341 0.904784
vt 0.788914 0.897986
vt 0.786133 0.903552
vt 0.786471 0.896363
vt 0.789457 0.897228
vt 0.250578 0.743387
vt 0.243689 0.743128
vt 0.499676 0.920806
vt 0.503556 0.903218
vt 0.507505 0.901664
vt 0.791847 0.900249
vt 0.792034 0.351129
vt 0.796872 0.347249
vt 0.796942 0.353040
vt 0.801879 0.351704
vt 0.802246 0.362062
vt 0.605023 0.886562
vt 0.608509 0.887577
vt 0.603909 0.891130
vt 0.226896 0.749822
vt 0.239918 0.755410
vt 0.232728 0.755630
vt 0.238606 0.762215
vt 0.237618 0.761740
vt 0.238627 0.766201
vt 0.228845 0.756947
vt 0.501790 0.924495
vt 0.512200 0.897967
vt 0.320387 0.752526
vt 0.298963 0.753657
vt 0.330307 0.797091
vt 0.297974 0.818061
vt 0.325814 0.820939
vt 0.332885 0.809640
vt 0.335817 0.799374
vt 0.348869 0.810020
vt 0.362573 0.830935
vt 0.890287 0.366256
vt 0.888917 0.380295
vt 0.879225 0.368832
vt 0.875819 0.382442
vt 0.885779 0.385609
vt 0.782122 0.846187
vt 0.781481 0.836293
vt 0.828294 0.024475
vt 0.811487 0.024884
vt 0.818105 0.007916
vt 0.820665 0.032905
vt 0.815608 0.035547
vt 0.818166 0.139036
vt 0.852840 0.188542
vt 0.756069 0.367898
vt 0.593512 0.456084
vt 0.605679 0.436892
vt 0.593519 0.456606
vt 0.606008 0.439712
vt 0.602731 0.449243
vt 0.251147 0.915378
vt 0.247760 0.900557
vt 0.171036 0.931024
vt 0.244638 0.482189
vt 0.252412 0.468592
vt 0.879860 0.706420
vt 0.884279 0.702862
vt 0.883848 0.715664
vt 0.649588 0.537145
vt 0.643109 0.524030
vt 0.643088 0.523980
vt 0.643633 0.512116
vt 0.640546 0.496826
vt 0.792797 0.081687
vt 0.006550 0.853952
vt 0.026860 0.840442
vt 0.060703 0.461982
vt 0.082347 0.454986
vt 0.448040 0.632870
vt 0.462794 0.641373
vt 0.446212 0.646641
vt 0.464925 0.647442
vt 0.454504 0.645534
vt 0.458384 0.656792
vt 0.443164 0.650588
vt 0.389378 0.965109
vt 0.399116 0.962347
vt 0.406567 0.963353
vt 0.848783 0.402864
vt 0.832480 0.394676
vt 0.837911 0.386959
vt 0.829425 0.383881
vt 0.818793 0.374968
vt 0.833743 0.376049
vt 0.812438 0.360269
vt 0.235302 0.718517
vt 0.233185 0.725432
vt 0.230320 0.721331
vt 0.235059 0.724582
vt 0.241922 0.722772
vt 0.231458 0.725328
vt 0.244626 0.735163
vt 0.243957 0.739490
vt 0.243968 0.742893
vt 0.225963 0.741499
vt 0.216416 0.739741
vt 0.207582 0.746010
vt 0.218759 0.755476
vt 0.214958 0.758767
vt 0.218331 0.761892
vt 0.513301 0.923130
vt 0.276541 0.822571
vt 0.262127 0.823419
vt 0.256524 0.818066
vt 0.256656 0.791465
vt 0.226525 0.352614
vt 0.235742 0.370212
vt 0.229235 0.395191
vt 0.235079 0.390825
vt 0.234577 0.351272
vt 0.611645 0.829189
vt 0.614484 0.825519
vt 0.623778 0.825135
vt 0.607861 0.689043
vt 0.599134 0.687569
vt 0.599436 0.680198
vt 0.291519 0.824188
vt 0.311639 0.823925
vt 0.335189 0.823857
vt 0.411855 0.603353
vt 0.403934 0.606782
vt 0.407564 0.595041
vt 0.399439 0.601343
vt 0.782607 0.827934
vt 0.726491 0.826699
vt 0.590387 0.060167
vt 0.600468 0.052481
vt 0.600756 0.106580
vt 0.810719 0.001000
vt 0.810910 0.035324
vt 0.810932 0.036125
vt 0.811095 0.148008
vt 0.813207 0.151097
vt 0.733207 0.350515
vt 0.733269 0.366847
vt 0.759735 0.367837
vt 0.779391 0.369210
vt 0.757243 0.367823
vt 0.605826 0.495794
vt 0.172526 0.890222
vt 0.254585 0.451362
vt 0.251122 0.447798
vt 0.869971 0.703310
vt 0.877960 0.731044
vt 0.509643 0.869893
vt 0.509323 0.887096
vt 0.501578 0.866931
vt 0.886922 0.718066
vt 0.889780 0.703623
vt 0.898607 0.705562
vt 0.645759 0.519188
vt 0.635434 0.482564
vt 0.634216 0.473679
vt 0.632460 0.463691
vt 0.617957 0.472328
vt 0.629282 0.459959
vt 0.617932 0.457319
vt 0.035675 0.619283
vt 0.035539 0.619111
vt 0.027560 0.609146
vt 0.037805 0.611589
vt 0.010385 0.598226
vt 0.016292 0.589603
vt 0.058854 0.584601
vt 0.026708 0.573849
vt 0.029820 0.570630
vt 0.031194 0.560617
vt 0.036567 0.566212
vt 0.037285 0.556543
vt 0.772534 0.048593
vt 0.783979 0.067734
vt 0.765562 0.044645
vt 0.764172 0.037269
vt 0.734788 0.010518
vt 0.737305 0.012119
vt 0.013197 0.843993
vt 0.027570 0.840546
vt 0.021273 0.848558
vt 0.071598 0.484320
vt 0.090047 0.462708
vt 0.438247 0.642074
vt 0.789440 0.574472
vt 0.786141 0.569119
vt 0.796201 0.551091
vt 0.834514 0.516152
vt 0.853069 0.487451
vt 0.865879 0.462474
vt 0.865976 0.468727
vt 0.177584 0.358676
vt 0.171400 0.354449
vt 0.177402 0.348534
vt 0.252346 0.600642
vt 0.250901 0.620136
vt 0.217885 0.603397
vt 0.249469 0.636813
vt 0.217847 0.620054
vt 0.853281 0.410974
vt 0.832443 0.394612
vt 0.829818 0.385627
vt 0.246119 0.708455
vt 0.235619 0.707449
vt 0.230331 0.721320
vt 0.232837 0.713173
vt 0.236809 0.709193
vt 0.228696 0.711658
vt 0.224271 0.717413
vt 0.229913 0.724898
vt 0.243931 0.737308
vt 0.227817 0.733422
vt 0.600504 0.906033
vt 0.214358 0.752116
vt 0.215894 0.758281
vt 0.414018 0.930460
vt 0.409398 0.923361
vt 0.416108 0.920542
vt 0.429397 0.957373
vt 0.428611 0.949220
vt 0.433730 0.947462
vt 0.785463 0.933695
vt 0.789956 0.922958
vt 0.791813 0.932993
vt 0.509887 0.913461
vt 0.236127 0.408779
vt 0.611341 0.858312
vt 0.630252 0.823630
vt 0.607864 0.689003
vt 0.601679 0.669179
vt 0.297974 0.818061
vt 0.296736 0.824843
vt 0.607247 0.657836
vt 0.601825 0.669122
vt 0.607688 0.637512
vt 0.599847 0.632918
vt 0.331734 0.823701
vt 0.349081 0.811786
vt 0.345803 0.820835
vt 0.349609 0.829746
vt 0.349583 0.829913
vt 0.345449 0.832469
vt 0.891717 0.346946
vt 0.892089 0.355108
vt 0.879384 0.368711
vt 0.414481 0.597929
vt 0.698639 0.873604
vt 0.597759 0.173597
vt 0.583427 0.177790
vt 0.587185 0.128188
vt 0.595527 0.185076
vt 0.593185 0.220520
vt 0.578197 0.248255
vt 0.584337 0.291332
vt 0.812078 0.165236
vt 0.594153 0.488548
vt 0.251182 0.886245
vt 0.253421 0.424104
vt 0.244712 0.417254
vt 0.807255 0.733084
vt 0.808310 0.744939
vt 0.806282 0.754179
vt 0.807740 0.769667
vt 0.813340 0.774469
vt 0.848641 0.703683
vt 0.852267 0.773903
vt 0.499981 0.859407
vt 0.896647 0.719593
vt 0.898229 0.703516
vt 0.914340 0.704217
vt 0.914113 0.706151
vt 0.921850 0.704752
vt 0.926376 0.702383
vt 0.931099 0.705253
vt 0.628661 0.451575
vt 0.616086 0.448907
vt 0.037999 0.613060
vt 0.044812 0.604551
vt 0.071296 0.561293
vt 0.066677 0.571053
vt 0.036567 0.566212
vt 0.038065 0.555299
vt 0.050877 0.536211
vt 0.755682 0.027246
vt 0.074543 0.490483
vt 0.079348 0.492125
vt 0.793574 0.576365
vt 0.796984 0.568139
vt 0.803170 0.561296
vt 0.816557 0.545300
vt 0.156532 0.376002
vt 0.168285 0.356189
vt 0.195734 0.372954
vt 0.178751 0.359741
vt 0.184459 0.364954
vt 0.188599 0.355899
vt 0.243182 0.586056
vt 0.248236 0.595075
vt 0.234956 0.594029
vt 0.223956 0.597370
vt 0.217079 0.611456
vt 0.214896 0.636496
vt 0.214956 0.641078
vt 0.249403 0.645225
vt 0.833729 0.376012
vt 0.247303 0.687669
vt 0.229325 0.720836
vt 0.228082 0.725955
vt 0.222355 0.723830
vt 0.221728 0.723927
vt 0.231545 0.738365
vt 0.227300 0.741707
vt 0.218484 0.738604
vt 0.211594 0.759760
vt 0.211803 0.764940
vt 0.205248 0.759265
vt 0.206219 0.750489
vt 0.425929 0.929899
vt 0.421659 0.918644
vt 0.430458 0.919740
vt 0.281247 0.753514
vt 0.238885 0.420546
vt 0.614500 0.885388
vt 0.604345 0.677215
vt 0.601799 0.668968
vt 0.608327 0.670828
vt 0.606716 0.660172
vt 0.664709 0.823384
vt 0.688501 0.823448
vt 0.661027 0.828271
vt 0.606738 0.631999
vt 0.344909 0.832318
vt 0.335249 0.833055
vt 0.883351 0.344598
vt 0.435622 0.588059
vt 0.416572 0.597843
vt 0.408961 0.593469
vt 0.749191 0.824179
vt 0.580446 0.215054
vt 0.574763 0.282595
vt 0.819971 0.187420
vt 0.727522 0.347856
vt 0.708302 0.346873
vt 0.705506 0.367759
vt 0.734539 0.366088
vt 0.732556 0.369910
vt 0.741881 0.368862
vt 0.780148 0.380846
vt 0.780366 0.453369
vt 0.780529 0.428732
vt 0.251120 0.849740
vt 0.249631 0.833711
vt 0.171545 0.872284
vt 0.171532 0.849374
vt 0.252733 0.410984
vt 0.244558 0.388310
vt 0.249643 0.353377
vt 0.242787 0.369304
vt 0.241990 0.351782
vt 0.182949 0.635190
vt 0.190276 0.632394
vt 0.190544 0.636861
vt 0.839207 0.771694
vt 0.883018 0.744492
vt 0.497417 0.864031
vt 0.504920 0.885126
vt 0.494588 0.874972
vt 0.892576 0.731151
vt 0.898265 0.718078
vt 0.900890 0.717348
vt 0.057206 0.525028
vt 0.065430 0.515335
vt 0.742628 0.001675
vt 0.097538 0.465602
vt 0.801533 0.567357
vt 0.138663 0.402091
vt 0.157674 0.431744
vt 0.122189 0.426524
vt 0.167874 0.417417
vt 0.193696 0.373506
vt 0.198009 0.369062
vt 0.195088 0.365728
vt 0.224159 0.588627
vt 0.217461 0.591496
vt 0.655095 0.114100
vt 0.655116 0.104646
vt 0.659512 0.094408
vt 0.216626 0.647604
vt 0.248157 0.647282
vt 0.248457 0.660356
vt 0.246690 0.686532
vt 0.213757 0.684929
vt 0.246913 0.686896
vt 0.235037 0.707116
vt 0.213641 0.684923
vt 0.228289 0.707996
vt 0.219861 0.718167
vt 0.210976 0.734666
vt 0.227983 0.733441
vt 0.237362 0.737982
vt 0.215913 0.735598
vt 0.800703 0.943031
vt 0.794473 0.930563
vt 0.797606 0.927432
vt 0.204839 0.739062
vt 0.603307 0.910646
vt 0.603876 0.915808
vt 0.600180 0.912809
vt 0.206621 0.743828
vt 0.201376 0.747793
vt 0.419071 0.934968
vt 0.255273 0.743659
vt 0.255714 0.751433
vt 0.231176 0.428381
vt 0.235037 0.439401
vt 0.636866 0.826937
vt 0.691157 0.843189
vt 0.652402 0.824969
vt 0.426987 0.577855
vt 0.436279 0.578997
vt 0.415077 0.589110
vt 0.591835 0.034524
vt 0.586458 0.037871
vt 0.589074 0.051781
vt 0.588476 0.104383
vt 0.568889 0.303371
vt 0.569542 0.313815
vt 0.640882 0.334131
vt 0.632529 0.341555
vt 0.632463 0.330218
vt 0.812599 0.174699
vt 0.813611 0.186074
vt 0.703627 0.349504
vt 0.699903 0.364528
vt 0.711484 0.365145
vt 0.703832 0.368490
vt 0.699266 0.403705
vt 0.779910 0.498528
vt 0.836323 0.774586
vt 0.887162 0.738653
vt 0.895178 0.734000
vt 0.900736 0.732582
vt 0.941651 0.707966
vt 0.960428 0.710048
vt 0.948951 0.776470
vt 0.969238 0.710011
vt 0.623961 0.436339
vt 0.636427 0.418601
vt 0.645843 0.403257
vt 0.651165 0.400264
vt 0.681392 0.370135
vt 0.659879 0.384341
vt 0.079164 0.550169
vt 0.089522 0.530031
vt 0.115576 0.439743
vt 0.144893 0.451716
vt 0.174837 0.401148
vt 0.181192 0.397908
vt 0.653740 0.123829
vt 0.666692 0.116217
vt 0.217489 0.654982
vt 0.213887 0.666318
vt 0.223318 0.709929
vt 0.219013 0.718439
vt 0.599230 0.912404
vt 0.602121 0.913671
vt 0.601887 0.920121
vt 0.238092 0.448042
vt 0.611696 0.906986
vt 0.615103 0.928803
vt 0.421803 0.584786
vt 0.802588 0.807816
vt 0.800323 0.811509
vt 0.769594 0.814443
vt 0.802555 0.813090
vt 0.753167 0.818784
vt 0.722597 0.821476
vt 0.722261 0.813337
vt 0.579059 0.008872
vt 0.582116 0.022212
vt 0.587227 0.032754
vt 0.650115 0.214842
vt 0.650073 0.229334
vt 0.628519 0.217565
vt 0.648312 0.275311
vt 0.649351 0.288015
vt 0.628925 0.290036
vt 0.565095 0.313336
vt 0.561853 0.324645
vt 0.559672 0.328925
vt 0.558367 0.326770
vt 0.701150 0.357896
vt 0.699358 0.364484
vt 0.548253 0.333260
vt 0.551161 0.335314
vt 0.542991 0.338136
vt 0.544320 0.342357
vt 0.604852 0.503249
vt 0.203484 0.773764
vt 0.174225 0.833662
vt 0.172868 0.775984
vt 0.181636 0.642636
vt 0.190541 0.637227
vt 0.185470 0.651804
vt 0.190722 0.659054
vt 0.183794 0.665416
vt 0.884978 0.775292
vt 0.966646 0.768620
vt 0.985001 0.739420
vt 0.982650 0.715199
vt 0.636803 0.437703
vt 0.652067 0.416869
vt 0.677556 0.382191
vt 0.670743 0.372535
vt 0.686716 0.345110
vt 0.125581 0.482201
vt 0.660898 0.125342
vt 0.670212 0.105929
vt 0.660764 0.083176
vt 0.664815 0.069335
vt 0.669213 0.060521
vt 0.689022 0.050227
vt 0.685906 0.059700
vt 0.683307 0.068632
vt 0.430659 0.942278
vt 0.425085 0.942531
vt 0.426694 0.939177
vt 0.420203 0.937179
vt 0.426647 0.935467
vt 0.279530 0.721364
vt 0.238417 0.464221
vt 0.226237 0.515805
vt 0.229529 0.497415
vt 0.234990 0.515370
vt 0.236708 0.488578
vt 0.691734 0.895954
vt 0.690741 0.835886
vt 0.688619 0.823528
vt 0.691827 0.824290
vt 0.415823 0.579924
vt 0.802030 0.804321
vt 0.800727 0.800099
vt 0.787645 0.798054
vt 0.767104 0.799664
vt 0.574899 0.008570
vt 0.650715 0.202237
vt 0.648970 0.311049
vt 0.561570 0.317729
vt 0.699566 0.350984
vt 0.543929 0.342705
vt 0.514187 0.339448
vt 0.542229 0.338355
vt 0.698476 0.364900
vt 0.699378 0.472710
vt 0.593469 0.527076
vt 0.601917 0.533957
vt 0.251609 0.804958
vt 0.245866 0.800643
vt 0.190610 0.659776
vt 0.191952 0.672781
vt 0.183780 0.665526
vt 0.885581 0.744217
vt 0.897876 0.757415
vt 0.923906 0.778962
vt 0.546579 0.977008
vt 0.533699 0.976706
vt 0.546612 0.972376
vt 0.521130 0.956466
vt 0.518945 0.948554
vt 0.521484 0.937073
vt 0.695110 0.356205
vt 0.692163 0.361578
vt 0.684722 0.373259
vt 0.106528 0.510937
vt 0.722550 0.236047
vt 0.703106 0.204480
vt 0.726580 0.227998
vt 0.678909 0.166680
vt 0.710179 0.192095
vt 0.690419 0.184539
vt 0.677697 0.164432
vt 0.675106 0.135393
vt 0.668321 0.129506
vt 0.667143 0.120665
vt 0.676710 0.086755
vt 0.681832 0.073208
vt 0.676784 0.085837
vt 0.680369 0.067497
vt 0.687434 0.045267
vt 0.685542 0.032248
vt 0.691036 0.040768
vt 0.700394 0.031307
vt 0.724991 0.001000
vt 0.256692 0.653681
vt 0.225936 0.520102
vt 0.235244 0.517727
vt 0.233859 0.522538
vt 0.616861 0.997871
vt 0.612660 0.992517
vt 0.617602 0.983023
vt 0.611721 0.985122
vt 0.612590 0.976277
vt 0.633807 0.998967
vt 0.612714 0.962568
vt 0.612314 0.940746
vt 0.691327 0.865496
vt 0.428103 0.563472
vt 0.742739 0.800670
vt 0.729311 0.804104
vt 0.726168 0.806839
vt 0.573364 0.002884
vt 0.573824 0.006367
vt 0.567518 0.001000
vt 0.628266 0.074887
vt 0.628921 0.040240
vt 0.649427 0.044402
vt 0.650607 0.133239
vt 0.651062 0.159279
vt 0.629420 0.141456
vt 0.650055 0.164145
vt 0.630003 0.180687
vt 0.627452 0.326284
vt 0.648958 0.316640
vt 0.645213 0.325632
vt 0.221146 0.351499
vt 0.223826 0.354096
vt 0.222904 0.359522
vt 0.212072 0.368477
vt 0.222476 0.363251
vt 0.222114 0.367802
vt 0.508514 0.342765
vt 0.698913 0.515311
vt 0.591424 0.586898
vt 0.605106 0.543668
vt 0.183776 0.665609
vt 0.190845 0.676948
vt 0.188331 0.708070
vt 0.983907 0.769343
vt 0.984814 0.758529
vt 0.520101 0.975071
vt 0.546440 0.972404
vt 0.518996 0.931834
vt 0.518717 0.894853
vt 0.518527 0.888085
vt 0.550580 0.858475
vt 0.690901 0.347761
vt 0.708648 0.190137
vt 0.698117 0.173387
vt 0.690007 0.159110
vt 0.423359 0.709300
vt 0.418516 0.713441
vt 0.398814 0.715102
vt 0.353226 0.712268
vt 0.369523 0.717456
vt 0.355689 0.718868
vt 0.604181 0.739285
vt 0.605185 0.746472
vt 0.599134 0.745178
vt 0.332778 0.715895
vt 0.319893 0.719631
vt 0.327445 0.712811
vt 0.301088 0.718784
vt 0.730497 0.006936
vt 0.286232 0.718439
vt 0.657482 0.998455
vt 0.689417 0.907425
vt 0.428199 0.537047
vt 0.416322 0.551806
vt 0.743067 0.800672
vt 0.729486 0.803690
vt 0.734804 0.797469
vt 0.420283 0.887368
vt 0.428170 0.887701
vt 0.427274 0.893350
vt 0.434578 0.889989
vt 0.427264 0.893362
vt 0.434239 0.890411
vt 0.418307 0.904392
vt 0.420801 0.907700
vt 0.429069 0.897044
vt 0.434569 0.907241
vt 0.718744 0.801959
vt 0.727133 0.800242
vt 0.728221 0.809147
vt 0.730467 0.816941
vt 0.717235 0.820756
vt 0.649808 0.002332
vt 0.649312 0.009556
vt 0.639424 0.003474
vt 0.649285 0.015156
vt 0.627832 0.003557
vt 0.648919 0.029110
vt 0.222963 0.370671
vt 0.223191 0.384601
vt 0.212009 0.368492
vt 0.700145 0.439771
vt 0.779940 0.541623
vt 0.604418 0.564058
vt 0.251954 0.801706
vt 0.245866 0.800643
vt 0.252326 0.791364
vt 0.251978 0.779889
vt 0.241458 0.787925
vt 0.250298 0.770271
vt 0.194160 0.770590
vt 0.897392 0.781042
vt 0.896998 0.773601
vt 0.906506 0.781834
vt 0.552870 0.974519
vt 0.575587 0.973272
vt 0.590816 0.925333
vt 0.518729 0.870417
vt 0.520501 0.859656
vt 0.536937 0.861484
vt 0.574796 0.841495
vt 0.586167 0.834654
vt 0.589343 0.846683
vt 0.595253 0.846588
vt 0.593548 0.855139
vt 0.726447 0.221377
vt 0.731263 0.227099
vt 0.702226 0.177415
vt 0.435307 0.710644
vt 0.432153 0.683687
vt 0.344291 0.717288
vt 0.346717 0.704225
vt 0.353226 0.712268
vt 0.341063 0.708198
vt 0.346268 0.718523
vt 0.338397 0.718978
vt 0.611148 0.744552
vt 0.606342 0.750039
vt 0.604810 0.730488
vt 0.333265 0.708334
vt 0.332490 0.685862
vt 0.428018 0.505953
vt 0.802663 0.763335
vt 0.800878 0.795553
vt 0.725680 0.782245
vt 0.790361 0.798352
vt 0.765307 0.799726
vt 0.416738 0.888161
vt 0.427274 0.893350
vt 0.412553 0.894993
vt 0.419123 0.902382
vt 0.726022 0.781911
vt 0.717443 0.798416
vt 0.706969 0.802165
vt 0.713099 0.802707
vt 0.706967 0.802138
vt 0.217656 0.348524
vt 0.204500 0.350300
vt 0.201551 0.368538
vt 0.201304 0.368585
vt 0.491945 0.338687
vt 0.181494 0.707972
vt 0.891794 0.779800
vt 0.897703 0.784190
vt 0.897069 0.773995
vt 0.901810 0.776825
vt 0.581166 0.969400
vt 0.564671 0.819105
vt 0.554645 0.826950
vt 0.574381 0.841463
vt 0.588815 0.845773
vt 0.578953 0.846681
vt 0.117552 0.515917
vt 0.140260 0.490994
vt 0.687405 0.591548
vt 0.689665 0.598078
vt 0.686983 0.603351
vt 0.691944 0.603844
vt 0.271155 0.962995
vt 0.260470 0.966097
vt 0.260563 0.957081
vt 0.259133 0.963436
vt 0.256191 0.953643
vt 0.270311 0.962524
vt 0.256324 0.953365
vt 0.256230 0.938032
vt 0.256173 0.929376
vt 0.256177 0.919334
vt 0.258662 0.921436
vt 0.256130 0.861414
vt 0.257412 0.840796
vt 0.291406 0.843158
vt 0.276780 0.841526
vt 0.286345 0.838213
vt 0.289043 0.843963
vt 0.434345 0.654998
vt 0.435417 0.670457
vt 0.426431 0.655149
vt 0.374569 0.715516
vt 0.350019 0.698061
vt 0.341056 0.696888
vt 0.262616 0.648850
vt 0.691670 0.939377
vt 0.426456 0.494981
vt 0.730696 0.791425
vt 0.721144 0.790543
vt 0.419121 0.902384
vt 0.409410 0.914983
vt 0.410274 0.906308
vt 0.196650 0.702342
vt 0.195695 0.681589
vt 0.198456 0.686512
vt 0.702297 0.738647
vt 0.709385 0.822324
vt 0.201659 0.409679
vt 0.221935 0.492853
vt 0.223110 0.402511
vt 0.487498 0.338764
vt 0.478209 0.341758
vt 0.440924 0.338766
vt 0.428252 0.339397
vt 0.605409 0.580349
vt 0.602435 0.583810
vt 0.612466 0.581930
vt 0.611174 0.591161
vt 0.890229 0.785588
vt 0.971261 0.167349
vt 0.980010 0.183070
vt 0.968673 0.180234
vt 0.898251 0.784229
vt 0.956051 0.776349
vt 0.966500 0.768536
vt 0.968186 0.774633
vt 0.970670 0.770662
vt 0.591241 0.952411
vt 0.537775 0.799130
vt 0.150880 0.502010
vt 0.665328 0.609531
vt 0.283531 0.960360
vt 0.256103 0.932715
vt 0.327815 0.939675
vt 0.256796 0.905124
vt 0.400276 0.650380
vt 0.347383 0.702868
vt 0.346862 0.673906
vt 0.338793 0.683828
vt 0.608194 0.714853
vt 0.601211 0.710404
vt 0.330523 0.669945
vt 0.170311 0.707118
vt 0.170345 0.631958
vt 0.178284 0.687421
vt 0.178300 0.633332
vt 0.692013 0.960020
vt 0.691624 0.922578
vt 0.415880 0.466369
vt 0.802664 0.675105
vt 0.721036 0.774917
vt 0.726339 0.758814
vt 0.789399 0.858501
vt 0.794817 0.826534
vt 0.796540 0.843603
vt 0.718595 0.724026
vt 0.725381 0.749030
vt 0.722584 0.747041
vt 0.260258 0.224533
vt 0.260221 0.298897
vt 0.261000 0.178219
vt 0.246309 0.333047
vt 0.231127 0.345952
vt 0.222868 0.423553
vt 0.222883 0.466999
vt 0.422542 0.338259
vt 0.423168 0.341419
vt 0.392086 0.337888
vt 0.698572 0.484904
vt 0.921806 0.781972
vt 0.917622 0.112861
vt 0.923839 0.145153
vt 0.906057 0.131620
vt 0.898882 0.126791
vt 0.902663 0.105429
vt 0.560514 0.857487
vt 0.581724 0.864370
vt 0.572116 0.858056
vt 0.968467 0.479572
vt 0.967145 0.462629
vt 0.973971 0.469550
vt 0.153776 0.537545
vt 0.126064 0.523591
vt 0.665128 0.617879
vt 0.675134 0.620546
vt 0.673845 0.621819
vt 0.666389 0.625680
vt 0.666384 0.625684
vt 0.636567 0.643899
vt 0.292671 0.963833
vt 0.327452 0.888537
vt 0.315417 0.842822
vt 0.412630 0.648397
vt 0.392475 0.652552
vt 0.345787 0.639526
vt 0.333692 0.648017
vt 0.682987 0.996262
vt 0.190062 0.001299
vt 0.231142 0.002214
vt 0.246704 0.015515
vt 0.260520 0.048226
vt 0.260301 0.079966
vt 0.201915 0.485300
vt 0.374957 0.338678
vt 0.383707 0.340842
vt 0.342153 0.342634
vt 0.758505 0.558879
vt 0.780063 0.559453
vt 0.588446 0.592772
vt 0.969252 0.166278
vt 0.968057 0.179782
vt 0.948396 0.164202
vt 0.941483 0.155920
vt 0.941939 0.160996
vt 0.935905 0.108236
vt 0.589321 0.858660
vt 0.536528 0.798137
vt 0.553843 0.826695
vt 0.524181 0.794993
vt 0.536848 0.815867
vt 0.154133 0.543408
vt 0.139768 0.531483
vt 0.161364 0.543920
vt 0.328980 0.860111
vt 0.903762 0.844986
vt 0.914037 0.837240
vt 0.927894 0.827571
vt 0.477846 0.948307
vt 0.483598 0.956752
vt 0.476498 0.956752
vt 0.383438 0.645825
vt 0.389032 0.646436
vt 0.377736 0.649462
vt 0.354624 0.643789
vt 0.346592 0.671446
vt 0.176424 0.708779
vt 0.174769 0.700253
vt 0.691271 0.979700
vt 0.691848 0.998523
vt 0.427838 0.475021
vt 0.194292 0.646089
vt 0.196881 0.632529
vt 0.196991 0.651633
vt 0.702283 0.738463
vt 0.703157 0.720980
vt 0.718614 0.724050
vt 0.719774 0.693260
vt 0.260270 0.151770
vt 0.196090 0.346524
vt 0.343455 0.338284
vt 0.741569 0.561113
vt 0.758721 0.560067
vt 0.761395 0.560893
vt 0.584615 0.602789
vt 0.983808 0.157437
vt 0.976660 0.154955
vt 0.969785 0.151595
vt 0.975244 0.162416
vt 0.974821 0.150604
vt 0.977196 0.140636
vt 0.941603 0.107561
vt 0.917348 0.106400
vt 0.916620 0.106493
vt 0.902711 0.105288
vt 0.923637 0.100343
vt 0.903015 0.084272
vt 0.900712 0.073288
vt 0.898522 0.009016
vt 0.903724 0.012266
vt 0.905407 0.007378
vt 0.912061 0.008602
vt 0.538498 0.792564
vt 0.527467 0.805166
vt 0.531302 0.813916
vt 0.528502 0.805403
vt 0.524611 0.811682
vt 0.167815 0.550425
vt 0.155764 0.500767
vt 0.181903 0.517820
vt 0.634873 0.630043
vt 0.640927 0.645756
vt 0.328416 0.963297
vt 0.909902 0.862865
vt 0.921422 0.865101
vt 0.932075 0.862970
vt 0.940265 0.819036
vt 0.935322 0.823462
vt 0.366664 0.644311
vt 0.346410 0.640164
vt 0.349048 0.650359
vt 0.334082 0.638559
vt 0.434049 0.393094
vt 0.434630 0.399565
vt 0.427813 0.402754
vt 0.426306 0.424411
vt 0.419233 0.419893
vt 0.427314 0.458286
vt 0.720472 0.713545
vt 0.723846 0.689607
vt 0.722191 0.717271
vt 0.720586 0.680362
vt 0.719951 0.648338
vt 0.702404 0.703040
vt 0.145417 0.002627
vt 0.171171 0.346149
vt 0.201539 0.520138
vt 0.222342 0.525778
vt 0.222448 0.541760
vt 0.223873 0.560993
vt 0.211580 0.563529
vt 0.223873 0.560994
vt 0.222125 0.564727
vt 0.698618 0.563629
vt 0.722796 0.563005
vt 0.741626 0.561051
vt 0.759448 0.560346
vt 0.715368 0.578534
vt 0.772633 0.561571
vt 0.780162 0.568246
vt 0.779526 0.573875
vt 0.581609 0.596972
vt 0.582002 0.607057
vt 0.986499 0.150105
vt 0.976688 0.141854
vt 0.984938 0.142659
vt 0.917622 0.112861
vt 0.538315 0.783931
vt 0.518491 0.804476
vt 0.180170 0.558705
vt 0.174894 0.550814
vt 0.186987 0.544830
vt 0.925721 0.968031
vt 0.905754 0.936672
vt 0.905884 0.884694
vt 0.909925 0.863243
vt 0.921554 0.865108
vt 0.379604 0.641595
vt 0.416092 0.395016
vt 0.414376 0.405467
vt 0.735670 0.624990
vt 0.721742 0.672769
vt 0.704512 0.684531
vt 0.164147 0.001644
vt 0.115788 0.002713
vt 0.127306 0.346260
vt 0.202236 0.563046
vt 0.568136 0.604753
vt 0.981457 0.136461
vt 0.971914 0.135197
vt 0.536129 0.772698
vt 0.524055 0.778248
vt 0.185489 0.557498
vt 0.184337 0.546804
vt 0.192592 0.540654
vt 0.197205 0.531185
vt 0.621139 0.637595
vt 0.634857 0.630055
vt 0.631637 0.640918
vt 0.931736 0.862861
vt 0.944755 0.859157
vt 0.946046 0.865188
vt 0.944756 0.859156
vt 0.946797 0.812482
vt 0.362272 0.639712
vt 0.178411 0.956908
vt 0.170696 0.956908
vt 0.174848 0.948527
vt 0.970970 0.800208
vt 0.973169 0.791207
vt 0.978936 0.803504
vt 0.975041 0.790051
vt 0.987301 0.787301
vt 0.412289 0.393813
vt 0.798910 0.631860
vt 0.800760 0.609715
vt 0.803178 0.629838
vt 0.726175 0.643034
vt 0.698117 0.624037
vt 0.699794 0.684817
vt 0.016283 0.015263
vt 0.002979 0.138910
vt 0.002749 0.217898
vt 0.085731 0.346376
vt 0.201604 0.564803
vt 0.217850 0.565056
vt 0.218432 0.573624
vt 0.223409 0.565382
vt 0.336305 0.333731
vt 0.341534 0.342641
vt 0.329584 0.333010
vt 0.698595 0.563695
vt 0.721215 0.563343
vt 0.706355 0.575076
vt 0.762166 0.576196
vt 0.901294 0.336081
vt 0.902421 0.321826
vt 0.919759 0.335171
vt 0.570976 0.611359
vt 0.991442 0.115319
vt 0.978592 0.131058
vt 0.937407 0.107810
vt 0.944277 0.103094
vt 0.517857 0.798869
vt 0.519999 0.784811
vt 0.871298 0.197745
vt 0.882742 0.193190
vt 0.894829 0.202197
vt 0.893771 0.193353
vt 0.192178 0.529747
vt 0.190849 0.518866
vt 0.197895 0.530228
vt 0.617167 0.641763
vt 0.629726 0.666027
vt 0.982462 0.826622
vt 0.977749 0.813314
vt 0.959954 0.807006
vt 0.965544 0.796841
vt 0.977724 0.813203
vt 0.981523 0.821061
vt 0.721058 0.647031
vt 0.606738 0.950058
vt 0.601903 0.954460
vt 0.602852 0.940562
vt 0.257869 0.360841
vt 0.259911 0.376161
vt 0.257156 0.374890
vt 0.719343 0.617747
vt 0.719772 0.628340
vt 0.710387 0.620116
vt 0.702076 0.625488
vt 0.007919 0.312954
vt 0.202899 0.581125
vt 0.217486 0.583946
vt 0.698875 0.569859
vt 0.728276 0.580152
vt 0.562167 0.606709
vt 0.558423 0.611712
vt 0.555034 0.621170
vt 0.981525 0.119226
vt 0.978531 0.132046
vt 0.965825 0.112575
vt 0.959537 0.106456
vt 0.943987 0.103034
vt 0.929953 0.008333
vt 0.536628 0.765935
vt 0.891198 0.206572
vt 0.619261 0.652999
vt 0.635632 0.663679
vt 0.902993 0.967674
vt 0.952561 0.866446
vt 0.401344 0.373946
vt 0.403857 0.385104
vt 0.787515 0.609806
vt 0.761177 0.606396
vt 0.789024 0.873227
vt 0.796185 0.873920
vt 0.797449 0.884289
vt 0.049849 0.001343
vt 0.031904 0.345905
vt 0.016690 0.332933
vt 0.624902 0.325403
vt 0.610197 0.324220
vt 0.604957 0.321733
vt 0.223383 0.578162
vt 0.699301 0.584172
vt 0.699286 0.579053
vt 0.553174 0.611921
vt 0.986160 0.107609
vt 0.979524 0.109074
vt 0.975670 0.111929
vt 0.964328 0.103365
vt 0.964277 0.103336
vt 0.964981 0.112047
vt 0.959715 0.105815
vt 0.936082 0.004760
vt 0.531102 0.764614
vt 0.522984 0.767517
vt 0.520937 0.772874
vt 0.891929 0.224461
vt 0.949684 0.865343
vt 0.971263 0.862861
vt 0.398606 0.380561
vt 0.803713 0.596661
vt 0.802394 0.605984
vt 0.786253 0.610985
vt 0.720785 0.622940
vt 0.785463 0.893884
vt 0.698045 0.613142
vt 0.953682 0.334714
vt 0.900528 0.308277
vt 0.907993 0.309212
vt 0.548098 0.613266
vt 0.553258 0.621615
vt 0.543631 0.618568
vt 0.547128 0.613830
vt 0.543647 0.627230
vt 0.983191 0.104990
vt 0.974820 0.103162
vt 0.978807 0.108173
vt 0.984131 0.086553
vt 0.944082 0.005116
vt 0.532550 0.753274
vt 0.860198 0.214157
vt 0.861002 0.197090
vt 0.861463 0.223905
vt 0.615972 0.667123
vt 0.620708 0.669026
vt 0.635792 0.664813
vt 0.635564 0.673194
vt 0.629148 0.669178
vt 0.628874 0.672885
vt 0.635420 0.675153
vt 0.628581 0.697250
vt 0.954888 0.968877
vt 0.977137 0.967324
vt 0.971242 0.862861
vt 0.987425 0.860591
vt 0.988017 0.877206
vt 0.987319 0.860678
vt 0.983428 0.853910
vt 0.998525 0.862398
vt 0.802679 0.594104
vt 0.792420 0.593511
vt 0.752862 0.590143
vt 0.768903 0.595118
vt 0.757929 0.606323
vt 0.737800 0.601172
vt 0.748608 0.609414
vt 0.739603 0.612471
vt 0.724155 0.618629
vt 0.728409 0.608420
vt 0.800666 0.869439
vt 0.786362 0.866976
vt 0.792325 0.862521
vt 0.966359 0.364724
vt 0.987988 0.362380
vt 0.966735 0.372256
vt 0.987039 0.366706
vt 0.624730 0.304762
vt 0.984552 0.288187
vt 0.538525 0.618249
vt 0.518591 0.619365
vt 0.983359 0.105730
vt 0.540026 0.761553
vt 0.533774 0.765695
vt 0.532366 0.747323
vt 0.522603 0.755792
vt 0.528591 0.757257
vt 0.520863 0.761927
vt 0.859427 0.229475
vt 0.892374 0.234845
vt 0.617990 0.681739
vt 0.616347 0.674918
vt 0.623725 0.674445
vt 0.629205 0.678827
vt 0.627551 0.690812
vt 0.985603 0.890327
vt 0.991579 0.866956
vt 0.996330 0.862485
vt 0.990550 0.858141
vt 0.369498 0.365061
vt 0.368882 0.353085
vt 0.989479 0.859091
vt 0.983396 0.854348
vt 0.384204 0.374965
vt 0.083905 0.652989
vt 0.084312 0.640352
vt 0.095736 0.639677
vt 0.779353 0.595701
vt 0.772919 0.589613
vt 0.749133 0.597701
vt 0.757720 0.606321
vt 0.743267 0.603494
vt 0.736825 0.600758
vt 0.727059 0.598624
vt 0.721919 0.603489
vt 0.761161 0.339205
vt 0.756989 0.338162
vt 0.758075 0.327146
vt 0.986525 0.360897
vt 0.966348 0.364724
vt 0.987770 0.352846
vt 0.986978 0.345731
vt 0.967653 0.345486
vt 0.624963 0.002186
vt 0.604719 0.014707
vt 0.604570 0.002790
vt 0.032395 0.002027
vt 0.625029 0.287250
vt 0.603667 0.295227
vt 0.602814 0.308170
vt 0.324085 0.323384
vt 0.326389 0.330968
vt 0.313991 0.305412
vt 0.982558 0.333694
vt 0.966148 0.337588
vt 0.899950 0.298799
vt 0.926354 0.291277
vt 0.916152 0.286803
vt 0.901004 0.283392
vt 0.991292 0.001510
vt 0.980203 0.018505
vt 0.859271 0.245569
vt 0.861690 0.240097
vt 0.619403 0.689635
vt 0.976829 0.953285
vt 0.983669 0.944515
vt 0.998516 0.901751
vt 0.985437 0.889757
vt 0.991477 0.894116
vt 0.360131 0.360941
vt 0.381303 0.370469
vt 0.084022 0.666185
vt 0.115161 0.640956
vt 0.107946 0.635819
vt 0.118633 0.635082
vt 0.134667 0.637921
vt 0.120099 0.646008
vt 0.743194 0.603463
vt 0.740338 0.585820
vt 0.733215 0.591936
vt 0.724928 0.600641
vt 0.722918 0.592875
vt 0.281614 0.010013
vt 0.277850 0.023192
vt 0.282117 0.012889
vt 0.603740 0.028173
vt 0.625560 0.040330
vt 0.003516 0.248416
vt 0.002233 0.297171
vt 0.606413 0.240315
vt 0.625144 0.287094
vt 0.606760 0.271444
vt 0.604563 0.289217
vt 0.603436 0.273056
vt 0.604061 0.289722
vt 0.307763 0.294766
vt 0.295801 0.292398
vt 0.937692 0.289377
vt 0.899535 0.268896
vt 0.477459 0.620445
vt 0.531667 0.744115
vt 0.527394 0.748432
vt 0.857319 0.252655
vt 0.892288 0.254938
vt 0.890383 0.249566
vt 0.894038 0.243299
vt 0.626539 0.696021
vt 0.627002 0.693015
vt 0.629054 0.697917
vt 0.630664 0.710541
vt 0.988274 0.945367
vt 0.989658 0.872439
vt 0.998465 0.862423
vt 0.335917 0.357594
vt 0.147994 0.640783
vt 0.154332 0.633935
vt 0.166027 0.638992
vt 0.164964 0.632545
vt 0.276754 0.031875
vt 0.605771 0.031412
vt 0.944646 0.283623
vt 0.937734 0.289366
vt 0.926419 0.291262
vt 0.438321 0.626306
vt 0.460993 0.620510
vt 0.968121 0.003501
vt 0.529308 0.737502
vt 0.524782 0.740764
vt 0.857320 0.253341
vt 0.861821 0.262993
vt 0.896676 0.254255
vt 0.622923 0.702881
vt 0.630574 0.710541
vt 0.632359 0.725249
vt 0.995677 0.969081
vt 0.321059 0.357116
vt 0.262810 0.344607
vt 0.084054 0.708288
vt 0.083305 0.688890
vt 0.095958 0.690984
vt 0.093294 0.691818
vt 0.083304 0.688926
vt 0.101737 0.689161
vt 0.120309 0.682764
vt 0.168444 0.687252
vt 0.262811 0.051453
vt 0.273318 0.050743
vt 0.603461 0.038738
vt 0.003439 0.065695
vt 0.625081 0.220126
vt 0.304405 0.279353
vt 0.301255 0.268906
vt 0.899272 0.245548
vt 0.542809 0.729842
vt 0.533432 0.722180
vt 0.534247 0.725481
vt 0.893826 0.268196
vt 0.892107 0.255048
vt 0.893740 0.265219
vt 0.623324 0.719082
vt 0.631250 0.715912
vt 0.628144 0.724210
vt 0.628161 0.725038
vt 0.632967 0.725688
vt 0.599134 0.800546
vt 0.608739 0.791874
vt 0.601452 0.814431
vt 0.991554 0.964828
vt 0.985291 0.966958
vt 0.303133 0.353946
vt 0.109912 0.686245
vt 0.603105 0.068413
vt 0.002582 0.048735
vt 0.002546 0.167209
vt 0.620895 0.214961
vt 0.604024 0.210897
vt 0.603901 0.246751
vt 0.439745 0.620123
vt 0.981203 0.004545
vt 0.977776 0.002268
vt 0.857197 0.275800
vt 0.280069 0.350255
vt 0.081903 0.739950
vt 0.083052 0.736158
vt 0.603088 0.088748
vt 0.624939 0.055487
vt 0.624692 0.201394
vt 0.898586 0.214750
vt 0.899239 0.199922
vt 0.900431 0.190544
vt 0.906404 0.193940
vt 0.541962 0.723775
vt 0.859700 0.279388
vt 0.887983 0.275604
vt 0.264028 0.351776
vt 0.109690 0.686106
vt 0.119180 0.692247
vt 0.119180 0.692239
vt 0.117992 0.680863
vt 0.124066 0.685846
vt 0.124997 0.686013
vt 0.267812 0.106186
vt 0.280386 0.096251
vt 0.605123 0.106117
vt 0.624812 0.129232
vt 0.624703 0.065865
vt 0.603364 0.117106
vt 0.603527 0.171500
vt 0.298275 0.239165
vt 0.284828 0.234055
vt 0.984331 0.186820
vt 0.914480 0.190149
vt 0.546638 0.712298
vt 0.542259 0.717382
vt 0.537925 0.716099
vt 0.894932 0.281251
vt 0.638768 0.742928
vt 0.641752 0.738040
vt 0.082147 0.784063
vt 0.082588 0.757795
vt 0.088042 0.781475
vt 0.096823 0.784516
vt 0.282562 0.117358
vt 0.296941 0.224159
vt 0.294923 0.229342
vt 0.277721 0.179796
vt 0.950929 0.189270
vt 0.977142 0.185357
vt 0.949813 0.197070
vt 0.934699 0.190167
vt 0.926380 0.190495
vt 0.549871 0.697225
vt 0.648635 0.734924
vt 0.650776 0.744620
vt 0.120482 0.785973
vt 0.289617 0.169061
vt 0.161391 0.794916
vt 0.168027 0.825089
vt 0.148926 0.807055
vt 0.156383 0.817073
vt 0.957409 0.187623
vt 0.947529 0.190001
vt 0.941915 0.203217
vt 0.564307 0.700136
vt 0.558284 0.704788
vt 0.564886 0.693771
vt 0.565161 0.696079
vt 0.555443 0.706638
vt 0.554953 0.688403
vt 0.856208 0.305450
vt 0.857206 0.317290
vt 0.889549 0.302901
vt 0.894030 0.292546
vt 0.896353 0.301033
vt 0.892839 0.312702
vt 0.643593 0.756371
vt 0.659898 0.757124
vt 0.946693 0.190714
vt 0.940534 0.188122
vt 0.577553 0.673309
vt 0.570105 0.688842
vt 0.566061 0.682890
vt 0.888365 0.335274
vt 0.858583 0.327734
vt 0.893526 0.320708
vt 0.643585 0.756360
vt 0.650039 0.764889
vt 0.663736 0.766305
vt 0.285780 0.144097
vt 0.983837 0.386428
vt 0.982751 0.390774
vt 0.979752 0.375441
vt 0.980525 0.393162
vt 0.587840 0.647092
vt 0.595608 0.646446
vt 0.583319 0.657072
vt 0.584950 0.656695
vt 0.584264 0.662461
vt 0.577201 0.668312
vt 0.573776 0.664206
vt 0.575710 0.671764
vt 0.569359 0.669300
vt 0.567462 0.672070
vt 0.860879 0.335545
vt 0.661423 0.767595
vt 0.651569 0.771362
vt 0.660024 0.776390
vt 0.669370 0.770635
vt 0.671509 0.778583
vt 0.136900 0.786107
vt 0.156000 0.786248
vt 0.164995 0.790734
vt 0.968069 0.380284
vt 0.977562 0.420369
vt 0.979356 0.423243
vt 0.980432 0.427099
vt 0.974806 0.434191
vt 0.967894 0.434859
vt 0.593751 0.641933
vt 0.580255 0.655892
vt 0.575114 0.662619
vt 0.573978 0.663391
vt 0.567384 0.670187
vt 0.565944 0.648889
vt 0.796692 0.331615
vt 0.791495 0.331355
vt 0.803039 0.327133
vt 0.801309 0.314118
vt 0.791695 0.304144
vt 0.659884 0.778209
vt 0.666942 0.776956
vt 0.669201 0.786727
vt 0.967458 0.387685
vt 0.968739 0.390589
vt 0.973665 0.419264
vt 0.966793 0.429229
vt 0.588142 0.636693
vt 0.591018 0.642509
vt 0.582034 0.641743
vt 0.589248 0.644294
vt 0.579244 0.658118
vt 0.804390 0.321398
vt 0.805996 0.308115
vt 0.794078 0.290811
vt 0.802956 0.298857
vt 0.650483 0.786669
vt 0.659761 0.778296
vt 0.655816 0.793460
vt 0.663849 0.781927
vt 0.656283 0.793721
vt 0.669638 0.790961
vt 0.687547 0.798770
vt 0.420827 0.838721
vt 0.421738 0.842402
vt 0.414524 0.849103
vt 0.416689 0.854803
vt 0.411003 0.858013
vt 0.417272 0.848220
vt 0.969415 0.420120
vt 0.558816 0.659474
vt 0.559382 0.653592
vt 0.964596 0.557682
vt 0.968974 0.557864
vt 0.966847 0.562695
vt 0.967809 0.565543
vt 0.960988 0.573078
vt 0.954539 0.570902
vt 0.675792 0.795594
vt 0.684800 0.804434
vt 0.417431 0.864098
vt 0.412480 0.872163
vt 0.424929 0.879318
vt 0.416153 0.876298
vt 0.584607 0.629900
vt 0.581982 0.629594
vt 0.957555 0.561975
vt 0.967863 0.565335
vt 0.956592 0.564127
vt 0.942642 0.570227
vt 0.950711 0.565878
vt 0.944563 0.567623
vt 0.939124 0.552127
vt 0.943158 0.569582
vt 0.937689 0.567511
vt 0.937636 0.551259
vt 0.662095 0.801107
vt 0.674545 0.792709
vt 0.684878 0.804554
vt 0.678454 0.805634
vt 0.685883 0.805369
vt 0.682597 0.814806
vt 0.673066 0.816360
vt 0.677085 0.818458
vt 0.940068 0.537336
vt 0.942714 0.530361
vt 0.947993 0.531965
vt 0.420186 0.865510
vt 0.421261 0.874356
vt 0.415570 0.867858
vt 0.578146 0.635254
vt 0.575464 0.634733
vt 0.969140 0.555781
vt 0.964597 0.557823
vt 0.959632 0.543323
vt 0.962375 0.547150
vt 0.956275 0.548542
vt 0.955201 0.549875
vt 0.959314 0.556444
vt 0.951985 0.563417
vt 0.942282 0.556228
vt 0.669506 0.811159
vt 0.964510 0.539295
vt 0.953376 0.555562
vt 0.950630 0.565662
vt 0.945454 0.552043
vt 0.937916 0.550211
vt 0.935728 0.542488
vt 0.943271 0.546332
vt 0.945337 0.551737
vt 0.946184 0.541302
vt 0.949602 0.535805
vt 0.962451 0.530187
vt 0.964002 0.533770
vt 0.956105 0.539450
vt 0.956124 0.548292
vt 0.952996 0.553659
vt 0.947014 0.549827
vt 0.948848 0.547224
vt 0.947232 0.540168
vt 0.953364 0.537962
s 1
f 3125/1/1 3547/2/2 3330/3/3
f 4193/4/4 4412/5/5 4187/6/6
f 5192/7/7 4743/8/8 4744/9/9
f 6350/10/10 6353/11/11 5585/12/12
f 5585/12/12 6353/11/11 6010/13/13
f 6340/14/14 6887/15/15 6755/16/16
f 6890/17/17 6861/18/18 6862/19/19
f 6862/19/19 6861/18/18 6340/14/20
f 6469/20/21 6839/21/22 6337/22/23
f 6903/23/24 6890/17/17 6862/19/19
f 6840/24/25 6340/14/14 6471/25/26
f 6469/20/21 6337/22/23 6338/26/27
f 6887/15/28 6915/27/29 6912/28/30
f 6899/29/31 6912/28/30 6915/27/29
f 6869/30/32 6903/23/24 6866/31/33
f 6903/23/24 6862/19/19 6866/31/33
f 6340/14/14 6755/16/16 6171/32/34
f 6469/20/21 6338/26/27 6339/33/35
f 6162/34/36 6338/26/27 6337/22/23
f 6335/35/37 6468/36/38 6330/37/39
f 6838/38/40 6466/39/41 6468/36/38
f 6871/40/42 6909/41/42 6850/42/43
f 6908/43/44 6899/29/31 6895/44/45
f 6899/29/31 6915/27/29 6895/44/45
f 6865/45/46 6758/46/47 6843/47/48
f 6758/46/47 6473/48/49 6476/49/50
f 6344/50/51 6476/49/50 6343/51/52
f 6476/49/50 6473/48/49 6343/51/52
f 6172/52/53 6471/25/26 6340/14/14
f 6169/53/54 6164/54/55 6002/55/56
f 6164/54/55 6169/53/54 6162/34/36
f 6859/56/57 6468/36/38 5776/57/58
f 6468/36/38 6335/35/37 5776/57/58
f 6335/35/37 6330/37/39 6333/58/59
f 6329/59/60 6467/60/61 5491/61/62
f 6322/62/63 6158/63/64 6280/64/65
f 6452/65/66 6455/66/67 6319/67/68
f 6697/68/69 6936/69/70 6737/70/71
f 6935/71/72 7005/72/73 6934/73/74
f 6697/68/69 6737/70/71 6694/74/75
f 6827/75/76 6828/76/77 6935/71/72
f 7004/77/78 6936/69/70 6937/78/79
f 6937/78/79 6936/69/70 6749/79/80
f 6936/69/70 6697/68/69 6749/79/80
f 6697/68/69 6718/80/81 6749/79/80
f 6721/81/82 6717/82/83 6695/83/84
f 6694/74/75 6737/70/71 6691/84/85
f 6620/85/86 6716/86/87 6827/75/76
f 6935/71/72 6934/73/74 6827/75/76
f 6971/87/88 7004/77/78 6937/78/79
f 6631/88/89 6698/89/90 6656/90/91
f 6620/85/86 6827/75/76 6735/91/92
f 6827/75/76 6934/73/74 6735/91/92
f 6735/91/92 6934/73/74 6932/92/93
f 6932/92/93 6934/73/74 6998/93/94
f 6972/94/95 7004/77/78 6971/87/88
f 6938/95/96 6829/96/97 6738/97/98
f 6829/96/97 6721/81/99 6738/97/98
f 6698/89/90 6631/88/89 6660/98/100
f 6454/99/101 6458/100/102 6592/101/103
f 6611/102/104 6319/67/68 6455/66/67
f 6693/103/105 6692/104/106 6651/105/107
f 6933/106/108 6931/107/109 6824/108/110
f 6824/108/110 6931/107/109 6966/109/111
f 6965/110/112 6999/111/113 7011/112/114
f 6972/94/95 6971/87/88 6940/113/115
f 6970/114/116 6938/95/96 6939/115/117
f 6939/115/117 6938/95/96 6738/97/98
f 6695/83/84 6659/116/118 6661/117/119
f 6660/98/100 6631/88/89 6638/118/120
f 6965/110/112 7011/112/114 6961/119/121
f 7013/120/122 6973/121/123 7008/122/124
f 6939/115/117 6738/97/98 6975/123/125
f 6324/124/126 6751/125/127 6280/64/65
f 6751/125/127 6983/126/128 6946/127/129
f 6738/97/98 6721/81/99 6578/128/130
f 6695/83/84 6661/117/119 6721/81/82
f 6721/81/82 6661/117/119 6723/129/131
f 6704/130/132 6723/129/131 6661/117/119
f 6638/118/133 6454/99/101 6639/131/134
f 6454/99/101 6592/101/103 6639/131/134
f 6620/85/86 6735/91/92 6689/132/135
f 6735/91/92 6963/133/136 6689/132/135
f 6689/132/135 6963/133/136 6733/134/137
f 6930/135/138 6965/110/112 6964/136/139
f 6965/110/112 6961/119/121 6964/136/139
f 6819/137/140 7013/120/122 7008/122/124
f 6975/123/125 6738/97/98 6991/138/141
f 6721/81/99 6722/139/142 6578/128/130
f 6578/128/143 6724/140/144 6703/141/145
f 6703/141/146 6662/142/147 6663/143/148
f 6638/118/133 6639/131/134 6664/144/149
f 6705/145/150 6668/146/151 6728/147/152
f 6667/148/153 6639/131/134 6670/149/154
f 6639/131/134 6592/101/103 6670/149/154
f 6649/150/155 6620/85/86 6689/132/135
f 6733/134/137 6963/133/136 6928/151/156
f 6929/152/157 6964/136/139 6961/119/121
f 6819/137/140 7008/122/124 6957/153/158
f 6956/154/159 6993/155/160 6955/156/161
f 6991/138/141 6738/97/98 6952/157/162
f 6983/126/128 6751/125/127 6917/158/163
f 6462/159/164 6325/160/165 6463/161/166
f 6465/162/167 6161/163/168 5491/61/62
f 6859/56/57 6878/164/169 5625/165/170
f 6852/166/171 6876/167/171 6873/168/172
f 6843/47/48 6758/46/47 6476/49/50
f 6180/169/173 6479/170/174 6347/171/175
f 6172/52/53 6340/14/14 6171/32/34
f 5989/172/176 5992/173/177 5785/174/178
f 6162/34/36 6337/22/23 5988/175/179
f 5988/175/179 6337/22/23 5776/57/58
f 6337/22/23 6859/56/57 5776/57/58
f 5492/176/180 6336/177/181 5775/178/182
f 5775/178/182 6332/179/183 5491/61/184
f 6332/179/183 6331/180/185 5491/61/184
f 5773/181/186 6325/182/187 5986/183/188
f 5985/184/189 6324/124/126 5768/185/190
f 6324/124/126 6280/64/65 5768/185/190
f 5983/186/191 6314/187/192 5764/188/193
f 6314/187/192 6310/189/194 5764/188/193
f 5487/190/195 6307/191/196 6151/192/197
f 6444/193/198 6322/62/63 6589/194/199
f 6985/195/200 6945/196/200 6830/197/201
f 6576/198/202 6666/199/203 6726/200/204
f 6649/150/155 6689/132/135 6569/201/205
f 6823/202/206 6927/203/207 6567/204/208
f 6567/204/208 6927/203/207 6415/205/209
f 6819/137/140 6957/153/158 6805/206/210
f 6956/154/159 6955/156/161 6920/207/211
f 6792/208/212 6528/209/213 6917/158/163
f 6753/210/214 6465/162/167 6210/211/215
f 6465/162/167 5491/61/62 6210/211/215
f 5491/61/62 6467/60/61 6789/212/216
f 6467/60/61 6837/213/217 6789/212/216
f 5625/165/170 6878/164/169 6514/214/218
f 6509/215/219 6780/216/220 6850/42/221
f 6850/42/221 6869/30/32 6507/217/222
f 6869/30/32 6866/31/33 6507/217/222
f 6867/218/223 6865/45/46 6506/219/224
f 6502/220/225 6865/45/46 6848/221/226
f 6848/221/226 6865/45/46 6843/47/48
f 6762/222/227 6180/223/228 6482/224/229
f 6765/225/230 6350/10/10 5585/12/12
f 6356/226/231 6764/227/232 5585/12/12
f 6010/228/233 6355/229/234 6183/230/235
f 6352/231/236 6349/232/236 6179/233/236
f 6180/169/173 6347/171/175 6178/234/237
f 5790/235/238 6172/52/53 5505/236/239
f 6172/52/53 6171/32/34 5505/236/239
f 6170/237/240 6169/53/54 6002/55/56
f 6164/54/55 6162/34/36 5208/238/241
f 5208/238/241 6162/34/36 5988/175/179
f 5491/61/62 6161/163/168 5772/239/242
f 6280/64/65 6158/63/64 5766/240/243
f 5766/240/243 6158/63/64 5984/241/244
f 5980/242/245 5487/190/195 6151/192/197
f 6589/194/199 6322/62/63 6280/64/65
f 6751/125/127 6946/127/129 6439/243/246
f 6703/141/145 6725/244/247 6578/128/143
f 6725/244/247 6431/245/248 6578/128/143
f 6703/141/146 6663/143/148 6576/246/249
f 6570/247/250 6708/248/251 6649/150/155
f 6708/248/251 6710/249/252 6649/150/155
f 6710/249/252 6618/250/253 6649/150/155
f 6568/251/254 6715/252/255 6567/204/208
f 6927/203/207 6926/253/256 6564/254/257
f 6926/253/256 6821/255/258 6564/254/257
f 6917/158/163 6751/125/127 6792/208/212
f 6789/212/216 6837/213/217 6787/256/259
f 6515/257/260 6838/38/40 6468/36/38
f 6468/36/38 6859/56/57 5625/165/170
f 6509/215/219 6850/42/221 6507/217/222
f 6506/219/224 6865/45/46 6502/220/225
f 6769/258/261 6845/259/262 6759/260/263
f 5585/12/12 5039/261/264 6012/262/265
f 4635/263/266 5585/12/12 6010/13/13
f 5584/264/267 6185/265/268 5818/266/269
f 5818/266/269 6185/265/268 6010/228/233
f 6010/228/233 6183/230/235 5812/267/270
f 6183/230/235 6006/268/271 5812/267/270
f 5803/269/272 5810/270/273 5801/271/274
f 5570/272/275 6179/233/276 6004/273/277
f 6179/233/276 6176/274/278 6004/273/277
f 6344/50/51 6343/51/52 5793/275/279
f 5989/172/176 5785/174/178 5787/276/280
f 5992/173/177 5989/172/176 5211/277/281
f 5211/277/281 5989/172/176 5209/278/282
f 6335/35/37 5493/279/283 5776/57/58
f 5495/280/284 5494/281/285 5207/282/286
f 6335/35/37 5492/176/287 5493/279/283
f 5202/283/288 5491/61/62 5772/239/242
f 5773/181/186 5986/183/188 5194/284/289
f 5986/183/188 5769/285/290 5194/284/289
f 5768/185/190 6280/64/65 5766/240/243
f 5764/188/193 5767/286/291 5765/287/292
f 5765/287/292 5983/186/191 5764/188/193
f 5921/288/293 5980/242/245 6151/192/197
f 6282/289/294 6151/192/197 6588/290/295
f 6280/64/65 6751/125/127 6275/291/296
f 6751/125/127 6439/243/246 6275/291/296
f 6428/292/297 6703/141/146 6576/246/249
f 6570/247/250 6649/150/155 6420/293/298
f 6420/293/298 6649/150/155 6418/294/299
f 6649/150/155 6569/201/205 6418/294/299
f 6418/294/299 6569/201/205 6416/295/300
f 6253/296/301 6568/251/254 6567/204/208
f 6415/205/209 6927/203/207 6564/254/257
f 6565/297/302 6822/298/303 6562/299/304
f 6562/299/304 6822/298/303 6820/300/305
f 6805/206/210 6400/301/306 6819/137/140
f 6400/301/306 6560/302/307 6819/137/140
f 6412/303/308 6563/304/309 6813/305/310
f 6815/306/311 6819/137/140 6560/302/307
f 6815/306/311 6560/302/307 6554/307/312
f 6393/308/313 6560/302/307 6400/301/306
f 6400/301/306 6809/309/314 6399/310/315
f 6917/158/163 6528/209/213 6380/311/316
f 5491/61/62 6789/212/216 6210/211/215
f 6210/211/215 6789/212/216 6375/312/317
f 6789/212/216 6516/313/318 6375/312/317
f 6029/314/319 6515/257/260 6468/36/38
f 6783/315/320 6778/316/321 6509/215/219
f 6509/215/219 6507/217/222 6366/317/322
f 6365/318/323 6506/219/224 6192/319/324
f 6359/320/325 6501/321/326 6499/322/327
f 6501/321/326 6769/258/261 6499/322/327
f 6769/258/261 6759/260/263 6499/322/327
f 6762/222/227 6482/224/229 6500/322/328
f 4635/263/266 6010/13/13 5819/323/329
f 6010/13/13 6011/324/330 5819/323/329
f 6011/324/330 5584/325/331 5819/323/329
f 5818/266/269 6010/228/233 5816/326/332
f 6010/228/233 5812/267/270 5816/326/332
f 5810/270/273 5803/269/272 5808/327/333
f 5570/272/275 6004/273/277 5796/328/334
s 0
f 5797/329/335 6005/330/335 5794/331/335
s 1
f 6343/51/52 5792/332/336 5793/275/279
f 5790/235/238 5505/236/239 5508/333/337
f 5505/236/239 5781/334/338 5215/335/339
f 5784/336/340 5214/337/341 4762/338/342
f 4566/339/343 5214/337/341 5500/340/344
f 5492/176/180 5775/178/182 5204/341/345
f 5775/178/182 5491/61/184 5204/341/345
f 5202/283/288 5772/239/242 5490/342/346
f 5194/284/289 5769/285/290 5489/343/347
f 5768/185/190 5766/240/243 5488/344/348
f 5767/286/291 5764/188/193 5489/343/347
f 5762/345/349 5192/7/7 5763/346/350
f 5192/7/7 4744/9/9 5763/346/350
f 5763/346/350 4744/9/9 5979/347/351
f 5921/288/293 6151/192/197 6282/289/294
f 6275/291/296 6439/243/246 6270/348/352
f 6946/127/129 6585/349/353 6439/243/246
f 6578/128/143 6431/245/248 6266/350/354
f 6431/245/355 6703/141/146 6428/292/297
f 6253/296/301 6567/204/208 6415/205/209
f 6566/351/356 6565/297/302 6414/352/357
f 6565/297/302 6562/299/304 6414/352/357
f 6250/353/358 6410/354/359 6397/355/360
f 6550/356/361 6546/357/362 6402/358/363
f 6402/358/363 6546/357/362 6401/359/364
f 6086/360/365 6544/361/366 6393/308/313
f 6249/362/367 6399/310/368 6387/363/369
f 6380/311/316 6528/209/213 6378/364/370
f 6216/365/371 6527/366/372 6215/367/373
f 6214/368/374 6526/369/375 6212/370/376
f 6213/371/377 6377/372/378 6034/373/379
f 6377/372/378 6524/374/380 6376/375/381
f 6376/375/381 6753/210/214 6210/211/215
f 6514/214/218 6513/376/382 5625/165/170
f 5625/165/170 6513/376/382 6207/377/383
f 6783/315/320 6509/215/219 6200/378/384
f 6200/378/384 6509/215/219 5840/379/385
f 5840/379/385 6509/215/219 6366/317/322
f 6192/319/324 6506/219/224 6502/220/225
f 6188/380/386 6359/381/387 6358/382/388
f 6488/383/389 6496/384/390 6189/385/391
f 6189/385/391 6496/384/390 6186/386/392
f 6356/226/231 5585/12/12 6016/387/393
f 6016/387/393 5585/12/12 6012/262/265
f 6012/262/265 5039/261/264 5042/388/394
f 5042/388/394 5039/261/264 5041/389/395
f 5036/390/396 4635/263/266 5286/391/397
f 4635/263/266 5819/323/329 5286/391/397
f 5584/264/267 5818/266/269 5035/392/398
f 5578/393/399 5033/394/400 5282/395/401
f 5033/394/400 5578/393/399 5278/396/402
f 5578/393/399 5810/270/273 5278/396/402
f 5810/270/273 5808/327/333 5278/396/402
f 4621/397/403 6008/398/404 5277/399/405
f 5804/400/406 5570/272/275 5571/401/407
f 5570/272/275 5796/328/334 5568/402/408
f 5793/275/279 5792/332/336 5566/403/409
f 5566/403/409 5792/332/336 5021/404/410
f 5792/332/336 5512/405/411 5021/404/410
f 5512/405/411 5223/406/412 5019/407/413
f 5537/408/414 5546/409/415 5245/410/416
f 7080/411/417 7060/412/418 7061/413/418
f 5557/414/419 7072/415/420 5553/416/421
f 5548/417/422 7065/418/423 5530/419/424
f 7065/418/423 7062/420/425 5530/419/424
f 5531/421/426 7061/422/427 4991/423/428
f 4991/423/428 7061/422/427 5240/424/429
f 7058/425/430 5230/426/431 5523/427/432
f 5523/427/432 5230/426/431 5520/428/433
f 7058/425/430 5564/429/434 5230/426/431
f 7072/415/420 7064/430/435 5553/416/421
f 5552/431/436 7063/432/437 5256/433/438
f 5547/434/439 5245/410/416 5546/409/415
f 7070/435/440 5541/436/441 5254/437/442
f 5540/438/443 5538/439/444 5003/440/445
f 5248/441/446 5535/442/447 5000/443/448
f 5535/442/447 5246/444/449 5000/443/448
f 5533/445/450 5531/421/426 4994/446/451
f 4994/446/451 5531/421/426 4991/423/428
f 4574/447/452 5225/448/453 5219/449/454
f 5516/450/455 5019/407/413 5223/406/412
f 5510/451/456 5508/333/337 5216/452/457
f 5216/452/457 5508/333/337 5215/335/339
f 5508/333/337 5505/236/239 5215/335/339
f 5500/340/344 5497/453/458 4566/339/343
f 5988/175/179 5495/280/284 5208/238/241
f 5495/280/284 5207/282/286 5208/238/241
f 5205/454/459 5491/61/62 5203/455/460
f 5203/455/460 5491/61/62 4750/456/461
f 5491/61/62 5202/283/288 4750/456/461
f 4962/457/462 4963/458/463 5197/459/464
f 4745/460/465 5199/461/466 5194/284/289
f 5194/284/289 5489/343/347 5764/188/193
f 5487/190/195 5980/242/245 5764/188/193
f 4954/462/467 4743/8/8 5192/7/7
f 4946/463/468 5479/464/469 5473/465/470
f 5921/288/293 6282/289/294 6305/466/471
f 6282/289/294 6588/290/295 6281/467/472
f 6439/243/246 6436/468/473 6270/348/352
f 6266/350/354 6431/245/248 6260/469/474
f 6254/470/475 6421/471/476 6091/472/477
f 6421/471/476 6419/473/478 6091/472/477
f 6419/473/478 6417/474/479 6091/472/477
f 6253/296/301 6415/205/209 5390/475/480
f 5390/475/480 6415/205/209 5664/476/481
f 6397/355/360 6395/477/482 6077/478/483
f 6393/308/313 6400/301/306 6242/479/484
f 6400/301/306 6399/310/315 6242/479/484
f 6250/353/358 6397/355/360 6077/478/483
f 6395/477/482 6394/480/485 6077/478/483
f 6076/481/486 6086/360/365 6242/479/484
f 6086/360/365 6393/308/313 6242/479/484
f 6242/479/484 6249/362/367 6240/482/487
f 6249/362/367 6387/363/369 6240/482/487
f 6220/483/488 6222/484/489 6232/485/490
f 6231/486/491 6390/487/492 6230/488/493
f 6230/488/493 6390/487/492 6229/489/494
f 6377/372/378 6376/375/381 6034/373/379
f 6034/373/379 6376/375/381 6210/211/215
f 6210/211/215 6375/312/317 6208/490/495
f 6024/491/496 6195/492/497 5613/493/498
f 6195/492/497 6365/318/323 6192/319/324
f 6359/381/387 6188/380/386 6190/494/499
f 6189/385/391 6186/386/392 6018/495/500
f 5592/496/501 6012/262/265 5820/497/502
f 6012/262/265 5042/388/394 5820/497/502
f 5039/261/264 5585/12/12 4635/263/266
f 5584/264/267 5035/392/398 5285/498/503
f 5571/401/407 5570/272/275 5269/499/504
f 5570/272/275 5568/402/408 5269/499/504
f 5569/500/505 5567/501/505 5271/499/505
f 5021/404/410 5512/405/411 5019/407/413
f 5230/426/431 5564/429/434 5017/502/506
f 5564/429/434 5562/503/507 5017/502/506
f 5562/503/507 5559/504/508 5017/502/506
f 5017/502/506 5559/504/508 5262/505/509
f 5557/414/419 5553/416/421 5260/506/510
f 5553/507/511 5257/508/512 5012/509/513
f 7063/432/437 5545/510/514 5256/433/438
f 5545/510/514 7070/435/515 5256/433/438
f 5257/508/512 5542/511/516 4807/512/517
f 4807/512/517 5542/511/516 5255/513/518
f 5254/514/519 5251/515/520 5010/516/521
f 5010/516/521 5251/515/520 5005/517/522
f 5001/518/523 5248/441/446 5000/443/448
f 5000/443/448 5246/444/449 4997/519/524
f 5246/444/449 5243/520/525 4997/519/524
f 4783/521/526 5237/522/527 5233/523/528
f 4574/447/452 5219/449/454 4976/524/529
f 5219/449/454 5216/452/457 4976/524/529
f 5216/452/457 5215/335/339 4976/524/529
f 5215/335/339 4974/525/530 4976/524/529
f 5214/337/341 4566/339/343 2891/526/531
f 5211/277/281 5209/278/282 4969/527/532
f 4969/527/532 5209/278/282 4560/528/533
f 5209/278/282 4968/529/534 4560/528/533
f 4967/530/535 5206/531/536 4751/532/537
f 4751/532/537 5206/531/536 4964/533/538
f 4964/533/538 5203/534/539 4751/532/537
f 4751/532/537 5203/534/539 3907/535/540
f 4749/536/541 4962/457/462 4960/537/542
f 5194/284/289 5764/188/193 4745/460/465
f 4745/460/465 5764/188/193 4744/9/9
f 5764/188/193 5980/242/245 4744/9/9
f 7023/538/543 7033/539/544 5709/540/545
f 7038/541/546 7057/542/547 5955/543/548
f 5955/543/548 7057/542/547 7033/539/544
f 7057/542/547 5709/540/545 7033/539/544
f 5947/544/549 5948/545/550 7024/546/551
f 5948/545/550 7033/539/552 7024/546/551
f 5709/540/545 7057/542/547 5706/547/553
f 5706/547/553 7057/542/547 5157/548/554
f 7056/549/555 7039/550/556 5157/548/555
f 5472/551/557 7051/552/558 5972/553/559
f 5737/554/560 7035/555/561 5958/556/562
f 5955/543/548 7033/539/544 5952/557/563
f 5952/557/563 7033/539/544 5951/558/564
f 5933/559/565 7026/560/566 5932/561/567
f 5712/562/568 7025/563/569 5711/564/570
f 5927/565/571 5928/566/572 5977/567/573
f 5928/566/572 7046/568/574 5977/567/573
f 7051/552/558 5472/551/557 5475/569/575
f 5980/242/245 5921/288/293 6146/570/576
f 5921/288/293 6305/466/471 6135/571/577
f 6270/348/352 6436/468/473 6104/572/578
f 6104/572/578 6436/468/473 6103/573/579
f 6253/296/301 5390/475/480 5884/574/580
f 5664/476/481 6415/205/209 5882/575/581
f 6252/576/582 6250/353/583 5883/577/584
f 6246/578/585 6245/579/586 6088/580/587
f 6076/481/486 6242/479/484 6240/482/487
f 6231/486/491 6230/488/493 5650/581/588
f 5869/582/589 5650/581/588 5855/583/590
f 5650/581/588 6230/488/493 5855/583/590
f 5634/584/591 6228/585/592 6042/586/593
f 6216/365/371 6215/367/373 6040/587/594
f 6040/587/594 6215/367/373 5630/588/595
f 6214/368/374 6212/370/376 5847/589/596
f 6034/373/379 6210/211/215 6031/590/597
f 6030/591/598 6209/592/599 5331/593/600
f 6209/592/599 6029/314/319 5331/593/600
f 5331/593/600 6029/314/319 6468/36/38
f 6207/377/383 6205/594/601 5625/165/170
f 5625/165/170 6205/594/601 5617/595/602
f 6200/378/384 5840/379/385 5842/596/603
f 5613/493/498 6195/492/497 5612/597/604
f 5612/597/604 6195/492/497 6193/598/605
f 6195/492/497 6192/319/324 6193/598/605
f 6018/495/500 6186/386/392 5605/599/606
f 5605/599/606 6186/386/392 5603/600/607
f 5824/601/608 6012/262/265 5062/602/609
f 5820/497/502 5042/388/394 5044/603/610
f 5588/604/611 5044/603/610 5287/605/612
f 5287/605/612 5044/603/610 4830/606/613
f 4635/263/266 5036/390/396 4634/607/614
f 5036/390/396 4827/608/615 4634/607/614
f 5037/609/616 5285/498/503 4824/610/617
f 5285/498/503 5035/392/398 4824/610/617
f 5034/611/618 5282/395/401 4439/612/619
f 5282/395/401 5033/394/400 4439/612/619
f 4621/397/403 5277/399/405 5031/613/620
f 5277/399/405 5275/614/621 5031/613/620
f 4819/615/622 5031/613/620 5027/616/623
f 5022/617/624 5269/499/625 4426/618/626
f 5269/499/625 5020/619/627 4426/618/626
f 5017/502/506 5262/505/509 4615/620/628
f 4809/621/629 5264/622/630 5013/623/631
f 5012/509/513 5257/508/512 4808/624/632
f 5257/508/512 4807/512/517 4808/624/632
f 4805/625/633 4807/626/634 5010/516/521
f 5010/516/521 5005/517/522 4800/627/635
f 4791/628/636 5248/629/637 5002/630/638
f 4392/631/639 4790/632/640 4391/633/641
f 4784/634/642 4996/635/643 4167/636/644
f 4996/635/643 4992/637/645 4167/636/644
f 4167/636/644 4992/637/645 4783/521/526
f 4781/638/646 5233/523/528 4776/639/647
f 4574/447/452 4976/524/529 4571/640/648
f 5214/337/341 2891/526/531 4762/338/342
f 4560/528/533 4968/529/534 4756/641/649
f 5203/534/539 4551/642/650 3907/535/540
f 5203/455/460 4750/456/461 4550/643/651
f 4963/458/463 4962/457/462 5202/283/288
f 5202/283/288 4962/457/462 4749/536/541
f 4954/462/467 4946/463/468 5473/465/470
f 5744/644/652 5962/645/652 5740/646/653
f 5706/547/553 5157/548/554 5450/647/654
f 5441/648/655 5446/649/656 5436/650/657
f 5436/650/657 5446/649/656 5433/651/658
f 5446/649/656 5431/652/659 5433/651/658
f 5432/653/660 5431/652/661 5703/654/662
f 5450/647/654 5157/548/554 5431/652/661
f 5156/655/663 5929/656/664 5428/657/665
f 5153/658/666 5928/566/572 5426/659/667
f 5928/566/572 5927/565/571 5426/659/667
f 5423/660/668 5925/661/669 5695/662/670
f 5924/663/671 5927/565/571 5417/664/672
f 5927/565/571 5977/567/573 5417/664/672
f 7051/552/558 5475/569/575 5413/665/673
f 5475/569/575 5760/666/674 5413/665/673
f 5760/666/674 5688/667/675 5413/665/673
f 5684/668/676 6294/669/677 5909/670/678
f 6282/289/294 6281/467/472 6112/671/679
f 5899/672/680 6101/673/681 5677/674/680
f 5888/675/682 5884/574/580 5665/676/683
f 5883/577/584 6250/353/583 6060/677/684
f 6250/353/583 6089/678/685 6060/677/684
f 6060/677/684 6089/678/685 6077/478/686
f 6075/679/687 6077/478/686 6074/680/688
f 6072/681/689 6240/682/690 6070/683/691
f 6240/682/690 5878/684/692 6070/683/691
f 5878/684/692 5655/685/693 6070/683/691
f 5655/685/693 6081/686/694 6070/683/691
f 6077/478/686 6075/679/687 6060/677/684
f 6060/677/684 6075/679/687 5866/687/695
f 6072/681/689 5643/688/696 6076/481/697
f 6075/679/687 6074/680/688 6059/689/698
f 5643/688/696 6072/681/689 5862/690/699
f 5862/690/699 6072/681/689 6049/691/700
f 6072/681/689 6070/683/691 6049/691/700
f 6049/691/700 6070/683/691 6064/692/701
f 6060/677/684 5866/687/695 5867/693/702
f 6059/689/703 5644/694/704 5866/687/695
f 5643/688/696 5349/695/705 5642/696/706
f 5865/697/707 6053/698/708 5361/699/709
f 6055/700/710 5642/701/711 5863/702/712
f 5643/688/696 5862/690/699 5349/695/705
f 5634/584/591 6042/586/593 5851/703/713
f 5851/703/713 6042/586/593 5849/704/714
f 6043/705/715 6040/587/594 5850/706/716
f 5850/706/716 6040/587/594 5630/588/595
f 5846/707/717 6032/708/718 5331/709/719
f 6468/36/38 5625/165/170 5331/593/600
f 5623/710/720 5625/165/170 5844/711/721
f 5625/165/170 5617/595/602 5844/711/721
f 5844/711/721 5617/595/602 5620/712/722
f 5842/596/603 5840/379/385 5316/713/723
f 5612/597/604 6193/598/605 5835/714/724
f 5607/715/725 6020/716/726 5606/717/727
f 6020/716/726 6017/718/728 5606/717/727
f 6018/495/500 5605/599/606 5833/719/729
f 5062/602/609 6012/262/265 5297/720/730
f 5297/720/730 6012/262/265 5592/496/501
f 5823/721/731 5044/603/610 5588/604/611
f 5287/605/612 4830/606/613 5290/722/732
f 4830/606/613 5044/603/610 4445/723/733
f 4445/723/733 5044/603/610 5042/388/394
f 5039/261/734 5040/724/735 4444/725/736
f 4444/725/736 5040/724/735 4635/263/266
f 5040/724/735 5039/261/734 4829/726/737
f 4634/607/738 5038/727/739 4828/728/738
f 4442/729/740 4827/608/615 4631/730/741
f 4827/608/615 5036/390/396 4825/731/742
f 4436/732/743 4433/733/744 4434/734/745
f 4621/397/403 5031/613/620 3091/735/746
f 3091/735/746 5031/613/620 4819/615/622
f 4426/618/626 5020/619/627 4421/736/747
f 5021/404/410 5019/407/413 4815/737/748
f 5017/502/506 4615/620/628 4811/738/749
f 4610/739/750 4809/621/629 5013/623/631
f 5013/623/631 4609/740/751 4223/741/752
f 4805/625/633 5010/516/521 4802/742/753
f 5010/516/521 4800/627/635 4802/742/753
f 4589/743/754 4791/628/636 4587/744/755
f 4791/628/636 5002/630/638 4587/744/755
f 4392/631/639 4391/633/641 4172/745/756
f 4784/634/642 4167/636/644 4391/633/641
f 4783/521/526 5233/523/528 4167/636/644
f 4167/636/644 5233/523/528 4166/746/757
f 5233/523/528 4781/638/646 4166/746/757
f 4774/747/758 4772/748/759 4576/749/759
f 3915/750/760 4767/751/761 2891/526/531
f 4767/751/761 4763/752/762 2891/526/531
f 4763/752/762 4762/338/342 2891/526/531
f 4566/339/343 4761/753/763 3683/754/764
f 4560/528/533 4756/641/649 4160/755/765
f 4756/641/649 4752/756/766 4160/755/765
f 4160/755/765 4752/756/766 4552/757/767
f 4378/758/768 4552/759/769 4554/760/770
f 4550/643/651 4750/456/461 4549/761/771
f 4750/456/461 5202/283/288 4547/761/772
f 5202/283/288 4749/536/541 4547/761/772
f 4749/536/541 4373/762/773 4547/761/772
f 3907/535/540 4548/763/774 4152/764/775
f 4745/460/465 4744/9/9 4544/765/776
f 4744/9/9 4743/8/8 4544/765/776
f 4544/765/776 4743/8/8 4369/766/777
f 4743/8/8 4954/462/467 4150/767/778
f 4147/768/779 4150/767/778 4954/462/467
f 4367/769/780 4543/770/781 3893/771/782
f 4543/770/781 5750/772/783 5182/773/784
f 5466/774/785 5735/775/786 5462/776/787
f 5464/777/788 5725/778/789 5461/779/790
f 5720/780/791 5716/781/792 5177/782/793
f 5177/782/793 5716/781/792 5714/783/794
f 4933/784/795 5714/783/794 5458/785/796
f 5712/562/568 5711/564/570 5455/786/797
f 5162/787/798 5442/788/799 5438/789/800
f 5703/654/662 5431/652/661 5158/790/801
f 5157/791/802 5702/792/803 5430/793/804
f 5153/658/666 5426/659/667 4907/794/805
f 5423/660/668 5695/662/670 4903/795/806
f 4903/795/806 5695/662/670 5422/796/807
f 5909/670/678 5907/797/808 5409/798/809
f 5407/799/810 5907/797/808 5906/800/811
f 5884/574/580 5390/475/480 5665/676/683
f 5883/577/584 6060/677/684 5387/801/812
f 5880/802/813 5655/803/814 5659/804/815
f 5871/805/816 5647/806/817 5652/807/818
f 5871/805/816 5867/693/702 5103/808/819
f 5867/693/702 5866/687/695 5103/808/819
f 5866/687/695 5644/694/704 5103/808/819
f 5357/809/820 6057/810/821 5863/811/820
f 5639/812/822 5642/696/706 5349/695/705
f 5349/695/705 5862/690/699 5346/813/823
f 5862/690/699 5860/814/824 5346/813/823
f 5854/815/825 5634/584/591 5342/816/826
f 5634/584/591 5851/703/713 5339/817/827
f 5340/818/828 5852/819/829 5334/820/830
f 5852/819/829 5850/706/716 5334/820/830
f 5334/820/830 5850/706/716 5630/588/595
f 5848/821/831 5847/822/832 5629/823/833
f 5629/823/833 5847/822/832 5627/824/834
f 5623/710/720 5844/711/721 5622/825/835
f 5316/713/723 5840/379/385 5312/826/836
f 5613/493/498 5612/597/604 5308/827/837
f 5299/828/838 5062/602/609 5297/720/730
f 5297/720/730 5592/496/501 5595/829/839
f 5592/496/501 5820/497/502 5590/830/840
f 5823/721/731 5588/604/611 5591/830/841
f 5586/831/842 5050/832/842 5293/833/842
f 5046/834/843 4636/835/844 3748/836/845
f 4447/837/846 4831/838/847 4240/839/848
f 4445/723/733 5042/388/394 3528/840/849
f 4827/608/615 4825/731/742 4631/730/741
f 3729/841/850 4621/397/403 3091/735/746
f 3091/735/746 4819/615/622 4234/842/851
f 4809/621/629 4610/739/750 4612/843/852
f 4610/739/750 5013/623/631 4223/741/752
f 4420/844/853 4222/845/854 4419/846/855
f 4415/847/856 4602/848/857 4214/849/858
f 4798/850/859 4796/851/860 4603/852/861
f 4386/853/862 4580/854/863 4385/855/864
f 4580/854/863 4579/856/865 4385/855/864
f 4574/447/452 4571/640/648 4381/857/866
f 2891/526/531 4566/339/343 3497/858/867
f 4562/859/868 3910/860/869 3683/754/764
f 4554/760/770 4552/759/769 3682/861/870
f 4552/759/769 3680/862/871 3682/861/870
f 4551/642/650 4548/763/774 3907/535/540
f 4370/863/872 4544/765/776 4369/766/777
f 4954/462/467 5473/465/470 4543/770/781
f 4543/770/781 5182/773/784 3893/771/782
f 5466/774/785 5462/776/787 5180/864/873
f 5177/782/793 5714/783/794 5176/865/874
f 5714/783/794 4933/784/795 5176/865/874
f 5457/866/875 5452/867/875 5172/868/875
f 5448/869/876 5444/870/877 5168/871/878
f 5168/871/878 5444/870/877 5165/872/879
f 5164/873/880 5439/874/881 4926/875/882
f 5439/874/881 4722/876/883 4926/875/882
f 5160/877/884 5435/878/885 5158/790/801
f 4724/879/886 5158/790/801 4920/880/887
f 5158/790/801 5431/652/661 5157/548/554
f 5157/791/802 5430/793/804 4915/881/888
f 4905/882/889 5144/883/890 5146/884/891
f 5143/885/892 5693/886/893 5419/887/892
f 5417/888/894 5415/889/895 5416/890/896
f 5688/667/675 5411/891/897 5413/665/673
f 5688/667/675 5685/892/898 5411/891/897
f 5684/668/676 5909/670/678 5409/798/809
f 5409/798/809 5907/797/808 5407/799/810
f 5407/799/810 5906/800/811 5402/893/899
f 5906/800/811 5905/894/900 5402/893/899
f 5905/894/900 5401/895/901 5402/893/899
f 5387/896/902 5661/897/903 5131/898/902
f 5125/899/904 5659/804/815 5123/900/905
f 5123/900/905 5659/804/815 5118/901/906
f 5659/804/815 5655/803/814 5118/901/906
f 5649/902/907 5645/903/908 5380/904/908
f 5647/806/817 5871/805/816 5103/808/819
f 5103/808/819 5644/694/704 5361/699/709
f 5644/694/704 5865/697/707 5361/699/709
f 5863/905/909 5639/812/822 5349/695/705
f 4861/906/910 5342/816/826 5341/907/911
f 5342/816/826 5634/584/591 5341/907/911
f 5341/907/911 5634/584/591 5339/817/827
f 5334/820/830 5630/588/595 5333/908/912
f 5629/823/833 5627/824/834 5093/909/913
f 5093/909/913 5627/824/834 5332/910/914
f 5628/911/915 5330/912/916 5090/913/917
f 5331/593/600 5625/165/170 5326/914/918
f 5325/915/919 5624/916/920 5322/917/921
f 5321/918/922 5621/919/923 5088/920/924
f 5621/919/923 5319/921/925 5088/920/924
f 5316/713/723 5312/826/836 5079/922/926
f 5311/923/927 5613/493/498 5308/827/837
f 5609/924/928 5607/715/725 5064/925/929
f 5064/925/929 5607/715/725 5304/926/930
f 5607/715/725 5606/717/727 5304/926/930
f 5606/717/931 5605/599/606 5063/927/932
f 5063/927/932 5605/599/606 4650/928/933
f 5605/599/606 5603/600/607 4650/928/933
f 5062/602/609 5299/828/838 4841/929/934
f 5059/930/935 5295/931/936 5058/932/937
f 5057/933/938 5051/934/939 4837/935/940
f 5053/936/941 3748/836/845 4832/937/942
f 3748/836/845 4636/835/844 3987/938/943
f 3528/840/849 5042/388/394 4444/725/736
f 4444/725/736 4635/263/266 3980/939/944
f 3980/939/944 4635/263/266 4634/607/614
f 4442/729/740 4631/730/741 3977/940/945
f 4238/941/946 4628/942/947 4439/943/948
f 4621/397/403 3729/841/850 4433/733/744
f 4424/944/949 4611/945/950 4231/946/951
f 4231/946/951 4611/945/950 3953/947/952
f 3953/947/952 4611/945/950 3952/948/953
f 4223/741/752 4609/740/751 3718/949/954
f 3718/949/954 4609/740/751 4222/950/955
f 4419/846/855 4418/951/956 4220/952/957
f 3948/953/958 4601/954/959 4414/955/960
f 4414/955/960 4189/956/961 4413/957/962
f 4412/5/5 4193/4/4 4205/958/963
f 4179/959/964 4176/960/964 3929/961/965
f 4394/962/966 3927/963/966 4174/964/966
f 3693/965/967 4172/745/756 4169/966/968
f 4172/745/756 4391/633/641 4169/966/968
f 4391/633/641 4167/636/644 4169/966/968
f 3919/967/969 4386/853/862 4164/968/970
f 4386/853/862 4385/855/864 4164/968/970
f 3497/858/867 4566/339/343 3914/969/971
f 3914/969/971 4566/339/343 3912/970/972
f 4566/339/343 3683/754/764 3912/970/972
f 3907/535/540 4152/764/775 4154/971/973
f 4543/770/781 4367/769/780 4954/462/467
f 5178/972/974 5177/973/975 4939/974/976
f 5164/873/880 4926/875/882 4927/975/977
f 4727/976/978 4927/975/977 4926/875/882
f 5160/877/884 5158/790/801 4923/977/979
f 4923/977/979 5158/790/801 4724/879/886
f 4711/978/980 4920/880/980 4917/979/980
f 4920/880/887 5158/790/801 4916/980/981
f 5158/790/801 5157/548/554 4916/980/981
f 5153/658/666 4907/794/805 4911/981/982
f 4905/882/889 5146/884/891 4705/982/983
f 4705/982/983 5146/884/891 4901/983/984
f 5141/984/985 5418/985/986 4898/986/987
f 5418/985/986 5417/888/894 4898/986/987
f 5417/888/894 5416/890/896 4898/986/987
f 5416/890/896 5414/987/988 4701/988/989
f 5685/989/990 5684/668/676 5410/990/991
f 5410/990/991 5684/668/676 5409/798/809
f 5394/991/992 5665/676/683 4883/992/993
f 5665/676/683 5390/475/480 4883/992/993
f 4884/993/994 5391/994/995 5129/995/996
f 5391/994/995 5387/801/997 5129/995/996
f 5115/996/998 5376/997/999 4873/998/1000
f 5342/816/826 4861/906/910 4862/999/1001
f 5093/909/913 5332/910/914 5091/1000/1002
f 5327/1001/1003 5321/918/922 5091/1000/1002
f 5321/918/922 5088/920/924 5091/1000/1002
f 4851/1002/1004 5082/1003/1005 5079/922/926
f 5082/1003/1005 5316/713/723 5079/922/926
f 5307/1004/1006 5064/925/1007 5066/1005/1008
f 5298/1006/1009 5296/1007/1010 5060/1008/1011
f 5058/932/937 5294/1009/1012 4268/1010/1013
f 5294/1009/1012 5057/933/938 4268/1010/1013
f 4268/1010/1013 5057/933/938 4837/935/940
f 4837/935/940 5054/1011/1014 4836/1012/1015
f 4836/1012/1015 5054/1011/1014 4834/1013/1016
f 4448/1014/1017 3748/836/845 4252/1015/1018
f 4447/837/846 4240/839/848 4242/1016/1019
f 3984/1017/1020 3986/1018/1021 3528/840/849
f 3986/1018/1021 4445/723/733 3528/840/849
f 3528/840/849 4444/725/736 3980/939/944
f 4634/607/614 4443/1019/1022 3980/939/944
f 4239/1020/1023 4442/729/740 3977/940/945
f 4238/941/946 4439/943/948 3734/1021/1024
f 4437/1022/1025 4435/1023/1026 4624/1024/1027
f 4624/1024/1027 4435/1023/1026 3730/1025/1028
f 4435/1023/1026 4434/734/1029 3730/1025/1028
f 3730/1025/1028 4434/734/1029 4236/1026/1030
f 3973/1027/1031 4434/734/745 3729/841/850
f 4434/734/745 4433/733/744 3729/841/850
f 4426/618/626 4421/736/747 4226/1028/1032
f 4420/844/853 4419/846/855 3718/1029/1033
f 4419/846/855 4220/952/957 3718/1029/1033
f 4217/1030/1034 4415/847/856 4214/849/858
f 3948/953/958 4414/955/960 3513/1031/1035
f 4414/955/960 4413/957/962 3513/1031/1035
f 3711/1032/1036 4413/957/962 3709/1033/1037
f 3504/1034/1038 4196/1035/1039 3702/1036/1040
f 3930/1037/1041 4177/1038/1042 3701/1039/1043
f 4169/966/968 4167/636/644 3690/1040/1044
f 3912/970/972 3683/754/764 3684/1041/1045
f 4159/1042/1046 3909/1043/1047 3494/1044/1048
f 3682/861/870 3680/862/871 3489/1045/1049
f 4153/1046/1050 4150/767/778 4147/768/779
f 4147/768/779 4954/462/467 4367/769/780
f 4540/1047/1051 4539/1048/1052 4363/1049/1052
f 3668/1050/1053 3893/771/782 4738/1051/1054
f 3893/771/782 5182/773/784 4738/1051/1054
f 4928/1052/1055 4927/975/977 4727/976/978
f 4925/1053/1056 4923/977/979 4724/879/886
f 4911/981/982 4907/794/805 4520/1054/1057
f 4520/1054/1057 4907/794/805 4703/1055/1058
f 4702/1056/1059 5141/984/985 4898/986/987
f 4898/986/987 5416/890/896 4515/1057/1060
f 4697/1058/1061 5139/1059/1062 5136/1060/1063
f 5402/893/899 5401/895/901 4886/1061/1064
f 5401/895/901 5399/1062/1065 4886/1061/1064
f 4886/1061/1064 5399/1062/1065 4491/1063/1066
f 4874/1064/1067 5112/1065/1068 4675/1066/1069
f 4867/1067/1070 4863/1068/1071 4865/1069/1072
f 4860/1070/1073 5094/1071/1074 4857/1072/1075
f 5093/909/913 5091/1000/1002 4856/1073/1076
f 4856/1073/1076 5091/1000/1002 4664/1074/1077
f 5091/1000/1002 5088/920/924 4664/1074/1077
f 4664/1074/1077 5088/920/924 4854/1075/1078
f 5082/1003/1005 4851/1002/1004 4853/1076/1079
f 4658/1077/1080 4661/1078/1081 4851/1002/1004
f 4661/1078/1081 4853/1076/1079 4851/1002/1004
f 4851/1002/1004 5079/922/926 4848/1079/1082
s 0
f 4847/1080/1083 5078/1081/1083 4844/1082/1083
f 5081/1081/1084 5077/1083/1084 4846/1082/1084
s 1
f 5074/1084/1085 5072/1085/1086 4845/1082/1087
f 5072/1085/1086 5309/1086/1088 4845/1082/1087
f 5309/1086/1088 5069/1087/1089 4845/1082/1087
f 4845/1082/1087 5069/1087/1089 4293/1088/1090
f 4293/1088/1090 5069/1087/1089 4843/1089/1091
s 0
f 5068/1087/1092 5065/1090/1092 4842/1089/1092
s 1
f 5066/1005/1008 5064/925/1007 4653/1091/1093
f 4653/1091/1093 5064/925/1007 4650/928/933
f 5064/925/1007 5063/927/932 4650/928/933
f 4649/1092/1094 4839/1093/1095 4838/1094/1096
f 4649/1092/1094 4838/1094/1096 4268/1010/1013
f 4838/1094/1096 5059/930/935 4268/1010/1013
f 5059/930/935 5058/932/937 4268/1010/1013
f 4837/935/940 4836/1012/1015 4268/1010/1013
f 4268/1010/1013 4836/1012/1015 4644/1095/1097
s 0
f 4835/1012/1098 4833/1013/1098 4645/1095/1098
s 1
f 4832/937/942 3748/836/845 4643/1096/1099
f 3748/836/845 4448/1014/1017 4643/1096/1099
f 4448/1014/1017 4640/1097/1100 4643/1096/1099
f 4244/1098/1101 4252/1015/1018 3748/836/845
f 3748/836/845 3987/938/943 3107/1099/1102
f 3538/1100/1103 3984/1017/1020 3528/840/849
f 3981/1101/1104 3977/940/1105 3742/1102/1106
f 3742/1102/1106 3977/940/1105 3525/1103/1107
f 3736/1104/1108 4238/941/946 3734/1021/1024
f 3522/1105/1109 4624/1024/1027 3730/1025/1028
f 3730/1025/1028 3970/1106/1110 2601/1107/1111
f 3093/1108/1112 3971/1109/1113 3729/841/1112
f 3729/841/850 3091/735/746 3728/1110/1114
f 4234/842/851 4233/1111/1115 3091/735/746
f 3091/735/746 4233/1111/1115 3968/1112/1116
f 3951/1113/1117 4216/1114/1117 3514/1115/1117
f 3513/1031/1035 4413/957/962 3711/1032/1036
f 3946/1116/1118 4207/1117/1118 3944/1118/1118
f 3702/1036/1040 3930/1037/1041 3701/1039/1043
f 3926/1119/1119 3696/1120/1119 3697/1121/1119
f 3691/1122/1120 3919/967/969 3501/1123/1121
f 3919/967/969 4164/968/970 3501/1123/1121
f 3292/1124/1122 3915/750/760 2891/526/531
f 3911/1125/1123 3684/1041/1045 3496/1126/1124
f 3684/1041/1045 3683/754/764 3495/1127/1125
f 3910/860/869 3495/1127/1125 3683/754/764
f 3495/1127/1125 4159/1042/1046 3494/1044/1048
f 3681/1128/1126 3491/1129/1127 3493/1130/1128
f 3678/1131/1129 3903/1132/1130 3901/1133/1131
f 3903/1132/1130 4368/1134/1132 3901/1133/1131
f 4368/1134/1132 4365/1135/1133 3901/1133/1131
f 4368/1134/1132 4542/1136/1134 4365/1135/1133
f 4356/1137/1135 4367/769/780 3893/771/782
f 3668/1050/1053 4354/1138/1136 4349/1139/1137
f 4721/1140/1138 4715/1141/1138 4526/1142/1138
f 4520/1054/1057 4703/1055/1058 4519/1143/1139
f 4703/1055/1058 4702/1056/1059 4519/1143/1139
f 4519/1143/1139 4702/1056/1059 4518/1144/1140
f 4702/1056/1059 4898/986/987 4518/1144/1140
f 5416/890/896 4701/988/989 4515/1057/1060
f 4514/1145/1141 4701/988/989 4897/1146/1142
f 4895/1147/1143 5139/1059/1062 4507/1148/1144
f 5139/1059/1062 4697/1058/1061 4507/1148/1144
f 4692/1149/1145 5136/1060/1063 4894/1150/1146
f 4894/1150/1146 5136/1060/1063 4892/1151/1147
f 4886/1061/1064 4491/1063/1066 4493/1152/1148
f 4676/1153/1149 4874/1064/1067 4675/1066/1069
f 4674/1154/1150 4869/1155/1151 4672/1156/1152
f 4869/1155/1151 4866/1157/1153 4672/1156/1152
f 4866/1157/1153 4864/1158/1154 4672/1156/1152
f 4671/1159/1155 4865/1069/1072 4670/1160/1156
f 4865/1069/1072 4863/1068/1071 4670/1160/1156
f 4862/999/1001 4861/906/910 4669/1161/1157
f 4861/906/910 4858/1162/1158 4669/1161/1157
f 4670/1160/1159 4859/1163/1160 4668/1164/1161
f 4667/1165/1162 4856/1073/1076 4300/1166/1163
f 4856/1073/1076 4664/1074/1077 4300/1166/1163
f 4853/1076/1079 4661/1078/1081 4482/1167/1164
s 0
f 4852/1168/1165 4850/1079/1165 4656/1169/1165
s 1
f 4655/1170/1166 4849/1080/1167 4293/1088/1090
f 4849/1080/1167 4845/1082/1087 4293/1088/1090
f 4465/1171/1168 4649/1092/1094 4268/1010/1013
f 4268/1010/1013 4644/1095/1097 4264/1172/1169
f 4643/1096/1099 4640/1097/1100 4457/1173/1170
f 4026/1174/1171 4453/1175/1172 4256/1176/1173
f 4021/1177/1174 4024/1178/1175 3597/1179/1176
f 4244/1098/1101 3321/1180/1177 4020/1181/1178
f 3321/1180/1177 3542/1182/1179 4020/1181/1178
f 4020/1181/1178 3542/1182/1179 3988/1183/1180
f 3989/1184/1181 3990/1185/1182 3543/1186/1183
f 3543/1186/1183 3990/1185/1182 3750/1187/1184
f 3751/1187/1185 3990/1185/1182 3749/1188/1186
f 3990/1185/1182 3989/1184/1181 3749/1188/1186
f 4244/1098/1101 3748/836/845 3321/1180/1177
f 3107/1099/1102 3987/938/943 3746/1189/1187
f 3987/938/943 3985/1190/1188 3746/1189/1187
f 3982/1191/1189 3539/1192/1190 3746/1189/1187
f 3538/1100/1103 3528/840/849 3534/1193/1191
f 3528/840/849 3744/1194/1192 3534/1193/1191
f 2601/1107/1111 3970/1106/1110 3093/1195/1193
f 3968/1112/1116 3962/1196/1194 3091/735/746
f 3962/1196/1194 3521/1197/1195 3091/735/746
f 3519/1198/1196 3954/1199/1196 3722/1200/1196
f 3953/947/952 3952/948/953 3723/1200/1197
f 3952/948/953 3719/1201/1198 3723/1200/1197
f 3705/1202/1199 3703/1203/1200 3296/1204/1199
f 3504/1034/1038 3702/1036/1040 3298/1205/1201
f 3702/1036/1040 3701/1039/1043 3298/1205/1201
f 3701/1039/1043 3699/1206/1202 3298/1205/1201
f 3503/1207/1203 3694/1208/1204 3502/1209/1205
f 3084/1210/1206 3294/1211/1207 3292/1124/1122
f 3497/858/867 3291/1212/1208 2891/526/531
f 3497/858/1209 3496/1126/1124 3080/1213/1210
f 3496/1126/1124 3684/1041/1045 3495/1127/1125
f 3495/1127/1125 3494/1044/1048 2578/1214/1211
f 2578/1214/1211 3494/1044/1048 3290/1215/1212
f 3289/1216/1213 3493/1130/1128 3491/1129/1127
f 3489/1045/1049 3680/862/871 3281/1217/1214
f 3680/862/871 3679/1218/1215 3281/1217/1214
f 3679/1218/1215 3904/1219/1216 3281/1217/1214
f 3904/1219/1216 3275/1220/1217 3281/1217/1214
f 3486/1221/1218 3281/1217/1214 3275/1220/1217
f 4360/1222/1219 4357/1223/1220 4141/1224/1221
f 4738/1051/1054 4936/1225/1222 3668/1050/1053
f 4936/1225/1222 4354/1138/1136 3668/1050/1053
f 4133/1226/1223 4338/1227/1224 4337/1228/1225
f 4127/1229/1226 4337/1230/1227 4330/1231/1228
f 4330/1231/1228 4337/1230/1227 4114/1232/1229
f 4519/1143/1139 4518/1144/1140 4329/1233/1230
f 4515/1057/1060 4701/988/989 4514/1145/1141
f 4514/1145/1141 4897/1146/1142 4510/1234/1231
f 4897/1146/1142 4896/1235/1232 4510/1234/1231
f 4896/1235/1232 4509/1236/1233 4510/1234/1231
f 4896/1235/1232 4895/1147/1234 4509/1236/1233
f 4697/1058/1061 5136/1060/1063 4501/1237/1235
f 4501/1237/1235 5136/1060/1063 4692/1149/1145
f 4690/1238/1236 4890/1239/1237 4685/1240/1238
f 4491/1063/1066 4680/1241/1239 4489/1242/1240
f 4673/1243/1241 4486/1244/1242 4489/1242/1240
f 4671/1159/1155 4670/1160/1156 4487/1245/1243
f 4670/1160/1159 4668/1164/1161 4488/1245/1244
f 4482/1167/1164 4661/1078/1081 4296/1246/1245
s 0
f 4662/1247/1246 4659/1248/1246 4480/1249/1246
s 1
f 4479/1250/1247 4655/1170/1166 4293/1088/1090
f 4653/1091/1093 4650/928/933 4474/1251/1248
f 4474/1251/1248 4650/928/933 4468/1252/1249
f 4649/1092/1094 4465/1171/1168 4470/1253/1250
f 4281/1254/1251 4465/1171/1168 4268/1010/1013
f 3618/1255/1252 4266/1256/1253 3833/1257/1254
f 3825/1258/1255 4026/1174/1171 3603/1259/1256
f 4026/1174/1171 4256/1176/1173 3603/1259/1256
f 4256/1176/1173 4025/1260/1257 3603/1259/1256
f 3603/1259/1256 4025/1260/1257 4021/1177/1174
f 4020/1181/1178 3988/1183/1180 4009/1261/1258
f 4009/1261/1258 3988/1183/1180 3807/1262/1259
f 3988/1183/1180 4245/1263/1260 3807/1262/1259
f 3989/1184/1181 3543/1186/1183 3808/1264/1261
f 3546/1265/1262 3997/1266/1263 3755/1267/1264
f 3543/1186/1183 3750/1187/1184 3109/1268/1265
f 3748/836/845 3107/1099/1102 3321/1180/1177
f 3746/1189/1187 3539/1192/1190 3107/1099/1102
f 3536/1269/1266 3538/1100/1103 3534/1193/1191
f 3534/1193/1191 3744/1194/1192 3532/1270/1267
f 3744/1194/1192 3528/840/849 3530/1271/1268
f 3736/1104/1108 3734/1021/1024 3314/1272/1269
f 3314/1272/1269 3734/1021/1024 3311/1273/1270
f 3728/1110/1114 3091/735/746 3092/1274/1271
f 2903/1275/1272 3521/1197/1195 3309/1276/1273
f 3723/1200/1197 3719/1201/1198 3520/1277/1274
f 3502/1278/1275 3500/1279/1275 3299/1280/1276
f 2891/526/531 3291/1212/1208 3082/1281/1277
f 3080/1213/1210 3496/1126/1124 2578/1214/1211
f 3496/1126/1124 3495/1127/1125 2578/1214/1211
f 2733/1282/1278 2578/1214/1211 2887/1283/1279
f 2578/1214/1211 3290/1215/1212 2887/1283/1279
f 3078/1284/1280 3493/1130/1128 2729/1285/1281
f 2729/1285/1281 3493/1130/1128 3289/1216/1213
f 3278/1286/1282 3485/1287/1283 3276/1288/1284
f 3486/1221/1218 3275/1220/1217 3071/1289/1285
f 3899/1290/1286 2712/1291/1287 3483/1292/1288
f 2712/1291/1287 4145/1293/1289 4143/1294/1290
f 4357/1223/1220 4355/1295/1291 4141/1224/1221
f 4141/1224/1221 4355/1295/1291 4139/1296/1292
f 3668/1050/1053 4349/1139/1137 4138/1297/1293
f 4133/1226/1223 4337/1228/1225 4132/1298/1294
f 4337/1230/1227 4127/1229/1226 4131/1299/1295
f 4329/1233/1296 4515/1057/1060 4514/1145/1141
f 4326/1300/1297 4513/1301/1298 4512/1302/1299
f 4313/1303/1300 4512/1302/1299 4504/1304/1301
f 4081/1305/1302 4313/1303/1300 4499/1306/1303
f 4501/1237/1235 4692/1149/1145 4498/1307/1304
f 4692/1149/1145 4494/1308/1305 4498/1307/1304
f 4310/1309/1306 4691/1310/1307 4308/1311/1308
f 4308/1311/1308 4691/1310/1307 4073/1312/1309
f 4691/1310/1307 4690/1238/1236 4073/1312/1309
f 4690/1238/1236 4685/1240/1238 4073/1312/1309
f 4073/1312/1309 4685/1240/1238 4307/1313/1310
f 4493/1152/1148 4491/1063/1066 4301/1314/1311
f 4301/1314/1311 4491/1063/1066 4066/1315/1312
f 4491/1063/1066 4489/1242/1240 4066/1315/1312
f 4489/1242/1240 4486/1244/1242 4066/1315/1312
f 4066/1315/1312 4486/1244/1242 4062/1316/1313
f 4300/1166/1163 4664/1074/1077 4061/1317/1314
f 4059/1318/1315 4482/1167/1164 4052/1319/1316
f 4052/1319/1316 4482/1167/1164 4296/1246/1245
f 4479/1250/1247 4293/1088/1090 4049/1320/1317
f 4476/1321/1318 4475/1251/1318 4295/1322/1319
s 0
f 4292/1323/1320 4473/1324/1320 4289/1325/1320
s 1
f 4474/1251/1248 4468/1252/1249 4286/1326/1321
f 4468/1252/1249 4284/1327/1322 4286/1326/1321
f 4281/1254/1251 4268/1010/1013 4278/1328/1323
f 4278/1328/1323 4268/1010/1013 4276/1329/1324
f 3833/1257/1325 4263/1330/1326 3826/1331/1327
f 4263/1330/1326 4456/1332/1328 3826/1331/1327
f 3826/1331/1327 4456/1332/1328 4026/1174/1171
f 3603/1259/1256 4021/1177/1174 3597/1179/1176
f 3808/1264/1261 3543/1186/1183 3804/1333/1329
f 7108/1334/1330 7114/1335/1331 3787/1336/1332
f 3787/1336/1332 7114/1335/1331 7103/1337/1333
f 3784/1338/1334 7103/1337/1333 7100/1339/1335
f 3560/1340/1336 7095/1341/1337 7092/1342/1338
f 7093/1343/1339 7111/1344/1340 7091/1345/1341
f 7111/1344/1340 7088/1346/1342 7091/1345/1341
f 3772/1347/1343 7089/1348/1344 7086/1349/1344
f 7106/1350/1345 7107/1351/1345 7086/1352/1345
f 7108/1334/1330 3787/1336/1332 3788/1353/1346
f 3788/1353/1346 3787/1336/1332 3570/1354/1347
f 3787/1336/1332 7103/1337/1333 3784/1338/1334
f 7095/1341/1337 3560/1340/1336 3774/1355/1348
f 7092/1342/1338 7090/1356/1349 3560/1340/1336
f 3560/1340/1336 7090/1356/1349 3773/1357/1350
f 7091/1345/1341 7088/1346/1342 3770/1358/1351
f 3554/1359/1352 3574/1360/1353 3762/1361/1354
f 3574/1360/1353 3798/1362/1355 3762/1361/1354
f 3762/1361/1354 3798/1362/1355 3759/1363/1356
f 3793/1364/1357 3386/1365/1358 3388/1366/1359
f 3364/1367/1360 3570/1354/1347 3567/1368/1361
f 3570/1354/1347 3787/1336/1332 3567/1368/1361
f 3358/1369/1362 3567/1368/1361 3566/1370/1363
f 3360/1371/1364 3781/1372/1365 3145/1373/1364
f 3562/1374/1366 3774/1355/1348 3560/1340/1336
f 3773/1357/1350 3766/1375/1367 3560/1340/1336
f 3757/1376/1368 3546/1265/1262 3137/1377/1369
f 3755/1267/1264 3544/1378/1370 3546/1265/1262
f 3546/1265/1262 3544/1378/1370 3116/1379/1371
f 3110/1380/1372 3544/1378/1370 3324/1381/1373
f 3322/1382/1374 3543/1186/1183 3109/1268/1265
f 3108/1383/1375 3321/1180/1177 3107/1099/1102
f 3539/1192/1190 3535/1384/1376 3107/1099/1102
f 3533/1385/1377 3531/1386/1378 3100/1387/1379
f 3100/1387/1379 3531/1386/1378 3315/1388/1380
f 3531/1386/1378 3529/1389/1381 3315/1388/1380
f 3529/1389/1381 3742/1102/1106 3315/1388/1380
f 3742/1102/1106 3525/1103/1107 3315/1388/1380
f 3733/1390/1382 3522/1105/1109 2905/1391/1383
f 2905/1391/1383 3522/1105/1109 3730/1025/1028
f 3091/735/746 3521/1197/1195 2903/1275/1272
f 3302/1392/1384 2898/1393/1385 3303/1394/1386
f 3302/1392/1384 3301/1395/1387 2898/1393/1385
f 2898/1393/1385 3301/1395/1387 3088/1396/1388
f 3088/1396/1388 3294/1211/1207 3084/1210/1206
f 3084/1210/1206 3292/1124/1122 2891/526/531
f 3291/1212/1208 2734/1397/1389 3082/1281/1277
f 2887/1283/1279 3290/1215/1212 3079/1398/1390
f 2729/1285/1281 3289/1216/1213 2727/1399/1391
f 3071/1289/1285 3275/1220/1217 2883/1400/1392
f 3275/1220/1217 3274/1401/1393 2883/1400/1392
f 2883/1402/1394 3273/1403/1395 3269/1404/1396
f 3272/1405/1397 3483/1292/1288 3480/1406/1398
f 2712/1291/1287 4143/1294/1290 3897/1407/1399
f 4139/1296/1400 3670/1408/1401 3894/1409/1402
f 4126/1410/1403 4123/1411/1404 3892/1412/1405
f 3888/1413/1406 4330/1231/1228 4114/1232/1229
f 4114/1232/1407 4513/1301/1298 4328/1414/1408
f 4328/1414/1408 4513/1301/1298 4327/1415/1409
f 4327/1415/1409 4513/1301/1298 4326/1300/1297
f 4314/1416/1410 4326/1300/1297 4093/1417/1411
f 4512/1302/1299 4313/1303/1300 4326/1300/1297
f 3867/1418/1412 4301/1314/1311 4066/1315/1312
f 3851/1419/1413 4059/1318/1315 4052/1319/1316
f 4052/1319/1316 4296/1246/1245 4048/1420/1414
f 4049/1320/1317 4293/1088/1090 4046/1421/1415
s 0
f 4294/1323/1416 4291/1325/1416 4047/1421/1416
s 1
f 4046/1421/1415 4290/1325/1417 4041/1422/1418
f 3630/1423/1419 4044/1424/1420 4035/1425/1421
s 0
f 4045/1424/1422 4287/1426/1422 4039/1427/1422
s 1
f 4286/1326/1321 4284/1327/1322 4038/1427/1423
f 4284/1327/1322 4280/1428/1424 4038/1427/1423
s 0
f 4282/1428/1425 4277/1429/1425 4037/1427/1425
f 4040/1430/1426 4279/1328/1426 4036/1431/1426
s 1
f 4278/1328/1323 4276/1329/1324 4034/1431/1427
f 4034/1431/1427 4276/1329/1324 4032/1432/1428
f 4026/1174/1171 3825/1258/1255 3826/1331/1327
f 3603/1259/1256 3597/1179/1176 3409/1433/1429
f 3597/1179/1176 3819/1434/1430 3405/1435/1431
f 3590/1436/1432 3801/1437/1433 3402/1438/1434
f 3801/1437/1433 3759/1363/1356 3399/1439/1435
f 3759/1363/1356 3798/1362/1355 3399/1439/1435
f 3390/1440/1436 3389/1441/1437 3181/1442/1438
f 3583/1443/1439 3581/1444/1440 3178/1445/1441
f 3581/1444/1440 3575/1446/1442 3178/1445/1441
f 3385/1447/1443 3571/1448/1444 2806/1449/1445
f 2806/1450/1446 3570/1354/1347 3364/1367/1360
f 2968/1451/1447 3364/1367/1360 3384/1452/1448
f 3383/1453/1449 3384/1452/1448 3370/1454/1450
f 3370/1454/1450 3384/1452/1448 3364/1367/1360
f 3364/1367/1360 3567/1368/1361 3358/1369/1362
f 3562/1374/1366 3560/1340/1336 3142/1455/1451
f 3137/1377/1369 3546/1265/1262 3326/1456/1452
f 3546/1265/1262 3116/1379/1371 3326/1456/1452
f 3344/1457/1453 3340/1458/1454 2946/1459/1455
f 3342/1460/1456 3132/1461/1457 2945/1462/1458
f 2945/1462/1458 3132/1461/1457 3133/1463/1459
f 3132/1461/1457 3342/1460/1456 3338/1464/1460
f 3129/1465/1461 3333/1466/1462 3126/1467/1463
f 3125/1/1 3330/3/3 3122/1468/1464
s 0
f 3329/3/1465 3328/1469/1465 3121/1468/1465
f 3120/1468/1466 3327/1469/1466 3118/1470/1466
s 1
f 3117/1471/1467 3326/1456/1452 3116/1379/1371
f 3116/1379/1371 3544/1378/1370 3113/1472/1468
f 3113/1472/1468 3544/1378/1370 3110/1380/1372
f 3324/1381/1373 3322/1382/1374 2757/1473/1469
f 3322/1382/1374 3109/1268/1265 2757/1473/1469
f 3098/1474/1470 3095/1475/1471 2751/1476/1472
f 3314/1272/1269 3311/1273/1270 3095/1475/1471
f 3095/1475/1471 3311/1273/1270 2904/1477/1473
f 2905/1391/1383 3730/1025/1028 2605/1478/1474
f 3730/1025/1028 2601/1107/1111 2603/1479/1475
f 2388/1480/1476 2749/1481/1477 2745/1482/1478
f 3303/1394/1386 2898/1393/1385 3090/1483/1479
f 2898/1393/1385 3088/1396/1388 2897/1484/1480
f 3088/1396/1388 3084/1210/1206 2897/1484/1480
f 2892/1485/1481 3084/1210/1206 2891/526/531
f 3082/1281/1277 2734/1397/1389 2738/1486/1482
f 2738/1486/1482 2734/1397/1389 2736/1487/1483
f 3080/1213/1210 2578/1214/1211 2734/1397/1389
f 2731/1488/1484 3078/1284/1280 2575/1489/1485
f 2575/1489/1485 3078/1284/1280 2729/1285/1281
f 3076/1490/1486 1995/1491/1487 2886/1492/1488
f 2883/1402/1394 3269/1404/1396 2876/1493/1489
f 3480/1406/1398 3483/1292/1288 2712/1291/1287
f 3897/1407/1399 3479/1494/1490 2712/1291/1287
f 3894/1409/1402 3670/1408/1401 3673/1495/1491
f 3673/1495/1491 3670/1408/1401 3671/1496/1492
f 3667/1497/1493 4126/1410/1403 3464/1498/1494
f 4126/1410/1403 3892/1412/1405 3464/1498/1494
f 3463/1499/1495 3890/1500/1496 3462/1501/1497
f 3664/1502/1498 4115/1503/1499 3663/1504/1500
f 3888/1413/1406 4114/1232/1229 4112/1505/1501
f 4114/1232/1229 4327/1415/1409 4112/1505/1501
f 4327/1415/1409 4326/1300/1297 4112/1505/1501
f 4093/1417/1411 4326/1300/1297 4090/1506/1502
f 4326/1300/1297 4313/1303/1300 4090/1506/1502
f 4313/1303/1300 4081/1305/1302 4090/1506/1502
f 4090/1506/1502 4081/1305/1302 4086/1507/1503
f 4086/1507/1503 4081/1305/1302 3882/1508/1504
f 4081/1305/1505 4312/1509/1506 3879/1510/1507
f 4312/1509/1506 4079/1511/1508 3879/1510/1507
f 4308/1311/1308 4073/1312/1309 4075/1512/1509
f 3873/1513/1510 4074/1514/1510 3871/1515/1510
f 4072/1516/1511 4068/1517/1512 3648/1518/1513
f 4068/1517/1512 3865/1519/1514 3648/1518/1513
f 3866/1520/1515 4064/1521/1515 3863/1522/1515
s 0
f 3864/1522/1516 4065/1521/1516 3862/1523/1516
s 1
f 4066/1315/1312 3859/1524/1517 3860/1525/1518
f 3859/1524/1517 4066/1315/1312 3857/1526/1519
f 4066/1315/1312 4062/1316/1313 3857/1526/1519
f 3639/1527/1520 3857/1526/1519 4062/1316/1313
f 4062/1316/1313 4058/1528/1521 3635/1529/1522
f 4053/1530/1523 4050/1531/1524 3848/1532/1523
f 4049/1320/1317 4046/1421/1415 3847/1533/1525
f 3847/1533/1525 4046/1421/1415 3628/1534/1526
f 4046/1421/1415 4041/1422/1418 3628/1534/1526
f 3630/1423/1419 4035/1425/1421 3842/1535/1527
f 3835/1536/1528 4028/1537/1529 3618/1255/1252
f 4028/1537/1529 4027/1538/1530 3618/1255/1252
f 3613/1539/1531 3618/1255/1252 3612/1540/1532
f 3618/1255/1252 3833/1257/1254 3612/1540/1532
f 3833/1257/1254 3834/1541/1533 3612/1540/1532
f 3834/1541/1533 3830/1542/1534 3612/1540/1532
f 3608/1543/1535 3831/1544/1536 3605/1545/1537
f 3604/1546/1538 3824/1547/1539 3193/1548/1540
f 3824/1547/1539 3413/1549/1541 2990/1550/1542
f 3603/1259/1256 3409/1433/1429 3411/1551/1543
f 3409/1433/1429 3597/1179/1176 3405/1435/1431
f 3405/1435/1544 3596/1552/1545 3404/1553/1546
f 3402/1438/1434 3801/1437/1433 3399/1439/1435
f 3400/1554/1547 3581/1444/1440 2983/1555/1548
f 3581/1444/1440 3583/1443/1439 2983/1555/1548
f 3180/1556/1549 3394/1557/1550 3396/1558/1551
f 2979/1559/1552 3394/1557/1550 2811/1560/1553
f 2811/1560/1553 3394/1557/1550 3180/1556/1549
f 3178/1561/1554 3387/1562/1555 3177/1563/1556
f 3388/1366/1359 3386/1365/1358 3175/1564/1557
f 3364/1367/1360 2968/1451/1447 2806/1450/1446
f 2968/1451/1447 3384/1452/1448 3173/1565/1558
f 3384/1452/1448 3382/1566/1559 3173/1565/1558
f 2964/1567/1560 3378/1568/1561 3164/1569/1562
f 3157/1570/1563 3152/1571/1563 2956/1572/1563
f 3147/1573/1564 3356/1574/1565 2953/1575/1565
f 3142/1455/1451 3560/1340/1336 2948/1576/1566
f 3137/1377/1369 3326/1456/1452 2946/1459/1455
f 3326/1456/1452 3344/1457/1453 2946/1459/1455
f 2945/1462/1458 3133/1463/1459 3135/1577/1567
f 2937/1578/1568 3129/1465/1461 2934/1579/1569
f 3129/1465/1461 3126/1467/1463 2934/1579/1569
f 2935/1580/1570 3119/1470/1571 2931/1581/1571
s 0
f 3114/1582/1572 3112/1472/1572 2927/1583/1572
s 1
f 2921/1584/1573 2930/1585/1574 2762/1586/1575
f 2762/1586/1575 2930/1585/1574 2760/1587/1576
f 3113/1472/1468 3110/1380/1372 2919/1588/1577
f 3110/1380/1372 3324/1381/1373 2757/1473/1469
f 3109/1268/1265 2917/1589/1578 2757/1473/1469
f 3108/1383/1375 3107/1099/1102 2915/1590/1579
f 3107/1099/1102 3104/1591/1580 2915/1590/1579
f 2916/1590/1581 3106/1592/1581 2913/1593/1582
f 2910/1594/1583 3102/1595/1584 3100/1596/1585
f 2906/1597/1586 3098/1474/1470 2751/1476/1472
f 2751/1476/1472 3095/1475/1471 2904/1477/1473
f 2605/1478/1474 3730/1025/1028 2603/1479/1475
f 2601/1107/1111 3093/1195/1193 2748/1598/1587
f 2899/1599/1588 2380/1600/1589 2745/1482/1478
f 2595/1601/1590 2745/1482/1478 2380/1600/1589
f 2380/1600/1589 2899/1599/1588 2742/1602/1591
f 2380/1600/1589 2742/1602/1591 2889/1603/1592
f 2367/1604/1593 2889/1603/1592 2735/1605/1594
f 2736/1487/1483 2734/1397/1389 2580/1606/1595
f 2876/1493/1489 2720/1607/1596 2883/1402/1394
f 3268/1608/1597 3480/1406/1398 2712/1291/1287
f 3671/1496/1492 3670/1408/1401 3263/1609/1598
f 3670/1408/1401 3473/1610/1599 3263/1609/1598
f 3470/1611/1600 3668/1050/1053 3255/1612/1601
f 3668/1050/1053 4138/1297/1293 3255/1612/1601
f 3251/1613/1602 3255/1612/1601 3466/1614/1603
f 3255/1612/1601 3050/1615/1604 3466/1614/1603
f 3255/1612/1601 4138/1297/1293 3465/1616/1605
f 3465/1616/1605 3667/1497/1493 2562/1617/1606
f 3667/1497/1493 3464/1498/1494 2562/1617/1606
f 3463/1499/1495 3462/1501/1497 3246/1618/1607
f 3664/1502/1498 3663/1504/1500 3455/1619/1608
f 3662/1620/1609 4113/1621/1610 3454/1622/1611
f 3453/1623/1612 4103/1624/1613 3661/1625/1614
f 3879/1510/1507 4079/1511/1508 3230/1626/1615
f 3230/1626/1615 4079/1511/1508 3652/1627/1616
f 3870/1628/1617 4072/1516/1511 3650/1629/1618
f 4072/1516/1511 3648/1518/1513 3650/1629/1618
f 3445/1630/1619 3644/1631/1620 3648/1518/1513
f 3865/1519/1514 3643/1632/1621 3648/1518/1513
f 3861/1633/1622 3444/1634/1623 3643/1632/1621
f 3639/1527/1520 4062/1316/1313 3637/1635/1624
f 4062/1316/1313 3635/1529/1522 3637/1635/1624
f 3852/1636/1625 3847/1533/1525 3017/1637/1626
f 3017/1637/1626 3847/1533/1525 3628/1534/1526
f 3435/1638/1627 3835/1536/1528 3622/1639/1628
f 3835/1536/1528 3618/1255/1252 3622/1639/1628
f 3622/1639/1628 3618/1255/1252 3620/1640/1629
f 3620/1640/1629 3618/1255/1252 3425/1641/1630
f 3618/1255/1252 3613/1539/1531 3425/1641/1630
f 3419/1642/1631 3610/1643/1632 3006/1644/1633
f 3006/1644/1633 3610/1643/1632 3416/1645/1634
f 3417/1646/1635 3608/1543/1636 3414/1647/1637
f 3609/1648/1638 3606/1649/1639 3415/1650/1640
f 3606/1649/1639 3604/1546/1538 3415/1650/1640
f 3604/1546/1538 3193/1548/1540 3415/1650/1640
f 3415/1650/1640 3193/1548/1540 3198/1651/1641
f 3193/1548/1540 3824/1547/1539 2994/1652/1642
f 2994/1652/1642 3824/1547/1539 2990/1550/1542
f 2990/1550/1542 3413/1549/1541 2826/1653/1643
f 2826/1653/1643 3413/1549/1541 2987/1654/1644
f 2987/1654/1644 3413/1549/1541 3191/1655/1645
f 3405/1435/1544 3404/1553/1546 3188/1656/1646
f 3401/1657/1647 3400/1554/1547 2983/1555/1548
f 2978/1658/1648 3179/1659/1649 2810/1660/1650
f 2808/1661/1651 3178/1561/1554 3177/1563/1556
f 2974/1662/1652 3174/1663/1653 2973/1664/1654
f 2968/1451/1447 3173/1565/1558 2965/1665/1655
f 3379/1666/1656 2788/1667/1657 2966/1668/1656
f 2964/1567/1560 3164/1569/1562 2633/1669/1658
f 2633/1669/1658 3164/1569/1562 2963/1670/1659
f 2633/1669/1658 2963/1670/1659 2959/1671/1660
f 2627/1672/1661 3137/1377/1369 2946/1459/1455
f 2945/1462/1458 3135/1577/1567 2771/1673/1662
f 2768/1674/1663 2937/1578/1568 2934/1579/1569
f 2933/1675/1664 2929/1676/1665 2764/1677/1666
f 2929/1676/1665 2926/1678/1667 2764/1677/1666
f 2922/1679/1668 2617/1680/1669 2618/1681/1670
f 2615/1682/1671 2762/1586/1575 2760/1587/1576
f 2917/1589/1578 2913/1683/1672 2757/1473/1469
f 2913/1683/1672 2912/1684/1673 2757/1473/1469
f 2911/1685/1674 2910/1594/1583 3100/1596/1585
f 2612/1686/1675 2906/1687/1676 2754/1688/1677
f 2605/1478/1474 2603/1479/1475 2604/1689/1678
f 2380/1600/1589 2889/1603/1592 2375/1690/1679
f 2375/1690/1679 2889/1603/1592 2367/1604/1593
f 2735/1605/1594 2360/1691/1680 2367/1604/1593
f 2580/1606/1595 2734/1397/1389 2578/1214/1211
f 2578/1214/1211 2733/1282/1278 2577/1692/1681
f 2732/1693/1682 2731/1488/1484 2349/1694/1683
f 2349/1694/1683 2731/1488/1484 2575/1489/1485
f 2147/1695/1684 2730/1696/1685 1804/1697/1686
f 2345/1698/1687 2886/1492/1488 1995/1491/1487
f 2725/1699/1688 2721/1700/1689 1995/1491/1487
f 2725/1699/1688 2722/1701/1690 2721/1700/1689
f 2875/1702/1691 3268/1608/1597 2714/1703/1692
f 3479/1494/1490 3476/1704/1693 2712/1291/1287
f 2712/1291/1287 3476/1704/1693 3066/1705/1694
f 3263/1609/1598 3473/1610/1599 3260/1706/1695
f 3473/1610/1599 3257/1707/1696 3260/1706/1695
f 3249/1708/1697 3257/1707/1696 3252/1709/1698
f 3252/1709/1698 3468/1710/1699 3249/1708/1697
f 3056/1711/1700 3248/1712/1701 3247/1713/1700
f 3050/1615/1604 3255/1612/1601 2863/1714/1702
f 2863/1714/1702 3255/1612/1601 2562/1617/1606
f 3255/1612/1601 3465/1616/1605 2562/1617/1606
f 3464/1498/1494 3049/1715/1703 2562/1617/1606
f 3047/1716/1704 3665/1717/1705 3460/1718/1706
f 3461/1719/1707 3664/1502/1498 3455/1619/1608
f 3455/1619/1608 3663/1504/1500 3456/1720/1708
f 3457/1721/1709 3662/1620/1609 3454/1622/1611
f 3445/1630/1619 3648/1518/1513 3444/1634/1623
f 3648/1518/1513 3643/1632/1621 3444/1634/1623
f 3444/1634/1623 3640/1722/1710 3213/1723/1711
f 3637/1635/1624 3635/1529/1522 3441/1724/1712
f 3017/1637/1626 3628/1534/1526 3211/1725/1713
f 3435/1638/1627 3622/1639/1628 3433/1726/1714
f 3208/1727/1715 3013/1728/1716 3423/1729/1717
f 3013/1728/1716 3208/1727/1715 3010/1730/1718
f 3419/1642/1631 3006/1644/1633 3208/1727/1715
f 3206/1731/1719 3418/1646/1720 3002/1732/1719
f 3417/1646/1635 3414/1647/1637 3202/1733/1721
f 3415/1650/1640 3198/1651/1641 3203/1734/1721
f 3203/1734/1721 3198/1651/1641 3200/1735/1722
f 2997/1736/1723 3194/1737/1724 2827/1738/1725
f 2821/1739/1726 2987/1654/1727 2985/1740/1728
f 2984/1741/1729 3186/1742/1730 2655/1743/1731
f 3187/1744/1732 2983/1745/1733 2458/1746/1734
f 2458/1746/1734 2983/1745/1733 2815/1747/1735
f 2978/1658/1648 2810/1660/1650 2652/1748/1736
f 2808/1661/1651 3177/1563/1556 2644/1749/1737
f 3176/1750/1738 2976/1751/1739 2807/1752/1739
f 2975/1753/1740 2804/1754/1741 2643/1755/1742
f 2806/1450/1446 2968/1451/1447 2803/1756/1743
f 2801/1757/1744 2799/1758/1744 2642/1759/1744
f 2969/1760/1745 2966/1668/1746 2794/1761/1746
f 2446/1762/1747 2964/1567/1560 2633/1669/1658
f 2627/1672/1661 2946/1459/1455 2440/1763/1748
f 2946/1459/1455 2775/1764/1749 2440/1763/1748
f 2945/1462/1458 2771/1673/1662 2441/1765/1750
f 2772/1766/1751 2441/1765/1750 2771/1673/1662
f 2768/1674/1663 2934/1579/1569 2420/1767/1752
f 2070/1768/1753 2419/1769/1754 2618/1681/1670
f 2070/1768/1753 2618/1681/1670 2617/1680/1669
f 2225/1770/1755 2758/1771/1756 2612/1686/1675
f 2612/1686/1675 2754/1688/1677 2414/1772/1757
f 2602/1773/1758 2749/1481/1477 2397/1774/1759
f 2397/1774/1759 2749/1481/1477 2599/1775/1760
f 2749/1481/1477 2388/1480/1476 2599/1775/1760
f 2388/1480/1476 2745/1482/1478 2195/1776/1761
f 2745/1482/1478 2595/1601/1590 2195/1776/1761
f 2360/1691/1680 2735/1605/1594 2182/1777/1762
f 2735/1605/1594 2356/1778/1763 2182/1777/1762
f 2357/1779/1764 2579/1780/1765 2354/1781/1766
f 2178/1782/1767 2578/1214/1211 2351/1783/1768
f 2578/1214/1211 2577/1692/1681 2351/1783/1768
f 2161/1784/1769 2349/1694/1683 2575/1489/1485
f 2148/1785/1770 2576/1786/1770 2346/1787/1770
f 2147/1695/1684 1804/1697/1686 1714/1788/1771
f 2345/1698/1687 1995/1491/1487 1804/1697/1686
f 1995/1491/1487 2721/1700/1689 2343/1789/1772
f 3268/1608/1597 2712/1291/1287 2714/1703/1692
f 3260/1706/1695 3257/1707/1696 3249/1708/1697
f 3050/1615/1604 2863/1714/1702 2865/1790/1773
f 2861/1791/1774 3461/1719/1707 3241/1792/1775
f 3461/1719/1707 3455/1619/1608 3241/1792/1775
f 2860/1793/1776 3457/1721/1709 3454/1622/1611
f 3453/1623/1612 3661/1625/1614 3240/1794/1777
f 3240/1794/1777 3660/1795/1778 2121/1796/1779
f 3660/1795/1778 3880/1797/1780 2121/1796/1779
f 3652/1627/1616 3649/1798/1781 3230/1626/1615
f 3230/1626/1615 3649/1798/1781 3450/1799/1782
f 3646/1800/1783 3449/1801/1784 3450/1799/1782
f 3450/1799/1782 3449/1801/1784 2837/1802/1785
f 2837/1802/1785 3449/1801/1784 3219/1803/1786
f 3445/1630/1619 3444/1634/1623 3215/1804/1787
f 3215/1804/1787 3444/1634/1623 3018/1805/1788
f 3018/1805/1788 3444/1634/1623 3213/1723/1711
f 3210/1806/1789 3423/1729/1717 3016/1807/1790
f 3423/1729/1717 3013/1728/1716 3016/1807/1790
f 3010/1730/1718 3208/1727/1715 3008/1808/1791
f 3208/1727/1715 3006/1644/1633 3008/1808/1791
f 3008/1808/1791 3006/1644/1633 3007/1809/1792
f 3005/1810/1793 2997/1736/1723 2667/1811/1794
f 2667/1811/1794 2997/1736/1723 2827/1738/1725
f 2821/1739/1726 2985/1740/1728 2816/1812/1795
f 2985/1740/1728 2984/1741/1729 2816/1812/1795
f 2816/1812/1795 2984/1741/1729 2656/1813/1796
f 2984/1741/1729 2655/1743/1731 2656/1813/1796
f 2458/1746/1734 2815/1747/1735 2654/1814/1797
f 2651/1815/1798 2808/1661/1651 2644/1749/1737
f 2640/1816/1799 2798/1817/1800 2639/1818/1801
f 2441/1765/1750 2772/1766/1751 2625/1819/1802
f 2770/1820/1803 2768/1674/1663 2421/1821/1804
f 2421/1821/1804 2768/1674/1663 2420/1767/1752
f 2225/1770/1755 2612/1686/1675 2416/1822/1805
f 2612/1686/1675 2414/1772/1757 2416/1822/1805
f 2406/1823/1806 2609/1824/1807 2219/1825/1808
f 2609/1824/1807 2606/1826/1809 2219/1825/1808
f 2218/1827/1810 2405/1828/1811 2215/1829/1812
f 2403/1830/1813 2602/1773/1758 2401/1831/1814
f 2401/1831/1814 2602/1773/1758 2400/1832/1815
f 2400/1832/1815 2602/1773/1758 2397/1774/1759
f 2188/1833/1816 2185/1834/1817 1723/1835/1818
f 1909/1836/1819 2184/1837/1820 1812/1838/1821
f 2182/1777/1762 2356/1778/1763 2033/1839/1822
f 2165/1840/1823 2162/1841/1824 2019/1842/1825
f 2161/1784/1769 2575/1489/1485 2155/1843/1826
f 2575/1489/1485 2149/1844/1827 2155/1843/1826
f 2006/1845/1828 2012/1846/1829 2000/1847/1830
f 2012/1846/1829 2150/1848/1831 2000/1847/1830
f 2720/1607/1596 2876/1493/1489 2717/1849/1832
f 2712/1291/1287 3066/1705/1694 2564/1850/1833
f 3066/1705/1694 3061/1851/1834 2564/1850/1833
f 3061/1851/1834 3058/1852/1835 2564/1850/1833
s 0
f 2872/1853/1836 3052/1854/1836 2869/1855/1836
s 1
f 3054/1854/1837 2867/1856/1838 2710/1857/1837
f 2562/1617/1606 3049/1715/1703 2134/1858/1839
f 3454/1622/1611 3453/1623/1612 3240/1794/1777
f 2121/1796/1779 3880/1797/1780 2558/1859/1840
f 3044/1860/1841 2558/1859/1840 3880/1797/1780
f 3044/1860/1841 3880/1797/1780 3238/1861/1842
f 3230/1626/1615 3450/1799/1782 3036/1862/1843
f 3036/1862/1843 3450/1799/1782 3030/1863/1844
f 3450/1799/1782 2837/1802/1785 3030/1863/1844
f 3025/1864/1845 3030/1863/1844 2837/1802/1785
f 3219/1803/1786 3221/1865/1846 2837/1802/1785
f 3221/1865/1846 2836/1866/1847 2837/1802/1785
f 3018/1805/1788 3213/1723/1711 3017/1637/1626
f 3017/1637/1626 3211/1725/1713 2537/1867/1848
f 3211/1725/1713 3210/1806/1789 2537/1867/1848
f 3210/1806/1789 3016/1807/1790 2537/1867/1848
f 3005/1810/1793 2667/1811/1794 2830/1868/1849
f 2667/1811/1794 2827/1738/1725 2486/1869/1850
f 2486/1869/1850 2827/1738/1725 2664/1870/1851
f 2825/1871/1852 2658/1872/1853 2664/1870/1854
f 2664/1870/1854 2658/1872/1853 2284/1873/1855
f 2476/1874/1856 2288/1875/1857 2284/1873/1855
f 2654/1814/1797 2651/1815/1798 2458/1746/1734
f 2651/1815/1798 2644/1749/1737 2458/1746/1734
f 2253/1876/1858 2637/1877/1859 2249/1878/1860
f 2249/1878/1860 2637/1877/1859 2446/1879/1861
f 2446/1762/1747 2633/1669/1658 2247/1880/1862
f 2627/1672/1661 2440/1763/1748 2244/1881/1863
f 2441/1765/1750 2625/1819/1802 2423/1882/1864
f 2436/1883/1865 2242/1884/1866 2428/1885/1867
f 2242/1884/1866 2426/1886/1868 2428/1885/1867
f 2419/1769/1754 2070/1768/1753 1846/1887/1869
f 2418/1888/1870 2616/1889/1870 2226/1890/1870
f 2225/1770/1755 2416/1822/1805 1939/1891/1871
f 2408/1892/1872 2406/1823/1806 2220/1893/1873
f 2220/1893/1873 2406/1823/1806 1937/1894/1874
f 2406/1823/1806 2219/1825/1808 1937/1894/1874
f 2219/1825/1808 2218/1827/1810 1935/1895/1875
f 2208/1896/1876 2403/1830/1813 2401/1831/1814
f 2036/1897/1877 2188/1833/1816 1723/1835/1818
f 2185/1834/1817 1909/1836/1819 1723/1835/1818
f 1812/1838/1821 2184/1837/1820 1811/1898/1878
f 2165/1840/1823 2019/1842/1825 2029/1899/1879
f 2019/1842/1825 2162/1841/1824 2012/1846/1829
f 2161/1784/1769 2155/1843/1826 2018/1900/1880
f 1997/1901/1881 1807/1902/1882 1999/1903/1883
f 1996/1904/1884 2147/1695/1684 1714/1788/1771
f 1804/1697/1686 1995/1491/1487 1622/1905/1885
f 2720/1607/1596 2717/1849/1832 2145/1906/1886
f 2717/1849/1832 2572/1907/1887 2145/1906/1886
f 2571/1908/1888 2714/1703/1692 2565/1909/1889
f 2864/1910/1890 2862/1911/1891 2709/1912/1891
f 2134/1858/1839 3049/1715/1703 3046/1913/1892
f 2861/1791/1774 3241/1792/1775 3046/1913/1892
f 3046/1913/1892 3241/1792/1775 2705/1914/1893
f 3241/1792/1775 2860/1793/1776 2705/1914/1893
f 2860/1793/1776 3454/1622/1611 2705/1914/1893
f 2705/1914/1893 3454/1622/1611 2125/1915/1894
f 3454/1622/1611 3240/1794/1777 2125/1915/1894
f 3239/1916/1895 3039/1917/1896 3041/1918/1897
f 2855/1919/1898 3228/1920/1899 2854/1921/1900
f 2841/1922/1901 2850/1923/1902 2837/1802/1903
f 2850/1923/1902 2852/1924/1904 2837/1802/1903
f 3018/1805/1788 3017/1637/1626 2538/1925/1905
f 2538/1925/1905 3017/1637/1626 2537/1867/1848
f 2683/1926/1906 3014/1927/1907 2677/1928/1908
f 3011/1929/1909 2517/1930/1910 2835/1931/1911
f 2675/1932/1912 3005/1810/1793 2494/1933/1913
f 3005/1810/1793 2830/1868/1849 2494/1933/1913
f 2494/1933/1913 2830/1868/1849 2673/1934/1914
f 2673/1934/1914 2830/1868/1849 2672/1935/1915
f 2664/1870/1851 2484/1936/1916 2486/1869/1850
f 2480/1937/1917 2481/1938/1918 2479/1939/1919
f 2481/1938/1918 2664/1870/1854 2479/1939/1919
f 2664/1870/1854 2284/1873/1855 2479/1939/1919
f 2479/1939/1919 2284/1873/1855 2288/1875/1857
f 2284/1873/1855 2658/1872/1853 2471/1940/1920
f 2658/1872/1853 2459/1941/1921 2471/1940/1920
f 2471/1940/1920 2459/1941/1921 2464/1942/1922
f 2464/1942/1922 2459/1941/1921 2262/1943/1923
f 2262/1943/1923 2459/1941/1921 2259/1944/1924
f 2244/1881/1863 2440/1763/1748 2234/1945/1925
f 2441/1765/1750 2423/1882/1864 2242/1884/1866
f 2423/1882/1864 2426/1886/1868 2242/1884/1866
f 2235/1946/1926 2434/1947/1926 2233/1948/1927
f 2232/1949/1928 2433/1950/1929 2230/1951/1930
s 0
f 2431/1952/1931 2430/1953/1931 2231/1951/1931
s 1
f 2230/1951/1930 2429/1953/1932 1946/1954/1933
f 2429/1953/1932 2424/1955/1934 1946/1954/1933
f 2424/1955/1934 2422/1956/1935 1946/1954/1933
f 2422/1956/1935 2421/1821/1804 1946/1954/1933
f 2421/1821/1804 2420/1767/1752 1946/1954/1933
f 2420/1767/1752 2419/1769/1754 1846/1887/1869
f 1846/1887/1869 2070/1768/1753 1942/1957/1936
f 2225/1770/1755 1939/1891/1871 2069/1958/1937
f 1937/1894/1874 2219/1825/1808 1935/1895/1875
f 1935/1895/1875 2218/1827/1810 1933/1959/1938
f 1933/1959/1938 2218/1827/1810 1932/1960/1939
f 1932/1960/1939 2218/1827/1810 2064/1961/1940
f 2218/1827/1810 2215/1829/1812 2064/1961/1940
f 2217/1962/1941 2214/1963/1942 2059/1964/1943
f 1816/1965/1944 1820/1966/1945 2038/1967/1946
f 2597/1968/1947 2594/1969/1948 1910/1970/1949
f 2594/1969/1948 2037/1971/1950 1910/1970/1949
f 2037/1971/1950 2036/1897/1877 1814/1972/1951
f 2036/1897/1877 1723/1835/1818 1814/1972/1951
f 1723/1835/1818 1909/1836/1819 1812/1838/1821
f 1812/1838/1821 1811/1898/1878 1719/1973/1952
f 2031/1974/1953 1908/1975/1954 1811/1898/1878
f 1809/1976/1955 2021/1977/1956 1903/1978/1957
f 2019/1842/1825 2012/1846/1829 2006/1845/1828
f 1717/1979/1958 1902/1980/1959 1901/1981/1960
f 1807/1902/1882 1997/1901/1881 1805/1982/1961
f 1622/1905/1885 1995/1491/1487 1431/1983/1962
f 2145/1906/1886 2572/1907/1887 1795/1984/1963
f 2572/1907/1887 2342/1985/1964 1795/1984/1963
f 2714/1703/1692 2712/1291/1287 2565/1909/1889
f 2565/1909/1889 2712/1291/1287 2564/1850/1833
f 2337/1986/1965 2706/1987/1966 2335/1988/1967
f 2134/1858/1839 3046/1913/1892 2705/1914/1893
f 2125/1915/1894 3240/1794/1777 2121/1796/1779
f 2558/1859/1840 3044/1860/1841 2556/1989/1968
f 2556/1989/1968 3044/1860/1841 2858/1990/1969
f 3037/1991/1970 2855/1919/1898 2856/1992/1971
f 3029/1993/1972 2853/1994/1973 2854/1921/1900
f 2853/1994/1973 2702/1995/1974 2322/1996/1975
f 2841/1922/1901 2837/1802/1903 2689/1997/1976
f 2837/1802/1785 2836/1866/1847 2688/1997/1977
f 2677/1928/1908 3014/1927/1907 2517/1930/1910
f 3014/1927/1907 2835/1931/1911 2517/1930/1910
f 2517/1998/1978 2675/1932/1912 2500/1999/1979
f 2500/1999/1979 2675/1932/1912 2498/2000/1980
f 2675/1932/1912 2494/1933/1913 2498/2000/1980
f 2289/2001/1981 2485/2002/1982 2091/2003/1983
f 1953/2004/1984 2090/2005/1985 2277/2006/1986
f 2078/2007/1987 2265/2008/1988 2074/2009/1989
f 2263/2010/1990 2260/2011/1991 2073/2012/1992
f 2073/2012/1992 2260/2011/1991 1753/2013/1993
f 2262/1943/1923 2259/1944/1924 2072/2014/1994
f 1947/2015/1995 2244/1881/1863 2234/1945/1925
f 2232/1949/1928 2230/1951/1930 1946/1954/1933
f 1750/2016/1996 2420/1767/1752 1749/2017/1997
f 1749/2017/1997 2420/1767/1752 1846/1887/1869
f 1943/2018/1998 2069/1958/1937 1649/2019/1999
f 1649/2019/1999 2069/1958/1937 1939/1891/1871
f 1745/2020/2000 1932/2021/2001 1841/2022/2002
f 1931/2023/2003 2063/2024/2004 1929/2025/2005
f 2063/2024/2004 2062/2026/2006 1929/2025/2005
f 1928/2027/2007 2058/2028/2007 1834/2029/2007
f 1829/2030/2008 2054/2031/2009 1923/2032/2010
f 1825/2033/2011 2053/2034/2012 1918/2035/2013
f 1918/2035/2013 2042/2036/2014 1824/2037/2015
f 1917/2038/2016 2040/2039/2017 1822/2040/2018
f 2040/2039/2017 2039/2041/2019 1822/2040/2018
f 1822/2040/2018 2039/2041/2019 1726/2042/2020
f 2039/2041/2019 2198/2043/2021 1726/2042/2020
f 1726/2042/2020 2198/2043/2021 1820/1966/1945
f 2198/2043/2021 2038/1967/1946 1820/1966/1945
f 1816/1965/1944 2038/1967/1946 1910/1970/1949
f 2038/1967/1946 2597/1968/1947 1910/1970/1949
f 2037/1971/1950 1814/1972/1951 1910/1970/1949
f 1809/1976/1955 1903/1978/1957 1717/1979/1958
f 1903/1978/1957 1902/1980/1959 1717/1979/1958
f 1899/2044/2022 1898/2045/2023 1716/2046/2024
f 1712/2047/2025 1804/1697/1686 1622/1905/1885
f 1995/1491/1487 2343/1789/1772 1431/1983/1962
f 1431/1983/1962 2343/1789/1772 1709/2048/2026
f 1795/1984/1963 2342/1985/1964 2144/2049/2027
f 2569/2050/2028 2566/2051/2029 2341/2052/2030
f 2142/2053/2031 2565/1909/1889 2339/2054/2032
f 2565/1909/1889 2564/1850/1833 2339/2054/2032
f 2339/2054/2032 2564/1850/1833 2140/2055/2033
f 2564/1850/1833 2563/2056/2034 2140/2055/2033
f 2333/2057/2035 2134/1858/1839 2561/2058/2036
f 2134/1858/1839 2705/1914/1893 2561/2058/2036
f 2128/2059/2037 2705/1914/1893 2125/1915/1894
f 2857/2060/2038 2856/1992/1971 2703/2061/2039
f 2703/2061/2039 2856/1992/1971 1887/2062/2040
f 2856/1992/1971 2855/1919/1898 1887/2062/2040
f 1887/2062/2040 2855/1919/1898 2322/1996/1975
f 2855/1919/1898 2854/1921/1900 2322/1996/1975
f 2854/1921/1900 2853/1994/1973 2322/1996/1975
f 2701/2063/2041 2844/2064/2042 2697/2065/2043
f 2317/2066/2044 2694/2067/2045 2540/2068/2046
f 2694/2067/2045 2690/2069/2047 2540/2068/2046
f 2690/2069/2047 2686/2070/2048 2540/2068/2046
f 2677/1928/1908 2678/2071/2049 2533/2072/2050
f 2678/2071/2049 2677/1928/1908 2517/1930/1910
f 2517/1998/1978 2500/1999/1979 2504/2073/2051
f 2290/2074/2052 2289/2001/1981 1954/2075/2053
f 1954/2075/2053 2289/2001/1981 2091/2003/1983
f 2277/2006/1986 2275/2076/2054 1953/2004/1984
f 2086/2077/2055 2089/2078/2055 2083/2079/2055
f 1953/2004/1984 2275/2076/2054 2085/2079/2056
f 2274/2080/2057 2270/2081/2058 2084/2079/2059
f 1951/2082/2060 2268/2083/2061 1949/2084/2062
f 2077/2085/2063 2073/2012/1992 1852/2086/2064
f 1852/2086/2064 2073/2012/1992 1753/2013/1993
f 1946/1954/1933 2420/1767/1752 1750/2016/1996
f 1844/2087/2065 1943/2018/1998 1649/2019/1999
f 1746/2088/2066 1938/2089/2067 1543/2090/2068
f 1938/2089/2067 1936/2091/2069 1543/2090/2068
f 1936/2091/2069 1934/2092/2070 1543/2090/2068
f 1934/2092/2070 1745/2020/2000 1543/2090/2068
f 1840/2093/2071 1927/2094/2072 1838/2095/2073
f 1927/2094/2072 1835/2096/2074 1838/2095/2073
f 1639/2097/2075 1924/2098/2076 1828/2099/2077
f 1828/2099/2077 1924/2098/2076 1827/2100/2078
f 1728/2101/2079 1825/2033/2011 1824/2037/2015
f 1825/2033/2011 1918/2035/2013 1824/2037/2015
f 1811/1898/1878 1908/1975/1954 1719/1973/1952
f 1810/2102/2080 1809/1976/1955 1636/2103/2081
f 1809/1976/1955 1717/1979/1958 1636/2103/2081
f 1636/2103/2081 1717/1979/1958 1634/2104/2082
f 1716/2046/2024 1898/2045/2023 1633/2105/2083
f 1807/1902/1882 1805/1982/1961 1630/2106/2084
f 1714/1788/1771 1804/1697/1686 1712/2047/2025
f 2337/1986/1965 2335/1988/1967 2139/2107/2085
f 2134/1858/1839 2333/2057/2035 2133/2108/2086
f 2133/2108/2086 2333/2057/2035 2131/2109/2087
f 2560/2110/2088 2705/1914/1893 2330/2111/2089
f 2330/2111/2089 2705/1914/1893 2128/2059/2037
f 2552/2112/2090 2703/2061/2039 1887/2062/2040
f 2702/1995/1974 2701/2063/2041 2322/1996/1975
f 2701/2063/2041 2697/2065/2043 2322/1996/1975
f 2694/2067/2045 2317/2066/2044 2110/2113/2091
f 2110/2113/2091 2317/2066/2044 2109/2114/2092
f 2318/2115/2093 2541/2116/2094 2315/2117/2095
f 2107/2118/2096 2538/1925/1905 2310/2119/2097
f 2538/1925/1905 2537/1867/1848 2310/2119/2097
f 2309/2120/2098 2535/2121/2099 2103/2122/2100
f 2535/2121/2099 2531/2123/2101 2103/2122/2100
s 0
f 2306/2124/2102 2308/2125/2102 2305/2126/2102
s 1
f 2527/2127/2103 2525/2128/2104 2304/2126/2103
f 2302/2129/2105 2523/2130/2106 2300/2131/2107
f 2295/2132/2108 2506/2133/2109 2098/2134/2110
f 2097/2135/2111 2292/2136/2112 1959/2137/2113
f 2291/2138/2114 2093/2139/2114 2096/2140/2114
f 1955/2141/2115 2095/2142/2116 1861/2143/2117
f 1861/2143/2117 2095/2142/2116 1954/2075/2053
f 1954/2075/2053 2091/2003/1983 1859/2144/2118
f 2090/2005/1985 1953/2004/1984 1859/2144/2118
f 1953/2004/1984 2087/2077/2119 1758/2145/2120
f 2088/2077/2121 2084/2079/2122 1950/2146/2123
f 1753/2013/1993 1947/2015/1995 1660/2147/2124
f 1947/2015/1995 2234/1945/1925 1660/2147/2124
f 1655/2148/2125 1750/2016/1996 1749/2017/1997
f 1544/2149/2126 1844/2087/2065 1649/2019/1999
f 1841/2022/2002 1839/2150/2127 1745/2020/2000
f 1745/2020/2000 1839/2150/2127 1543/2090/2068
f 1839/2150/2127 1837/2151/2128 1543/2090/2068
f 1835/2152/2129 1742/2153/2129 1744/2154/2130
f 1734/2155/2131 1738/2156/2132 1646/2157/2132
f 1361/2158/2133 1639/2097/2075 1828/2099/2077
f 1728/2101/2079 1824/2037/2015 1725/2159/2134
f 1633/2105/2083 1898/2045/2023 1356/2160/2135
f 1356/2160/2135 1898/2045/2023 1275/2161/2136
f 1898/2045/2023 1808/2162/2137 1275/2161/2136
f 1632/2163/2138 1710/2164/2139 1525/2165/2140
f 1525/2165/2140 1710/2164/2139 1522/2166/2141
f 2144/2049/2027 2137/2167/2142 1795/1984/1963
f 1795/1984/1963 2137/2167/2142 1990/2168/2143
f 1990/2168/2143 2135/2169/2144 1792/2170/2145
f 2134/1858/1839 2133/2108/2086 1988/2171/2146
f 1790/2172/2147 1793/2173/2148 2130/2174/2149
f 2129/2175/2150 2330/2111/2089 2128/2059/2037
f 2328/2176/2151 2558/2177/2152 2327/2178/2153
f 2558/2177/2152 2559/2179/2154 2327/2178/2153
f 2552/2112/2090 1887/2062/2040 2119/2180/2155
f 1880/2181/2156 2110/2113/2091 2109/2114/2092
f 2107/2118/2096 2310/2119/2097 1871/2182/2157
f 1869/2183/2158 2309/2120/2098 2103/2122/2100
f 2099/2184/2159 2302/2129/2105 2098/2134/2110
f 2302/2129/2105 2300/2131/2107 2098/2134/2110
f 2300/2131/2107 2296/2185/2160 2098/2134/2110
f 2296/2185/2160 2295/2132/2108 2098/2134/2110
f 1771/2186/2161 2293/2187/2162 1959/2137/2113
f 2293/2187/2162 2097/2135/2111 1959/2137/2113
f 1861/2143/2117 1954/2075/2053 1762/2188/2163
f 1954/2075/2053 1859/2144/2118 1762/2188/2163
f 1953/2004/1984 1758/2145/2120 1859/2144/2118
f 1952/2189/2164 1950/2146/2165 1662/2190/2166
f 1662/2190/2166 1950/2146/2165 1856/2191/2167
f 1951/2082/2060 1949/2084/2062 1858/2192/2168
f 1949/2084/2062 1857/2193/2169 1858/2192/2168
f 1852/2086/2064 1753/2013/1993 1756/2194/2170
f 1567/2195/2171 1851/2196/2172 1659/2197/2173
f 1851/2196/2172 1850/2198/2174 1659/2197/2173
f 1553/2199/2175 1750/2016/1996 1655/2148/2125
f 1655/2148/2125 1749/2017/1997 1549/2200/2176
f 1544/2149/2126 1649/2019/1999 1291/2201/2177
f 1201/2202/2178 1746/2088/2066 1543/2090/2068
f 1543/2090/2068 1743/2203/2179 1290/2204/2180
f 1741/2205/2181 1540/2206/2181 1648/2207/2182
f 1444/2208/2183 1645/2209/2184 1641/2210/2185
f 1722/2211/2186 1527/2212/2187 957/2213/2188
f 1527/2212/2187 1635/2214/2189 1443/2215/2190
f 1275/2161/2136 1808/2162/2137 1526/2216/2191
f 1275/2161/2136 1526/2216/2191 1442/2217/2192
f 1519/2218/2193 1624/2219/2193 1437/2220/2194
f 1517/2221/2195 1622/1905/1885 1431/1983/1962
f 1990/2168/2143 1792/2170/2145 1795/1984/1963
f 1983/2222/2196 2128/2059/2037 2125/1915/1894
f 1891/2223/2197 2123/2224/2198 2120/2225/2199
f 2120/2225/2199 2323/2226/2200 1981/2227/2201
f 2322/1996/1975 2550/2228/2202 1887/2062/2040
f 1887/2062/2040 2550/2228/2202 2115/2229/2203
f 2550/2228/2202 2320/2230/2204 2115/2229/2203
f 2321/2231/2205 2114/2232/2206 2116/2233/2207
f 1872/2234/2208 2108/2235/2209 1871/2182/2157
f 2108/2235/2209 2107/2118/2096 1871/2182/2157
f 1869/2183/2158 2103/2122/2100 1960/2236/2210
f 2103/2122/2211 2100/2237/2211 1961/2236/2212
f 2101/2238/2213 2102/2239/2213 1962/2236/2213
f 1960/2236/2210 1868/2240/2214 1486/2241/2215
f 2099/2184/2159 2098/2134/2110 1773/2242/2216
f 2098/2134/2110 2293/2187/2162 1773/2242/2216
f 2293/2187/2162 1771/2186/2161 1773/2242/2216
f 1959/2137/2113 1770/2243/2217 1771/2186/2161
f 1770/2243/2217 1959/2137/2113 1865/2244/2218
f 1861/2143/2117 1762/2188/2163 1765/2245/2219
f 1762/2188/2163 1859/2144/2118 1663/2246/2220
f 1662/2190/2166 1856/2191/2167 1568/2247/2221
f 1856/2191/2167 1756/2194/2170 1568/2247/2221
f 1564/2248/2222 1756/2194/2170 1660/2147/2124
f 1756/2194/2170 1753/2013/1993 1660/2147/2124
f 1557/2249/2223 1750/2016/1996 1553/2199/2175
f 1444/2208/2183 1641/2210/2185 1361/2158/2133
f 1641/2210/2185 1639/2097/2075 1361/2158/2133
f 1358/2250/2224 1638/2251/2225 958/2252/2226
f 1637/2253/2227 1529/2254/2228 958/2252/2226
f 958/2252/2226 1529/2254/2228 957/2213/2188
f 1527/2212/2187 1443/2215/2190 957/2213/2188
f 1356/2160/2135 1275/2161/2136 1180/2255/2229
f 1432/2256/2230 1514/2257/2231 1348/2258/2232
f 1621/2259/2233 1709/2048/2026 1801/2260/2234
f 1795/1984/1963 1792/2170/2145 1699/2261/2235
f 1789/2262/2236 1985/2263/2237 1787/2264/2238
f 1893/2265/2239 2124/2266/2240 2123/2224/2198
f 2123/2224/2198 1891/2223/2197 1691/2267/2241
f 2120/2225/2199 1981/2227/2201 1891/2223/2197
f 2115/2229/2203 1975/2268/2242 1887/2062/2040
f 1878/2269/2243 2109/2270/2244 1598/2271/2245
f 1598/2271/2245 2109/2270/2244 1874/2272/2246
f 1964/2273/2247 1963/2274/2248 1873/2275/2249
f 1960/2236/2210 1486/2241/2215 1869/2183/2158
f 1865/2244/2218 1866/2276/2250 1770/2243/2217
f 1674/2277/2251 1767/2278/2252 1673/2279/2253
f 1667/2280/2254 1759/2281/2254 1666/2282/2254
f 1573/2283/2255 1665/2284/2256 1663/2246/2220
f 1663/2246/2220 1859/2144/2118 1570/2285/2257
f 1570/2285/2257 1859/2144/2118 1472/2286/2258
f 1859/2144/2118 1758/2145/2120 1472/2286/2258
f 1758/2145/2120 1661/2287/2259 1472/2286/2258
f 1568/2247/2221 1756/2194/2170 1564/2248/2222
f 1464/2288/2260 1567/2195/2171 1560/2289/2261
f 1567/2195/2171 1659/2197/2173 1560/2289/2261
f 1553/2199/2175 1554/2290/2262 1557/2249/2223
f 1557/2249/2223 1554/2290/2262 1461/2291/2263
f 1459/2292/2264 1544/2149/2126 1291/2201/2177
f 1201/2202/2178 1543/2090/2068 1290/2204/2180
f 1531/2293/2265 1454/2294/2266 1456/2295/2265
f 1360/2296/2267 1445/2297/2268 1444/2298/2269
f 1445/2297/2268 1447/2299/2270 1444/2298/2269
f 1529/2254/2228 1528/2300/2271 957/2213/2188
f 957/2213/2188 1443/2215/2190 1357/2301/2272
f 1432/2256/2230 1348/2258/2232 1274/2302/2273
f 1431/1983/1962 1709/2048/2026 1426/2303/2274
f 1709/2048/2026 1621/2259/2233 1426/2303/2274
f 1708/2304/2275 1621/2259/2233 1706/2305/2276
f 1621/2259/2233 1801/2260/2234 1706/2305/2276
f 1699/2261/2235 1792/2170/2145 1614/2306/2277
f 1793/2173/2148 1790/2172/2147 1697/2307/2278
f 1697/2307/2278 1790/2172/2147 1695/2308/2279
f 1789/2262/2236 1788/2309/2280 1696/2310/2281
f 1696/2310/2281 1788/2309/2280 1693/2311/2282
f 1611/2312/2283 1694/2311/2284 1788/2309/2280
f 1788/2309/2280 1789/2262/2236 1787/2264/2238
f 1893/2265/2239 2123/2224/2198 1607/2313/2285
f 2123/2224/2198 1691/2267/2241 1607/2313/2285
f 1981/2227/2201 1889/2314/2286 1891/2223/2197
f 1888/2315/2287 1980/2316/2288 1785/2317/2289
f 1980/2316/2288 1978/2318/2290 1785/2317/2289
f 1785/2317/2289 1978/2318/2290 1407/2319/2291
f 1407/2319/2291 1971/2320/2292 1886/2321/2293
f 1886/2321/2293 1782/2322/2294 1605/2323/2295
f 1878/2269/2243 1598/2271/2245 1780/2324/2296
f 1598/2271/2245 1874/2272/2246 1778/2325/2297
f 1874/2272/2246 1876/2326/2298 1778/2325/2297
s 0
f 1779/2327/2299 1877/2326/2299 1776/2328/2299
s 1
f 1872/2234/2208 1871/2182/2157 1684/2329/2300
f 1871/2182/2157 1870/2330/2301 1684/2329/2300
f 1684/2329/2300 1870/2330/2301 1682/2331/2302
f 1869/2183/2158 1486/2241/2215 1681/2332/2303
f 1486/2241/2215 1868/2240/2214 1679/2333/2304
f 1581/2334/2305 1773/2242/2216 1771/2186/2161
f 1768/2335/2306 1674/2277/2251 1675/2336/2307
f 1675/2336/2307 1674/2277/2251 1579/2337/2308
f 1674/2277/2251 1673/2279/2253 1579/2337/2308
f 1579/2337/2308 1673/2279/2253 1481/2338/2309
f 1673/2279/2253 1669/2339/2310 1481/2338/2309
f 1573/2283/2255 1663/2246/2220 1570/2285/2257
f 1570/2285/2257 1472/2286/2258 1475/2340/2311
f 1472/2286/2258 1661/2287/2259 1469/2341/2312
f 1662/2190/2166 1568/2247/2221 1569/2342/2313
f 1568/2247/2221 1564/2248/2222 1465/2343/2314
f 1210/2344/2315 1562/2345/2316 1377/2346/2317
f 1377/2346/2317 1552/2347/2318 1292/2348/2319
f 1552/2347/2318 1291/2201/2177 1292/2348/2319
f 1552/2347/2318 1460/2349/2320 1291/2201/2177
f 1460/2349/2320 1459/2292/2264 1291/2201/2177
f 1455/2350/2321 1374/2351/2322 1289/2352/2323
f 1366/2353/2324 1447/2299/2270 1187/2354/2325
f 1187/2354/2325 1447/2299/2270 1364/2355/2326
f 1447/2299/2270 1445/2297/2268 1364/2355/2326
f 1358/2250/2224 958/2252/2226 1277/2356/2327
f 1357/2301/2272 1276/2357/2328 957/2213/2188
f 1180/2255/2229 1275/2161/2136 1105/2358/2329
f 1275/2161/2136 1179/2359/2330 1105/2358/2329
f 1179/2359/2330 1351/2360/2331 1105/2358/2329
f 1105/2358/2329 1351/2360/2331 1273/2361/2332
f 1104/2362/2333 1350/2363/2334 1272/2364/2333
f 1429/2365/2335 1431/1983/1962 1428/2366/2336
f 1428/2366/2336 1431/1983/1962 1426/2303/2274
f 1427/2367/2337 1620/2368/2338 1169/2369/2339
f 1169/2369/2339 1620/2368/2338 1619/2370/2340
f 1619/2370/2340 1617/2371/2341 1425/2372/2342
f 1699/2261/2235 1614/2306/2277 1511/2373/2343
f 1511/2373/2343 1614/2306/2277 1508/2374/2344
f 1697/2307/2278 1695/2308/2279 1509/2375/2345
f 1695/2308/2279 1612/2376/2346 1509/2375/2345
f 1509/2375/2345 1612/2376/2346 1420/2377/2347
f 1788/2309/2280 1787/2264/2238 1611/2312/2283
f 1787/2264/2238 1893/2265/2239 1607/2313/2285
f 1691/2267/2348 1892/2378/2349 1785/2317/2348
f 1407/2319/2291 1886/2321/2293 1605/2323/2295
f 1689/2379/2350 1780/2324/2296 1598/2271/2245
f 1598/2271/2245 1778/2325/2297 1687/2380/2351
f 1688/2381/2352 1774/2382/2353 1592/2383/2354
f 1592/2383/2354 1774/2382/2353 1684/2329/2300
f 1215/2384/2355 1677/2385/2356 1580/2386/2357
f 1580/2386/2357 1676/2387/2358 1485/2388/2359
f 1570/2285/2257 1475/2340/2311 1479/2389/2360
f 1299/2390/2361 1377/2346/2317 1295/2391/2362
f 1377/2346/2317 1292/2348/2319 1295/2391/2362
f 978/2392/2363 1290/2204/2180 1289/2352/2323
f 1289/2352/2323 1374/2351/2322 1198/2393/2364
f 1187/2354/2325 1364/2355/2326 1279/2394/2365
f 1359/2395/2366 1358/2250/2224 1277/2356/2327
f 1106/2396/2367 1277/2356/2327 958/2252/2226
f 957/2213/2188 1276/2357/2328 1181/2397/2368
f 1105/2358/2329 1273/2361/2332 1104/2398/2369
f 1619/2370/2340 1425/2372/2342 1169/2369/2339
f 1422/2399/2370 1511/2373/2343 1508/2374/2344
f 1420/2377/2347 1612/2376/2346 1505/2400/2371
f 1611/2312/2283 1787/2264/2238 1503/2401/2372
f 1787/2264/2238 1607/2313/2285 1503/2401/2372
f 1491/2402/2373 1689/2379/2350 1397/2403/2374
f 1397/2403/2374 1689/2379/2350 1598/2271/2245
f 1594/2404/2375 1685/2405/2375 1593/2406/2376
f 1592/2383/2354 1684/2329/2300 1586/2407/2377
f 1684/2329/2300 1682/2331/2302 1586/2407/2377
s 0
f 1588/2408/2378 1683/2409/2378 1585/2410/2378
s 1
f 1681/2332/2303 1486/2241/2215 1583/2410/2379
f 1215/2384/2355 1580/2386/2357 1485/2388/2359
f 1485/2388/2359 1484/2411/2380 1215/2384/2355
f 1484/2411/2380 1483/2412/2381 1390/2413/2382
f 1579/2337/2308 1481/2338/2309 1212/2414/2383
f 1481/2338/2309 1480/2415/2384 1212/2414/2383
f 1475/2340/2311 1472/2286/2258 1383/2416/2385
s 0
f 1473/2417/2386 1470/2418/2386 1380/2419/2386
s 1
f 1382/2420/2387 1466/2421/2388 1378/2422/2389
f 1468/2423/2390 1128/2424/2391 1379/2422/2392
f 1301/2425/2393 1210/2344/2315 1299/2390/2361
f 1210/2344/2315 1377/2346/2317 1299/2390/2361
f 1202/2426/2394 1116/2427/2395 1296/2428/2396
f 1290/2204/2180 978/2392/2363 1201/2202/2178
f 978/2392/2363 1289/2352/2323 1050/2429/2397
f 1289/2352/2323 1198/2393/2364 1050/2429/2397
f 1033/2430/2398 1187/2354/2325 1185/2431/2399
f 1187/2354/2325 1279/2394/2365 1185/2431/2399
f 552/2432/2400 1106/2396/2367 958/2252/2226
f 958/2252/2226 957/2213/2188 430/2433/2401
f 430/2433/2401 957/2213/2188 424/2434/2402
f 957/2213/2188 1181/2397/2368 956/2435/2403
f 1032/2436/2404 1178/2437/2405 1101/2438/2406
f 1178/2437/2405 1271/2439/2407 1101/2438/2406
f 1263/2440/2408 1346/2441/2409 1171/2442/2410
f 1344/2443/2411 1257/2444/2412 1259/2445/2413
f 1257/2444/2412 1427/2367/2337 1169/2369/2339
f 1343/2446/2414 1169/2369/2339 1425/2372/2342
f 1424/2447/2415 950/2448/2416 1255/2449/2417
f 1422/2399/2370 1508/2374/2344 1418/2450/2418
f 1420/2377/2347 1505/2400/2371 1237/2451/2419
f 1505/2400/2371 1417/2452/2420 1237/2451/2419
f 1692/2453/2421 1785/2317/2289 1327/2454/2422
f 1598/2271/2245 1595/2455/2423 1395/2456/2424
f 1315/2457/2425 1591/2458/2426 1490/2459/2427
f 1591/2458/2426 1590/2460/2428 1490/2459/2427
f 1587/2461/2429 1584/2462/2429 1487/2463/2429
f 1489/2464/2430 1583/2410/2379 1218/2465/2431
f 1583/2410/2379 1486/2241/2215 1218/2465/2431
f 1484/2411/2380 1390/2413/2382 1215/2384/2355
f 1212/2414/2383 1480/2415/2384 1058/2466/2432
f 1058/2466/2432 1480/2415/2384 1211/2467/2433
f 1480/2415/2384 1388/2468/2434 1211/2467/2433
f 1388/2468/2434 1385/2469/2435 1211/2467/2433
f 1385/2469/2435 1382/2420/2387 1211/2467/2433
f 1382/2420/2387 1378/2422/2389 1211/2467/2433
f 1304/2470/2436 1379/2422/2392 1057/2471/2437
f 1379/2422/2392 1128/2424/2391 1057/2471/2437
f 1202/2426/2394 1201/2202/2178 978/2392/2363
f 1198/2393/2364 1196/2472/2438 1050/2429/2397
f 1115/2473/2439 1195/2474/2440 1047/2475/2441
f 1194/2476/2442 1189/2477/2443 1112/2478/2444
f 1040/2479/2445 1111/2480/2446 1037/2481/2447
f 1111/2480/2446 1187/2354/2325 1037/2481/2447
f 1037/2481/2447 1187/2354/2325 1035/2482/2448
f 1187/2354/2325 1033/2430/2398 1035/2482/2448
f 957/2213/2188 707/2483/2449 424/2434/2402
f 1032/2436/2404 1101/2438/2406 1030/2484/2450
f 1098/2485/2451 1030/2484/2450 1101/2438/2406
f 1345/2486/2452 1344/2443/2411 1259/2445/2413
f 1256/2487/2453 1169/2369/2339 1343/2446/2414
f 1422/2399/2370 1418/2450/2418 1253/2488/2454
f 1253/2488/2454 1418/2450/2418 1338/2489/2455
f 1338/2489/2455 1418/2450/2418 1244/2490/2456
f 1237/2451/2419 1417/2452/2420 1337/2491/2457
f 1416/2492/2458 1503/2401/2372 1337/2491/2457
f 1337/2491/2457 1503/2401/2372 1500/2493/2459
f 1500/2493/2459 1503/2401/2372 1408/2494/2460
f 1503/2401/2372 1607/2313/2285 1408/2494/2460
f 1408/2494/2460 1607/2313/2285 1499/2495/2461
f 1327/2454/2422 1785/2317/2289 1407/2319/2291
f 1605/2323/2295 1604/2496/2462 1407/2319/2291
f 1491/2402/2373 1397/2403/2374 1400/2497/2463
f 1397/2403/2374 1598/2271/2245 1395/2456/2424
f 1315/2457/2425 1490/2459/2427 1314/2498/2464
f 1311/2499/2465 1489/2464/2430 1218/2465/2431
f 1218/2465/2431 1486/2241/2215 1310/2500/2466
f 1391/2501/2467 1677/2385/2356 1215/2384/2355
f 1215/2384/2355 1390/2413/2382 1214/2502/2468
f 1127/2503/2469 1210/2344/2315 1124/2504/2470
f 1124/2504/2470 1210/2344/2315 1301/2425/2393
f 1116/2427/2395 1202/2426/2394 1051/2505/2471
f 1202/2426/2394 978/2392/2363 1051/2505/2471
f 979/2506/2472 1051/2505/2471 978/2392/2363
f 963/2507/2473 1041/2508/2474 1038/2509/2475
f 872/2510/2476 1106/2396/2367 552/2432/2400
f 707/2483/2449 1031/2511/2477 955/2512/2478
f 871/2513/2479 1099/2514/2480 870/2515/2481
f 1098/2485/2451 1101/2438/2406 1176/2516/2482
f 1092/2517/2483 1170/2518/2484 1169/2369/2339
f 1170/2518/2484 1259/2445/2413 1169/2369/2339
f 1259/2445/2413 1257/2444/2412 1169/2369/2339
f 1338/2489/2455 1244/2490/2456 1246/2519/2485
f 1337/2491/2457 1333/2520/2486 1237/2451/2419
f 1414/2521/2487 1333/2520/2486 1412/2522/2488
f 1333/2520/2486 1337/2491/2457 1412/2522/2488
f 1412/2522/2488 1337/2491/2457 1410/2523/2489
f 1337/2491/2457 1500/2493/2459 1410/2523/2489
f 1411/2524/2490 1501/2525/2491 1328/2526/2492
f 1407/2319/2291 1604/2496/2462 1406/2527/2493
f 1400/2497/2463 1397/2403/2374 1325/2528/2494
f 1325/2528/2494 1397/2403/2374 1322/2529/2495
f 1322/2529/2495 1397/2403/2374 1320/2530/2496
f 1227/2531/2497 1315/2457/2425 1314/2498/2464
f 1213/2532/2498 1212/2414/2383 1130/2533/2499
f 1212/2414/2383 1058/2466/2432 1130/2533/2499
f 1127/2503/2469 1124/2504/2470 987/2534/2500
f 1121/2535/2501 1118/2536/2502 985/2537/2503
f 1050/2429/2397 1046/2538/2504 978/2392/2363
f 963/2507/2473 1038/2509/2475 962/2539/2505
f 1037/2481/2447 1035/2482/2448 961/2540/2506
f 957/2213/2188 956/2435/2403 707/2483/2449
f 956/2435/2403 1031/2511/2477 707/2483/2449
f 1022/2541/2507 1255/2449/2417 950/2448/2416
f 950/2448/2416 1249/2542/2508 1021/2543/2509
f 1246/2519/2485 1244/2490/2456 1165/2544/2510
f 1242/2545/2511 1240/2546/2512 1163/2547/2513
f 1240/2546/2512 1242/2545/2511 1017/2548/2514
f 1333/2520/2486 1332/2549/2515 1237/2451/2419
f 1414/2521/2487 1412/2522/2488 1329/2550/2516
f 1413/2522/2517 1411/2524/2490 1330/2551/2518
f 1016/2552/2519 1411/2524/2490 1328/2526/2492
f 1327/2454/2422 1407/2319/2291 1082/2553/2520
f 1407/2319/2291 1406/2527/2493 1082/2553/2520
f 1234/2554/2521 1325/2528/2494 1322/2529/2495
f 1319/2555/2522 1316/2556/2523 1228/2557/2524
f 1316/2556/2523 1315/2457/2425 1228/2557/2524
f 1315/2457/2425 1227/2531/2497 1228/2557/2524
f 1312/2558/2525 1311/2499/2465 1220/2559/2526
f 1311/2499/2465 1218/2465/2431 1220/2559/2526
f 1309/2560/2527 1307/2561/2528 1216/2562/2527
f 1131/2563/2529 1305/2564/2530 920/2565/2531
f 1064/2566/2532 1215/2384/2355 832/2567/2533
f 832/2567/2533 1215/2384/2355 1063/2568/2534
f 1215/2384/2355 1214/2502/2468 1063/2568/2534
f 1063/2568/2534 1062/2569/2535 999/2570/2536
f 1061/2571/2537 1130/2533/2499 1060/2572/2538
f 1130/2533/2499 1058/2466/2432 1060/2572/2538
f 1057/2471/2437 1128/2424/2391 915/2573/2539
f 1053/2574/2540 985/2537/2541 905/2575/2542
f 818/2576/2543 900/2577/2544 984/2578/2545
f 813/2579/2546 980/2580/2547 893/2581/2548
f 980/2580/2547 979/2506/2472 893/2581/2548
f 979/2506/2472 978/2392/2363 893/2581/2548
f 978/2392/2363 975/2582/2549 893/2581/2548
f 893/2581/2548 975/2582/2549 889/2583/2550
f 976/2584/2551 886/2585/2552 890/2586/2553
f 876/2587/2554 965/2588/2555 874/2589/2556
f 965/2588/2555 964/2590/2557 874/2589/2556
f 552/2432/2400 958/2252/2226 430/2433/2401
f 791/2591/2558 871/2513/2479 870/2515/2481
f 476/2592/2559 1022/2541/2507 950/2448/2416
f 1240/2546/2512 1017/2548/2514 1156/2593/2560
f 1152/2594/2561 1156/2593/2560 1017/2548/2514
f 1237/2451/2419 1332/2549/2515 1016/2552/2519
f 1331/2595/2562 1330/2551/2518 1016/2552/2519
f 1330/2551/2518 1411/2524/2490 1016/2552/2519
f 1016/2552/2519 1328/2526/2492 1327/2454/2422
f 1236/2596/2563 1401/2597/2564 1013/2598/2565
f 1142/2599/2566 1235/2600/2567 1138/2601/2568
f 1140/2602/2569 1228/2557/2524 1069/2603/2570
f 1228/2557/2524 1227/2531/2497 1069/2603/2570
s 0
f 1136/2604/2571 1224/2605/2571 1133/2606/2571
s 1
f 1220/2559/2526 1218/2465/2431 1132/2606/2572
f 1218/2465/2431 1066/2607/2573 1132/2606/2572
f 1131/2563/2529 920/2565/2531 1065/2608/2574
f 1000/2609/2575 1063/2568/2534 999/2570/2536
f 999/2570/2536 1062/2569/2535 997/2610/2576
f 995/2611/2577 996/2610/2577 993/2612/2577
f 911/2613/2578 914/2614/2579 1127/2503/2469
f 992/2615/2580 1059/2616/2581 915/2573/2539
f 1059/2616/2581 1057/2471/2437 915/2573/2539
f 1127/2503/2469 987/2534/2500 908/2617/2582
f 906/2618/2583 986/2619/2584 904/2620/2585
f 905/2575/2542 985/2537/2541 903/2621/2586
f 985/2537/2541 984/2578/2545 903/2621/2586
f 901/2622/2587 903/2621/2586 900/2577/2544
f 903/2621/2586 984/2578/2545 900/2577/2544
f 818/2576/2543 984/2578/2545 898/2623/2588
s 0
f 983/2624/2589 982/2580/2589 897/2623/2589
f 981/2580/2590 895/2625/2590 896/2623/2590
s 1
f 894/2581/2591 891/2583/2592 814/2626/2593
f 814/2626/2593 891/2583/2592 810/2627/2594
s 0
f 892/2583/2595 888/2628/2595 811/2627/2595
s 1
f 887/2629/2596 885/2630/2596 728/2631/2597
f 881/2632/2598 877/2633/2599 807/2634/2600
f 877/2633/2599 799/2635/2601 807/2634/2600
f 877/2633/2599 879/2636/2602 799/2635/2601
f 709/2637/2603 793/2638/2604 801/2639/2605
f 873/2640/2606 872/2510/2476 552/2432/2400
f 789/2641/2607 791/2591/2558 866/2642/2608
f 791/2591/2558 870/2515/2481 866/2642/2608
f 870/2515/2481 954/2643/2609 866/2642/2608
f 1024/2644/2610 951/2645/2611 953/2646/2612
f 952/2647/2613 1023/2648/2614 476/2592/2559
f 1023/2648/2614 1022/2541/2507 476/2592/2559
f 1021/2543/2509 1091/2649/2615 862/2650/2616
f 862/2650/2616 1091/2649/2615 948/2651/2617
f 1091/2649/2615 1090/2652/2618 948/2651/2617
f 763/2653/2619 1237/2451/2419 1016/2552/2519
f 935/2654/2620 1016/2552/2519 1082/2553/2520
f 1016/2552/2519 1327/2454/2422 1082/2553/2520
f 1072/2655/2621 1143/2656/2622 1069/2603/2570
f 1143/2656/2622 1140/2602/2569 1069/2603/2570
f 1004/2657/2623 1135/2604/2624 1066/2607/2573
f 1135/2604/2624 1132/2606/2572 1066/2607/2573
f 832/2567/2533 1063/2568/2534 831/2658/2625
f 831/2658/2625 1063/2568/2534 828/2659/2626
f 828/2659/2626 1063/2568/2534 1000/2609/2575
f 827/2660/2627 1001/2661/2628 919/2662/2629
f 1000/2609/2575 999/2570/2536 918/2662/2630
f 825/2663/2631 914/2614/2579 911/2613/2578
f 911/2613/2578 1127/2503/2469 909/2664/2632
f 1127/2503/2469 908/2617/2582 909/2664/2632
f 906/2618/2583 904/2620/2585 733/2665/2633
f 733/2665/2633 904/2620/2585 819/2666/2634
f 904/2620/2585 902/2667/2635 819/2666/2634
f 899/2668/2636 817/2669/2637 641/2670/2638
f 898/2623/2588 815/2671/2639 818/2576/2543
f 818/2576/2543 815/2671/2639 816/2672/2640
f 816/2672/2640 815/2671/2639 731/2673/2641
f 815/2671/2639 812/2674/2642 731/2673/2641
f 731/2673/2641 812/2674/2642 729/2675/2643
f 720/2676/2644 714/2677/2645 638/2678/2646
f 710/2679/2647 793/2638/2604 554/2680/2648
f 793/2638/2604 709/2637/2603 554/2680/2648
f 424/2434/2402 707/2483/2449 550/2681/2649
f 707/2483/2449 629/2682/2650 550/2681/2649
f 548/2683/2651 549/2684/2652 628/2685/2653
f 549/2684/2652 788/2686/2654 628/2685/2653
f 628/2685/2653 788/2686/2654 787/2687/2655
f 789/2641/2607 866/2642/2608 788/2688/2656
f 704/2689/2657 953/2646/2612 701/2690/2658
f 953/2646/2612 951/2645/2611 701/2690/2658
f 864/2691/2659 476/2592/2559 950/2448/2416
f 950/2448/2416 1021/2543/2509 862/2650/2616
f 948/2651/2617 1090/2652/2618 1020/2692/2660
f 1019/2693/2661 1152/2594/2561 1017/2548/2514
f 1015/2694/2662 1235/2600/2567 1080/2695/2663
f 1235/2600/2567 1142/2599/2566 1080/2695/2663
f 1078/2696/2664 1072/2655/2621 929/2697/2665
f 1072/2655/2621 1009/2698/2666 929/2697/2665
f 1072/2655/2621 1069/2603/2570 1009/2698/2666
f 1009/2698/2666 1069/2603/2570 1006/2699/2667
f 1004/2657/2623 1066/2607/2573 1002/2700/2668
f 1003/2701/2669 920/2702/2670 833/2703/2671
f 828/2659/2626 1000/2609/2575 743/2704/2672
f 1001/2661/2628 827/2660/2627 743/2704/2673
f 919/2662/2629 917/2705/2674 827/2660/2627
f 917/2705/2674 916/2706/2675 827/2660/2627
f 644/2707/2676 914/2614/2579 825/2663/2631
f 733/2665/2633 819/2666/2634 641/2670/2638
f 641/2670/2638 817/2669/2637 732/2708/2677
f 732/2708/2677 730/2709/2678 639/2710/2679
f 730/2709/2678 727/2711/2680 639/2710/2679
f 638/2678/2646 714/2677/2645 635/2712/2681
f 710/2679/2647 554/2680/2648 632/2713/2682
f 776/2714/2683 476/2592/2559 864/2691/2659
f 950/2448/2416 862/2650/2616 864/2691/2659
f 863/2715/2684 949/2716/2685 948/2651/2617
f 764/2717/2686 943/2718/2687 1017/2548/2514
f 943/2718/2687 1019/2693/2661 1017/2548/2514
f 763/2653/2619 1016/2552/2519 935/2654/2620
f 935/2654/2620 1082/2553/2520 850/2719/2688
f 1015/2694/2662 1080/2695/2663 843/2720/2689
f 1080/2695/2663 1077/2721/2690 843/2720/2689
f 1012/2722/2691 929/2697/2692 839/2723/2693
s 0
f 1010/2698/2694 1007/2699/2694 927/2724/2694
s 1
f 1004/2657/2623 1002/2700/2668 924/2725/2695
f 924/2725/2695 1002/2700/2668 922/2726/2696
f 833/2703/2671 920/2702/2670 661/2727/2697
f 743/2704/2673 827/2660/2627 569/2728/2698
f 649/2729/2699 505/2730/2700 644/2707/2676
f 505/2730/2700 914/2614/2579 644/2707/2676
f 493/2731/2701 826/2732/2702 492/2733/2703
f 492/2734/2704 824/2735/2705 643/2736/2706
f 643/2736/2706 824/2735/2705 733/2665/2633
f 733/2665/2633 641/2670/2638 488/2737/2707
f 641/2670/2638 732/2708/2677 127/2738/2708
f 732/2708/2677 639/2710/2679 127/2738/2708
f 638/2678/2646 635/2712/2681 373/2739/2709
f 635/2712/2681 435/2740/2710 373/2739/2709
f 557/2741/2711 632/2713/2682 554/2680/2648
f 552/2432/2400 430/2433/2401 431/2742/2712
f 549/2684/2652 548/2683/2651 480/2743/2713
f 780/2744/2714 704/2689/2657 544/2745/2715
f 776/2714/2683 863/2715/2684 948/2651/2617
f 948/2651/2617 1020/2692/2660 414/2746/2716
f 1236/2596/2563 1013/2598/2565 847/2747/2717
f 847/2747/2717 1013/2598/2565 751/2748/2718
f 1015/2694/2662 843/2720/2689 751/2749/2719
f 839/2723/2693 929/2697/2692 750/2750/2720
f 928/2751/2721 925/2724/2722 838/2752/2722
f 924/2725/2695 922/2726/2696 749/2753/2723
f 922/2726/2696 836/2754/2724 749/2753/2723
f 749/2753/2723 836/2754/2724 574/2755/2725
f 574/2756/2726 835/2754/2727 572/2757/2728
f 830/2758/2729 742/2759/2730 748/2760/2731
f 657/2761/2732 746/2762/2733 743/2704/2673
f 505/2730/2700 649/2729/2699 653/2763/2734
f 643/2736/2706 733/2665/2633 561/2764/2735
f 733/2665/2633 488/2737/2707 561/2764/2735
f 641/2670/2638 127/2738/2708 488/2737/2707
f 557/2741/2711 554/2680/2648 437/2765/2736
f 553/2766/2737 552/2432/2400 431/2742/2712
f 430/2433/2401 424/2434/2402 426/2767/2738
f 421/2768/2739 480/2743/2713 548/2683/2651
f 365/2769/2740 548/2683/2651 478/2770/2741
f 544/2745/2715 704/2689/2657 701/2690/2658
f 776/2714/2683 948/2651/2617 414/2746/2716
f 855/2771/2742 943/2718/2687 764/2717/2686
f 763/2653/2619 935/2654/2620 852/2772/2743
f 851/2773/2744 935/2654/2620 850/2719/2688
f 753/2774/2745 839/2723/2693 750/2750/2720
f 657/2761/2732 743/2704/2673 569/2728/2698
f 505/2730/2700 653/2763/2734 654/2775/2746
f 494/2776/2747 651/2777/2748 493/2731/2701
f 372/2778/2749 437/2765/2736 486/2779/2750
f 437/2765/2736 554/2680/2648 486/2779/2750
f 367/2780/2751 421/2768/2739 365/2769/2740
f 421/2768/2739 548/2683/2651 365/2769/2740
f 414/2746/2716 947/2781/2752 861/2782/2753
f 857/2783/2754 860/2784/2755 861/2782/2753
f 847/2747/2717 751/2748/2718 757/2785/2756
f 753/2774/2745 750/2750/2720 579/2786/2757
f 579/2786/2757 750/2750/2720 665/2787/2758
f 505/2730/2700 654/2775/2746 504/2788/2759
f 492/2733/2703 562/2789/2760 375/2790/2761
f 561/2764/2735 488/2737/2707 491/2791/2762
s 0
f 490/2791/2763 559/2792/2763 489/2793/2763
s 1
f 488/2737/2707 127/2738/2708 374/2794/2764
f 373/2739/2709 435/2740/2710 171/2795/2765
f 171/2795/2765 435/2740/2710 370/2796/2766
f 319/2797/2767 372/2778/2749 368/2798/2768
f 372/2778/2749 486/2779/2750 368/2798/2768
f 486/2779/2750 432/2799/2769 368/2798/2768
f 270/2800/2770 368/2798/2768 261/2801/2771
f 368/2798/2768 367/2780/2751 261/2801/2771
f 367/2780/2751 365/2769/2740 261/2801/2771
f 415/2802/2772 544/2745/2715 256/2803/2773
f 544/2745/2715 701/2690/2658 256/2803/2773
f 476/2592/2559 776/2714/2683 255/2804/2774
f 776/2714/2683 414/2746/2716 255/2804/2774
f 414/2746/2716 861/2782/2753 772/2805/2775
f 861/2782/2753 860/2784/2755 772/2805/2775
f 670/2806/2776 758/2807/2777 577/2808/2778
f 758/2807/2777 757/2785/2756 577/2808/2778
f 757/2785/2756 751/2748/2718 577/2808/2778
f 579/2786/2757 665/2787/2758 576/2809/2779
f 574/2756/2726 572/2757/2728 446/2810/2780
f 572/2757/2728 506/2811/2781 446/2810/2780
f 503/2812/2782 495/2813/2783 500/2814/2784
f 500/2814/2784 495/2813/2783 438/2815/2785
f 438/2815/2785 495/2813/2783 127/2738/2708
f 495/2813/2783 494/2776/2747 127/2738/2708
f 127/2738/2708 494/2776/2747 375/2790/2761
f 494/2776/2747 493/2731/2701 375/2790/2761
f 493/2731/2701 492/2733/2703 375/2790/2761
f 375/2790/2761 374/2794/2764 127/2738/2708
f 171/2795/2765 370/2796/2766 201/2816/2786
f 368/2798/2768 270/2800/2770 319/2797/2767
f 258/2817/2787 257/2818/2788 68/2819/2789
f 68/2819/2789 257/2818/2788 256/2803/2773
f 475/2820/2790 318/2821/2791 543/2822/2792
f 318/2821/2791 414/2746/2716 543/2822/2792
f 678/2823/2793 414/2746/2716 775/2824/2794
f 775/2824/2794 414/2746/2716 772/2805/2775
f 580/2825/2795 670/2806/2776 577/2808/2778
f 506/2811/2781 502/2826/2796 441/2827/2797
f 278/2828/2798 438/2815/2785 127/2738/2708
f 169/2829/2799 258/2817/2787 68/2819/2789
f 65/2830/2800 69/2831/2801 126/2832/2802
f 126/2832/2802 69/2831/2801 168/2833/2803
f 257/2818/2788 415/2802/2772 256/2803/2773
f 255/2804/2774 414/2746/2716 318/2821/2791
f 318/2821/2791 475/2820/2790 411/2834/2804
f 618/2835/2805 543/2822/2792 624/2836/2806
f 543/2822/2792 414/2746/2716 624/2836/2806
f 414/2746/2716 678/2823/2793 624/2836/2806
f 771/2837/2807 767/2838/2808 673/2839/2809
f 672/2840/2810 767/2841/2811 517/2842/2812
f 767/2841/2811 670/2806/2776 517/2842/2812
f 670/2806/2776 580/2825/2795 517/2842/2812
f 579/2786/2757 576/2809/2779 515/2843/2813
f 515/2843/2813 576/2809/2779 452/2844/2814
f 452/2844/2814 576/2809/2779 513/2845/2815
f 576/2809/2779 511/2846/2816 513/2845/2815
f 512/2845/2817 448/2847/2817 451/2848/2817
f 450/2849/2818 446/2810/2780 378/2850/2819
f 446/2810/2780 506/2811/2781 378/2850/2819
f 506/2811/2781 441/2827/2797 378/2850/2819
s 0
f 621/2851/2820 623/2836/2820 683/2852/2820
s 1
f 679/2853/2821 674/2854/2822 583/2855/2823
f 674/2854/2822 672/2840/2810 583/2855/2823
f 672/2840/2810 517/2842/2812 583/2855/2823
f 385/2856/2824 521/2857/2825 452/2844/2814
f 452/2844/2814 513/2845/2815 381/2858/2826
f 449/2859/2827 378/2850/2828 379/2860/2829
f 379/2860/2829 378/2850/2828 328/2861/2830
f 201/2816/2786 170/2862/2831 171/2795/2765
f 171/2795/2765 170/2862/2831 68/2819/2789
f 170/2862/2831 169/2829/2799 68/2819/2789
f 57/2863/2832 55/2864/2833 4/2865/2834
f 4/2865/2834 55/2864/2833 3/2866/2835
f 406/2867/2836 358/2868/2837 468/2869/2838
f 469/2870/2839 472/2871/2840 536/2872/2841
f 696/2873/2842 7121/2874/2842 7124/2875/2842
f 679/2853/2821 583/2855/2823 587/2876/2843
f 591/2877/2844 521/2857/2825 385/2856/2824
f 452/2844/2814 381/2858/2826 385/2856/2824
s 0
f 380/2860/2845 332/2878/2845 383/2879/2845
s 1
f 330/2878/2846 389/2880/2847 382/2879/2847
f 329/2878/2848 276/2881/2849 282/2882/2848
f 279/2883/2850 278/2828/2798 127/2738/2708
f 279/2883/2850 127/2738/2708 130/2884/2851
f 71/2885/2852 69/2831/2801 65/2830/2800
f 2/2886/2853 4/2865/2834 3/2866/2835
f 107/2887/2854 111/2888/2855 150/2889/2856
f 150/2889/2856 193/2890/2857 246/2891/2858
f 358/2868/2837 406/2867/2836 312/2892/2859
f 469/2870/2839 536/2872/2841 466/2893/2860
f 466/2893/2860 536/2872/2841 613/2894/2861
f 611/2895/2862 609/2896/2863 403/2897/2864
f 690/2898/2865 525/2899/2866 592/2900/2867
f 592/2900/2867 525/2899/2866 526/2901/2868
f 526/2901/2868 525/2899/2866 453/2902/2869
f 457/2903/2870 281/2904/2871 208/2905/2872
f 130/2884/2851 127/2738/2708 71/2885/2852
f 127/2738/2708 69/2831/2801 71/2885/2852
f 2/2886/2853 3/2866/2835 14/2906/2873
f 3/2866/2835 43/2907/2874 14/2906/2873
f 107/2887/2854 150/2889/2856 104/2908/2875
f 104/2908/2875 150/2889/2856 147/2909/2876
f 150/2889/2856 246/2891/2858 147/2909/2876
f 304/2910/2877 308/2911/2878 352/2912/2879
f 354/2913/2880 405/2914/2881 352/2912/2882
f 592/2900/2867 526/2901/2868 595/2915/2883
f 526/2901/2868 453/2902/2869 458/2916/2884
f 453/2902/2869 392/2917/2885 458/2916/2884
f 458/2916/2884 392/2917/2885 394/2918/2886
f 395/2919/2887 393/2920/2888 337/2921/2889
f 393/2920/2888 391/2922/2890 337/2921/2889
f 337/2923/2891 390/2922/2892 213/2924/2893
f 208/2905/2872 281/2904/2871 75/2925/2894
f 30/2926/2895 10/2927/2895 32/2928/2895
f 12/2929/2896 36/2930/2897 11/2931/2898
f 98/2932/2899 104/2908/2875 147/2909/2876
f 611/2895/2862 403/2897/2864 405/2914/2881
f 609/2896/2863 603/2933/2900 403/2897/2864
f 603/2933/2900 601/2934/2901 403/2897/2864
f 464/2935/2902 465/2936/2903 534/2937/2904
f 532/2938/2905 597/2939/2906 529/2940/2907
f 75/2925/2894 175/2941/2908 208/2905/2872
f 175/2941/2908 75/2925/2894 81/2942/2909
f 36/2930/2897 12/2929/2896 39/2943/2910
f 184/2944/2911 189/2945/2912 237/2946/2912
f 238/2947/2913 304/2910/2877 233/2948/2914
f 304/2910/2877 352/2912/2879 233/2948/2914
f 352/2912/2882 405/2914/2881 403/2897/2864
f 464/2935/2902 534/2937/2904 462/2949/2915
f 534/2937/2904 532/2950/2916 462/2949/2915
f 532/2938/2905 529/2940/2907 461/2951/2917
f 461/2951/2917 529/2940/2907 398/2952/2918
f 341/2953/2919 399/2954/2920 218/2955/2921
f 339/2956/2922 338/2957/2923 215/2958/2924
f 337/2923/2891 213/2924/2893 214/2959/2925
f 211/2960/2926 82/2961/2927 132/2962/2928
f 80/2963/2929 31/2964/2930 133/2962/2931
f 133/2962/2931 31/2964/2930 134/2965/2932
f 31/2964/2930 83/2966/2933 134/2965/2932
f 135/2967/2934 87/2968/2935 136/2969/2936
f 97/2970/2937 188/2971/2938 145/2972/2938
f 233/2948/2914 352/2912/2879 298/2973/2939
f 296/2974/2940 352/2912/2882 403/2897/2864
f 404/2975/2941 463/2976/2942 350/2977/2943
f 402/2978/2944 464/2935/2902 348/2979/2945
f 464/2935/2902 462/2949/2915 348/2979/2945
f 343/2980/2946 401/2981/2947 400/2982/2948
f 339/2956/2922 215/2958/2924 285/2983/2949
f 213/2924/2893 211/2960/2926 214/2959/2925
f 214/2959/2925 211/2960/2926 176/2984/2950
f 211/2960/2926 132/2962/2928 176/2984/2950
f 132/2962/2928 134/2965/2951 176/2984/2950
f 404/2975/2941 350/2977/2943 228/2985/2952
f 344/2986/2953 340/2987/2954 288/2988/2953
f 341/2953/2919 218/2955/2921 287/2988/2955
s 0
f 216/2989/2956 178/2990/2956 219/2991/2956
s 1
f 221/2992/2957 135/2967/2934 222/2993/2958
f 135/2967/2934 136/2969/2936 222/2993/2958
f 136/2969/2936 140/2994/2959 222/2993/2958
f 186/2995/2960 230/2996/2961 183/2997/2962
f 183/2997/2962 230/2996/2961 228/2985/2963
f 345/2998/2964 342/2999/2965 286/3000/2966
f 221/2992/2957 222/2993/2958 290/3001/2967
f 292/3001/2968 180/3002/2968 225/3003/2969
l 4014 3809
l 6351 6492
l 6881 6884
l 6914 6916
l 6472 6757
l 6896 6898
l 6894 6911
l 6700 6719
l 6607 6635
l 6591 6600
l 6628 6657
l 6595 6625
l 6944 6981
l 6643 6684
l 6977 6990
l 6982 6989
l 6681 6686
l 6959 6995
l 6870 6897
l 6832 6947
l 6671 6709
l 6918 6922
l 6752 6834
l 6856 6857
l 6851 6872
l 6844 6846
l 6484 6489
l 5991 6163
l 5982 6156
l 5777 5993
l 5771 5774
l 6572 6575
l 6553 6559
l 6530 6798
l 5814 5817
l 5806 6007
l 6434 6582
l 6411 6559
l 6549 6551
l 6403 6545
l 6381 6531
l 7077 7083
l 5549 5550
l 5236 5239
l 5217 5513
l 6265 6267
l 6259 6425
l 6223 6225
l 6218 6379
l 5280 5581
l 5274 5574
l 4984 5227
l 4955 4957
l 4948 4950
l 7040 7055
l 5971 5973
l 5966 7047
l 5478 5759
l 6144 6148
l 6140 6141
l 6128 6133
l 6296 6442
l 6292 6440
l 6094 6256
l 6041 6221
l 6038 6039
l 5011 5015
l 4775 4988
l 4770 4982
l 4769 4980
l 5724 5727
l 5719 5937
l 5715 5935
l 5699 5926
l 5920 5922
l 5910 6122
l 6118 6285
l 6052 6054
l 5837 5839
l 4810 5016
l 4577 4778
l 4564 4760
l 4556 4559
l 5447 5704
l 5424 5701
l 5690 5917
l 5675 5896
l 5670 5890
l 5593 5594
l 5049 5052
l 4619 4818
l 4388 4389
l 5174 5175
l 5161 5443
l 5393 5678
l 5389 5662
l 4440 4441
l 4430 4232
l 4422 4616
l 4411 3947
l 4941 4937
l 4910 5153
l 4900 5146
l 5108 5113
l 5098 5352
l 5087 5089
l 5067 5070
l 3987 4446
l 4219 4416
l 4218 3949
l 3943 3945
l 4733 4931
l 4855 5086
l 3972 4235
l 3967 4229
l 3686 3917
l 4538 4730
l 4530 4725
l 4523 4525
l 3995 4247
l 3731 3735
l 3726 3957
l 4351 4529
l 4515 4518
l 4485 4666
l 4471 4648
l 3541 3745
l 3288 3492
l 4128 4130
l 4506 4699
l 4285 4467
l 4272 4463
l 4269 4460
l 3814 3816
l 3805 4005
l 7112 7118
l 3780 3782
l 3765 3792
l 3565 3779
l 3317 3105
l 4306 4492
l 3594 3813
l 3589 3810
l 3348 3351
l 2886 3077
l 3676 3896
l 4110 4325
l 4094 4096
l 3844 4042
l 2960 3154
l 3150 3365
l 2928 3115
l 2909 2914
l 2908 3101
l 2741 2890
l 2739 2888
l 2736 2737
l 3472 3669
l 3883 4087
l 3875 3877
l 2882 3067
l 3253 3469
l 3442 3636
l 3438 3627
l 2998 3195
l 2992 2996
l 2791 2793
l 2778 2949
l 2608 2750
l 2366 2585
l 3053 3057
l 3238 3451
l 3216 3448
l 2635 2795
l 2622 2624
l 2407 2411
l 2154 2347
l 2662 2663
l 2443 2628
l 2222 2412
l 2213 2216
l 2205 2206
l 2013 2015
l 2004 2008
l 3032 3227
l 3026 3224
l 2261 2263
l 2256 2258
l 2239 2438
l 2052 2057
l 2859 2704
l 2495 2674
l 2278 2465
l 2146 2344
l 2544 2696
l 2534 2682
l 1830 1926
l 2314 2316
l 2301 2520
l 2092 2094
l 1623 1625
l 1642 1737
l 1545 1546
l 1794 1895
l 1883 1972
l 1672 1764
l 1555 1657
l 1678 1772
l 1467 1471
l 1504 1609
l 1381 1474
l 1182 1186
l 1028 1029
l 1336 1415
l 1496 1498
l 1097 1099
l 971 1039
l 960 1036
l 1167 1247
l 1162 1243
l 1026 1027
l 907 990
l 809 883
l 800 880
l 795 797
l 1144 1147
l 711 713
l 1074 1079
l 1005 1067
l 551 482
l 1085 1151
l 481 483
l 625 544
l 436 487
l 416 420
l 752 754
l 663 666
l 563 653
l 371 434
l 369 429
l 767 856
l 508 568
l 447 510
l 117 158
l 110 149
l 522 584
l 275 325
l 359 409
l 604 608
l 24 79
l 45 99
l 190 245
l 33 37
l 240 302
l 210 212
l 94 143
l 223 182
l 6882 6900
l 6886 6889
l 6892 6906
l 6621 6627
l 6974 6976
l 6312 6457
l 6320 6456
l 6682 6685
l 6960 6995
l 6948 6986
l 6160 6328
l 6153 6308
l 6740 6744
l 6672 6714
l 6711 6713
l 6919 6949
l 6174 6346
l 6802 6923
l 6485 6763
l 6816 6818
l 6495 6498
l 5502 5780
l 6406 6409
l 6186 6493
l 5579 5815
l 5576 5807
l 5534 5536
l 7074 7076
l 5517 5518
l 5247 5539
l 5232 5233
l 5218 5511
l 5185 5483
l 6269 6435
l 6219 6385
l 5284 5583
l 5261 5556
l 4995 5242
l 4949 5190
l 7045 7049
l 7034 7036
l 7050 7052
l 5936 5940
l 6136 6139
l 6129 6138
l 6126 6302
l 6033 6036
l 6019 6187
l 5024 5032
l 5746 5752
l 5423 5700
l 6115 6283
l 5895 5897
l 5879 6083
l 5845 6035
l 5047 5288
l 4444 5043
l 4586 4789
l 4578 4782
l 4565 4758
l 5465 5738
l 5676 5898
l 5671 5887
l 5616 5618
l 4632 4633
l 4622 4437
l 4598 4599
l 4402 4600
l 4399 4592
l 4393 4397
l 4383 4385
l 5145 5147
l 5681 5901
l 5679 5680
l 5362 5641
l 5348 5638
l 5301 5596
l 4438 4626
l 4423 4617
l 4181 4185
l 4158 4374
l 4151 4371
l 5408 5683
l 5109 5368
l 5061 5300
l 3953 4230
l 3940 4209
l 3935 4206
l 3922 3925
l 4734 4737
l 4717 4720
l 4881 5132
l 4876 5124
l 4534 4729
l 4531 4726
l 4524 4716
l 4259 4452
l 3753 4249
l 3754 3992
l 3732 3975
l 3506 3704
l 4516 4517
l 4694 4695
l 4472 4651
l 3996 4007
l 4000 4004
l 3545 3752
l 3518 3721
l 3295 3499
l 4511 4700
l 4503 4698
l 4297 4298
l 3820 4012
l 7099 7101
l 3577 3795
l 3318 3320
l 3310 3523
l 3304 3516
l 3086 3300
l 3895 4140
l 3891 4122
l 4119 4332
l 4311 4496
l 4069 4302
l 3362 3363
l 3128 3334
l 3124 3332
l 3089 3307
l 4100 4317
l 4078 4309
l 3849 4054
l 3614 3615
l 3403 3593
l 3163 3167
l 3151 3366
l 2724 2884
l 3478 3672
l 3243 3666
l 3886 4102
l 3884 4088
l 3189 3412
l 2982 3183
l 2765 2767
l 3443 3638
l 3434 3437
l 2999 3197
l 2796 2970
l 2779 2954
l 2598 2746
l 2822 2823
l 2645 2802
l 2641 2646
l 2636 2792
l 2630 2777
l 2384 2387
l 2191 2377
l 2186 2370
l 2715 2874
l 2871 3051
l 3019 3022
l 2456 2650
l 2005 2151
l 2001 2002
l 2257 2453
l 2252 2447
l 2246 2251
l 2047 2049
l 1906 2022
l 2691 2842
l 2684 2685
l 2490 2671
l 2271 2463
l 1924 2055
l 2512 2514
l 2507 2509
l 1817 1914
l 2554 2557
l 2545 2548
l 2294 2505
l 1738 1733
l 1986 1989
l 1643 1736
l 2111 2113
l 1535 1537
l 1984 2127
l 1969 1976
l 1668 1760
l 1456 1538
l 1452 1453
l 1576 1664
l 1613 1615
l 1286 1372
l 1197 1199
l 1188 1191
l 1183 1278
l 1419 1507
l 1606 1608
l 1205 1302
l 1265 1270
l 1402 1497
l 1252 1340
l 1403 1405
l 968 970
l 1239 1334
l 1229 1323
l 1217 1306
l 875 878
l 1157 1160
l 1149 1238
l 718 802
l 1089 1150
l 783 784
l 546 626
l 362 416
l 271 273
l 156 195
l 151 153
l 617 700
l 698 7122
l 15 18
l 53 114
l 360 361
l 523 586
l 335 388
l 333 386
l 355 407
l 128 173
l 25 70
l 605 692
l 283 336
l 34 85
l 229 297
l 3549 3551
l 4625 4627
l 6470 6754
l 6736 6748
l 6653 6658
l 6825 6826
l 6612 6645
l 6687 6688
l 6616 6647
l 6979 6988
l 6313 6323
l 6321 6461
l 6309 6317
l 6640 6665
l 6868 6893
l 5775 6334
l 6833 6791
l 6480 6761
l 6181 6354
l 5773 6160
l 6741 7015
l 6807 6811
l 6779 6853
l 6760 6768
l 6486 6766
l 5783 6001
l 6537 6806
l 6517 6793
l 5503 5504
l 5498 5499
l 6424 6573
l 6547 6548
l 6372 6510
l 6357 6494
l 5580 5813
l 7078 7085
l 5529 7067
l 5238 5526
l 5224 5519
l 5210 5496
l 5186 5189
l 6261 6430
l 6243 6244
l 6234 6238
l 6224 6226
l 4973 5212
l 7041 7054
l 7021 7042
l 5967 5969
l 5758 5761
l 6145 6149
l 6130 6306
l 6298 6443
l 6098 6262
l 5044 5821
l 4764 4975
l 4754 4757
l 5747 5968
l 5732 5957
l 5726 5954
l 5721 5946
l 6119 6289
l 6109 6272
l 5886 6093
l 5831 6014
l 5045 5289
l 5289 5292
l 4817 5023
l 4575 4771
l 5471 5748
l 5686 5911
l 5903 5904
l 5666 5885
l 5614 5615
l 5604 5830
l 5598 5600
l 4623 4822
l 4403 4414
l 4380 4569
l 4376 4557
l 5183 5470
l 5179 5459
l 5163 5166
l 5386 5660
l 5334 5337
l 5055 5056
l 4182 4188
l 4171 4173
l 4165 4390
l 4929 5169
l 4912 4914
l 4906 4908
l 5404 5682
l 5395 5400
l 5099 5349
l 5075 5080
l 4221 4417
l 3936 4209
l 3923 4170
l 3908 4155
l 4361 4739
l 4713 4918
l 5135 5137
l 4877 4880
l 4870 5114
l 4639 4641
l 3969 4228
l 3708 3942
l 3698 3700
l 4364 4541
l 4677 4871
l 4260 4450
l 4255 4449
l 3724 3956
l 3712 3714
l 4346 4348
l 4343 4345
l 4477 4481
l 4022 4251
l 4008 4019
l 3524 3526
l 3512 3713
l 3285 3488
l 4144 4359
l 4137 4341
l 4129 4336
l 4124 4334
l 4500 4693
l 4299 4482
l 3800 4001
l 3756 3799
l 7113 7117
l 7102 7115
l 3790 3791
l 3775 3777
l 3563 3778
l 3556 3764
l 3305 3308
l 3087 3293
l 3072 3277
l 3270 3482
l 4070 4303
l 4043 4288
l 4033 4273
l 3599 3600
l 3357 3564
l 3349 3559
l 3341 3343
l 2895 3085
l 4101 4320
l 4082 4083
l 3839 4029
l 3393 3397
l 3185 3395
l 3141 3355
l 2938 3134
l 3869 3872
l 3626 3841
l 3190 3410
l 2962 3155
l 2582 2740
l 2573 2728
l 3267 3477
l 3254 3256
l 3655 3659
l 3651 3868
l 3429 3431
l 3424 3427
l 2813 2980
l 2809 2977
l 2786 2789
l 2368 2587
l 2361 2364
l 3212 3440
l 3003 3207
l 2631 2784
l 2409 2413
l 2385 2596
l 2383 2592
l 2192 2376
l 2187 2189
l 2716 2873
l 3020 3218
l 2454 2457
l 2449 2640
l 2444 2445
l 2196 2389
l 2711 2868
l 2707 2708
l 3042 3043
l 2834 3012
l 2468 2470
l 2229 2432
l 2068 2224
l 1809 2024
l 2692 2846
l 2491 2492
l 2272 2462
l 1919 1921
l 2698 2845
l 2546 2700
l 2536 2681
l 2518 2521
l 2497 2500
l 2079 2082
l 1832 1836
l 1823 1822
l 1818 1916
l 1711 1713
l 2303 2307
l 2295 2508
l 1748 1847
l 1739 1740
l 1727 1821
l 1991 1993
l 1987 2132
l 2324 2326
l 1650 1747
l 1536 1644
l 1432 1515
l 1796 1799
l 1885 1973
l 1875 1965
l 1563 1566
l 1559 1658
l 1556 1462
l 1621 1707
l 1704 1803
l 1577 1578
l 1375 1457
l 1781 1783
l 1206 1209
l 1266 1268
l 1261 1262
l 1324 1399
l 1052 1120
l 1326 1404
l 988 1054
l 724 808
l 719 798
l 822 913
l 779 786
l 1014 1081
l 834 921
l 945 946
l 660 744
l 433 485
l 427 428
l 417 419
l 760 853
l 442 497
l 121 160
l 161 196
l 163 166
l 540 542
l 518 519
l 377 439
l 16 62
l 61 63
l 54 56
l 152 192
l 326 376
l 1 6
l 49 52
l 22 27
l 5 21
l 46 102
l 606 688
l 593 598
l 204 277
l 26 76
l 242 303
l 74 77
l 35 84
l 289 293
l 3376 3380
l 3335 3548
l 5474 5477
l 6880 6883
l 6447 6450
l 6967 7002
l 7000 7001
l 6602 6632
l 6593 6614
l 6654 6690
l 6636 6637
l 6646 6648
l 6617 6619
l 6875 6877
l 6348 6477
l 6728 6730
l 6734 6747
l 6182 6184
l 5994 5996
l 6750 6831
l 6742 7014
l 6797 6800
l 6773 6776
l 5800 6183
l 6555 6561
l 6538 6541
l 6532 6801
l 6522 6518
l 6497 6767
l 5811 6009
l 5805 6008
l 5795 5798
l 5506 5788
l 5480 5484
l 6437 6587
l 6422 6258
l 6404 6552
l 6388 6542
l 6373 6207
l 6367 6508
l 5577 5809
l 5572 5575
l 5250 5252
l 5220 5222
l 5195 5201
l 5187 5481
l 6241 6248
l 6235 6389
l 6196 6371
l 6191 6364
l 5276 5573
l 5266 5558
l 4990 4993
l 4985 5228
l 4981 4983
l 4951 4953
l 5753 5976
l 5961 7037
l 5944 7032
l 6293 6441
l 6286 6288
l 5014 5259
l 5006 4799
l 4785 4999
l 4765 4977
l 4755 4966
l 5741 5740
l 5915 6132
l 5891 6096
l 5857 6047
l 5832 6015
l 4804 4806
l 4594 4597
l 4561 4563
l 5467 5743
l 5687 5914
l 5656 5877
l 5651 5876
l 5313 5838
l 5587 5822
l 4605 4606
l 4215 4604
l 5148 5425
l 5421 5692
l 5396 5674
l 5382 5653
l 5370 5375
l 5356 5360
l 5343 5637
l 5335 5631
l 5302 5602
l 4425 4618
l 4200 4405
l 4183 4401
l 4943 5181
l 4930 5167
l 4922 5159
l 4919 4921
l 5140 5420
l 5405 5406
l 5116 5381
l 5111 5373
l 5083 5320
l 5076 5315
l 4241 4243
l 4210 4406
l 3931 4180
l 3920 4168
l 4714 4718
l 4704 4902
l 3964 4225
l 3687 3918
l 3685 3913
l 4535 4537
l 4683 4882
l 4663 4665
l 4026 4642
l 3727 3959
l 3508 3707
l 4344 4527
l 4686 4887
l 4478 4660
l 4469 4647
l 4023 4250
l 3821 3823
l 3815 4011
l 7109 7110
l 3776 7096
l 3771 7087
l 3578 3797
l 3306 3511
l 3081 3083
l 4304 4305
l 4060 4063
l 4030 4274
l 3350 3354
l 3130 3336
l 3094 3312
l 3674 3675
l 4106 4324
l 4095 4099
l 3182 3184
l 3168 3170
l 3165 3374
l 3158 3162
l 2918 3111
l 3474 3475
l 3641 3858
l 3634 3635
l 2955 3153
l 2939 2943
l 2589 2590
l 2574 2726
l 3245 3246
l 3430 3619
l 3000 3196
l 2988 2989
l 2805 2972
l 2780 2785
l 2362 2359
l 2879 2880
l 3062 3259
l 3004 3204
l 2653 2812
l 2634 2787
l 2626 2776
l 2410 2611
l 2392 2390
l 2179 2180
l 2169 2172
l 3021 3220
l 2831 2832
l 2668 2828
l 2450 2647
l 2434 2435
l 2425 2427
l 2223 2415
l 2207 2402
l 2199 2202
l 2197 2391
l 2032 2035
l 2027 2164
l 2009 2156
l 3027 3225
l 3027 3222
l 2482 2661
l 2253 2451
l 2241 2243
l 2065 2067
l 2048 2051
l 1907 2025
l 1904 2007
l 2849 3024
l 2693 2838
l 2285 2475
l 2280 2473
l 2273 2461
l 2264 2460
l 1920 1925
l 1826 1922
l 2331 2332
l 1854 1948
l 1729 1735
l 1992 2136
l 2104 2106
l 1651 1653
l 1896 1994
l 1542 1647
l 1982 2126
l 1879 1968
l 1670 1763
l 1458 1548
l 1353 1436
l 1700 1797
l 1370 1451
l 1367 1449
l 1384 1386
l 1202 1293
l 1193 1283
l 1190 1282
l 1184 1280
l 1492 1600
l 1488 1589
l 1119 1123
l 1048 1114
l 972 1043
l 1093 1175
l 1230 1321
l 1223 1226
l 1139 1232
l 1235 1148
l 725 804
l 630 637
l 627 785
l 923 1008
l 555 633
l 930 1011
l 645 735
l 938 939
l 656 659
l 560 642
l 761 762
l 571 573
l 564 565
l 258 259
l 769 858
l 263 265
l 443 498
l 122 124
l 474 541
l 675 774
l 55 116
l 410 413
l 622 681
l 524 590
l 327 334
l 50 105
l 247 314
l 588 589
l 384 455
l 191 243
l 607 689
l 594 596
l 527 530
l 41 44
l 95 146
l 144 187
l 234 301
l 139 142
l 90 93
l 231 300
l 737 740
l 3373 3375
l 6304 6131
l 6731 6745
l 6901 6913
l 6341 6475
l 6667 6706
l 6968 6969
l 7003 7007
l 6655 6696
l 6701 6702
l 6603 6634
l 6454 6601
l 6597 6626
l 6624 6630
l 6608 6610
l 6941 6943
l 6980 6984
l 6315 6453
l 6950 6954
l 6707 6727
l 6729 6743
l 6674 6712
l 6679 6680
l 6921 6953
l 6858 6879
l 6177 6345
l 5998 6167
l 5995 5997
l 6781 6784
l 6774 6777
l 6770 6847
l 5789 6003
l 6583 6584
l 6577 6586
l 6533 6536
l 6523 6795
l 6519 6521
l 6365 6775
l 5799 5802
l 5507 5786
l 6432 6579
l 6423 6427
l 6407 6556
l 6382 6386
l 6374 6202
l 6368 6369
l 6360 6504
l 7068 7069
l 7075 7082
l 5527 5528
l 5524 7059
l 5543 5544
l 5226 5229
l 5221 5514
l 4761 5213
l 5196 5200
l 5188 5191
l 6396 6405
l 6197 6199
l 4986 4989
l 4945 4947
l 7028 7031
l 7022 7044
l 7016 7020
l 5754 5974
l 5949 5950
l 5945 7030
l 5938 5943
l 5934 7027
l 6147 6150
l 6284 6291
l 6271 6274
l 6100 6268
l 6097 6263
l 6092 6255
l 6028 6204
l 6021 6194
l 5026 5028
l 4792 5003
l 4786 4998
l 4766 4978
l 4747 4748
l 4740 4956
l 5749 5965
l 5733 5736
l 5728 5953
l 5707 5708
l 5916 6137
l 5912 6127
l 6120 6287
l 6110 6276
l 5881 6080
l 6069 6071
l 6066 6068
l 5870 5874
l 5864 6051
l 5858 5861
l 5829 6013
l 4820 4821
l 4819 5029
l 4581 4779
l 4567 4572
l 4954 4741
l 5468 5745
l 5456 5713
l 5437 5440
l 5694 5923
l 5673 5889
l 5619 5843
l 5599 5825
l 5287 5589
l 4629 4823
l 4395 4585
l 4377 4379
l 4372 4546
l 5397 5668
l 5383 5658
l 5344 5635
l 5336 5633
l 5310 5314
l 5305 5610
l 4934 4938
l 4923 4924
l 5127 5385
l 5117 5120
l 5106 5110
l 5095 5354
l 5092 5328
l 5084 5317
l 4637 4638
l 4211 4410
l 3937 4203
l 3932 4186
l 3928 4175
l 4731 4735
l 4719 4723
l 4872 5119
l 3974 4237
l 4532 4728
l 4893 5134
l 4679 4682
l 4654 4657
l 4454 4455
l 4248 3991
l 3498 3688
l 3900 3902
l 4347 4352
l 4490 4678
l 4267 4459
l 4010 4016
l 4003 4006
l 3537 3540
l 3286 3487
l 4134 4340
l 4126 4335
l 4270 4461
l 3802 3999
l 7104 7116
l 3783 7098
l 3758 3760
l 3073 3279
l 3664 4118
l 4121 4125
l 4117 4120
l 4067 4071
l 3829 3832
l 3131 3339
l 3127 3331
l 3271 3481
l 3398 3579
l 3166 3377
l 3143 3361
l 2936 3123
l 3642 3856
l 2947 3138
l 2766 2932
l 2761 2920
l 2753 2756
l 3258 3471
l 3458 3459
l 3656 3874
l 3436 3623
l 3201 3205
l 3001 3199
l 2995 3192
l 2814 2981
l 2781 3140
l 2769 2940
l 2613 2759
l 2610 2755
l 2600 2747
l 2378 2588
l 2350 2577
l 3063 3262
l 2648 2800
l 2193 2379
l 2166 2353
l 2718 2877
l 2863 2866
l 3232 3237
l 2203 2204
l 2200 2398
l 2194 2386
l 2016 2160
l 2010 2014
l 2713 2572
l 3038 3231
l 3028 3223
l 2487 2489
l 2483 2660
l 2254 2455
l 2248 2448
l 2056 2060
l 2043 2212
l 2843 2847
l 2687 2839
l 2281 2474
l 1940 2071
l 1912 1913
l 1806 1897
l 2526 2530
l 2499 2502
l 1842 1843
l 1819 1915
l 1724 1813
l 2141 2143
l 2547 2549
l 2312 2542
l 2297 2516
l 1730 1833
l 1631 1715
l 2325 2559
l 2105 2311
l 1860 1864
l 1751 1848
l 1439 1518
l 1798 1802
l 1791 1894
l 1979 2118
l 1705 1800
l 1371 1373
l 1298 1376
l 1493 1494
l 1208 1303
l 1393 1394
l 1248 1251
l 1317 1398
l 1313 1392
l 1094 1096
l 1159 1241
l 1219 1308
l 882 967
l 1153 1155
l 1134 1225
l 1070 1145
l 715 794
l 865 869
l 823 912
l 638 717
l 631 634
l 777 867
l 1087 1088
l 556 558
l 479 547
l 1018 1083
l 494 738
l 646 648
l 770 859
l 765 768
l 444 499
l 272 321
l 123 162
l 619 699
l 676 773
l 514 581
l 113 118
l 164 197
l 537 539
l 322 324
l 47 103
l 248 309
l 310 317
l 612 697
l 453 454
l 599 602
l 206 280
l 72 131
l 13 40
l 528 531
l 396 459
l 86 89
l 42 96
l 91 137
l 346 351
l 217 220
l 294 349
l 1530 1532
l 4460 4462
l 6782 6785
l 6864 6891
l 6904 6905
l 6342 6474
l 6448 6460
l 6598 6622
l 6942 6978
l 6316 6451
l 6675 6678
l 6641 6677
l 6951 6987
l 6154 6157
l 6732 6746
l 6855 6874
l 6173 6175
l 6804 6808
l 6786 6854
l 6771 6849
l 6539 6543
l 6511 6512
l 6408 6558
l 6361 6363
l 7084 7081
l 7071 7079
l 5563 7073
l 5554 5561
l 5234 5522
l 5231 5521
l 6257 6426
l 6247 6398
l 6239 6392
l 6203 6206
l 5267 5270
l 7017 7019
l 7053 5978
l 5755 5756
l 5963 7043
l 5939 7029
l 6300 6303
l 6295 6297
l 6090 6095
l 6084 6237
l 6022 6023
l 5007 5008
l 4787 4788
l 5734 5956
l 5697 5698
l 6123 6301
l 6111 6273
l 6105 6107
l 5892 5889
l 6061 6079
l 5859 6050
l 5048 5291
l 4590 4593
l 4582 4780
l 4568 4573
l 5460 5723
l 5453 5708
l 5908 6117
l 5667 5672
l 5636 5856
l 4630 4826
l 4613 4814
l 4400 4595
l 4396 4588
l 4375 4553
l 5171 5451
l 5149 5427
l 5377 5648
l 5363 5367
l 5358 5640
l 5351 5355
l 5323 5626
l 5306 5611
l 4427 4431
l 4163 4384
l 4944 5184
l 4935 5173
l 5128 5384
l 5122 5126
l 5107 5372
l 5100 5105
l 5096 5345
l 5085 5318
l 5071 5073
l 4202 4208
l 3938 4199
l 3933 4194
l 3905 4149
l 4736 4932
l 4710 4712
l 5133 5398
l 3965 4224
l 3961 3963
l 3955 3960
l 4146 4366
l 4528 4533
l 4521 4707
l 4889 4891
l 3993 3994
l 3737 3739
l 4688 4885
l 4483 4484
l 3515 3716
l 3509 3711
l 3297 3503
l 4271 4464
l 3822 4018
l 3817 4017
l 3811 4015
l 3803 3806
l 3767 3769
l 3763 3794
l 3580 3796
l 3573 3576
l 3572 3789
l 3553 3761
l 3074 3282
l 3898 4142
l 4319 4321
l 4055 4057
l 3592 3595
l 3345 3555
l 3102 3319
l 2901 2902
l 4108 4111
l 4104 4107
l 4097 4318
l 4089 4091
l 3845 4051
l 3836 3840
l 3406 3598
l 3171 3368
l 3159 3371
l 3144 3359
l 2743 2896
l 3629 3843
l 3624 3837
l 3616 3617
l 2957 3148
l 2941 2944
l 3060 3467
l 3439 3633
l 2782 2961
l 2363 2581
l 2824 2986
l 2619 2774
l 2394 2396
l 2183 2358
l 2170 2173
l 2167 2352
l 2159 2163
l 2719 2878
l 3233 3235
l 2657 2818
l 2227 2228
l 2211 2404
l 2201 2395
l 2017 2157
l 2011 2158
l 3033 3229
l 2670 2829
l 2466 2469
l 2236 2437
l 2050 2061
l 2044 2210
l 2567 2570
l 2493 2496
l 2286 2478
l 2282 2472
l 2334 2336
l 2524 2680
l 2515 2676
l 2075 2080
l 1636 1718
l 2138 2338
l 2313 2539
l 2298 2513
l 1752 1849
l 2122 2329
l 1547 1550
l 1440 1521
l 1966 1974
l 1881 1970
l 1671 1761
l 1354 1438
l 1775 1777
l 1574 1575
l 1463 1558
l 1369 1448
l 1618 1701
l 1786 1890
l 1284 1287
l 1281 1365
l 1690 1784
l 1389 1482
l 1421 1510
l 1601 1602
l 1110 1192
l 1030 1100
l 1267 1177
l 1172 1264
l 1254 1342
l 1245 1335
l 1318 1396
l 974 977
l 1154 1158
l 994 998
l 989 991
l 803 806
l 706 790
l 1141 1146
l 1068 1137
l 716 796
l 1071 1075
l 702 703
l 932 933
l 745 829
l 936 941
l 849 934
l 840 842
l 363 418
l 755 844
l 671 759
l 268 269
l 578 667
l 445 501
l 157 159
l 153 155
l 165 194
l 412 473
l 614 616
l 51 106
l 249 250
l 251 313
l 306 356
l 684 687
l 7 9
l 244 311
l 600 693
l 172 202
l 28 78
l 533 535
l 397 460
l 236 241
l 92 138
l 232 299
l 177 179
l 6907 6910
l 6885 6902
l 6756 6842
l 6445 6446
l 6459 6594
l 6605 6633
l 6590 6604
l 6599 6623
l 6650 6652
l 6609 6613
l 6615 6596
l 6669 6673
l 6642 6676
l 6326 6464
l 6478 6481
l 6159 6327
l 6155 6311
l 6835 6836
l 5999 6166
l 5981 6152
l 6739 6741
l 6788 6790
l 5770 5987
l 6557 6812
l 6529 6799
l 6520 6794
l 6503 6772
l 5509 5791
l 5501 5778
l 5486 5193
l 5482 5485
l 6384 6535
l 6362 6505
l 5532 7066
l 5515 5565
l 5555 5560
l 5241 5244
l 6198 6370
l 5279 5281
l 5258 5551
l 5004 5249
l 4970 4972
l 4958 4961
l 5964 7048
l 5959 5960
l 5476 5757
l 5875 6233
l 6044 6045
l 6025 6201
l 4793 4795
l 4773 4777
l 4759 4971
l 4742 4952
l 5729 5731
l 5717 5722
l 5919 6142
l 5913 6125
l 6113 6277
l 6106 6108
l 5893 6099
l 6062 6065
l 5872 6048
l 6056 6058
l 5836 5841
l 5826 5827
l 4816 5025
l 4813 5018
l 4596 4797
l 4591 4794
l 4555 4558
l 5469 5751
l 5445 5705
l 5434 5703
l 5900 5902
l 5608 5834
l 4614 4812
l 4607 4803
l 5154 5429
l 5388 5663
l 5378 5657
l 5369 5374
l 5364 5371
l 5337 5340
l 5324 5329
l 5303 5597
l 4428 4432
l 4178 4404
l 4156 4157
l 4940 4942
l 4899 5142
l 4701 5412
l 5101 5359
l 5097 5353
l 4212 4407
l 3921 3924
l 3906 4148
l 4868 5104
l 3966 4227
l 3950 3717
l 3689 4162
l 4536 4732
l 4652 4840
l 4458 4646
l 4257 4261
l 3988 4246
l 3747 3983
l 3741 3743
l 3738 3979
l 3725 3958
l 3505 3507
l 4689 4888
l 4262 4265
l 3510 3710
l 3287 3490
l 4135 4342
l 4505 4508
l 4283 4466
l 3818 4013
l 7097 3781
l 7094 7105
l 3568 3786
l 3323 3325
l 3587 3591
l 3391 3585
l 3346 3557
l 3102 3103
l 3096 3313
l 2893 2894
l 4105 4322
l 4084 4085
l 4076 4077
l 3846 3850
l 3606 3828
l 3407 3408
l 3172 3369
l 3169 3381
l 3160 3373
l 3156 3367
l 2923 2924
l 2744 2900
l 3068 3070
l 3878 4080
l 3631 3853
l 3420 3611
l 2951 2958
l 2763 2925
l 2881 3069
l 3657 3876
l 3653 3654
l 3446 3647
l 3432 3621
l 3426 3428
l 2991 2993
l 2797 2971
l 2783 2952
l 3064 3265
l 3048 3244
l 3214 3217
l 2620 2623
l 2393 2399
l 2381 2382
l 2190 2373
l 2181 2355
l 2171 2174
l 3234 3452
l 3015 3209
l 2833 3009
l 2452 2649
l 2033 2177
l 2028 2030
l 2023 2026
l 2003 2152
l 3040 3236
l 3034 3035
l 2840 2848
l 2250 2255
l 2237 2240
l 2066 2221
l 1900 1998
l 2287 2477
l 2283 2467
l 2276 2279
l 2266 2269
l 2076 2267
l 1941 1945
l 2340 2568
l 2528 2532
l 2522 2678
l 2510 2511
l 1845 1944
l 1815 1911
l 1720 1721
l 2299 2519
l 1855 2081
l 1732 1831
l 1626 1627
l 1862 1957
l 1754 1853
l 1656 1551
l 1652 1654
l 1640 1731
l 1523 1524
l 2117 1977
l 1967 2112
l 1539 1541
l 1441 1520
l 1434 1516
l 1882 1884
l 1769 1867
l 1355 1435
l 1362 1184
l 1616 1698
l 1476 1478
l 1285 1368
l 1269 1349
l 1347 1430
l 1512 1513
l 1506 1610
l 1596 1599
l 1582 1680
l 1387 1477
l 1292 1294
l 1200 1288
l 1102 1103
l 1203 1297
l 1341 1423
l 1122 1126
l 1117 1207
l 1044 1109
l 1173 1258
l 1250 1339
l 1409 1502
l 969 973
l 1161 1164
l 1231 1233
l 721 805
l 820 908
l 636 712
l 782 628
l 705 781
l 778 868
l 1084 1086
l 650 736
l 422 425
l 942 944
l 937 940
l 845 931
l 841 846
l 364 366
l 756 848
l 570 655
l 566 567
l 264 266
l 440 496
l 274 320
l 200 267
l 58 60
l 115 119
l 677 682
l 520 585
l 19 66
l 108 112
l 193 198
l 357 316
l 685 7120
l 387 456
l 8 17
l 252 315
l 48 101
l 100 148
l 203 205
l 23 29
l 38 88
l 185 235
l 227 295
l 3337 3550
l 6278 6279
l 6860 6888
l 6841 6863
l 7006 7012
l 6699 6720
l 6606 6629
l 6997 7010
l 6644 6683
l 6994 6996
l 6992 7009
l 6318 6449
l 6958 6962
l 6924 6925
l 6483 6487
l 6490 6491
l 6000 6168
l 5990 6165
l 5779 5782
l 6580 6581
l 6571 6574
l 6814 6817
l 6540 6810
l 6534 6803
l 6525 6796
l 6433 6438
l 5235 5525
l 6264 6429
l 6251 6413
l 6227 6391
l 6217 6383
l 5283 5582
l 5268 5272
l 5263 5265
l 4959 5198
l 5970 5975
l 5941 5947
l 5930 5931
l 5929 7018
l 6134 6143
l 6124 6299
l 6085 6236
l 6037 6211
l 6026 6027
l 5030 5273
l 5009 5253
l 4774 4987
l 4768 4979
l 4753 4965
l 5739 5742
l 5718 5942
l 6121 6290
l 6114 6116
l 5894 6102
l 6078 6082
l 6073 6087
l 5873 6067
l 5868 6063
l 5853 6046
l 4545 4746
l 5463 5730
l 5454 5710
l 5691 5696
l 5689 5918
l 5601 5828
l 4608 4801
l 4398 4584
l 4387 4583
l 4382 4570
l 5170 5449
l 5150 5151
l 5392 5669
l 5379 5654
l 5365 5646
l 5347 5350
l 5338 5632
l 4429 4620
l 4204 4409
l 4198 4201
l 4192 4195
l 4184 4190
l 4915 5155
l 4909 5152
l 5102 5366
l 4213 4408
l 3939 4197
l 3934 4191
l 3916 4161
l 4708 4913
l 4706 4904
l 5138 5403
l 4879 5130
l 4875 5121
l 3976 3978
l 3706 3941
l 3692 3695
l 4522 4709
l 4681 4878
l 4258 4451
l 4253 4254
l 3715 3720
l 3484 3677
l 4358 4362
l 4350 4353
l 4684 4687
l 3998 4002
l 3527 3740
l 3280 3283
l 4136 4339
l 4331 4333
l 4502 4696
l 4495 4497
l 3569 3785
l 3558 3768
l 3309 3517
l 3075 3284
l 4316 4323
l 4031 4275
l 3834 3826
l 3601 3602
l 3588 3812
l 3582 3586
l 3392 3584
l 3353 3561
l 3347 3552
l 3097 3316
l 3889 4116
l 4098 4315
l 3855 4056
l 3607 3827
l 3161 3372
l 3146 3149
l 3139 3352
l 2907 3099
l 2723 2885
l 3887 4109
l 3885 4092
l 3632 3854
l 3625 3838
l 3421 3422
l 2948 2950
l 2942 3136
l 2584 2586
l 3264 3266
l 3658 3881
l 3447 3645
l 2790 2967
l 2607 2752
l 2591 2593
l 2372 2374
l 2369 2371
l 2365 2583
l 3065 3261
l 3059 3250
l 2817 2820
l 2634 2638
l 2629 2632
l 2621 2773
l 2417 2614
l 2168 2175
l 2153 2348
l 2870 3055
l 3045 3242
l 2666 2669
l 2659 2819
l 2034 2176
l 3031 3226
l 2488 2665
l 2245 2442
l 2238 2439
l 2045 2046
l 2041 2209
l 1905 2020
l 2851 3023
l 2695 2699
l 2529 2679
l 2501 2503
l 1841 1930
l 2553 2555
l 2543 2551
l 1628 1629
l 2109 2319
l 1956 1958
l 1766 1863
l 1755 1757
l 1534 1535
l 1561 1565
l 1450 1533
l 1352 1433
l 1702 1703
l 1571 1572
l 1363 1446
l 1597 1686
l 1495 1603
l 1204 1300
l 1108 1113
l 1045 1049
l 1042 1107
l 1174 1260
l 1055 1125
l 959 1034
l 1166 1168
l 1221 1222
l 1056 1129
l 884 966
l 1025 1095
l 708 792
l 819 899
l 722 726
l 1073 1076
l 821 910
l 640 723
l 837 926
l 741 747
l 652 739
l 647 734
l 423 484
l 658 662
l 477 545
l 575 664
l 766 854
l 668 669
l 507 509
l 260 262
l 64 125
l 516 582
l 59 120
l 109 154
l 167 199
l 538 615
l 620 680
l 331 323
l 253 254
l 408 471
l 7119 7123
l 20 67
l 307 353
l 467 470
l 686 695
l 73 129
l 610 694
l 603 691
l 239 305
l 209 284
l 174 207
l 141 181
l 291 347
l 224 226
