# Blender 5.0.1
# www.blender.org
o BagA_lp
v -0.116651 0.085645 -0.061491
v -0.116153 0.086412 -0.061431
v -0.117156 0.084249 -0.061088
v -0.115900 0.085930 -0.058338
v -0.116796 0.084627 -0.061332
v -0.117156 0.084249 -0.061088
v -0.116821 0.083825 -0.061595
v -0.118184 0.087214 -0.060889
v -0.118361 0.090266 -0.057360
v -0.121567 0.085813 -0.056329
v -0.116383 0.080966 -0.062286
v -0.117920 0.088474 -0.059295
v -0.115877 0.087733 -0.060036
v -0.115120 0.087174 -0.062349
v -0.115365 0.087333 -0.061687
v -0.115692 0.086753 -0.062448
v -0.121687 0.091652 -0.057548
v -0.120320 0.089128 -0.059556
v -0.120320 0.089128 -0.059556
v -0.120713 0.086500 -0.056107
v -0.114360 0.086078 -0.064241
v -0.117062 0.089965 -0.062137
v -0.115414 0.088178 -0.059664
v -0.115414 0.088178 -0.059664
v -0.117623 0.091320 -0.062045
v -0.116754 0.088305 -0.057756
v -0.117941 0.088372 -0.058179
v -0.122009 0.091159 -0.057600
v -0.121402 0.091077 -0.056441
v -0.122184 0.091282 -0.057626
v -0.122552 0.091730 -0.057162
v -0.121677 0.090177 -0.057247
v -0.121659 0.089498 -0.056968
v -0.121667 0.087100 -0.056303
v -0.122189 0.087110 -0.055604
v -0.122097 0.086996 -0.055337
v -0.121558 0.078884 -0.057076
v -0.121301 0.083086 -0.055097
v -0.121032 0.080225 -0.054873
v -0.110565 0.069610 -0.072103
v -0.108414 0.090769 -0.071863
v -0.116070 0.088128 -0.056258
v -0.115834 0.088384 -0.056351
v -0.116783 0.088624 -0.048977
v -0.123986 0.088583 -0.055809
v -0.122595 0.091710 -0.053110
v -0.122595 0.091710 -0.053110
v -0.123165 0.092231 -0.057153
v -0.122611 0.092041 -0.057499
v -0.122911 0.087755 -0.055330
v -0.122673 0.088869 -0.054267
v -0.122906 0.088397 -0.054540
v -0.123649 0.088539 -0.053082
v -0.123072 0.085585 -0.055888
v -0.122510 0.078019 -0.054858
v -0.121265 0.080633 -0.055108
v -0.121585 0.073809 -0.055662
v -0.122028 0.073489 -0.055209
v -0.123025 0.073260 -0.055782
v -0.113501 0.037956 -0.071511
v -0.111967 0.045826 -0.072566
v -0.110628 0.069514 -0.072013
v -0.111409 0.099680 -0.064400
v -0.113486 0.094627 -0.058590
v -0.113441 0.094615 -0.058580
v -0.114197 0.090323 -0.049126
v -0.114857 0.090602 -0.049153
v -0.118504 0.089031 -0.051403
v -0.125524 0.094199 -0.051777
v -0.125628 0.092114 -0.048607
v -0.126643 0.090964 -0.051907
v -0.125474 0.090531 -0.051155
v -0.124632 0.091012 -0.051024
v -0.125886 0.088013 -0.052846
v -0.124129 0.087960 -0.052628
v -0.124129 0.087960 -0.052628
v -0.124129 0.087960 -0.052628
v -0.124129 0.087960 -0.052628
v -0.124027 0.087866 -0.055462
v -0.123848 0.087005 -0.056142
v -0.123527 0.085203 -0.058216
v -0.123160 0.086058 -0.053505
v -0.124838 0.084830 -0.056008
v -0.124454 0.080801 -0.057661
v -0.124608 0.081083 -0.056808
v -0.124939 0.080607 -0.056791
v -0.126220 0.081156 -0.057252
v -0.123206 0.077095 -0.054851
v -0.123751 0.069020 -0.055193
v -0.123054 0.077619 -0.054878
v -0.122921 0.071419 -0.054523
v -0.122580 0.072562 -0.054566
v -0.123175 0.066523 -0.054978
v -0.123487 0.066781 -0.054902
v -0.124926 0.040638 -0.054673
v -0.111729 0.040506 -0.070744
v -0.107810 0.090465 -0.070789
v -0.106155 0.107986 -0.071420
v -0.111386 0.099795 -0.064392
v -0.116472 0.088307 -0.048941
v -0.115098 0.087266 -0.022201
v -0.117852 0.088228 -0.046456
v -0.127722 0.093112 -0.038293
v -0.127093 0.094231 -0.049279
v -0.127583 0.093472 -0.044366
v -0.128777 0.093263 -0.045177
v -0.128824 0.092955 -0.041745
v -0.127905 0.093613 -0.049005
v -0.128582 0.093421 -0.047256
v -0.127141 0.093419 -0.048729
v -0.127765 0.095084 -0.049943
v -0.127421 0.093763 -0.050121
v -0.127658 0.094651 -0.052401
v -0.128024 0.093901 -0.052154
v -0.126987 0.090470 -0.050987
v -0.126987 0.090470 -0.050987
v -0.127763 0.089836 -0.050178
v -0.127605 0.090348 -0.050145
v -0.126987 0.090470 -0.050987
v -0.126184 0.087659 -0.054551
v -0.128336 0.087293 -0.052807
v -0.129052 0.086517 -0.052587
v -0.127361 0.087216 -0.053675
v -0.126508 0.086892 -0.055077
v -0.125282 0.087316 -0.053930
v -0.125559 0.088136 -0.056262
v -0.124610 0.087792 -0.053759
v -0.125559 0.088136 -0.056262
v -0.125744 0.079720 -0.054861
v -0.125189 0.080539 -0.056640
v -0.123825 0.066868 -0.054778
v -0.125535 0.057017 -0.053739
v -0.125544 0.034846 -0.055868
v -0.112631 0.007792 -0.072032
v -0.091233 0.059008 -0.079985
v -0.109486 0.114141 -0.062864
v -0.106857 0.138982 -0.034833
v -0.124253 0.092049 -0.022161
v -0.127759 0.092719 -0.028254
v -0.127060 0.092915 -0.035563
v -0.128526 0.091659 -0.033367
v -0.127708 0.093187 -0.037821
v -0.128330 0.093353 -0.038791
v -0.131342 0.091628 -0.042123
v -0.131342 0.091628 -0.042123
v -0.129706 0.093409 -0.047059
v -0.130289 0.092855 -0.048968
v -0.129706 0.093409 -0.047059
v -0.129706 0.093409 -0.047059
v -0.129298 0.092966 -0.049412
v -0.128021 0.093871 -0.049409
v -0.128008 0.093883 -0.049469
v -0.129430 0.093241 -0.049083
v -0.128336 0.093797 -0.049451
v -0.128018 0.093327 -0.051008
v -0.128184 0.089655 -0.049308
v -0.128711 0.089565 -0.048992
v -0.128775 0.089318 -0.048902
v -0.128773 0.087897 -0.049273
v -0.129712 0.086757 -0.052062
v -0.129712 0.086757 -0.052062
v -0.129889 0.086367 -0.050512
v -0.129712 0.086757 -0.052062
v -0.129712 0.086757 -0.052062
v -0.130176 0.086414 -0.051108
v -0.129712 0.086757 -0.052062
v -0.130400 0.084014 -0.052321
v -0.130799 0.083148 -0.053117
v -0.129972 0.083290 -0.052157
v -0.126467 0.082876 -0.054392
v -0.127307 0.082696 -0.055679
v -0.127713 0.076119 -0.054188
v -0.126126 0.076570 -0.052064
v -0.127874 0.073770 -0.052362
v -0.126748 0.075809 -0.053035
v -0.124452 0.070171 -0.055125
v -0.126632 0.050968 -0.054092
v -0.124906 0.044493 -0.054385
v -0.125048 0.037381 -0.054707
v -0.124937 0.038790 -0.054727
v -0.113662 -0.001504 -0.070876
v -0.112838 0.007883 -0.072276
v -0.104327 0.040527 -0.076740
v -0.095449 0.125672 -0.077035
v -0.104318 0.107740 -0.068853
v -0.115067 0.089077 -0.028775
v -0.115108 0.089476 -0.027854
v -0.124155 0.092053 -0.016426
v -0.127304 0.091193 -0.027393
v -0.130079 0.090747 -0.033300
v -0.130106 0.090788 -0.033294
v -0.130079 0.090747 -0.033300
v -0.141348 0.087762 -0.045786
v -0.140774 0.086651 -0.044118
v -0.133012 0.092147 -0.050732
v -0.129963 0.091783 -0.053073
v -0.132695 0.092079 -0.051057
v -0.133077 0.092216 -0.051198
v -0.130216 0.092750 -0.049396
v -0.128691 0.087251 -0.048927
v -0.129346 0.086815 -0.049242
v -0.128960 0.086957 -0.048611
v -0.129428 0.086601 -0.049619
v -0.130777 0.086527 -0.049423
v -0.130748 0.087132 -0.049331
v -0.131709 0.085028 -0.049823
v -0.131709 0.085028 -0.049823
v -0.131883 0.085803 -0.049279
v -0.133987 0.085392 -0.049602
v -0.131514 0.083947 -0.052456
v -0.131057 0.084224 -0.052225
v -0.133795 0.079743 -0.050622
v -0.132404 0.082024 -0.051490
v -0.132739 0.081318 -0.052092
v -0.128648 0.072761 -0.051575
v -0.128745 0.073276 -0.051567
v -0.126983 0.070726 -0.054076
v -0.127635 0.070323 -0.052945
v -0.132443 0.070102 -0.054758
v -0.126245 0.061410 -0.055980
v -0.127303 0.064858 -0.056155
v -0.125578 0.039482 -0.055647
v -0.126045 0.031732 -0.052482
v -0.125732 0.034771 -0.054434
v -0.125984 0.019406 -0.053194
v -0.124876 0.024369 -0.055191
v -0.111171 -0.016735 -0.072607
v -0.113458 -0.001442 -0.070723
v -0.104394 0.040469 -0.076912
v -0.103234 0.116900 -0.071966
v -0.114185 0.089696 -0.027557
v -0.115391 0.088005 -0.023618
v -0.122257 0.090931 -0.025885
v -0.124100 0.091665 -0.021648
v -0.123672 0.091636 -0.020330
v -0.134281 0.086037 -0.020999
v -0.137226 0.083259 -0.027298
v -0.137226 0.083259 -0.027298
v -0.140206 0.075293 -0.024724
v -0.144275 0.075664 -0.040132
v -0.141933 0.076515 -0.042838
v -0.141149 0.086329 -0.046038
v -0.135164 0.088635 -0.053655
v -0.136947 0.086931 -0.051162
v -0.130792 0.088611 -0.048867
v -0.131018 0.089831 -0.049733
v -0.131018 0.089831 -0.049733
v -0.134228 0.084596 -0.047987
v -0.133484 0.085340 -0.048276
v -0.134020 0.082143 -0.048391
v -0.136172 0.081448 -0.047869
v -0.131609 0.074863 -0.046199
v -0.131943 0.075603 -0.051041
v -0.130661 0.074220 -0.049916
v -0.131802 0.072921 -0.051279
v -0.129939 0.071442 -0.051513
v -0.128572 0.068841 -0.051676
v -0.128333 0.052152 -0.056778
v -0.128367 0.052141 -0.056309
v -0.127290 0.049860 -0.056863
v -0.125954 0.027256 -0.056485
v -0.127903 0.029530 -0.054591
v -0.127120 0.022187 -0.052766
v -0.127132 0.007423 -0.053560
v -0.125465 0.018131 -0.054556
v -0.124884 0.023095 -0.054873
v -0.111086 -0.016867 -0.072563
v -0.093558 0.131821 -0.077862
v -0.102210 0.118805 -0.073749
v -0.099341 0.118036 -0.071634
v -0.104444 0.116999 -0.073065
v -0.106216 0.127054 -0.065348
v -0.106705 0.125229 -0.065081
v -0.097114 0.150582 -0.065399
v -0.113690 0.087802 -0.020524
v -0.114881 0.088121 -0.023218
v -0.113347 0.088032 -0.014367
v -0.122492 0.091198 -0.018802
v -0.122345 0.091215 -0.018947
v -0.122841 0.088608 -0.015563
v -0.123625 0.090782 -0.014791
v -0.123625 0.090782 -0.014791
v -0.123625 0.090782 -0.014791
v -0.124485 0.090049 -0.013378
v -0.131129 0.085077 -0.010751
v -0.131129 0.085077 -0.010751
v -0.130993 0.084803 -0.010725
v -0.133801 0.085921 -0.022218
v -0.149118 0.042277 -0.042345
v -0.145088 0.067302 -0.043259
v -0.148597 0.068589 -0.044570
v -0.145647 0.073677 -0.044358
v -0.144674 0.074987 -0.044281
v -0.144860 0.079783 -0.047086
v -0.142539 0.078828 -0.045053
v -0.142452 0.081257 -0.045076
v -0.141938 0.083991 -0.046852
v -0.142225 0.083093 -0.045518
v -0.141086 0.084895 -0.047575
v -0.136356 0.085228 -0.048700
v -0.137637 0.080771 -0.047283
v -0.136620 0.080023 -0.043887
v -0.136380 0.080368 -0.046987
v -0.137354 0.075507 -0.045519
v -0.135182 0.076949 -0.050350
v -0.136399 0.076651 -0.052130
v -0.132579 0.074935 -0.049562
v -0.131704 0.070599 -0.050818
v -0.132182 0.068556 -0.050690
v -0.129873 0.062750 -0.052513
v -0.129206 0.067871 -0.050935
v -0.127920 0.062339 -0.050181
v -0.128613 0.056838 -0.051499
v -0.128406 0.043509 -0.056600
v -0.128408 0.027113 -0.056485
v -0.128504 0.038678 -0.056472
v -0.129085 0.014505 -0.055392
v -0.127220 0.015581 -0.056294
v -0.125600 0.008490 -0.054250
v -0.125053 0.009026 -0.054019
v -0.124704 0.002950 -0.054534
v -0.124212 -0.004634 -0.054867
v -0.123450 -0.011602 -0.054568
v -0.102190 -0.035207 -0.077259
v -0.063668 0.142067 -0.079972
v -0.099108 0.135658 -0.072288
v -0.098964 0.136223 -0.072469
v -0.111561 0.089752 -0.004024
v -0.114120 0.088613 -0.014367
v -0.113601 0.088641 -0.013733
v -0.115226 0.088527 -0.014472
v -0.121957 0.089277 -0.017274
v -0.118136 0.089321 -0.011204
v -0.118136 0.089321 -0.011204
v -0.118136 0.089321 -0.011204
v -0.121025 0.090067 -0.006548
v -0.122090 0.089972 -0.007180
v -0.123050 0.090262 -0.006889
v -0.126280 0.085472 -0.002538
v -0.133887 0.077941 -0.003294
v -0.135584 0.075354 -0.011242
v -0.135661 0.072500 -0.009825
v -0.135735 0.072508 -0.009798
v -0.135660 0.076892 -0.012386
v -0.135811 0.077077 -0.013000
v -0.147961 0.061944 -0.046223
v -0.149606 0.060116 -0.044900
v -0.144427 0.065126 -0.044754
v -0.142220 0.077005 -0.047450
v -0.141399 0.074860 -0.046059
v -0.141670 0.078393 -0.045947
v -0.142085 0.077056 -0.049993
v -0.141348 0.078438 -0.046217
v -0.138911 0.080830 -0.045887
v -0.139545 0.080147 -0.048956
v -0.138905 0.073974 -0.045610
v -0.137988 0.074195 -0.048687
v -0.137547 0.074316 -0.049091
v -0.136712 0.075548 -0.049627
v -0.134754 0.064376 -0.047298
v -0.133568 0.072678 -0.048175
v -0.132759 0.064152 -0.049991
v -0.131577 0.052297 -0.051133
v -0.132027 0.063322 -0.049910
v -0.131841 0.063509 -0.050958
v -0.129032 0.057994 -0.049289
v -0.129564 0.055027 -0.051173
v -0.128554 0.053953 -0.048810
v -0.129715 0.041168 -0.052170
v -0.129169 0.037941 -0.049993
v -0.129408 0.035395 -0.051830
v -0.129951 0.028794 -0.051593
v -0.129779 0.001794 -0.055594
v -0.126119 -0.001680 -0.054600
v -0.123605 -0.015699 -0.053760
v -0.125773 -0.002621 -0.054570
v -0.124915 -0.002694 -0.054789
v -0.124887 -0.002306 -0.054838
v -0.121881 -0.022560 -0.054613
v -0.110379 -0.031591 -0.071929
v -0.110480 -0.031402 -0.071955
v -0.089793 0.159812 -0.056885
v -0.111760 0.089163 -0.007162
v -0.112496 0.087969 -0.009816
v -0.119686 0.089827 -0.001222
v -0.120038 0.093186 -0.001932
v -0.125170 0.085441 0.003464
v -0.125665 0.086094 -0.000073
v -0.148174 0.033832 -0.042034
v -0.145928 0.053620 -0.043501
v -0.142184 0.063592 -0.043809
v -0.141449 0.062827 -0.040452
v -0.142026 0.064314 -0.043669
v -0.141497 0.073864 -0.046469
v -0.140839 0.075640 -0.046283
v -0.139223 0.070348 -0.047341
v -0.138383 0.071043 -0.049555
v -0.133777 0.059750 -0.049697
v -0.131837 0.054582 -0.051051
v -0.130323 0.029717 -0.051955
v -0.130295 0.037199 -0.051251
v -0.130424 0.036888 -0.051191
v -0.129936 0.033979 -0.052112
v -0.129597 0.033635 -0.052657
v -0.129856 0.026096 -0.050395
v -0.130038 0.029789 -0.051277
v -0.129355 0.020772 -0.051971
v -0.128836 0.006570 -0.055052
v -0.128474 -0.001490 -0.056072
v -0.128348 -0.002593 -0.056019
v -0.128354 -0.002381 -0.056035
v -0.126640 -0.007192 -0.055245
v -0.128714 -0.002797 -0.055633
v -0.124673 -0.005261 -0.054457
v -0.124092 -0.005704 -0.053016
v -0.124430 -0.004932 -0.054473
v -0.123312 -0.009038 -0.053152
v -0.123135 -0.013567 -0.054800
v -0.117043 -0.024613 -0.062984
v -0.117179 -0.024142 -0.062431
v -0.115552 -0.024456 -0.061912
v -0.098278 0.140861 -0.071001
v -0.089084 0.160399 -0.024666
v -0.111003 0.090200 -0.002329
v -0.111544 0.088849 -0.004534
v -0.114257 0.088931 0.000239
v -0.111876 0.089751 0.000095
v -0.114257 0.088928 0.000239
v -0.114257 0.088928 0.000239
v -0.119599 0.089705 0.000581
v -0.119599 0.089705 0.000581
v -0.120422 0.087756 0.006245
v -0.120422 0.087756 0.006245
v -0.120422 0.087756 0.006245
v -0.141305 0.019121 -0.019129
v -0.148563 0.012442 -0.042330
v -0.143420 0.049127 -0.043424
v -0.144029 0.052584 -0.043168
v -0.142667 0.058297 -0.042702
v -0.142351 0.058486 -0.041659
v -0.141174 0.061662 -0.044203
v -0.141434 0.063846 -0.043805
v -0.140776 0.057442 -0.042730
v -0.140719 0.060114 -0.044054
v -0.140739 0.067255 -0.044507
v -0.138757 0.067983 -0.049280
v -0.140245 0.062281 -0.048881
v -0.137476 0.070524 -0.048748
v -0.139300 0.059161 -0.048006
v -0.135310 0.058700 -0.047540
v -0.135689 0.057165 -0.047107
v -0.133816 0.053774 -0.048588
v -0.133465 0.043133 -0.050452
v -0.134016 0.039341 -0.049967
v -0.132228 0.028819 -0.050346
v -0.131502 0.017515 -0.052180
v -0.129366 0.021999 -0.050457
v -0.129858 0.017164 -0.051753
v -0.129186 0.009338 -0.052768
v -0.127387 0.008085 -0.049656
v -0.128270 0.006672 -0.051808
v -0.129816 0.002373 -0.052387
v -0.130948 0.002226 -0.053315
v -0.126290 -0.019496 -0.057213
v -0.125034 -0.018503 -0.058867
v -0.123678 -0.013780 -0.055252
v -0.122960 -0.017444 -0.054829
v -0.122766 -0.017911 -0.054965
v -0.122676 -0.020856 -0.055135
v -0.122765 -0.020697 -0.055250
v -0.119547 -0.025419 -0.054615
v -0.122297 -0.024491 -0.055019
v -0.118363 -0.026329 -0.059751
v -0.118582 -0.026082 -0.059908
v -0.118563 -0.026623 -0.059785
v -0.117862 -0.026089 -0.060884
v -0.117857 -0.026390 -0.060545
v -0.115736 -0.026884 -0.060079
v -0.115281 -0.027477 -0.059864
v -0.116244 -0.029528 -0.060252
v -0.115348 -0.033863 -0.058451
v -0.107352 -0.074537 -0.071042
v -0.109171 -0.046347 -0.072092
v -0.109214 -0.046264 -0.071988
v -0.101713 -0.043440 -0.077128
v -0.101503 -0.040757 -0.077211
v -0.093003 0.135476 -0.077184
v -0.098364 0.140868 -0.071036
v -0.085540 0.161337 -0.050695
v -0.085897 0.161791 -0.050858
v -0.084481 0.156584 -0.032086
v -0.089205 0.159946 -0.033374
v -0.089031 0.160464 -0.024811
v -0.096324 0.139649 0.025635
v -0.109336 0.088841 0.004780
v -0.109798 0.088582 0.003792
v -0.109535 0.089158 0.005140
v -0.109408 0.088973 0.004241
v -0.116776 0.086618 0.005749
v -0.115488 0.089173 0.004464
v -0.116823 0.088940 0.006798
v -0.113661 0.086383 0.010276
v -0.118154 0.083381 0.015945
v -0.118877 0.085049 0.017251
v -0.106245 0.058491 0.045731
v -0.141079 0.014522 -0.019004
v -0.143172 0.041611 -0.041880
v -0.143902 0.041322 -0.044611
v -0.140663 0.038723 -0.042134
v -0.142059 0.048039 -0.042608
v -0.142722 0.048321 -0.043076
v -0.141658 0.046420 -0.045452
v -0.141574 0.056265 -0.047404
v -0.141997 0.055785 -0.048326
v -0.135740 0.058763 -0.046833
v -0.135476 0.059366 -0.048027
v -0.132044 0.034850 -0.048071
v -0.133351 0.032948 -0.050142
v -0.129832 0.017103 -0.050296
v -0.128614 0.014143 -0.049267
v -0.130143 0.003871 -0.052217
v -0.129519 0.007632 -0.052133
v -0.130526 0.007382 -0.053020
v -0.125160 -0.021095 -0.056419
v -0.123191 -0.020772 -0.055400
v -0.123123 -0.021047 -0.054146
v -0.122562 -0.021481 -0.054281
v -0.121817 -0.022766 -0.056806
v -0.121889 -0.026345 -0.056110
v -0.123598 -0.027694 -0.055233
v -0.122736 -0.026917 -0.055402
v -0.122693 -0.028101 -0.056489
v -0.122736 -0.026917 -0.055402
v -0.119966 -0.027009 -0.059344
v -0.119767 -0.027022 -0.058022
v -0.118856 -0.026993 -0.058977
v -0.119966 -0.027009 -0.059344
v -0.117932 -0.027083 -0.059200
v -0.117165 -0.030251 -0.056347
v -0.113954 -0.033711 -0.058328
v -0.091875 0.147555 -0.072031
v -0.096020 0.150041 -0.064987
v -0.088961 0.158993 -0.056790
v -0.075783 0.163455 -0.066270
v -0.068585 0.168637 -0.058093
v -0.085646 0.161947 -0.031226
v -0.059914 0.173594 -0.043565
v -0.112117 0.088796 0.008125
v -0.115237 0.088530 0.013299
v -0.121574 0.090386 0.020261
v -0.139820 -0.013515 -0.016672
v -0.140202 -0.000066 -0.017565
v -0.141043 0.013059 -0.019006
v -0.147823 0.014547 -0.042213
v -0.148389 0.020950 -0.042660
v -0.142483 0.030894 -0.041934
v -0.143006 0.033429 -0.043256
v -0.141699 0.028353 -0.042175
v -0.142784 0.053549 -0.043072
v -0.141967 0.049966 -0.047758
v -0.141827 0.050259 -0.047946
v -0.141410 0.050421 -0.048137
v -0.140685 0.051527 -0.048662
v -0.141362 0.052360 -0.048475
v -0.141347 0.052542 -0.048499
v -0.137094 0.059640 -0.047556
v -0.137269 0.052829 -0.047075
v -0.135746 0.050125 -0.047007
v -0.135831 0.044140 -0.046717
v -0.136091 0.044376 -0.046917
v -0.134569 0.033845 -0.049105
v -0.133250 0.005000 -0.051248
v -0.132774 0.013581 -0.050155
v -0.133187 0.010017 -0.050529
v -0.132645 0.001528 -0.048022
v -0.127083 -0.018981 -0.047729
v -0.128262 -0.010047 -0.051397
v -0.125453 -0.019132 -0.056188
v -0.125083 -0.019857 -0.056780
v -0.126164 -0.021580 -0.053579
v -0.124577 -0.024273 -0.053114
v -0.124347 -0.023959 -0.055482
v -0.124237 -0.027110 -0.054921
v -0.124174 -0.027224 -0.055634
v -0.124856 -0.027061 -0.055838
v -0.125341 -0.025613 -0.055942
v -0.123860 -0.027357 -0.055471
v -0.123395 -0.028783 -0.056436
v -0.123094 -0.029210 -0.057128
v -0.123548 -0.028612 -0.056259
v -0.122187 -0.028454 -0.055451
v -0.123174 -0.029422 -0.056962
v -0.119024 -0.026781 -0.055101
v -0.118773 -0.026518 -0.056555
v -0.118773 -0.026518 -0.056555
v -0.118167 -0.026198 -0.054375
v -0.106056 -0.064641 -0.072941
v -0.090941 0.149817 -0.072160
v -0.088609 0.153665 -0.071052
v -0.083874 0.160027 -0.065045
v -0.083810 0.159940 -0.065039
v -0.108853 0.087114 0.010958
v -0.107982 0.089364 0.011249
v -0.107883 0.089372 0.011081
v -0.110069 0.088798 0.013546
v -0.108399 0.089192 0.013042
v -0.110069 0.088798 0.013546
v -0.112325 0.094840 0.019169
v -0.113533 0.087940 0.018490
v -0.108849 0.083098 0.016899
v -0.111725 0.078134 0.019552
v -0.139097 -0.013992 -0.020020
v -0.147656 -0.004662 -0.042894
v -0.147887 -0.003025 -0.043466
v -0.147919 0.009221 -0.042377
v -0.148314 0.015334 -0.042542
v -0.143743 0.013196 -0.043557
v -0.143001 0.018795 -0.044807
v -0.143001 0.018795 -0.044807
v -0.143001 0.018795 -0.044807
v -0.143334 0.019135 -0.044024
v -0.143001 0.018795 -0.044807
v -0.144169 0.008203 -0.044397
v -0.143023 0.019911 -0.043832
v -0.141210 0.046917 -0.049123
v -0.141248 0.047309 -0.048365
v -0.140933 0.047586 -0.048299
v -0.140182 0.050560 -0.048043
v -0.138475 0.050511 -0.046022
v -0.136528 0.046576 -0.046182
v -0.136731 0.033843 -0.045973
v -0.133258 0.013853 -0.050317
v -0.136736 0.001472 -0.050129
v -0.131932 -0.002313 -0.051440
v -0.126818 -0.024212 -0.053320
v -0.126556 -0.026013 -0.052164
v -0.126761 -0.024911 -0.052724
v -0.125501 -0.026724 -0.053160
v -0.126129 -0.025432 -0.052603
v -0.126480 -0.024393 -0.052361
v -0.125069 -0.027505 -0.052834
v -0.124975 -0.028215 -0.052448
v -0.125069 -0.027505 -0.052834
v -0.124784 -0.028060 -0.052568
v -0.126147 -0.027387 -0.052187
v -0.125069 -0.027505 -0.052834
v -0.123771 -0.027085 -0.054682
v -0.123439 -0.027438 -0.054334
v -0.121948 -0.026491 -0.055657
v -0.122134 -0.028139 -0.054192
v -0.122134 -0.028139 -0.054192
v -0.119968 -0.027353 -0.053368
v -0.118762 -0.026771 -0.054240
v -0.117297 -0.026611 -0.054110
v -0.110517 -0.084819 -0.043985
v -0.105935 -0.065447 -0.072381
v -0.096238 -0.078547 -0.077301
v -0.076080 0.151287 -0.076873
v -0.089235 0.151590 -0.071545
v -0.088496 0.154288 -0.068748
v -0.075657 0.163213 -0.066211
v -0.085056 0.158245 0.004202
v -0.085688 0.159113 0.004266
v -0.083656 0.157673 0.009715
v -0.105121 0.088687 0.020207
v -0.105522 0.087861 0.016972
v -0.106530 0.088657 0.015345
v -0.107712 0.088903 0.026718
v -0.106422 0.084146 0.019409
v -0.108235 0.077272 0.024518
v -0.137635 -0.019277 -0.022931
v -0.137582 -0.019249 -0.022953
v -0.140805 -0.018841 -0.034687
v -0.145785 -0.008779 -0.043432
v -0.143874 -0.005024 -0.042851
v -0.144206 0.002128 -0.041187
v -0.145716 0.006306 -0.043365
v -0.144216 0.010957 -0.043094
v -0.143538 0.011103 -0.043542
v -0.143016 0.010345 -0.043951
v -0.143833 0.015859 -0.043178
v -0.144123 0.016287 -0.042931
v -0.143204 0.020436 -0.043286
v -0.143435 0.020912 -0.043024
v -0.143450 0.024959 -0.042831
v -0.143450 0.024959 -0.042831
v -0.143329 0.013240 -0.043192
v -0.143068 0.012632 -0.043640
v -0.141549 0.002994 -0.048836
v -0.141558 0.006363 -0.048619
v -0.141936 0.008621 -0.049787
v -0.141027 0.021341 -0.047350
v -0.137437 0.036142 -0.047002
v -0.136716 0.017809 -0.047442
v -0.136687 0.018357 -0.045864
v -0.137283 0.000761 -0.046371
v -0.136273 0.000136 -0.046930
v -0.136166 0.008505 -0.046302
v -0.137045 -0.000298 -0.046798
v -0.133459 -0.018775 -0.054068
v -0.131584 -0.020418 -0.052565
v -0.127148 -0.020686 -0.052186
v -0.126173 -0.022590 -0.053040
v -0.127532 -0.024400 -0.051070
v -0.128185 -0.025409 -0.050188
v -0.129551 -0.025669 -0.052556
v -0.122296 -0.028701 -0.048033
v -0.127309 -0.029954 -0.052335
v -0.126071 -0.030395 -0.052392
v -0.127309 -0.029954 -0.052335
v -0.127309 -0.029954 -0.052335
v -0.119536 -0.027056 -0.052308
v -0.119282 -0.027192 -0.051407
v -0.119281 -0.026935 -0.048649
v -0.016233 0.163354 -0.078525
v -0.086765 0.151248 -0.073397
v -0.085999 0.151180 -0.073428
v -0.085410 0.150790 -0.074311
v -0.086432 0.154473 -0.070679
v -0.085772 0.154293 -0.071207
v -0.085386 0.154573 -0.071570
v -0.079811 0.158658 -0.071229
v -0.081980 0.157046 -0.071433
v -0.081196 0.157655 -0.071022
v -0.075533 0.157208 -0.070707
v -0.076894 0.158238 -0.072652
v -0.072645 0.161396 -0.070842
v -0.072799 0.161190 -0.071252
v -0.069106 0.164323 -0.066127
v -0.084043 0.158124 0.009850
v -0.085437 0.155083 0.016554
v -0.085437 0.155083 0.016554
v -0.104582 0.088367 0.023577
v -0.104561 0.089609 0.022580
v -0.107568 0.088152 0.024093
v -0.109131 0.084270 0.030386
v -0.108434 0.085343 0.032932
v -0.103884 0.079007 0.042804
v -0.124688 -0.022981 0.010165
v -0.130148 -0.022277 -0.002672
v -0.128848 -0.022234 -0.001579
v -0.134795 -0.023718 -0.018205
v -0.134368 -0.023633 -0.017110
v -0.134727 -0.022870 -0.018510
v -0.133892 -0.024520 -0.024583
v -0.133892 -0.024520 -0.024583
v -0.136784 -0.023906 -0.033469
v -0.137141 -0.023330 -0.030255
v -0.137141 -0.023330 -0.030255
v -0.140776 -0.018825 -0.034693
v -0.145631 -0.009444 -0.043512
v -0.143350 -0.004990 -0.041496
v -0.144278 -0.008307 -0.043683
v -0.144976 -0.008597 -0.044351
v -0.142147 0.002195 -0.044569
v -0.142421 0.000229 -0.044205
v -0.142013 -0.001439 -0.044854
v -0.142754 0.007814 -0.043691
v -0.142714 0.006135 -0.043895
v -0.142482 0.008228 -0.043850
v -0.141826 0.004338 -0.046358
v -0.141177 0.004755 -0.049548
v -0.137886 0.014041 -0.046377
v -0.137382 0.034531 -0.046616
v -0.136745 0.018474 -0.045749
v -0.136755 0.018173 -0.045687
v -0.137331 0.015530 -0.046014
v -0.136486 0.014009 -0.046106
v -0.136566 0.014125 -0.046050
v -0.137318 0.012627 -0.046748
v -0.137792 0.013473 -0.044140
v -0.138219 0.001411 -0.046710
v -0.138774 0.001483 -0.045539
v -0.138371 -0.002252 -0.046073
v -0.138864 -0.001195 -0.044943
v -0.137915 -0.006450 -0.046400
v -0.137753 -0.009471 -0.046936
v -0.136526 -0.011889 -0.049403
v -0.134167 -0.015159 -0.050160
v -0.134156 -0.016377 -0.050685
v -0.134240 -0.015840 -0.051344
v -0.132020 -0.020405 -0.052539
v -0.132071 -0.021881 -0.051940
v -0.132240 -0.021118 -0.051868
v -0.129101 -0.023956 -0.053277
v -0.132423 -0.023672 -0.051273
v -0.133569 -0.023633 -0.046226
v -0.131049 -0.028712 -0.049147
v -0.130511 -0.023265 -0.048057
v -0.129877 -0.019642 -0.048260
v -0.130511 -0.023265 -0.048057
v -0.128341 -0.027157 -0.049712
v -0.129150 -0.027472 -0.049667
v -0.126860 -0.028364 -0.048683
v -0.129072 -0.028409 -0.049719
v -0.128964 -0.027373 -0.049137
v -0.128001 -0.029525 -0.049460
v -0.128293 -0.030110 -0.047750
v -0.127579 -0.028228 -0.047032
v -0.119886 -0.026682 -0.047123
v -0.118189 -0.028645 -0.039462
v -0.115892 -0.031342 -0.033147
v -0.109006 -0.077570 -0.075557
v -0.099839 -0.060780 -0.077268
v -0.095430 -0.082454 -0.077483
v -0.075413 -0.102620 -0.078723
v -0.051505 0.160153 -0.077566
v -0.072973 0.152194 -0.077620
v -0.073241 0.151759 -0.077378
v -0.074642 0.156486 -0.074548
v -0.069245 0.162882 -0.071323
v -0.067421 0.162442 -0.071257
v -0.065652 0.167621 -0.065848
v -0.080085 0.161002 0.013673
v -0.079647 0.159526 0.013489
v -0.080678 0.156920 0.022658
v -0.080420 0.156224 0.022334
v -0.099080 0.088744 0.032854
v -0.097128 0.091409 0.036118
v -0.100229 0.088990 0.030274
v -0.100229 0.088990 0.030274
v -0.107171 0.088579 0.026800
v -0.108256 0.085622 0.033061
v -0.108256 0.085622 0.033061
v -0.119265 -0.022848 0.024989
v -0.127588 -0.023543 0.001929
v -0.125465 -0.029028 -0.022193
v -0.136345 -0.024586 -0.035565
v -0.136345 -0.024586 -0.035565
v -0.141699 -0.025168 -0.042474
v -0.139915 -0.022773 -0.040488
v -0.139915 -0.022773 -0.040488
v -0.145061 -0.012740 -0.043730
v -0.145532 -0.012869 -0.043821
v -0.145099 -0.013233 -0.044189
v -0.143024 -0.015585 -0.044833
v -0.143020 -0.015973 -0.045485
v -0.143682 -0.018113 -0.045326
v -0.142251 -0.013170 -0.042453
v -0.142539 -0.011470 -0.045239
v -0.142586 -0.011808 -0.045915
v -0.142243 -0.004223 -0.043582
v -0.142099 -0.003922 -0.044443
v -0.142679 -0.003575 -0.044316
v -0.141111 -0.001580 -0.045616
v -0.141111 -0.001580 -0.045616
v -0.142114 -0.003616 -0.046133
v -0.146527 0.003028 -0.044731
v -0.138141 0.015322 -0.045900
v -0.137781 0.015747 -0.045974
v -0.137781 0.015747 -0.045974
v -0.138856 -0.003436 -0.046541
v -0.140804 -0.009316 -0.045875
v -0.138734 -0.009303 -0.047392
v -0.138276 -0.009553 -0.047605
v -0.138886 -0.009273 -0.046799
v -0.133574 -0.008500 -0.045730
v -0.138669 -0.010058 -0.046269
v -0.136844 -0.014787 -0.051045
v -0.137654 -0.013257 -0.046472
v -0.136366 -0.014181 -0.047101
v -0.135945 -0.014613 -0.050073
v -0.135755 -0.013693 -0.050116
v -0.135644 -0.014310 -0.050126
v -0.133474 -0.019791 -0.051470
v -0.136075 -0.021049 -0.050568
v -0.133407 -0.020313 -0.050335
v -0.132335 -0.021674 -0.051689
v -0.133407 -0.020313 -0.050335
v -0.131822 -0.021605 -0.051544
v -0.133397 -0.021140 -0.048951
v -0.132737 -0.028081 -0.049979
v -0.132280 -0.026099 -0.051951
v -0.132944 -0.029245 -0.050571
v -0.130345 -0.028682 -0.049842
v -0.130024 -0.028230 -0.049753
v -0.130136 -0.029378 -0.048284
v -0.129348 -0.030499 -0.047413
v -0.128246 -0.030351 -0.041350
v -0.128174 -0.030536 -0.044174
v -0.121818 -0.027065 -0.031534
v -0.119013 -0.028805 -0.039840
v -0.113284 -0.028414 -0.032045
v -0.115432 -0.029192 -0.026515
v -0.103309 -0.082021 -0.073087
v -0.103467 -0.081356 -0.071957
v -0.078641 -0.103217 -0.077663
v 0.045373 0.149019 -0.080247
v -0.034395 0.162450 -0.077146
v -0.034386 0.162483 -0.077202
v -0.047002 0.158842 -0.077664
v -0.047004 0.158848 -0.077674
v -0.051481 0.159880 -0.076571
v -0.082024 0.136421 0.046807
v -0.083681 0.128547 0.047862
v -0.096738 0.091181 0.042391
v -0.098882 0.088886 0.037121
v -0.102153 0.089246 0.036090
v -0.103514 0.087589 0.034849
v -0.103514 0.087589 0.034849
v -0.103514 0.087589 0.034849
v -0.103514 0.087589 0.034849
v -0.106093 0.083364 0.037749
v -0.106093 0.083364 0.037749
v -0.103645 0.078802 0.042519
v -0.104024 0.057831 0.043531
v -0.102371 0.042517 0.045449
v -0.105500 -0.000131 0.042442
v -0.125240 -0.023788 0.010618
v -0.120378 -0.028666 0.002519
v -0.122888 -0.027537 -0.007410
v -0.127959 -0.030392 -0.040305
v -0.136497 -0.025939 -0.047781
v -0.140423 -0.022266 -0.043731
v -0.142580 -0.019600 -0.044500
v -0.139347 -0.018886 -0.046931
v -0.142294 -0.019855 -0.045156
v -0.142391 -0.016129 -0.045887
v -0.140473 -0.009280 -0.044521
v -0.140723 -0.005684 -0.048525
v -0.141535 -0.007104 -0.047264
v -0.142216 -0.010393 -0.047279
v -0.139392 -0.009343 -0.048147
v -0.139581 -0.008966 -0.048558
v -0.139446 -0.008997 -0.048569
v -0.139127 -0.009059 -0.046685
v -0.139981 -0.012396 -0.046769
v -0.139010 -0.009866 -0.045351
v -0.138377 -0.013154 -0.045936
v -0.135309 -0.017914 -0.048202
v -0.135339 -0.017408 -0.048253
v -0.134493 -0.018702 -0.048518
v -0.134520 -0.019204 -0.048183
v -0.135846 -0.026071 -0.049676
v -0.136530 -0.027888 -0.049961
v -0.132335 -0.029133 -0.051255
v -0.132335 -0.029133 -0.051255
v -0.130799 -0.029106 -0.049826
v -0.130665 -0.029333 -0.048266
v -0.114654 -0.028259 -0.029837
v -0.115445 -0.030470 -0.025484
v -0.115040 -0.028919 -0.022610
v -0.115178 -0.032294 -0.025223
v -0.114469 -0.030285 -0.017788
v -0.113869 -0.028735 -0.012394
v -0.104668 -0.088340 0.006834
v -0.103175 -0.082448 -0.072502
v -0.100180 -0.093275 -0.071603
v -0.054664 -0.107386 -0.077331
v 0.008275 0.164787 -0.077165
v -0.007448 0.164778 -0.076882
v -0.022825 0.163732 -0.077323
v -0.044171 0.167831 -0.072112
v -0.051110 0.164478 -0.073806
v -0.054072 0.167098 -0.071556
v -0.055487 0.163422 -0.073803
v -0.055703 0.165498 -0.071715
v -0.054165 0.167003 -0.070551
v -0.054252 0.169087 -0.067346
v -0.054366 0.169546 -0.067556
v -0.020675 0.176762 0.010202
v -0.076640 0.152915 0.037592
v -0.084868 0.112311 0.048625
v -0.089011 0.101294 0.046174
v -0.088558 0.089400 0.047046
v -0.096055 0.088980 0.037241
v -0.096211 0.088155 0.042478
v -0.093578 0.089244 0.045395
v -0.096211 0.088155 0.042478
v -0.101541 0.086249 0.039908
v -0.101541 0.086249 0.039908
v -0.101541 0.086249 0.039908
v -0.101058 0.084351 0.042446
v -0.100313 0.084120 0.044017
v -0.096263 0.084673 0.043838
v -0.099818 0.079069 0.046005
v -0.100004 0.079174 0.046201
v -0.099304 0.066402 0.047560
v -0.099315 0.066403 0.047575
v -0.102451 0.042473 0.045566
v -0.108722 -0.020663 0.038242
v -0.115307 -0.024811 0.026029
v -0.115657 -0.020552 0.022035
v -0.115588 -0.024256 0.024857
v -0.118561 -0.024315 0.019044
v -0.118019 -0.025386 0.018759
v -0.119289 -0.024502 0.018083
v -0.123455 -0.022478 0.010809
v -0.121409 -0.028439 0.000985
v -0.122982 -0.027922 -0.005492
v -0.123767 -0.027692 -0.006055
v -0.123576 -0.028385 -0.010840
v -0.125325 -0.028912 -0.021670
v -0.126537 -0.029205 -0.026337
v -0.125989 -0.029535 -0.024709
v -0.138658 -0.023851 -0.048179
v -0.140738 -0.023364 -0.047420
v -0.140204 -0.007452 -0.048703
v -0.139383 -0.009569 -0.048027
v -0.136059 -0.024319 -0.049514
v -0.136304 -0.024889 -0.049410
v -0.136532 -0.025784 -0.048575
v -0.136548 -0.025766 -0.048001
v -0.138329 -0.023751 -0.048418
v -0.138329 -0.023751 -0.048418
v -0.115809 -0.028317 -0.022192
v -0.116293 -0.029224 -0.022765
v -0.114680 -0.029773 -0.018157
v -0.114975 -0.028176 -0.012044
v -0.114351 -0.029235 -0.011915
v -0.101417 -0.105536 -0.026760
v -0.100856 -0.099368 -0.066699
v -0.100513 -0.095309 -0.073390
v -0.098443 -0.093816 -0.070920
v -0.085525 -0.108403 -0.072081
v 0.061363 -0.107104 -0.077303
v 0.014475 0.164759 -0.076453
v 0.006884 0.164761 -0.077418
v -0.017337 0.159864 -0.078191
v -0.022819 0.163679 -0.077212
v -0.044577 0.167834 -0.071993
v -0.055583 0.165492 -0.072290
v -0.055379 0.165583 -0.071948
v -0.073184 0.155391 0.036485
v -0.073062 0.155159 0.036381
v -0.075889 0.151322 0.036703
v -0.077483 0.142188 0.047497
v -0.081794 0.136317 0.046573
v -0.082844 0.128355 0.046911
v -0.084866 0.112340 0.048668
v -0.089244 0.101378 0.046613
v -0.087539 0.093051 0.047575
v -0.086344 0.088718 0.048431
v -0.087539 0.093051 0.047575
v -0.089455 0.088888 0.045794
v -0.089479 0.088873 0.047033
v -0.089989 0.087183 0.048771
v -0.092624 0.086908 0.047746
v -0.093566 0.085833 0.048888
v -0.095541 0.084734 0.047712
v -0.096159 0.081432 0.048697
v -0.096159 0.081432 0.048697
v -0.094797 0.081879 0.049952
v -0.094292 0.082225 0.049878
v -0.088286 -0.018583 0.055926
v -0.101442 0.017411 0.046098
v -0.101442 0.017411 0.046098
v -0.105414 -0.000128 0.042356
v -0.113755 -0.023702 0.029936
v -0.105686 -0.023204 0.037265
v -0.113059 -0.028550 0.018570
v -0.114352 -0.026642 0.021812
v -0.115906 -0.026705 0.018014
v -0.122209 -0.028451 -0.009600
v -0.122465 -0.027300 -0.010152
v -0.121168 -0.027192 -0.013427
v -0.120896 -0.028367 -0.009384
v -0.120944 -0.029114 -0.026025
v -0.119901 -0.024154 -0.028018
v -0.120733 -0.031880 -0.026830
v -0.120207 -0.027900 -0.027942
v -0.114342 -0.029023 -0.015029
v -0.114961 -0.029197 -0.011610
v -0.113772 -0.028949 -0.010577
v -0.114230 -0.031226 -0.007176
v -0.115078 -0.030467 -0.006207
v -0.100251 -0.104958 -0.049580
v -0.102686 -0.098599 -0.058019
v -0.103161 -0.098793 -0.058156
v -0.100965 -0.099418 -0.065139
v -0.098308 -0.095741 -0.068176
v -0.099759 -0.097197 -0.070599
v -0.084444 -0.107617 -0.070926
v -0.082539 -0.108574 -0.072854
v -0.075729 -0.102885 -0.077751
v 0.006992 -0.116634 -0.073357
v 0.105235 0.018279 -0.077632
v 0.085620 0.145233 -0.078348
v 0.035997 0.163186 -0.076995
v 0.019834 0.164595 -0.077090
v 0.018400 0.169410 -0.074189
v -0.000082 0.171075 -0.073641
v 0.004230 0.171566 -0.074567
v -0.014238 0.163053 -0.076252
v -0.016035 0.164066 -0.077240
v -0.017238 0.166803 -0.075812
v -0.017238 0.166805 -0.075814
v -0.021277 0.171551 -0.072178
v -0.019796 0.170212 -0.073487
v -0.020582 0.170479 -0.071437
v -0.021405 0.171191 -0.072082
v -0.035015 0.171193 -0.070491
v -0.032714 0.169948 -0.069461
v -0.012951 0.177435 -0.065692
v -0.065019 0.152663 0.049333
v -0.071071 0.149762 0.047242
v -0.077757 0.142312 0.047745
v -0.077996 0.138702 0.048757
v -0.077996 0.138702 0.048757
v -0.079898 0.131679 0.049576
v -0.079898 0.131679 0.049576
v -0.081476 0.089433 0.052011
v -0.087874 0.088784 0.049052
v -0.084137 0.084060 0.048859
v -0.088250 0.087873 0.049705
v -0.086747 0.088969 0.050517
v -0.092396 0.085824 0.049067
v -0.090066 0.087457 0.049027
v -0.089292 0.086635 0.050584
v -0.093446 0.085678 0.048728
v -0.092930 0.081743 0.051318
v -0.092930 0.081743 0.051318
v -0.092930 0.081743 0.051318
v -0.088838 0.080728 0.055706
v -0.101876 -0.007939 0.046804
v -0.101516 -0.009988 0.045921
v -0.101481 -0.028462 0.036826
v -0.114313 -0.028308 0.015917
v -0.110321 -0.028960 0.012148
v -0.115155 -0.029188 -0.006971
v -0.115035 -0.029081 -0.006891
v -0.115238 -0.030265 -0.007015
v -0.112502 -0.029042 -0.000324
v -0.112637 -0.029986 -0.001764
v -0.110199 -0.027025 0.004417
v -0.112148 -0.029620 0.003587
v -0.113926 -0.030460 0.001864
v -0.109624 -0.030118 0.009414
v -0.100534 -0.104854 -0.049975
v -0.077255 -0.111818 -0.070784
v -0.063286 -0.112582 -0.072504
v -0.062524 -0.111626 -0.071895
v -0.056671 -0.112690 -0.073435
v -0.056631 -0.112782 -0.072741
v -0.040525 -0.114586 -0.071530
v -0.035041 -0.114120 -0.073933
v 0.086416 -0.094388 -0.079442
v 0.024673 0.173678 -0.073116
v 0.024600 0.171420 -0.070559
v 0.022380 0.171463 -0.071658
v 0.021794 0.172139 -0.071426
v 0.021524 0.173606 -0.069447
v 0.020163 0.171878 -0.068823
v -0.005587 0.172803 -0.073029
v -0.014938 0.173868 -0.069760
v -0.014938 0.173868 -0.069760
v -0.021118 0.173516 -0.069380
v -0.012858 0.176707 -0.065557
v 0.006497 0.180000 -0.053278
v -0.071191 0.149325 0.046493
v -0.067615 0.133834 0.058069
v -0.078215 0.091553 0.054274
v -0.081764 0.089823 0.053086
v -0.084975 0.087775 0.052919
v -0.086057 0.086909 0.052925
v -0.087847 0.086567 0.052143
v -0.087847 0.086567 0.052143
v -0.086583 0.084744 0.054275
v -0.088474 0.080607 0.054663
v -0.088474 0.080607 0.054663
v -0.103845 -0.019578 0.043027
v -0.103845 -0.019578 0.043027
v -0.103845 -0.019578 0.043027
v -0.104051 -0.019626 0.043227
v -0.108386 -0.020614 0.038015
v -0.104151 -0.029237 0.033798
v -0.105188 -0.027985 0.029148
v -0.107035 -0.029478 0.028565
v -0.106726 -0.027905 0.021558
v -0.107835 -0.029057 0.022281
v -0.108829 -0.029068 0.018478
v -0.107596 -0.029543 0.018463
v -0.109198 -0.031644 0.017494
v -0.110436 -0.029811 0.011215
v -0.111739 -0.029111 0.011526
v -0.110332 -0.029537 0.007628
v -0.110053 -0.030236 0.009305
v -0.112489 -0.028659 0.004728
v -0.113283 -0.029161 0.004872
v -0.112324 -0.029060 0.001977
v -0.091408 -0.111083 -0.062798
v -0.077376 -0.111784 -0.070730
v -0.057067 -0.114365 -0.071503
v -0.040587 -0.115236 -0.072455
v -0.034508 -0.112939 -0.072467
v -0.015057 -0.115483 -0.073976
v 0.001001 -0.118531 -0.074848
v -0.000666 -0.117166 -0.072993
v 0.007374 -0.116210 -0.073340
v 0.100865 -0.045065 -0.077490
v 0.105822 -0.002836 -0.076802
v 0.103808 0.058204 -0.077026
v 0.061682 0.154717 -0.077696
v 0.052346 0.158882 -0.077266
v 0.045995 0.160835 -0.077071
v 0.041241 0.163206 -0.076234
v 0.041241 0.163206 -0.076235
v 0.034748 0.169371 -0.072689
v 0.021218 0.177174 -0.061945
v 0.020201 0.175709 -0.062125
v -0.013572 0.171293 0.037665
v -0.051196 0.153193 0.052868
v -0.065751 0.152095 0.047890
v -0.075632 0.088845 0.056343
v -0.077607 0.091297 0.054897
v -0.079992 0.092497 0.055986
v -0.080724 0.089544 0.053004
v -0.083793 0.087205 0.054118
v -0.085278 0.084640 0.055549
v -0.085278 0.084640 0.055549
v -0.085269 0.084647 0.055547
v -0.085270 0.084647 0.055547
v -0.103864 -0.024719 0.041476
v -0.102893 -0.023956 0.042397
v -0.101028 -0.025602 0.045222
v -0.104369 -0.024858 0.040471
v -0.098629 -0.029069 0.036012
v -0.104969 -0.029203 0.026132
v -0.104673 -0.029268 0.026556
v -0.104865 -0.030171 0.025053
v -0.106283 -0.029239 0.021593
v -0.105596 -0.029565 0.022389
v -0.106327 -0.028962 0.020398
v -0.107248 -0.030390 0.017925
v -0.106176 -0.029422 0.019515
v -0.108626 -0.029203 0.013626
v -0.104660 -0.029834 0.026203
v -0.100582 -0.104579 -0.025904
v -0.079209 -0.119727 -0.012299
v -0.074481 -0.117903 -0.061300
v -0.064094 -0.115743 -0.067209
v -0.063037 -0.116102 -0.067714
v -0.062918 -0.115656 -0.068329
v -0.062918 -0.115656 -0.068329
v -0.049793 -0.116708 -0.067356
v -0.049953 -0.116857 -0.068497
v -0.048994 -0.117076 -0.068216
v -0.050045 -0.117211 -0.068042
v -0.047306 -0.116491 -0.069721
v -0.043165 -0.118290 -0.068579
v -0.040056 -0.116817 -0.069909
v -0.024018 -0.117818 -0.070189
v -0.032537 -0.116033 -0.072427
v -0.028243 -0.116232 -0.072718
v -0.012767 -0.117674 -0.072915
v -0.013262 -0.115247 -0.071640
v 0.006642 -0.117076 -0.072362
v 0.010367 -0.117080 -0.072995
v 0.031643 -0.116095 -0.073486
v 0.050132 -0.114962 -0.073156
v 0.100330 -0.065254 -0.077076
v 0.100974 -0.044875 -0.077658
v 0.105487 -0.010388 -0.076618
v 0.103488 0.070902 -0.076904
v 0.102557 0.094949 -0.076434
v 0.066062 0.154677 -0.078201
v 0.050374 0.166117 -0.071278
v 0.044128 0.167155 -0.073051
v 0.038530 0.171984 -0.068357
v 0.035452 0.167703 -0.069978
v 0.039390 0.170938 -0.069901
v 0.036283 0.174793 -0.065498
v 0.036335 0.174876 -0.065281
v 0.030670 0.174530 0.014642
v -0.052700 0.153501 0.052137
v -0.071842 0.089611 0.058510
v -0.071652 0.090190 0.058681
v -0.073125 0.089376 0.058369
v -0.076978 0.088857 0.056314
v -0.078542 0.092502 0.059076
v -0.075634 0.088845 0.056346
v -0.078523 0.087914 0.056828
v -0.081627 0.087692 0.055131
v -0.072932 -0.025009 0.063832
v -0.092218 -0.024416 0.050627
v -0.097657 -0.027794 0.043419
v -0.094725 -0.024994 0.042854
v -0.096983 -0.027955 0.042730
v -0.099146 -0.028809 0.036917
v -0.098821 -0.024727 0.037702
v -0.099985 -0.028099 0.037129
v -0.099764 -0.028956 0.038879
v -0.098559 -0.029127 0.036101
v -0.104323 -0.031128 0.024903
v -0.096851 -0.103853 0.003663
v -0.097959 -0.104883 -0.006832
v -0.098359 -0.105277 -0.006790
v -0.097900 -0.106388 -0.014454
v -0.097850 -0.106382 -0.014526
v -0.079170 -0.117845 -0.048857
v -0.075407 -0.116580 -0.063050
v -0.065918 -0.116203 -0.066323
v -0.067094 -0.116338 -0.066013
v -0.064197 -0.116320 -0.067173
v -0.063244 -0.116945 -0.066680
v -0.064283 -0.117779 -0.066530
v -0.065319 -0.117520 -0.067563
v -0.063990 -0.116519 -0.066876
v -0.063849 -0.116690 -0.066923
v -0.063849 -0.116690 -0.066923
v -0.063849 -0.116690 -0.066923
v -0.060414 -0.116402 -0.067211
v -0.060068 -0.116535 -0.067239
v -0.060098 -0.116494 -0.067282
v -0.058211 -0.118088 -0.067345
v -0.059024 -0.116762 -0.067047
v -0.058944 -0.116439 -0.068528
v -0.054651 -0.117341 -0.066841
v -0.050734 -0.117425 -0.067407
v -0.048693 -0.117626 -0.068032
v -0.048541 -0.117817 -0.068064
v -0.048588 -0.118256 -0.068286
v -0.048580 -0.117315 -0.067796
v -0.043369 -0.118003 -0.068266
v -0.043959 -0.117913 -0.068571
v -0.043438 -0.117831 -0.068179
v -0.038546 -0.117964 -0.068308
v -0.043005 -0.119994 -0.068008
v -0.031993 -0.118157 -0.068291
v -0.028081 -0.118301 -0.068798
v -0.026237 -0.117166 -0.069436
v -0.023274 -0.116794 -0.069697
v -0.023129 -0.118978 -0.068160
v -0.011238 -0.117004 -0.069739
v -0.015816 -0.118181 -0.070401
v -0.014678 -0.117950 -0.071921
v -0.014167 -0.119569 -0.070221
v 0.000057 -0.117929 -0.069930
v -0.002515 -0.118355 -0.070821
v -0.000812 -0.118126 -0.071036
v -0.002202 -0.117973 -0.070825
v 0.003805 -0.117706 -0.069992
v 0.002444 -0.118454 -0.070179
v 0.033594 -0.115504 -0.072981
v 0.050881 -0.113453 -0.072428
v 0.066417 -0.110768 -0.072036
v 0.066450 -0.110255 -0.072330
v 0.069082 -0.104955 -0.077016
v 0.078613 -0.102823 -0.077425
v 0.113582 0.007892 -0.071963
v 0.105801 -0.002887 -0.076718
v 0.105277 0.018904 -0.077044
v 0.105471 0.030001 -0.076967
v 0.064098 0.162265 -0.073300
v 0.052594 0.165382 -0.073028
v 0.048791 0.168009 -0.071194
v 0.044060 0.167534 -0.073381
v 0.042142 0.173220 -0.065012
v -0.046549 0.154052 0.053699
v -0.063327 0.088507 0.062358
v -0.068036 0.091017 0.060431
v -0.069165 0.093089 0.059555
v -0.069165 0.093089 0.059555
v -0.070917 0.087220 0.057955
v -0.070590 0.088995 0.059511
v -0.073266 0.088512 0.058980
v -0.070272 0.087271 0.062709
v -0.072988 0.085843 0.061315
v -0.071942 0.084974 0.058286
v -0.082715 -0.025033 0.057276
v -0.083765 -0.025451 0.058948
v -0.088091 -0.027118 0.055187
v -0.087874 -0.025752 0.054029
v -0.091158 -0.025650 0.057585
v -0.092400 -0.026681 0.054282
v -0.090623 -0.023601 0.053523
v -0.091460 -0.024668 0.053311
v -0.096803 -0.025829 0.040060
v -0.097265 -0.028896 0.040710
v -0.087470 -0.066463 0.050187
v -0.096465 -0.103497 0.003448
v -0.075137 -0.117878 -0.057869
v -0.074985 -0.118510 -0.057489
v -0.076072 -0.118331 -0.056329
v -0.075172 -0.118243 -0.058475
v -0.074972 -0.117431 -0.058845
v -0.074428 -0.118066 -0.060479
v -0.074139 -0.118164 -0.060880
v -0.073359 -0.115462 -0.064710
v -0.073549 -0.117865 -0.062848
v -0.068894 -0.116530 -0.065067
v -0.068783 -0.116576 -0.065387
v -0.059277 -0.119183 -0.069065
v -0.058611 -0.117111 -0.070732
v -0.052587 -0.119179 -0.068953
v -0.052521 -0.118369 -0.069725
v -0.044664 -0.121428 -0.072123
v -0.044875 -0.119538 -0.073377
v -0.042860 -0.118916 -0.069600
v -0.042860 -0.118916 -0.069600
v -0.027649 -0.118177 -0.069344
v -0.026082 -0.118881 -0.070522
v -0.026462 -0.120452 -0.069469
v -0.026224 -0.119697 -0.071059
v -0.009651 -0.122224 -0.073251
v -0.009741 -0.118608 -0.070641
v -0.009798 -0.118182 -0.070538
v -0.003889 -0.117726 -0.071932
v -0.003710 -0.118606 -0.070620
v 0.000082 -0.119885 -0.069730
v 0.001235 -0.118537 -0.070532
v 0.008650 -0.118490 -0.070119
v 0.013655 -0.118783 -0.069744
v 0.029698 -0.119193 -0.070629
v 0.013673 -0.118277 -0.070042
v 0.019941 -0.118053 -0.070279
v 0.019490 -0.118149 -0.070134
v 0.021360 -0.118174 -0.070140
v 0.042583 -0.117501 -0.069888
v 0.042203 -0.117191 -0.068420
v 0.049398 -0.117966 -0.069057
v 0.050620 -0.117673 -0.068126
v 0.062499 -0.114511 -0.071876
v 0.062302 -0.113703 -0.071163
v 0.106316 -0.064959 -0.072219
v 0.109082 -0.049979 -0.072529
v 0.110220 -0.032362 -0.071828
v 0.112899 -0.011783 -0.072686
v 0.110886 -0.010126 -0.070988
v 0.113590 0.007764 -0.071964
v 0.112271 0.056015 -0.072138
v 0.111563 0.075174 -0.072843
v 0.110770 0.083227 -0.072377
v 0.103557 0.126047 -0.071772
v 0.073681 0.159008 -0.070360
v 0.072947 0.159874 -0.071315
v 0.071498 0.162259 -0.072660
v 0.071566 0.158648 -0.074162
v 0.065530 0.162456 -0.072312
v 0.059853 0.166575 -0.071957
v 0.059719 0.166146 -0.071146
v 0.042414 0.173291 -0.064889
v 0.028286 0.165489 0.044526
v -0.017716 0.157128 0.057933
v -0.040183 0.156566 0.052547
v -0.040184 0.156572 0.052552
v -0.041650 0.152202 0.057447
v -0.041373 0.150950 0.056359
v -0.048701 0.153193 0.054053
v -0.019655 0.136625 0.071234
v -0.055806 0.092824 0.065088
v -0.055814 0.092824 0.065110
v -0.055806 0.092824 0.065088
v -0.062418 0.090902 0.063715
v -0.057727 0.089653 0.065333
v -0.066408 0.090380 0.061091
v -0.066408 0.090380 0.061091
v -0.066408 0.090380 0.061091
v -0.070141 0.088390 0.060461
v -0.069227 0.088260 0.061573
v -0.083694 -0.028186 0.055953
v -0.085058 -0.027579 0.052677
v -0.086669 -0.030617 0.052866
v -0.090417 -0.026847 0.050527
v -0.091331 -0.027469 0.049719
v -0.090656 -0.028739 0.046033
v -0.089667 -0.030583 0.047342
v -0.090757 -0.029795 0.046383
v -0.089809 -0.030284 0.046516
v -0.095848 -0.028809 0.039714
v -0.096813 -0.101706 0.009575
v -0.097181 -0.102068 0.009703
v -0.078647 -0.118869 -0.049592
v -0.078432 -0.118373 -0.052664
v -0.078757 -0.117932 -0.052300
v -0.077278 -0.118401 -0.055082
v -0.077652 -0.118720 -0.054562
v -0.080582 -0.116441 -0.051614
v -0.079587 -0.119987 -0.051772
v -0.076828 -0.121382 -0.064855
v -0.075831 -0.118867 -0.060034
v -0.075001 -0.119186 -0.060297
v -0.075831 -0.118867 -0.060034
v -0.075114 -0.119733 -0.063464
v -0.009856 -0.121316 -0.074739
v -0.008704 -0.121436 -0.072420
v 0.003990 -0.120285 -0.073082
v 0.003990 -0.120285 -0.073082
v 0.020630 -0.117818 -0.071764
v 0.021624 -0.118461 -0.071554
v 0.023534 -0.118570 -0.070387
v 0.023534 -0.118570 -0.070387
v 0.023534 -0.118570 -0.070387
v 0.022928 -0.118416 -0.070279
v 0.029581 -0.118115 -0.070271
v 0.029815 -0.118007 -0.070254
v 0.030043 -0.117736 -0.070363
v 0.029146 -0.118420 -0.070667
v 0.032123 -0.118090 -0.068898
v 0.032123 -0.118090 -0.068898
v 0.039253 -0.118106 -0.068317
v 0.043275 -0.117141 -0.067309
v 0.040995 -0.119053 -0.068911
v 0.051955 -0.118981 -0.067431
v 0.050284 -0.117597 -0.067971
v 0.052424 -0.117468 -0.068203
v 0.052101 -0.117638 -0.068321
v 0.064503 -0.117320 -0.067926
v 0.059678 -0.116157 -0.068568
v 0.064193 -0.116429 -0.067661
v 0.064013 -0.115928 -0.068004
v 0.079185 -0.109395 -0.071063
v 0.079287 -0.110602 -0.072472
v 0.106337 -0.075069 -0.072664
v 0.105042 -0.064658 -0.072333
v 0.108155 -0.059566 -0.072959
v 0.107433 -0.059547 -0.072360
v 0.108305 -0.050016 -0.072086
v 0.111020 -0.034080 -0.072254
v 0.111118 -0.033420 -0.072035
v 0.109673 -0.031121 -0.073412
v 0.114268 -0.001120 -0.070736
v 0.114276 -0.001111 -0.070743
v 0.114328 0.016577 -0.071103
v 0.114440 0.016745 -0.071272
v 0.114554 0.040451 -0.070576
v 0.112132 0.056085 -0.072091
v 0.111048 0.075224 -0.072173
v 0.107676 0.104194 -0.071498
v 0.104766 0.115861 -0.071817
v 0.105269 0.116037 -0.072347
v 0.103384 0.126047 -0.071694
v 0.078398 0.157599 -0.070763
v 0.078006 0.156890 -0.070890
v 0.074726 0.164698 -0.065064
v 0.071885 0.161063 -0.072217
v -0.017686 0.156886 0.057788
v -0.025833 0.156896 0.055666
v -0.025896 0.157222 0.055966
v -0.034914 0.155168 0.055949
v -0.034914 0.155168 0.055949
v -0.054867 0.089115 0.066437
v -0.050455 0.091301 0.067996
v -0.052645 0.088883 0.066486
v -0.055525 0.089186 0.068218
v -0.058117 0.089129 0.068710
v -0.058005 0.088950 0.069377
v -0.060701 0.085074 0.068705
v -0.057853 0.086049 0.065909
v -0.066003 0.089641 0.064418
v -0.065152 0.088744 0.062806
v -0.067314 0.088254 0.062943
v -0.061952 -0.022091 0.068995
v -0.068358 -0.025330 0.064949
v -0.073879 -0.026095 0.064726
v -0.073720 -0.027154 0.056048
v -0.074785 -0.027662 0.060237
v -0.078089 -0.027372 0.056533
v -0.078363 -0.026048 0.054674
v -0.078219 -0.028000 0.057966
v -0.081429 -0.029109 0.055717
v -0.080541 -0.028137 0.056481
v -0.082118 -0.028863 0.054374
v -0.080888 -0.030150 0.054215
v -0.081091 -0.029273 0.054659
v -0.082393 -0.029215 0.053306
v -0.083960 -0.029035 0.052603
v -0.082547 -0.028595 0.051992
v -0.082344 -0.029917 0.052577
v -0.085906 -0.030790 0.049750
v -0.087332 -0.030854 0.048843
v -0.089576 -0.031453 0.047009
v -0.089665 -0.031541 0.046803
v -0.093803 -0.099752 0.023080
v -0.078696 -0.118851 -0.037265
v -0.078860 -0.118620 -0.036075
v -0.078789 -0.118778 -0.036391
v -0.079473 -0.118892 -0.042801
v -0.079583 -0.118196 -0.042894
v -0.079583 -0.118196 -0.042894
v -0.078284 -0.118783 -0.045675
v -0.078415 -0.118937 -0.045865
v -0.078038 -0.119056 -0.048713
v -0.080140 -0.120080 -0.050121
v -0.075319 -0.123036 -0.067546
v -0.076870 -0.125999 -0.068575
v -0.075217 -0.123412 -0.067559
v -0.077504 -0.126319 -0.068504
v -0.063086 -0.125575 -0.074789
v -0.063077 -0.125880 -0.074168
v 0.018049 -0.121013 -0.073937
v 0.015361 -0.121033 -0.074856
v 0.028393 -0.118484 -0.071275
v 0.029033 -0.118621 -0.070350
v 0.041058 -0.121352 -0.073641
v 0.041000 -0.121870 -0.072961
v 0.042564 -0.118776 -0.069985
v 0.055369 -0.117265 -0.067279
v 0.064940 -0.116501 -0.067143
v 0.065108 -0.116893 -0.067055
v 0.065145 -0.116130 -0.067053
v 0.067641 -0.116423 -0.065875
v 0.067641 -0.116423 -0.065875
v 0.066723 -0.117099 -0.066767
v 0.067977 -0.118118 -0.066483
v 0.074350 -0.116853 -0.063153
v 0.070883 -0.116868 -0.064280
v 0.069413 -0.117072 -0.065380
v 0.070541 -0.116738 -0.064531
v 0.086468 -0.108696 -0.070269
v 0.108567 -0.066159 -0.072422
v 0.114922 -0.035973 -0.066850
v 0.116785 -0.025577 -0.062902
v 0.125808 0.005407 -0.055114
v 0.114475 0.040475 -0.070519
v 0.110862 0.083414 -0.072301
v 0.108173 0.104012 -0.071836
v 0.106757 0.135072 -0.061571
v 0.100540 0.133356 -0.071988
v 0.100306 0.133482 -0.072301
v 0.094074 0.146173 -0.072615
v 0.094022 0.147363 -0.070925
v 0.086170 0.153105 -0.072719
v 0.088104 0.152918 -0.073138
v 0.077077 0.165215 -0.065525
v 0.073818 0.165430 -0.061740
v 0.073871 0.166717 -0.061127
v 0.002999 0.157140 0.058600
v -0.011350 0.157045 0.058230
v -0.010960 0.155790 0.058206
v -0.014154 0.153638 0.061470
v -0.014137 0.153502 0.061298
v -0.021226 0.152128 0.061590
v -0.021215 0.152067 0.061523
v -0.032638 0.119258 0.070965
v -0.046863 0.089195 0.068445
v -0.050010 0.088901 0.067259
v -0.052994 0.085794 0.071655
v -0.054350 0.085053 0.070314
v -0.069118 -0.024189 0.064813
v -0.069118 -0.024189 0.064813
v -0.070480 -0.026314 0.063275
v -0.071818 -0.028894 0.064842
v -0.071545 -0.029243 0.060382
v -0.071053 -0.029831 0.062561
v -0.066962 -0.029421 0.060718
v -0.071549 -0.028404 0.060241
v -0.071398 -0.029620 0.059715
v -0.076465 -0.031950 0.056937
v -0.078777 -0.030546 0.055380
v -0.077923 -0.030440 0.056269
v -0.079013 -0.029363 0.053562
v -0.082548 -0.033626 0.052392
v -0.082548 -0.033626 0.052392
v -0.087909 -0.052988 0.047238
v -0.087682 -0.052990 0.047100
v -0.088427 -0.061177 0.046539
v -0.093655 -0.099667 0.023019
v -0.092399 -0.103379 0.018959
v -0.092560 -0.103549 0.019017
v -0.075046 -0.118689 -0.005207
v -0.079996 -0.121139 -0.011068
v -0.078776 -0.118949 -0.016134
v -0.078820 -0.118930 -0.016398
v -0.078098 -0.118700 -0.026118
v -0.079494 -0.119638 -0.021293
v -0.078643 -0.118505 -0.022045
v -0.079144 -0.119352 -0.033385
v -0.079789 -0.118887 -0.026853
v -0.081862 -0.117553 -0.036278
v -0.079337 -0.119064 -0.033537
v -0.079275 -0.119388 -0.033495
v -0.078291 -0.118712 -0.042960
v -0.078083 -0.118937 -0.045203
v -0.079979 -0.120194 -0.039882
v -0.078271 -0.118871 -0.042966
v -0.081614 -0.120019 -0.039280
v -0.085908 -0.131588 -0.058516
v -0.075738 -0.128171 -0.071781
v -0.076358 -0.128738 -0.071462
v -0.075307 -0.126364 -0.070282
v -0.075871 -0.128419 -0.071688
v -0.075420 -0.130500 -0.070652
v -0.064616 -0.128959 -0.075711
v -0.063263 -0.130304 -0.077122
v -0.055649 -0.129043 -0.077516
v -0.050534 -0.132416 -0.079780
v -0.034485 -0.133531 -0.080237
v -0.031537 -0.132026 -0.079706
v 0.057291 -0.122458 -0.074146
v 0.057771 -0.121571 -0.073656
v 0.061195 -0.120169 -0.071179
v 0.071323 -0.120137 -0.068615
v 0.071275 -0.120209 -0.068568
v 0.067570 -0.117818 -0.067007
v 0.066619 -0.117899 -0.067290
v 0.069295 -0.117419 -0.065606
v 0.073373 -0.118895 -0.062595
v 0.071024 -0.117055 -0.064141
v 0.072834 -0.117288 -0.063649
v 0.072998 -0.116961 -0.063335
v 0.072979 -0.117317 -0.063590
v 0.074004 -0.117477 -0.063346
v 0.074791 -0.117639 -0.063162
v 0.075270 -0.116345 -0.063966
v 0.086322 -0.108271 -0.070110
v 0.099224 -0.096296 -0.072102
v 0.099261 -0.096337 -0.072115
v 0.112065 -0.061859 -0.064923
v 0.112318 -0.067918 -0.064977
v 0.116410 0.082780 -0.063476
v 0.111724 0.102828 -0.064608
v 0.110970 0.110624 -0.063566
v 0.110779 0.110440 -0.063473
v 0.097045 0.145190 -0.071191
v 0.095466 0.146361 -0.069924
v 0.093911 0.148203 -0.071226
v 0.090696 0.149280 -0.069690
v 0.091244 0.148072 -0.071111
v 0.019977 0.156100 0.058046
v 0.003159 0.155032 0.057376
v -0.007118 0.155197 0.059799
v -0.041874 0.088310 0.071186
v -0.043387 0.085491 0.066961
v -0.042726 0.088860 0.070010
v -0.045477 0.088987 0.069084
v -0.045497 0.088911 0.069238
v -0.048071 0.090125 0.067748
v -0.048071 0.090125 0.067748
v -0.046494 0.088847 0.068530
v -0.046577 0.088963 0.068421
v -0.045505 0.088621 0.069341
v -0.045820 0.088630 0.069707
v -0.046972 0.087125 0.071193
v -0.061776 -0.022186 0.068144
v -0.063989 -0.024820 0.066602
v -0.067487 -0.029585 0.071039
v -0.065262 -0.025397 0.062918
v -0.068444 -0.026355 0.064178
v -0.086028 -0.066127 0.048856
v -0.088431 -0.061177 0.046543
v -0.085227 -0.093245 0.044365
v -0.089123 -0.100871 0.030207
v -0.089123 -0.100871 0.030207
v -0.077055 -0.118931 -0.008967
v -0.077326 -0.119041 -0.011651
v -0.078300 -0.118131 -0.011030
v -0.077515 -0.119008 -0.012249
v -0.078243 -0.118152 -0.023186
v -0.078739 -0.119438 -0.024150
v -0.077996 -0.118898 -0.025912
v -0.085967 -0.125873 -0.019669
v -0.081224 -0.120618 -0.034271
v -0.085874 -0.132147 -0.055577
v -0.085874 -0.132147 -0.055577
v -0.085874 -0.132147 -0.055577
v -0.085874 -0.132147 -0.055577
v -0.077604 -0.133784 -0.071264
v -0.069866 -0.133866 -0.076844
v -0.073863 -0.143159 -0.076255
v -0.057315 -0.133193 -0.079202
v -0.055401 -0.133579 -0.078808
v -0.048977 -0.150761 -0.078711
v -0.031647 -0.132074 -0.079789
v 0.012548 -0.133805 -0.080433
v 0.041682 -0.123769 -0.075761
v 0.045726 -0.123957 -0.075981
v 0.057032 -0.125459 -0.076149
v 0.073900 -0.125389 -0.070898
v 0.074458 -0.118305 -0.063149
v 0.075574 -0.118492 -0.058029
v 0.075252 -0.118073 -0.060048
v 0.092559 -0.104285 -0.071236
v 0.092732 -0.104899 -0.070458
v 0.092950 -0.102890 -0.071464
v 0.112123 -0.076388 -0.056955
v 0.117730 -0.024391 -0.062857
v 0.119602 -0.025365 -0.060540
v 0.119274 -0.025970 -0.060869
v 0.121575 -0.024860 -0.060766
v 0.119669 -0.023673 -0.060268
v 0.120524 -0.016743 -0.059267
v 0.121678 -0.018816 -0.059717
v 0.115308 0.092436 -0.059106
v 0.099395 0.147396 -0.068929
v 0.095676 0.144613 -0.066550
v 0.094978 0.152856 -0.064357
v 0.019882 0.155657 0.057493
v 0.010608 0.153539 0.061597
v 0.006058 0.153797 0.061599
v -0.035516 0.090664 0.071474
v -0.037458 0.091123 0.073863
v -0.036747 0.091751 0.070954
v -0.039096 0.088664 0.071022
v -0.037724 0.089206 0.073353
v -0.037887 0.088721 0.071664
v -0.041408 0.086409 0.071995
v -0.042246 0.087156 0.072470
v -0.042342 0.087632 0.071955
v -0.044027 0.082272 0.068538
v -0.045483 0.086542 0.072271
v -0.046635 0.086953 0.071629
v -0.054208 -0.025030 0.070210
v -0.060847 -0.029228 0.070917
v -0.060988 -0.028709 0.069407
v -0.063548 -0.026996 0.066043
v -0.064149 -0.027834 0.066200
v -0.069205 -0.084490 0.058425
v -0.084872 -0.094390 0.044061
v -0.088137 -0.097119 0.035340
v -0.088533 -0.097325 0.035555
v -0.076241 -0.118244 -0.003529
v -0.076306 -0.118994 -0.009242
v -0.076581 -0.118890 -0.009374
v -0.077172 -0.118376 -0.008960
v -0.076775 -0.118993 -0.009788
v -0.076960 -0.119040 -0.010325
v -0.079183 -0.121075 -0.004018
v -0.079183 -0.121075 -0.004018
v -0.084824 -0.123922 -0.006681
v -0.082267 -0.125668 -0.007083
v -0.084179 -0.123856 -0.028533
v -0.091249 -0.132087 -0.040504
v -0.088109 -0.132084 -0.035977
v -0.086241 -0.131676 -0.044696
v -0.087033 -0.131951 -0.039304
v -0.086497 -0.133983 -0.041443
v -0.093296 -0.136793 -0.041222
v -0.087214 -0.131806 -0.041704
v -0.086967 -0.132846 -0.045428
v -0.086856 -0.132323 -0.044615
v -0.087641 -0.136024 -0.050362
v -0.087428 -0.135495 -0.051394
v -0.088579 -0.137552 -0.055471
v -0.088476 -0.140637 -0.056495
v -0.087436 -0.137463 -0.055938
v -0.086915 -0.135440 -0.056646
v -0.088212 -0.138684 -0.053582
v -0.088579 -0.137552 -0.055471
v -0.086289 -0.135288 -0.055287
v -0.086508 -0.135265 -0.057246
v -0.085926 -0.135180 -0.057958
v -0.086508 -0.135265 -0.057246
v -0.086508 -0.135265 -0.057246
v -0.086125 -0.134066 -0.057616
v -0.085664 -0.134398 -0.058702
v -0.085290 -0.133375 -0.058833
v -0.085521 -0.133202 -0.058421
v -0.085844 -0.134221 -0.058405
v -0.076103 -0.141115 -0.070898
v -0.075258 -0.146458 -0.074356
v -0.034407 -0.133536 -0.080200
v -0.034414 -0.133545 -0.080141
v 0.044826 -0.123798 -0.076215
v 0.052103 -0.127508 -0.079684
v 0.051769 -0.128363 -0.078245
v 0.069633 -0.127187 -0.074823
v 0.069693 -0.127086 -0.074981
v 0.074310 -0.125725 -0.071138
v 0.079862 -0.125685 -0.065502
v 0.080370 -0.124526 -0.062983
v 0.076079 -0.117997 -0.057351
v 0.075972 -0.118177 -0.057330
v 0.096130 -0.108344 -0.065278
v 0.095550 -0.105473 -0.066525
v 0.103166 -0.096608 -0.065061
v 0.103810 -0.097070 -0.063908
v 0.103341 -0.096822 -0.065586
v 0.116451 -0.032182 -0.065353
v 0.118330 -0.026541 -0.061135
v 0.118252 -0.026151 -0.061597
v 0.119205 -0.025941 -0.060954
v 0.119927 -0.027845 -0.059794
v 0.121076 -0.026715 -0.059444
v 0.121216 -0.026835 -0.059202
v 0.121457 -0.027270 -0.058991
v 0.121458 -0.027094 -0.058828
v 0.122152 -0.028186 -0.055793
v 0.117920 -0.024763 -0.056335
v 0.120859 -0.026983 -0.058704
v 0.123214 -0.027574 -0.057672
v 0.121504 -0.021809 -0.056890
v 0.121491 -0.022090 -0.058370
v 0.124609 -0.010513 -0.054918
v 0.124865 -0.001523 -0.055230
v 0.124865 -0.001523 -0.055230
v 0.126157 -0.000926 -0.055185
v 0.125950 0.006049 -0.054657
v 0.124627 0.064152 -0.054783
v 0.122915 0.075172 -0.054930
v 0.116257 0.082780 -0.063377
v 0.116523 0.085913 -0.062274
v 0.115510 0.086839 -0.062734
v 0.116647 0.086257 -0.061885
v 0.115514 0.090516 -0.063026
v 0.114193 0.087722 -0.061691
v 0.112695 0.092115 -0.060763
v 0.101431 0.146644 -0.060845
v 0.095081 0.153189 -0.064484
v 0.059421 0.172686 -0.021842
v 0.034931 0.155889 0.055630
v 0.022325 0.152230 0.065803
v 0.021931 0.150712 0.062488
v -0.034093 0.090455 0.071624
v -0.036837 0.087982 0.072570
v -0.037206 0.088418 0.073403
v -0.039707 0.086215 0.073760
v -0.026995 0.085389 0.078129
v -0.043077 -0.023967 0.073821
v -0.055344 -0.026475 0.073190
v -0.058587 -0.028081 0.067837
v -0.061137 -0.028922 0.064709
v -0.061971 -0.030472 0.066848
v -0.063064 -0.028695 0.064007
v -0.062933 -0.029880 0.063305
v -0.081098 -0.096992 0.041378
v -0.081235 -0.096375 0.041393
v -0.073705 -0.118655 0.004666
v -0.073642 -0.118473 0.004299
v -0.073114 -0.118655 0.004027
v -0.074555 -0.118553 0.001074
v -0.074585 -0.118824 0.001429
v -0.073415 -0.119329 0.001492
v -0.075290 -0.119091 -0.005243
v -0.075814 -0.118427 -0.003029
v -0.075298 -0.119087 -0.005241
v -0.075764 -0.118827 -0.004938
v -0.075479 -0.119088 -0.005422
v -0.076254 -0.118125 -0.002596
v -0.076254 -0.118125 -0.002596
v -0.076254 -0.118125 -0.002596
v -0.077975 -0.117510 -0.001011
v -0.077076 -0.120241 0.002072
v -0.075860 -0.119693 0.001879
v -0.073562 -0.125277 0.002285
v -0.081947 -0.126277 0.007505
v -0.083987 -0.126713 0.001623
v -0.081849 -0.127084 0.004581
v -0.088379 -0.132729 -0.010741
v -0.086491 -0.133433 -0.001556
v -0.083846 -0.124176 -0.014270
v -0.089615 -0.122805 -0.015529
v -0.084891 -0.125914 -0.017811
v -0.087248 -0.131104 -0.033070
v -0.087587 -0.130955 -0.032825
v -0.087248 -0.131104 -0.033070
v -0.089705 -0.134464 -0.035468
v -0.088460 -0.135383 -0.037466
v -0.086646 -0.135747 -0.038202
v -0.089718 -0.136403 -0.040209
v -0.086646 -0.135747 -0.038202
v -0.086646 -0.135747 -0.038202
v -0.079367 -0.136519 -0.038993
v -0.086646 -0.135747 -0.038202
v -0.079992 -0.135882 -0.041380
v -0.086876 -0.133760 -0.044739
v -0.087870 -0.135296 -0.046902
v -0.087449 -0.134452 -0.047224
v -0.087358 -0.134666 -0.047221
v -0.087555 -0.134948 -0.047781
v -0.087969 -0.134198 -0.047923
v -0.088125 -0.137449 -0.051037
v -0.087685 -0.135618 -0.051365
v -0.086484 -0.137079 -0.049557
v -0.088989 -0.138991 -0.051816
v -0.091481 -0.144017 -0.055431
v -0.088011 -0.139936 -0.050555
v -0.088647 -0.138818 -0.053600
v -0.088170 -0.138981 -0.053826
v -0.088092 -0.139115 -0.053494
v -0.086674 -0.139402 -0.054001
v -0.086646 -0.137339 -0.054201
v -0.086509 -0.138649 -0.056065
v -0.085474 -0.136549 -0.057123
v -0.084917 -0.136495 -0.057306
v -0.084865 -0.136506 -0.057880
v -0.084865 -0.136506 -0.057880
v -0.083534 -0.135550 -0.058826
v -0.085128 -0.135182 -0.059110
v -0.084696 -0.135393 -0.059708
v -0.084696 -0.135393 -0.059708
v -0.082596 -0.145625 -0.065386
v -0.081071 -0.146004 -0.076652
v -0.078062 -0.144996 -0.070485
v -0.074849 -0.144899 -0.068713
v -0.078652 -0.144938 -0.070895
v -0.076265 -0.147562 -0.071641
v -0.079585 -0.148294 -0.076678
v 0.031389 -0.133011 -0.079955
v 0.031706 -0.132970 -0.079938
v 0.070854 -0.134589 -0.076572
v 0.076291 -0.125899 -0.068547
v 0.077126 -0.125169 -0.066936
v 0.078777 -0.124889 -0.066581
v 0.079498 -0.124866 -0.063179
v 0.078815 -0.119748 -0.054029
v 0.079154 -0.118791 -0.053441
v 0.079318 -0.119412 -0.053577
v 0.079247 -0.118574 -0.053049
v 0.077919 -0.118299 -0.055614
v 0.078084 -0.118213 -0.055501
v 0.077705 -0.118609 -0.055527
v 0.078800 -0.117881 -0.055062
v 0.095100 -0.105439 -0.065726
v 0.098407 -0.106517 -0.061078
v 0.102317 -0.099963 -0.062146
v 0.103779 -0.099075 -0.058777
v 0.103915 -0.103769 -0.046483
v 0.118005 -0.029568 -0.052929
v 0.119908 -0.029785 -0.060028
v 0.118042 -0.027542 -0.059755
v 0.119030 -0.026948 -0.059634
v 0.121375 -0.030670 -0.057069
v 0.119284 -0.027871 -0.056357
v 0.121640 -0.027365 -0.055556
v 0.121640 -0.027365 -0.055556
v 0.122410 -0.027674 -0.055323
v 0.124002 -0.028725 -0.057156
v 0.124059 -0.029143 -0.056747
v 0.123622 -0.025165 -0.057015
v 0.123949 -0.026900 -0.055768
v 0.123189 -0.026267 -0.055712
v 0.124476 -0.028178 -0.053821
v 0.123949 -0.026900 -0.055768
v 0.121629 -0.022180 -0.058327
v 0.123036 -0.021270 -0.056099
v 0.122310 -0.021637 -0.054025
v 0.126130 -0.023467 -0.055635
v 0.124350 -0.018694 -0.053988
v 0.123700 -0.018488 -0.055406
v 0.124513 -0.010614 -0.054973
v 0.124591 -0.010909 -0.055095
v 0.124808 -0.010269 -0.054594
v 0.124817 -0.010289 -0.054588
v 0.125302 -0.005763 -0.054485
v 0.125634 -0.000009 -0.055110
v 0.125835 -0.000755 -0.054372
v 0.125855 -0.000171 -0.054480
v 0.125976 -0.000007 -0.054471
v 0.125880 0.020930 -0.054315
v 0.125921 0.023922 -0.054548
v 0.126242 0.031824 -0.054630
v 0.118101 0.085954 -0.061283
v 0.117278 0.085733 -0.061784
v 0.117278 0.085733 -0.061784
v 0.116288 0.088190 -0.059534
v 0.117229 0.087409 -0.058766
v 0.116637 0.088065 -0.058849
v 0.117686 0.088401 -0.059927
v 0.118105 0.087498 -0.059548
v 0.101331 0.146984 -0.059609
v 0.076994 0.160002 0.024274
v 0.027254 0.153987 0.058856
v 0.027251 0.153966 0.058846
v 0.038114 0.151072 0.060388
v -0.028950 0.093423 0.072942
v -0.027347 0.090125 0.070678
v -0.030124 0.088697 0.074412
v -0.031758 0.089649 0.077813
v -0.031677 0.088891 0.073107
v -0.033126 0.086279 0.077337
v -0.043192 -0.023953 0.073787
v -0.050797 -0.026258 0.071305
v -0.054701 -0.026651 0.072159
v -0.053512 -0.025164 0.070471
v -0.054760 -0.026853 0.068651
v -0.056415 -0.026672 0.065202
v -0.059870 -0.029854 0.064665
v -0.058024 -0.028222 0.062526
v -0.063139 -0.033958 0.063439
v -0.063139 -0.033958 0.063439
v -0.039180 -0.078964 0.070019
v -0.078424 -0.099885 0.045553
v -0.078466 -0.099951 0.045580
v -0.065804 -0.103187 0.052280
v -0.078320 -0.110717 0.029976
v -0.071376 -0.118852 0.008895
v -0.072440 -0.118984 0.005611
v -0.072100 -0.119002 0.005791
v -0.074493 -0.119255 0.002730
v -0.074053 -0.118976 0.003617
v -0.076457 -0.120786 0.007356
v -0.076949 -0.120052 0.006769
v -0.080928 -0.125736 0.008048
v -0.084158 -0.130860 0.012465
v -0.082413 -0.141375 0.026043
v -0.085842 -0.144822 0.004822
v -0.086350 -0.141326 -0.002125
v -0.086350 -0.141326 -0.002125
v -0.085074 -0.132609 -0.012432
v -0.087809 -0.132022 -0.014754
v -0.087682 -0.135140 -0.020385
v -0.085252 -0.135984 -0.018176
v -0.087227 -0.132667 -0.019271
v -0.087227 -0.132667 -0.019271
v -0.087227 -0.132667 -0.019271
v -0.086713 -0.130393 -0.025273
v -0.088934 -0.130213 -0.024208
v -0.086713 -0.130393 -0.025273
v -0.088857 -0.137666 -0.032184
v -0.088292 -0.141129 -0.032787
v -0.086598 -0.140117 -0.030759
v -0.088120 -0.142074 -0.031360
v -0.090140 -0.141441 -0.032308
v -0.083649 -0.140788 -0.030976
v -0.090396 -0.136176 -0.036299
v -0.090396 -0.136176 -0.036299
v -0.091349 -0.137729 -0.036370
v -0.088847 -0.138543 -0.038566
v -0.089240 -0.138255 -0.036497
v -0.087615 -0.137783 -0.037614
v -0.088660 -0.137514 -0.037127
v -0.087115 -0.139201 -0.037539
v -0.086316 -0.139089 -0.039023
v -0.086420 -0.138618 -0.038648
v -0.086976 -0.139973 -0.037629
v -0.085126 -0.138597 -0.040002
v -0.086925 -0.135925 -0.046923
v -0.087101 -0.138196 -0.048329
v -0.087101 -0.138196 -0.048329
v -0.085846 -0.140265 -0.047567
v -0.087331 -0.139516 -0.047832
v -0.087715 -0.142280 -0.050260
v -0.087522 -0.141161 -0.050226
v -0.088335 -0.142922 -0.051417
v -0.087323 -0.141945 -0.050476
v -0.088343 -0.142055 -0.048619
v -0.087522 -0.141161 -0.050226
v -0.086737 -0.142583 -0.051874
v -0.086250 -0.141831 -0.051377
v -0.083163 -0.141129 -0.051499
v -0.085823 -0.141067 -0.053596
v -0.085823 -0.141067 -0.053596
v -0.084639 -0.139727 -0.055543
v -0.084932 -0.138611 -0.056017
v -0.085729 -0.138999 -0.055561
v -0.082448 -0.145598 -0.065383
v -0.075062 -0.150520 -0.066102
v -0.076361 -0.150995 -0.066689
v -0.076073 -0.149290 -0.071488
v -0.072803 -0.148314 -0.074457
v -0.072604 -0.149227 -0.073412
v -0.062456 -0.152694 -0.075965
v 0.078396 -0.131785 -0.071779
v 0.078573 -0.134176 -0.072479
v 0.077907 -0.133620 -0.069801
v 0.077408 -0.128545 -0.070971
v 0.080800 -0.127168 -0.065941
v 0.081740 -0.132096 -0.067455
v 0.083450 -0.124492 -0.054891
v 0.083181 -0.124783 -0.054839
v 0.083491 -0.123163 -0.050803
v 0.079057 -0.118887 -0.047078
v 0.079122 -0.118650 -0.047711
v 0.080543 -0.119139 -0.044113
v 0.079222 -0.118334 -0.048133
v 0.079222 -0.118334 -0.048133
v 0.079196 -0.117970 -0.052869
v 0.098308 -0.106435 -0.060904
v 0.121025 -0.027612 -0.053985
v 0.120706 -0.025464 -0.048912
v 0.123509 -0.028005 -0.055334
v 0.127487 -0.029282 -0.054410
v 0.125243 -0.027018 -0.055346
v 0.124435 -0.028175 -0.055553
v 0.126899 -0.030355 -0.051879
v 0.123187 -0.028312 -0.055307
v 0.125490 -0.026755 -0.055862
v 0.125979 -0.025802 -0.055336
v 0.126108 -0.025654 -0.055049
v 0.125618 -0.025072 -0.055446
v 0.124745 -0.025826 -0.053499
v 0.125772 -0.023294 -0.055461
v 0.123374 -0.024753 -0.052824
v 0.125859 -0.022648 -0.055742
v 0.123658 -0.023696 -0.055397
v 0.125565 -0.023753 -0.054219
v 0.123659 -0.023437 -0.055441
v 0.123986 -0.024770 -0.055568
v 0.123591 -0.022349 -0.054579
v 0.123309 -0.022768 -0.056435
v 0.124764 -0.020636 -0.055372
v 0.125746 -0.021371 -0.053855
v 0.125434 -0.020443 -0.055857
v 0.126879 -0.021512 -0.055904
v 0.125925 -0.021124 -0.056306
v 0.125752 -0.013571 -0.055564
v 0.125752 -0.013571 -0.055564
v 0.128566 -0.003407 -0.055385
v 0.128682 -0.003826 -0.055260
v 0.128887 -0.002520 -0.055894
v 0.127547 0.001017 -0.055131
v 0.129348 0.004130 -0.055792
v 0.129051 0.004827 -0.055883
v 0.128572 0.006351 -0.057185
v 0.126702 0.013855 -0.054079
v 0.126776 0.019032 -0.054214
v 0.127236 0.026700 -0.054035
v 0.127470 0.032687 -0.055802
v 0.126428 0.035184 -0.053928
v 0.125845 0.042522 -0.055936
v 0.125637 0.043961 -0.054905
v 0.124850 0.064246 -0.055324
v 0.124258 0.068733 -0.054639
v 0.123886 0.068125 -0.054604
v 0.122106 0.072198 -0.054094
v 0.123027 0.070813 -0.055447
v 0.120024 0.077410 -0.058837
v 0.115858 0.085299 -0.059317
v 0.118597 0.082819 -0.060334
v 0.119242 0.083155 -0.059709
v 0.119458 0.083839 -0.059586
v 0.118622 0.088217 -0.058851
v 0.119447 0.087514 -0.060702
v 0.119310 0.087674 -0.060383
v 0.119720 0.087353 -0.059784
v 0.122157 0.090068 -0.057450
v 0.122078 0.089949 -0.057587
v 0.118667 0.090472 -0.057295
v 0.121813 0.089922 -0.057889
v 0.120833 0.089089 -0.059462
v 0.121755 0.090370 -0.057203
v 0.119248 0.087375 -0.054821
v 0.119455 0.089187 -0.056091
v 0.120762 0.087619 -0.055481
v 0.116955 0.088509 -0.054870
v 0.116955 0.088509 -0.054870
v 0.116934 0.088498 -0.054793
v 0.117504 0.088650 -0.054688
v 0.115111 0.088084 -0.023430
v 0.102233 0.146515 -0.050836
v 0.102315 0.146512 -0.050857
v 0.100088 0.149894 -0.053714
v 0.100088 0.149894 -0.053714
v 0.034953 0.155946 0.055709
v -0.028156 0.089755 0.073504
v -0.024763 0.090196 0.072414
v -0.032203 0.085295 0.075790
v -0.020239 -0.014874 0.079366
v -0.043531 -0.027210 0.071940
v -0.045463 -0.027120 0.068454
v -0.040569 -0.028101 0.069127
v -0.043531 -0.027210 0.071940
v -0.043251 -0.028509 0.070906
v -0.050457 -0.026276 0.070422
v -0.049355 -0.028270 0.069146
v -0.055453 -0.028811 0.067947
v -0.054347 -0.028108 0.067314
v -0.055740 -0.028060 0.066678
v -0.058003 -0.030049 0.065264
v -0.068439 -0.118199 0.015886
v -0.069566 -0.118601 0.012092
v -0.069566 -0.118601 0.012092
v -0.076036 -0.120723 0.010226
v -0.081157 -0.151482 0.007721
v -0.082383 -0.154172 0.003803
v -0.084056 -0.140472 -0.017704
v -0.085004 -0.140081 -0.014320
v -0.084671 -0.139380 -0.013069
v -0.083079 -0.140384 -0.018204
v -0.087915 -0.135655 -0.019304
v -0.088099 -0.136709 -0.021348
v -0.085779 -0.137574 -0.020968
v -0.087184 -0.138813 -0.024826
v -0.087184 -0.138813 -0.024826
v -0.092147 -0.138275 -0.024388
v -0.087184 -0.138813 -0.024826
v -0.088516 -0.139775 -0.029205
v -0.091525 -0.143012 -0.030330
v -0.086964 -0.140809 -0.033065
v -0.086455 -0.141909 -0.032605
v -0.089816 -0.140421 -0.034346
v -0.090504 -0.139876 -0.035352
v -0.091655 -0.138148 -0.036940
v -0.091432 -0.138916 -0.036705
v -0.091721 -0.138024 -0.036903
v -0.092399 -0.138373 -0.036841
v -0.090956 -0.138127 -0.036956
v -0.089940 -0.138952 -0.037798
v -0.090236 -0.138935 -0.037101
v -0.088875 -0.139070 -0.036854
v -0.087558 -0.138666 -0.036356
v -0.086827 -0.140951 -0.036981
v -0.086827 -0.141585 -0.039913
v -0.086827 -0.141585 -0.039913
v -0.086827 -0.141585 -0.039913
v -0.087891 -0.141052 -0.046061
v -0.087470 -0.141726 -0.046005
v -0.087570 -0.140632 -0.046052
v -0.089490 -0.143469 -0.048591
v -0.089703 -0.143251 -0.048747
v -0.090710 -0.146046 -0.048833
v -0.089242 -0.143221 -0.048175
v -0.089242 -0.143221 -0.048175
v -0.089242 -0.143221 -0.048175
v -0.087548 -0.144588 -0.052615
v -0.087830 -0.145498 -0.049226
v -0.090836 -0.143683 -0.049379
v -0.086108 -0.144687 -0.050232
v -0.086703 -0.144873 -0.049265
v -0.086260 -0.143343 -0.052042
v -0.081112 -0.153411 -0.058736
v -0.078734 -0.152127 -0.066429
v -0.084423 -0.155392 -0.066374
v -0.075411 -0.153672 -0.068845
v -0.072878 -0.152311 -0.071620
v -0.073656 -0.152117 -0.071529
v -0.069714 -0.153556 -0.071239
v -0.068560 -0.153388 -0.071044
v -0.062599 -0.152512 -0.075615
v -0.061118 -0.157801 -0.072017
v -0.061107 -0.157728 -0.071850
v -0.053160 -0.156932 -0.070641
v -0.053536 -0.158742 -0.072466
v -0.049561 -0.159007 -0.072629
v -0.025928 -0.161721 -0.072382
v -0.003494 -0.155855 -0.077457
v 0.059139 -0.151177 -0.078450
v 0.067376 -0.156366 -0.072457
v 0.067209 -0.143803 -0.078419
v 0.066788 -0.143157 -0.076404
v 0.076859 -0.143983 -0.069706
v 0.077882 -0.133661 -0.070648
v 0.084513 -0.132930 -0.068239
v 0.083307 -0.131814 -0.065686
v 0.083458 -0.134060 -0.065968
v 0.083458 -0.134060 -0.065968
v 0.087093 -0.133914 -0.057530
v 0.082102 -0.124455 -0.050318
v 0.079804 -0.118665 -0.044664
v 0.080505 -0.118563 -0.037806
v 0.079313 -0.119049 -0.044790
v 0.109626 -0.094396 -0.035330
v 0.116668 -0.033559 -0.035627
v 0.120310 -0.029017 -0.042042
v 0.119414 -0.026915 -0.037017
v 0.127122 -0.028375 -0.051850
v 0.125915 -0.028804 -0.051900
v 0.126941 -0.027223 -0.052369
v 0.127487 -0.026847 -0.052190
v 0.126951 -0.024521 -0.053829
v 0.126832 -0.025474 -0.053988
v 0.128696 -0.024492 -0.053014
v 0.126832 -0.025474 -0.053988
v 0.127474 -0.023795 -0.053411
v 0.126657 -0.023867 -0.053908
v 0.125456 -0.023524 -0.053176
v 0.126168 -0.021389 -0.056442
v 0.126878 -0.021150 -0.057076
v 0.126113 -0.022442 -0.055810
v 0.126779 -0.019342 -0.056955
v 0.128691 -0.007518 -0.056469
v 0.129222 -0.004475 -0.055625
v 0.129458 -0.000033 -0.056430
v 0.129458 -0.000033 -0.056430
v 0.130915 0.000774 -0.056284
v 0.129098 0.007687 -0.056047
v 0.129443 0.007580 -0.056455
v 0.126164 0.040370 -0.054872
v 0.126594 0.046336 -0.052414
v 0.124971 0.053411 -0.053859
v 0.124992 0.063857 -0.052404
v 0.124947 0.062571 -0.055551
v 0.123288 0.075488 -0.054664
v 0.122967 0.075682 -0.054462
v 0.122996 0.078360 -0.054995
v 0.122544 0.081769 -0.055168
v 0.122136 0.079964 -0.055112
v 0.122171 0.080148 -0.055036
v 0.120118 0.085703 -0.059946
v 0.119696 0.086003 -0.057140
v 0.115642 0.087211 -0.055808
v 0.120870 0.089068 -0.059811
v 0.121408 0.085470 -0.056172
v 0.121408 0.085470 -0.056172
v 0.121763 0.085710 -0.055677
v 0.121795 0.085996 -0.055655
v 0.122204 0.090518 -0.056892
v 0.122354 0.090040 -0.057304
v 0.124982 0.089510 -0.058502
v 0.122354 0.090040 -0.057304
v 0.122062 0.091071 -0.056604
v 0.125327 0.088348 -0.055710
v 0.117192 0.088790 -0.048554
v 0.113903 0.087072 -0.048880
v 0.117382 0.088007 -0.044769
v 0.099306 0.151600 -0.048173
v 0.099306 0.151600 -0.048173
v 0.098624 0.152892 -0.035016
v 0.090756 0.158262 -0.008781
v 0.049566 0.150857 0.055065
v 0.037790 0.150477 0.059443
v -0.015095 0.090061 0.075330
v -0.019260 0.092870 0.074242
v -0.019260 0.092870 0.074242
v -0.019260 0.092870 0.074242
v -0.024025 0.089465 0.074231
v -0.022706 0.088967 0.074372
v -0.022706 0.088967 0.074372
v -0.022611 0.086871 0.076231
v -0.024430 0.090548 0.075156
v -0.022706 0.088967 0.074372
v -0.025432 0.088003 0.075362
v -0.027684 0.084855 0.073896
v -0.028457 0.087324 0.075536
v -0.023967 0.087061 0.076150
v -0.024164 0.084392 0.072652
v -0.034652 -0.022838 0.075819
v -0.034453 -0.024012 0.074971
v -0.034334 -0.024836 0.075523
v -0.035859 -0.027696 0.073387
v -0.035405 -0.027559 0.073498
v -0.037550 -0.031457 0.074412
v -0.036117 -0.028452 0.075012
v -0.036661 -0.027299 0.073665
v -0.041068 -0.030191 0.071022
v -0.043820 -0.028988 0.070332
v -0.044958 -0.029081 0.070006
v -0.044947 -0.028885 0.069522
v -0.050971 -0.030562 0.067774
v -0.053404 -0.029627 0.067243
v -0.052311 -0.031267 0.068996
v -0.052647 -0.029972 0.067239
v -0.052355 -0.105253 0.056384
v -0.072657 -0.099381 0.049575
v -0.072900 -0.099677 0.049944
v -0.065199 -0.102083 0.051069
v -0.068444 -0.118218 0.013817
v -0.068817 -0.117900 0.015360
v -0.068092 -0.118398 0.013790
v -0.067978 -0.118444 0.014485
v -0.067335 -0.118449 0.015378
v -0.067321 -0.118480 0.015357
v -0.066801 -0.118469 0.017723
v -0.066642 -0.118713 0.017743
v -0.067053 -0.118297 0.017456
v -0.072232 -0.121471 0.020991
v -0.072232 -0.121471 0.020991
v -0.073352 -0.127847 0.020304
v -0.076710 -0.122682 0.019370
v -0.083015 -0.132677 0.021091
v -0.083972 -0.132580 0.021354
v -0.080846 -0.150892 0.007580
v -0.080880 -0.153237 0.003315
v -0.084320 -0.150507 -0.008671
v -0.084313 -0.150504 -0.008672
v -0.087620 -0.142489 -0.017443
v -0.086951 -0.143593 -0.017052
v -0.088111 -0.141480 -0.018670
v -0.089692 -0.139188 -0.018734
v -0.090532 -0.138922 -0.018148
v -0.090508 -0.138814 -0.019934
v -0.089499 -0.138878 -0.019952
v -0.089721 -0.139375 -0.018894
v -0.089096 -0.138931 -0.017131
v -0.088240 -0.137043 -0.021624
v -0.088240 -0.137043 -0.021624
v -0.087833 -0.141502 -0.022897
v -0.089402 -0.145590 -0.025907
v -0.086490 -0.145733 -0.026599
v -0.088581 -0.146011 -0.026147
v -0.086209 -0.147177 -0.038300
v -0.086209 -0.147177 -0.038300
v -0.087218 -0.142702 -0.045298
v -0.086824 -0.144710 -0.045109
v -0.085606 -0.144489 -0.044177
v -0.089035 -0.149063 -0.047221
v -0.086298 -0.146562 -0.047381
v -0.087333 -0.144694 -0.048804
v -0.085684 -0.146724 -0.047653
v -0.079399 -0.152589 -0.059854
v -0.081081 -0.150472 -0.063156
v -0.068990 -0.162458 -0.058789
v -0.048874 -0.158667 -0.071463
v -0.025655 -0.161529 -0.071966
v -0.007781 -0.160428 -0.074439
v -0.012876 -0.154949 -0.077666
v 0.051745 -0.158878 -0.072726
v 0.058699 -0.151729 -0.072892
v 0.058126 -0.152701 -0.076158
v 0.058718 -0.150389 -0.077051
v 0.060200 -0.153591 -0.075140
v 0.076022 -0.150732 -0.071347
v 0.078554 -0.143102 -0.071515
v 0.079453 -0.145816 -0.071162
v 0.081050 -0.151585 -0.066878
v 0.085977 -0.134224 -0.060151
v 0.087257 -0.133513 -0.058052
v 0.086502 -0.133804 -0.058902
v 0.079697 -0.118713 -0.026011
v 0.079826 -0.118954 -0.026276
v 0.092677 -0.112675 -0.025008
v 0.098633 -0.107822 -0.043819
v 0.098865 -0.107463 -0.039914
v 0.106944 -0.094925 -0.036098
v 0.121769 -0.025252 -0.039917
v 0.122107 -0.026264 -0.040392
v 0.128587 -0.029718 -0.041860
v 0.128657 -0.030591 -0.051840
v 0.129023 -0.030216 -0.050135
v 0.132074 -0.029835 -0.052157
v 0.132705 -0.025909 -0.052382
v 0.130918 -0.027906 -0.052079
v 0.128322 -0.024300 -0.053188
v 0.129031 -0.024042 -0.051504
v 0.133354 -0.025440 -0.051735
v 0.128383 -0.024198 -0.053079
v 0.127998 -0.022483 -0.057494
v 0.127288 -0.021133 -0.052302
v 0.128196 -0.012097 -0.051179
v 0.130423 -0.003546 -0.053508
v 0.129799 -0.002624 -0.051885
v 0.129862 -0.001715 -0.051798
v 0.129870 0.001063 -0.052936
v 0.129870 0.001063 -0.052936
v 0.130915 0.000821 -0.052838
v 0.128733 0.013041 -0.054967
v 0.129195 0.013989 -0.056166
v 0.129684 0.018742 -0.055878
v 0.128959 0.010988 -0.056453
v 0.129439 0.019757 -0.056704
v 0.129074 0.026602 -0.056244
v 0.129365 0.048740 -0.056857
v 0.127452 0.049536 -0.052676
v 0.125508 0.084163 -0.056806
v 0.126572 0.086164 -0.057351
v 0.123394 0.078208 -0.054912
v 0.123394 0.078208 -0.054912
v 0.122559 0.080489 -0.054839
v 0.122969 0.082224 -0.054938
v 0.122969 0.082224 -0.054938
v 0.122969 0.082224 -0.054938
v 0.123589 0.085832 -0.055860
v 0.123017 0.087562 -0.055491
v 0.122026 0.087533 -0.057128
v 0.123061 0.085960 -0.055576
v 0.124594 0.088241 -0.056314
v 0.123556 0.087750 -0.054852
v 0.123440 0.087986 -0.055359
v 0.123486 0.087909 -0.055407
v 0.123577 0.091488 -0.056080
v 0.123582 0.091553 -0.056052
v 0.125382 0.088393 -0.055247
v 0.126439 0.089614 -0.054832
v 0.124473 0.092116 -0.052687
v 0.124971 0.091639 -0.051229
v 0.124967 0.091184 -0.052447
v 0.117182 0.087337 -0.042179
v 0.117199 0.087780 -0.045245
v 0.098273 0.147195 -0.043487
v 0.101108 0.149558 -0.043589
v 0.098753 0.152598 -0.029659
v 0.043032 0.151363 0.057399
v 0.043032 0.151363 0.057399
v -0.015345 0.092600 0.074781
v -0.014634 0.089460 0.075188
v -0.016869 0.088265 0.076272
v -0.016437 0.090103 0.077632
v -0.018289 0.086356 0.077803
v -0.018246 0.086500 0.078097
v -0.018199 0.086495 0.077934
v -0.018199 0.086495 0.077934
v -0.031234 -0.025807 0.075759
v -0.031574 -0.027257 0.078366
v -0.033957 -0.027071 0.074425
v -0.034439 -0.028907 0.072993
v -0.036395 -0.030732 0.072088
v -0.036395 -0.030732 0.072088
v -0.038863 -0.030438 0.071556
v -0.067343 -0.117986 0.017449
v -0.067154 -0.118367 0.015542
v -0.065482 -0.118463 0.019089
v -0.071472 -0.123164 0.028550
v -0.071472 -0.123164 0.028550
v -0.075006 -0.123767 0.023182
v -0.080368 -0.150758 0.018495
v -0.078346 -0.149863 0.023039
v -0.081988 -0.154193 -0.009895
v -0.081959 -0.154159 -0.009899
v -0.088182 -0.141505 -0.019852
v -0.087632 -0.142068 -0.020204
v -0.087529 -0.141871 -0.020143
v -0.087644 -0.141582 -0.021321
v -0.089512 -0.140534 -0.020057
v -0.092445 -0.139143 -0.020844
v -0.092477 -0.139146 -0.020813
v -0.088802 -0.139916 -0.021282
v -0.091260 -0.142277 -0.023125
v -0.090428 -0.139342 -0.021453
v -0.088410 -0.140192 -0.021717
v -0.088815 -0.139977 -0.021530
v -0.082845 -0.151269 -0.038138
v -0.084691 -0.152219 -0.036728
v -0.082047 -0.155109 -0.041968
v -0.082047 -0.155109 -0.041968
v -0.083898 -0.152407 -0.044523
v -0.083428 -0.153560 -0.046081
v -0.081970 -0.152908 -0.044942
v -0.082481 -0.154146 -0.047851
v -0.017167 -0.168194 -0.061443
v -0.007236 -0.160202 -0.074206
v 0.036066 -0.158598 -0.074995
v 0.055104 -0.159734 -0.070696
v 0.054264 -0.159787 -0.071000
v 0.061605 -0.157334 -0.071493
v 0.059138 -0.155083 -0.074199
v 0.063531 -0.156443 -0.069918
v 0.061578 -0.157399 -0.071600
v 0.076590 -0.152158 -0.072119
v 0.078603 -0.150995 -0.072129
v 0.087874 -0.139095 -0.055099
v 0.085650 -0.135237 -0.059406
v 0.085915 -0.135101 -0.058254
v 0.088725 -0.135361 -0.057812
v 0.085714 -0.133330 -0.056424
v 0.087468 -0.133778 -0.058093
v 0.088377 -0.132559 -0.047577
v 0.085486 -0.124516 -0.036630
v 0.079567 -0.118883 -0.025988
v 0.079371 -0.118869 -0.025282
v 0.092374 -0.112177 -0.024883
v 0.098876 -0.106957 -0.019229
v 0.098338 -0.106508 -0.019128
v 0.103171 -0.097522 -0.000509
v 0.116144 -0.030623 -0.027767
v 0.118541 -0.029954 -0.030512
v 0.122310 -0.031464 -0.029470
v 0.118533 -0.028606 -0.031604
v 0.121851 -0.027148 -0.028730
v 0.129065 -0.030247 -0.038564
v 0.128116 -0.029971 -0.045421
v 0.127786 -0.030199 -0.046790
v 0.130154 -0.029527 -0.049650
v 0.129924 -0.030370 -0.049803
v 0.129505 -0.030122 -0.048714
v 0.130804 -0.024294 -0.047929
v 0.129931 -0.024990 -0.051829
v 0.129149 -0.025390 -0.049207
v 0.129908 -0.026393 -0.049292
v 0.132418 -0.024258 -0.048048
v 0.130496 -0.023399 -0.048816
v 0.132614 -0.022217 -0.047975
v 0.133623 -0.023148 -0.048304
v 0.133212 -0.023241 -0.048562
v 0.132967 -0.022159 -0.048398
v 0.130916 -0.023290 -0.053161
v 0.132038 -0.023311 -0.053158
v 0.134329 -0.025082 -0.052846
v 0.132165 -0.023364 -0.053181
v 0.132038 -0.023311 -0.053158
v 0.130095 -0.020429 -0.052222
v 0.130095 -0.020429 -0.052222
v 0.128363 -0.016706 -0.055607
v 0.131472 -0.020964 -0.050858
v 0.130315 -0.018483 -0.055339
v 0.130743 -0.020994 -0.052551
v 0.128492 -0.016551 -0.051307
v 0.128455 -0.016375 -0.051295
v 0.129138 -0.015117 -0.049158
v 0.128507 -0.012577 -0.051428
v 0.130688 -0.001239 -0.052339
v 0.131224 -0.004609 -0.051174
v 0.131224 -0.004609 -0.051174
v 0.130589 -0.000447 -0.051393
v 0.131300 0.009920 -0.051347
v 0.130512 0.009707 -0.051184
v 0.131073 0.011891 -0.051791
v 0.129926 0.033595 -0.056441
v 0.129301 0.035243 -0.056448
v 0.129339 0.042122 -0.056949
v 0.129961 0.040286 -0.056640
v 0.125521 0.085282 -0.056461
v 0.124146 0.086216 -0.056142
v 0.125218 0.086178 -0.056300
v 0.124376 0.087305 -0.057919
v 0.125757 0.087609 -0.056918
v 0.127956 0.087387 -0.053003
v 0.128822 0.086344 -0.054623
v 0.128927 0.087839 -0.055210
v 0.126517 0.090808 -0.054198
v 0.127134 0.091287 -0.053396
v 0.126387 0.088210 -0.051117
v 0.127896 0.092111 -0.048046
v 0.126387 0.088210 -0.051117
v 0.127834 0.088867 -0.051524
v 0.124626 0.090920 -0.053378
v 0.125395 0.091756 -0.051620
v 0.115193 0.087679 -0.019791
v 0.098813 0.152777 -0.034832
v 0.096604 0.153962 -0.024127
v 0.062344 0.151483 0.050553
v 0.049977 0.151791 0.056137
v 0.022949 0.089058 0.074763
v -0.010088 0.090953 0.077216
v -0.008174 0.091098 0.076124
v -0.009510 0.089303 0.075930
v -0.011621 0.083995 0.073792
v -0.006972 0.086373 0.078536
v -0.004966 0.087131 0.077311
v -0.008867 0.085419 0.075918
v 0.013980 0.076244 0.080433
v -0.026358 -0.026421 0.076342
v -0.026358 -0.026421 0.076342
v -0.026358 -0.026421 0.076342
v -0.026358 -0.026421 0.076342
v -0.029302 -0.027859 0.074325
v -0.028395 -0.027369 0.075096
v -0.029588 -0.026645 0.075597
v -0.030266 -0.029117 0.071437
v -0.056282 -0.118150 0.029024
v -0.065978 -0.118281 0.018664
v -0.069529 -0.124003 0.034632
v -0.069669 -0.123963 0.034782
v -0.072975 -0.126386 0.033512
v -0.073258 -0.126145 0.033687
v -0.077688 -0.129023 0.031650
v -0.077329 -0.129657 0.031792
v -0.082976 -0.143421 0.020365
v -0.075220 -0.159350 -0.008487
v -0.084971 -0.151320 -0.021166
v -0.084553 -0.151098 -0.021221
v -0.082310 -0.154855 -0.024098
v -0.082158 -0.154856 -0.024110
v 0.006949 -0.162171 -0.073049
v 0.006867 -0.162443 -0.073089
v 0.017567 -0.159351 -0.074596
v 0.017565 -0.159334 -0.074575
v 0.036451 -0.158549 -0.073755
v 0.043319 -0.160005 -0.071543
v 0.047252 -0.159814 -0.074761
v 0.073981 -0.162011 -0.055314
v 0.064212 -0.158516 -0.069036
v 0.063731 -0.158164 -0.070246
v 0.069352 -0.155927 -0.071315
v 0.072449 -0.153507 -0.070912
v 0.077384 -0.157530 -0.073550
v 0.073169 -0.153955 -0.067853
v 0.076420 -0.153566 -0.067623
v 0.074780 -0.153994 -0.065091
v 0.076420 -0.153566 -0.067623
v 0.077521 -0.151095 -0.069497
v 0.078424 -0.149412 -0.067248
v 0.082946 -0.150565 -0.059766
v 0.088264 -0.139943 -0.056600
v 0.087391 -0.135604 -0.057826
v 0.087226 -0.135977 -0.055424
v 0.086950 -0.134878 -0.054730
v 0.088186 -0.135317 -0.055252
v 0.088186 -0.135317 -0.055252
v 0.088112 -0.131439 -0.035457
v 0.086015 -0.125676 -0.009836
v 0.081374 -0.120312 -0.027138
v 0.079842 -0.119380 -0.024119
v 0.080163 -0.118148 -0.022449
v 0.089644 -0.113163 -0.007339
v 0.090544 -0.110253 -0.009341
v 0.091324 -0.111519 -0.010863
v 0.114662 -0.031149 -0.012952
v 0.114349 -0.030481 -0.022397
v 0.116829 -0.030315 -0.027765
v 0.116388 -0.032720 -0.029073
v 0.117429 -0.029069 -0.028709
v 0.122782 -0.029438 -0.019855
v 0.124469 -0.031266 -0.016880
v 0.127811 -0.029591 -0.030921
v 0.128479 -0.028036 -0.031619
v 0.132428 -0.029035 -0.049959
v 0.130983 -0.029372 -0.049601
v 0.131022 -0.028918 -0.050821
v 0.132207 -0.025403 -0.049119
v 0.133664 -0.023462 -0.048785
v 0.136268 -0.020518 -0.047121
v 0.133664 -0.023462 -0.048785
v 0.133672 -0.022028 -0.048671
v 0.133924 -0.021648 -0.048785
v 0.135458 -0.022267 -0.050874
v 0.130059 -0.015256 -0.053303
v 0.131740 -0.012272 -0.050859
v 0.134522 -0.014046 -0.051975
v 0.132084 -0.009622 -0.050981
v 0.132030 -0.011957 -0.050855
v 0.131906 -0.011511 -0.050938
v 0.132331 -0.010368 -0.050920
v 0.132284 -0.009104 -0.051007
v 0.135248 -0.012115 -0.050287
v 0.131639 0.020503 -0.050484
v 0.131189 0.019323 -0.050174
v 0.131554 0.038096 -0.051615
v 0.127740 0.077791 -0.052735
v 0.127993 0.077477 -0.051648
v 0.127438 0.074704 -0.050365
v 0.128456 0.086437 -0.053706
v 0.130879 0.088807 -0.053917
v 0.127146 0.086096 -0.052486
v 0.130456 0.086812 -0.054131
v 0.128044 0.088118 -0.052837
v 0.128305 0.088434 -0.052359
v 0.128884 0.089117 -0.050558
v 0.129614 0.092610 -0.049568
v 0.129206 0.092114 -0.049998
v 0.128875 0.092221 -0.051034
v 0.129206 0.092114 -0.049998
v 0.129276 0.092597 -0.049890
v 0.130680 0.090089 -0.053813
v 0.129206 0.092114 -0.049998
v 0.128778 0.092797 -0.052209
v 0.128608 0.093453 -0.052025
v 0.128778 0.092797 -0.052209
v 0.128858 0.093713 -0.052093
v 0.128778 0.092797 -0.052209
v 0.127112 0.092415 -0.051053
v 0.127565 0.093327 -0.051332
v 0.130995 0.096592 -0.045797
v 0.129513 0.093682 -0.046492
v 0.129630 0.093007 -0.046956
v 0.129798 0.094614 -0.042031
v 0.129396 0.094704 -0.041352
v 0.129393 0.093620 -0.041888
v 0.129126 0.093683 -0.040000
v 0.127313 0.092603 -0.037576
v 0.127774 0.089989 -0.033914
v 0.126331 0.092600 -0.037108
v 0.115763 0.087502 -0.027279
v 0.115607 0.088360 -0.023902
v 0.115349 0.088538 -0.023364
v 0.113519 0.088028 -0.012643
v 0.111235 0.089437 -0.002304
v 0.106199 0.135391 -0.004889
v 0.098717 0.152558 -0.029660
v 0.098441 0.153777 -0.026922
v 0.097577 0.151429 -0.013928
v 0.098328 0.151564 -0.013864
v 0.062306 0.151410 0.050532
v -0.003852 0.088012 0.077382
v -0.003831 0.086586 0.078489
v -0.009113 0.083845 0.080298
v 0.004997 0.085829 0.079039
v -0.011836 -0.025028 0.078819
v -0.019791 -0.022629 0.074816
v -0.019362 -0.025059 0.074791
v -0.019410 -0.026225 0.077356
v -0.020500 -0.025976 0.076464
v -0.020686 -0.026739 0.076609
v -0.024751 -0.029519 0.074622
v -0.023402 -0.029079 0.074561
v -0.025159 -0.029935 0.074289
v -0.021973 -0.029451 0.074911
v -0.027233 -0.029045 0.074322
v -0.028738 -0.028808 0.073142
v -0.028669 -0.028121 0.074065
v -0.030497 -0.029965 0.073543
v -0.039064 -0.119003 0.039574
v -0.055188 -0.117577 0.030569
v -0.056230 -0.117946 0.028945
v -0.079572 -0.133315 0.037349
v -0.077641 -0.133191 0.035171
v -0.078045 -0.134383 0.034852
v -0.078563 -0.147976 0.026658
v -0.076450 -0.150703 0.027923
v -0.077501 -0.151131 0.023999
v -0.068996 -0.153061 0.036022
v -0.073625 -0.158251 0.004596
v -0.074069 -0.158747 -0.000818
v -0.074794 -0.159871 -0.007981
v -0.077397 -0.159432 -0.015398
v 0.026761 -0.161484 -0.072638
v 0.026787 -0.161438 -0.072550
v 0.044211 -0.160649 -0.072028
v 0.075400 -0.156436 -0.064390
v 0.076006 -0.155435 -0.065293
v 0.074906 -0.156941 -0.064011
v 0.078061 -0.155059 -0.062952
v 0.079306 -0.153952 -0.063544
v 0.081918 -0.153637 -0.057281
v 0.076319 -0.156328 -0.058406
v 0.083666 -0.153367 -0.055928
v 0.082621 -0.152764 -0.058029
v 0.086986 -0.145874 -0.048573
v 0.087455 -0.139365 -0.054700
v 0.088102 -0.138602 -0.055003
v 0.088359 -0.138599 -0.054908
v 0.089431 -0.138359 -0.054890
v 0.088916 -0.138434 -0.055001
v 0.091188 -0.138786 -0.054109
v 0.090214 -0.138657 -0.054395
v 0.090073 -0.138226 -0.052189
v 0.093002 -0.140209 -0.048219
v 0.090094 -0.138680 -0.052610
v 0.088845 -0.136594 -0.049474
v 0.088920 -0.136981 -0.049851
v 0.089198 -0.137787 -0.050594
v 0.087319 -0.136047 -0.048531
v 0.086899 -0.133220 -0.048001
v 0.089017 -0.134490 -0.046756
v 0.086861 -0.132737 -0.046841
v 0.089718 -0.133093 -0.038363
v 0.088186 -0.132499 -0.041165
v 0.088440 -0.132601 -0.042413
v 0.088409 -0.131772 -0.037358
v 0.091455 -0.128241 -0.036374
v 0.087987 -0.132506 -0.038034
v 0.085996 -0.125844 -0.009955
v 0.080021 -0.118966 -0.018289
v 0.094394 -0.111058 -0.013464
v 0.092870 -0.111074 -0.014315
v 0.095451 -0.108590 -0.010467
v 0.095098 -0.108659 -0.009068
v 0.093634 -0.110001 -0.010278
v 0.114713 -0.033088 -0.014237
v 0.115368 -0.029610 -0.011931
v 0.114829 -0.028561 -0.010058
v 0.115383 -0.029158 -0.011439
v 0.121405 -0.028227 -0.009165
v 0.124368 -0.027526 -0.006834
v 0.123368 -0.031553 -0.004649
v 0.123555 -0.028174 -0.017732
v 0.124027 -0.027967 -0.017601
v 0.124855 -0.028491 -0.024695
v 0.126831 -0.028650 -0.023246
v 0.128090 -0.029430 -0.030316
v 0.126656 -0.029545 -0.028306
v 0.133163 -0.029151 -0.049855
v 0.133478 -0.028410 -0.048413
v 0.133321 -0.028704 -0.050974
v 0.133158 -0.028845 -0.050862
v 0.134224 -0.028202 -0.047936
v 0.133516 -0.028789 -0.050205
v 0.134322 -0.026149 -0.049467
v 0.134588 -0.020899 -0.049283
v 0.134049 -0.020344 -0.050472
v 0.134049 -0.020344 -0.050472
v 0.134049 -0.020344 -0.050472
v 0.135441 -0.018371 -0.052085
v 0.134297 -0.017824 -0.051059
v 0.135441 -0.018371 -0.052085
v 0.135780 -0.016068 -0.053061
v 0.135613 -0.014984 -0.050961
v 0.135635 -0.015625 -0.050861
v 0.136885 -0.008970 -0.049105
v 0.135748 -0.007954 -0.047372
v 0.137576 -0.009669 -0.047723
v 0.135941 0.005592 -0.049331
v 0.136320 0.005687 -0.049979
v 0.134618 0.027656 -0.050138
v 0.131637 0.031417 -0.051565
v 0.131103 0.035844 -0.051162
v 0.130741 0.033680 -0.051468
v 0.131138 0.038303 -0.051247
v 0.129642 0.064769 -0.051099
v 0.129447 0.079125 -0.054368
v 0.129276 0.081585 -0.052353
v 0.130409 0.084591 -0.052765
v 0.130056 0.083593 -0.052735
v 0.132525 0.087304 -0.053184
v 0.131507 0.085377 -0.052579
v 0.132606 0.084484 -0.052703
v 0.132511 0.085012 -0.053004
v 0.131979 0.084760 -0.054427
v 0.131132 0.088125 -0.051813
v 0.131863 0.088262 -0.049350
v 0.129335 0.086964 -0.050601
v 0.129335 0.086964 -0.050601
v 0.128546 0.087621 -0.050061
v 0.129513 0.088533 -0.049268
v 0.129585 0.088117 -0.049362
v 0.130522 0.087568 -0.049647
v 0.130602 0.087090 -0.049149
v 0.130794 0.088461 -0.048062
v 0.131391 0.088339 -0.050660
v 0.131775 0.091549 -0.049937
v 0.131775 0.091549 -0.049937
v 0.132012 0.092224 -0.049417
v 0.132750 0.091289 -0.052092
v 0.132172 0.091992 -0.049687
v 0.128663 0.090625 -0.047760
v 0.130469 0.093284 -0.048733
v 0.129559 0.093704 -0.048422
v 0.129531 0.093919 -0.047161
v 0.129531 0.093919 -0.047161
v 0.128610 0.093969 -0.052124
v 0.128854 0.093860 -0.051751
v 0.131263 0.092897 -0.046399
v 0.131324 0.091739 -0.038254
v 0.127453 0.091989 -0.033683
v 0.129056 0.092459 -0.034351
v 0.127517 0.092832 -0.031996
v 0.114761 0.087607 -0.020630
v 0.114820 0.087596 -0.019626
v 0.113891 0.088200 -0.012928
v 0.115423 0.086950 -0.004749
v 0.113735 0.088412 -0.012598
v 0.113536 0.088773 -0.006374
v 0.112192 0.089269 -0.003725
v 0.112985 0.088597 -0.005198
v 0.112580 0.088887 -0.005637
v 0.112325 0.089398 -0.002668
v 0.094782 0.153182 -0.004897
v 0.062329 0.146441 0.053567
v 0.062628 0.146895 0.054297
v 0.003603 0.089260 0.077543
v 0.003381 0.088927 0.077844
v 0.000127 0.084085 0.076639
v -0.000631 0.086544 0.079635
v -0.005559 -0.024484 0.080245
v -0.011023 -0.025634 0.079380
v -0.017430 -0.025446 0.078251
v -0.020388 -0.029989 0.075090
v -0.017990 -0.030366 0.075108
v -0.029310 -0.106418 0.062357
v -0.051905 -0.104533 0.055503
v -0.049616 -0.105436 0.055299
v -0.049689 -0.105743 0.055637
v -0.040979 -0.119007 0.036824
v -0.045084 -0.118449 0.035651
v -0.052183 -0.117623 0.032480
v -0.054076 -0.118183 0.030204
v -0.055197 -0.119044 0.031746
v -0.054321 -0.118385 0.030305
v -0.054251 -0.118443 0.030183
v -0.054321 -0.118385 0.030305
v -0.066861 -0.128802 0.043042
v -0.066861 -0.128802 0.043042
v -0.066861 -0.128802 0.043042
v -0.069319 -0.131197 0.042829
v -0.065880 -0.130214 0.042281
v -0.073608 -0.134159 0.040323
v -0.071037 -0.131639 0.041982
v -0.076867 -0.134185 0.037993
v -0.074588 -0.133544 0.036636
v -0.077257 -0.137665 0.036803
v -0.073996 -0.139000 0.037523
v -0.078613 -0.148002 0.026683
v 0.041994 -0.166312 -0.059135
v 0.077470 -0.156193 -0.061281
v 0.077470 -0.156193 -0.061281
v 0.077308 -0.158851 -0.055530
v 0.078243 -0.158493 -0.049008
v 0.087220 -0.145696 -0.048726
v 0.087115 -0.141776 -0.051599
v 0.088332 -0.137894 -0.052331
v 0.087115 -0.141776 -0.051599
v 0.088249 -0.141805 -0.050840
v 0.087115 -0.141776 -0.051599
v 0.089476 -0.139799 -0.052197
v 0.088752 -0.141064 -0.051021
v 0.089404 -0.139898 -0.051727
v 0.088545 -0.138519 -0.050423
v 0.089873 -0.137419 -0.048076
v 0.091292 -0.137700 -0.049667
v 0.089313 -0.135310 -0.047961
v 0.088814 -0.135281 -0.047450
v 0.089290 -0.135297 -0.047937
v 0.088298 -0.134892 -0.046827
v 0.088298 -0.134892 -0.046827
v 0.088034 -0.137633 -0.044431
v 0.088159 -0.134852 -0.046893
v 0.088298 -0.134892 -0.046827
v 0.088298 -0.134892 -0.046827
v 0.090429 -0.133232 -0.035724
v 0.089930 -0.133215 -0.036102
v 0.089675 -0.132974 -0.035228
v 0.094000 -0.133390 -0.032754
v 0.089013 -0.133445 -0.031165
v 0.089081 -0.131667 -0.029039
v 0.089013 -0.133445 -0.031165
v 0.088818 -0.133439 -0.030645
v 0.088539 -0.131497 -0.029356
v 0.087678 -0.130276 -0.028499
v 0.077549 -0.119703 -0.010537
v 0.079276 -0.119199 -0.012200
v 0.078093 -0.118563 -0.011593
v 0.077168 -0.119319 -0.006758
v 0.077722 -0.118967 -0.010056
v 0.089500 -0.112966 -0.007373
v 0.093659 -0.108065 0.000613
v 0.096598 -0.106991 -0.006393
v 0.097947 -0.106220 -0.009606
v 0.102622 -0.096864 0.000202
v 0.099234 -0.105625 -0.011639
v 0.114444 -0.030088 -0.010109
v 0.114717 -0.029222 -0.010823
v 0.114895 -0.029242 -0.011236
v 0.121393 -0.028180 -0.009112
v 0.123226 -0.028416 -0.002875
v 0.124753 -0.027674 -0.006344
v 0.125671 -0.028865 -0.018543
v 0.125384 -0.028777 -0.018167
v 0.125282 -0.028967 -0.018849
v 0.126306 -0.029216 -0.022343
v 0.125949 -0.029278 -0.022158
v 0.126378 -0.029173 -0.023330
v 0.127128 -0.028992 -0.021329
v 0.137359 -0.023989 -0.031982
v 0.137205 -0.026506 -0.049882
v 0.136063 -0.026901 -0.050461
v 0.134870 -0.027799 -0.050770
v 0.136906 -0.026577 -0.050221
v 0.137644 -0.020038 -0.049331
v 0.135801 -0.019177 -0.048316
v 0.135337 -0.018343 -0.048487
v 0.136598 -0.019594 -0.048381
v 0.135911 -0.017348 -0.050845
v 0.135327 -0.018211 -0.047972
v 0.135669 -0.016798 -0.047459
v 0.135669 -0.016798 -0.047459
v 0.135669 -0.016798 -0.047459
v 0.136017 -0.016390 -0.049846
v 0.135669 -0.016798 -0.047459
v 0.136285 -0.015803 -0.050394
v 0.135701 -0.015218 -0.050838
v 0.136441 -0.015207 -0.049258
v 0.137098 -0.014863 -0.047633
v 0.135496 -0.013870 -0.046500
v 0.138504 -0.014787 -0.047174
v 0.137635 -0.009215 -0.046424
v 0.138465 -0.004929 -0.047682
v 0.137269 -0.002099 -0.048934
v 0.136599 -0.002368 -0.048499
v 0.136445 0.005223 -0.045360
v 0.136914 0.005915 -0.046950
v 0.137037 0.000881 -0.049002
v 0.134975 0.014614 -0.047966
v 0.134363 0.015710 -0.047739
v 0.131861 0.070146 -0.050569
v 0.132153 0.070990 -0.051009
v 0.132898 0.083562 -0.052653
v 0.134142 0.082296 -0.050030
v 0.132848 0.085145 -0.049299
v 0.131588 0.084638 -0.049574
v 0.136638 0.084795 -0.050917
v 0.134109 0.083457 -0.048271
v 0.132471 0.086926 -0.049124
v 0.132788 0.087633 -0.046450
v 0.133668 0.091844 -0.049642
v 0.134404 0.091796 -0.050840
v 0.133839 0.091866 -0.050953
v 0.130822 0.093230 -0.048587
v 0.136543 0.088964 -0.048957
v 0.126266 0.093617 -0.028999
v 0.124239 0.091866 -0.018666
v 0.116306 0.088493 -0.018015
v 0.114492 0.088400 -0.009312
v 0.113978 0.088322 -0.009152
v 0.113675 0.088297 -0.008759
v 0.116346 0.089134 -0.002598
v 0.113185 0.088503 -0.000669
v 0.109680 0.086421 0.007955
v 0.112697 0.088804 0.005220
v 0.096892 0.148964 0.007888
v 0.094763 0.153158 -0.004905
v 0.092499 0.148770 0.019987
v 0.089298 0.149031 0.026088
v 0.084522 0.146748 0.037516
v 0.078607 0.143054 0.045303
v 0.071879 0.144349 0.050936
v 0.071841 0.144314 0.050868
v 0.066120 0.130644 0.060269
v 0.046373 0.093231 0.068747
v 0.041560 0.088804 0.070070
v 0.037895 0.089244 0.071061
v 0.023152 0.087998 0.078463
v 0.022574 0.087696 0.077276
v 0.019501 0.084495 0.077035
v 0.019524 0.084402 0.078051
v -0.012224 -0.023053 0.075099
v -0.012101 -0.027580 0.076582
v -0.015082 -0.030499 0.075586
v -0.015082 -0.030499 0.075586
v 0.011072 -0.075745 0.075405
v -0.039403 -0.106680 0.057454
v -0.039426 -0.106692 0.057499
v -0.047854 -0.118300 0.033055
v -0.051243 -0.118252 0.031603
v -0.058299 -0.125457 0.043550
v -0.058397 -0.125398 0.043647
v -0.064543 -0.131990 0.050262
v -0.064539 -0.132509 0.047185
v -0.062513 -0.133652 0.045714
v -0.066305 -0.133013 0.046066
v -0.068923 -0.135729 0.046506
v -0.068609 -0.135284 0.045593
v -0.068316 -0.136365 0.044761
v -0.070836 -0.138707 0.043478
v -0.075464 -0.139534 0.039282
v -0.073356 -0.139742 0.041242
v -0.073356 -0.139742 0.041242
v -0.072418 -0.140094 0.039602
v -0.074573 -0.144599 0.037085
v -0.075767 -0.143300 0.036903
v -0.075240 -0.148720 0.032340
v -0.075240 -0.148720 0.032340
v -0.042402 -0.165717 0.009813
v 0.021006 -0.169512 -0.013077
v 0.078116 -0.157860 -0.047785
v 0.084297 -0.153434 -0.047370
v 0.086095 -0.144673 -0.045227
v 0.086349 -0.147501 -0.047556
v 0.088146 -0.144417 -0.049726
v 0.089300 -0.144411 -0.048826
v 0.088751 -0.142230 -0.047231
v 0.088362 -0.143057 -0.048803
v 0.089022 -0.144120 -0.049704
v 0.088859 -0.140579 -0.049606
v 0.090474 -0.139975 -0.049188
v 0.089930 -0.139133 -0.048970
v 0.089229 -0.137838 -0.048588
v 0.088315 -0.138781 -0.047627
v 0.088174 -0.138386 -0.047620
v 0.088680 -0.140526 -0.047795
v 0.089217 -0.141462 -0.047063
v 0.088947 -0.140873 -0.047298
v 0.089359 -0.141656 -0.046610
v 0.089476 -0.141136 -0.045514
v 0.088818 -0.140647 -0.045863
v 0.088185 -0.139085 -0.045495
v 0.090072 -0.139946 -0.043525
v 0.088729 -0.140309 -0.044889
v 0.087115 -0.138134 -0.044096
v 0.092685 -0.138820 -0.041020
v 0.084740 -0.142318 -0.043215
v 0.087667 -0.136517 -0.040125
v 0.089908 -0.136629 -0.039759
v 0.083905 -0.138859 -0.036927
v 0.088217 -0.136022 -0.037334
v 0.088877 -0.135820 -0.036889
v 0.090036 -0.135359 -0.036176
v 0.090530 -0.135916 -0.036177
v 0.089422 -0.135318 -0.036412
v 0.089422 -0.135318 -0.036412
v 0.090185 -0.133304 -0.035648
v 0.094687 -0.135187 -0.031367
v 0.089039 -0.135716 -0.033270
v 0.087627 -0.139392 -0.032190
v 0.089011 -0.141539 -0.030719
v 0.089651 -0.141890 -0.031199
v 0.089732 -0.141882 -0.031051
v 0.089955 -0.141244 -0.032528
v 0.088032 -0.142936 -0.030402
v 0.089288 -0.131543 -0.029382
v 0.088424 -0.131663 -0.028624
v 0.084118 -0.124911 -0.005345
v 0.084607 -0.124544 -0.005229
v 0.078029 -0.119324 -0.009795
v 0.077676 -0.119192 -0.009828
v 0.077147 -0.118257 -0.007983
v 0.077020 -0.118522 -0.007793
v 0.077147 -0.118257 -0.007983
v 0.095705 -0.105734 0.005189
v 0.102977 -0.095134 0.003125
v 0.104155 -0.089846 0.011708
v 0.113894 -0.029613 -0.005760
v 0.113815 -0.030077 -0.005711
v 0.113815 -0.030077 -0.005711
v 0.114805 -0.029615 -0.008730
v 0.114636 -0.029820 -0.008357
v 0.115754 -0.029281 -0.007094
v 0.117455 -0.028869 -0.005901
v 0.121109 -0.028111 0.003292
v 0.128164 -0.025091 -0.004271
v 0.128886 -0.024150 -0.003178
v 0.126829 -0.028737 -0.020362
v 0.126829 -0.028737 -0.020362
v 0.126390 -0.029035 -0.020312
v 0.126430 -0.029038 -0.020453
v 0.133795 -0.023584 -0.016657
v 0.138454 -0.022161 -0.029143
v 0.140112 -0.022305 -0.030474
v 0.138482 -0.022624 -0.030504
v 0.138199 -0.021956 -0.034340
v 0.139535 -0.022042 -0.036207
v 0.141064 -0.023362 -0.046134
v 0.138703 -0.024200 -0.047482
v 0.140314 -0.023255 -0.046840
v 0.139479 -0.021968 -0.046510
v 0.136641 -0.018875 -0.048286
v 0.138533 -0.021081 -0.048385
v 0.138533 -0.021081 -0.048385
v 0.138533 -0.021081 -0.048385
v 0.137572 -0.018520 -0.048674
v 0.137227 -0.018800 -0.047922
v 0.137856 -0.017769 -0.047497
v 0.138616 -0.015404 -0.048157
v 0.137756 -0.016025 -0.047014
v 0.138552 -0.014440 -0.045278
v 0.139624 -0.011299 -0.047372
v 0.136460 -0.010369 -0.044643
v 0.138945 -0.012073 -0.046977
v 0.139251 -0.010552 -0.047696
v 0.139295 -0.010944 -0.047645
v 0.138616 -0.002791 -0.047027
v 0.139164 -0.007403 -0.046997
v 0.139329 -0.008714 -0.049141
v 0.139676 -0.001966 -0.045638
v 0.139370 -0.003447 -0.048697
v 0.140139 -0.002063 -0.046646
v 0.140227 -0.002101 -0.047068
v 0.138254 0.009703 -0.046786
v 0.137942 0.002824 -0.048885
v 0.139189 0.003105 -0.046515
v 0.136028 0.039647 -0.048514
v 0.135995 0.039507 -0.048433
v 0.133683 0.049758 -0.050422
v 0.134378 0.063200 -0.048925
v 0.138185 0.060555 -0.049201
v 0.135239 0.074808 -0.050484
v 0.136354 0.079521 -0.049437
v 0.134828 0.080354 -0.051237
v 0.136733 0.079737 -0.047351
v 0.137583 0.082144 -0.049921
v 0.137123 0.079016 -0.047074
v 0.137183 0.078150 -0.048039
v 0.136222 0.078778 -0.049596
v 0.135349 0.083148 -0.048456
v 0.135647 0.082276 -0.048401
v 0.134531 0.085596 -0.048114
v 0.134531 0.085596 -0.048114
v 0.134748 0.091071 -0.050605
v 0.135788 0.090158 -0.047972
v 0.135981 0.089743 -0.049112
v 0.135803 0.085267 -0.023940
v 0.125392 0.092005 -0.022482
v 0.122943 0.091422 -0.008597
v 0.122916 0.090281 -0.009129
v 0.121921 0.090688 -0.013125
v 0.121974 0.091876 -0.005967
v 0.117913 0.089337 0.003204
v 0.119984 0.089796 0.000846
v 0.119664 0.089420 0.000918
v 0.118139 0.090639 0.003198
v 0.107602 0.088198 0.013674
v 0.107671 0.088540 0.013441
v 0.094579 0.151622 0.004165
v 0.078324 0.145211 0.045799
v 0.058048 0.089923 0.065262
v 0.046367 0.093229 0.068731
v 0.046367 0.093229 0.068731
v 0.046434 0.091410 0.076122
v 0.040428 0.084448 0.068908
v 0.044628 0.089641 0.069727
v 0.041813 0.092212 0.071842
v 0.040967 0.088928 0.070270
v 0.039366 0.089776 0.070874
v 0.038729 0.090756 0.070750
v 0.018387 0.089962 0.075689
v 0.037485 -0.024528 0.076798
v -0.002358 -0.024671 0.079394
v -0.010730 -0.031477 0.078967
v -0.007250 -0.027158 0.077237
v -0.011115 -0.029745 0.074975
v -0.010662 -0.028889 0.075982
v -0.042021 -0.117525 0.039032
v -0.042021 -0.117525 0.039032
v -0.041056 -0.118268 0.036382
v -0.041763 -0.118555 0.036958
v -0.040984 -0.118252 0.036396
v -0.045092 -0.118549 0.035630
v -0.045092 -0.118549 0.035630
v -0.055832 -0.127091 0.046317
v -0.063040 -0.138206 0.048041
v -0.069822 -0.140475 0.044030
v -0.067797 -0.140313 0.045960
v -0.070863 -0.144407 0.038553
v -0.070750 -0.143787 0.041557
v -0.069637 -0.145572 0.041505
v -0.069740 -0.151893 0.035302
v 0.081020 -0.156882 -0.042717
v 0.081020 -0.156882 -0.042717
v 0.086054 -0.143096 -0.047557
v 0.086913 -0.146843 -0.044859
v 0.089156 -0.144369 -0.047083
v 0.088991 -0.144363 -0.046938
v 0.090099 -0.144058 -0.047777
v 0.088434 -0.144514 -0.046504
v 0.091956 -0.144045 -0.049122
v 0.091929 -0.143907 -0.048903
v 0.091811 -0.143849 -0.049215
v 0.091956 -0.144045 -0.049122
v 0.091713 -0.143663 -0.049342
v 0.090679 -0.143514 -0.048315
v 0.090272 -0.143745 -0.047753
v 0.090272 -0.143745 -0.047753
v 0.089704 -0.143781 -0.047276
v 0.090272 -0.143745 -0.047753
v 0.089266 -0.143943 -0.045993
v 0.088353 -0.143496 -0.045917
v 0.090500 -0.143684 -0.044077
v 0.087085 -0.139687 -0.042162
v 0.089678 -0.138953 -0.042010
v 0.087683 -0.141254 -0.041039
v 0.087688 -0.139242 -0.041034
v 0.087040 -0.139182 -0.039704
v 0.090247 -0.138709 -0.040056
v 0.089465 -0.139237 -0.037169
v 0.088535 -0.142117 -0.036983
v 0.087196 -0.140163 -0.036842
v 0.086686 -0.139501 -0.037198
v 0.092643 -0.138625 -0.036446
v 0.090852 -0.139356 -0.036964
v 0.090648 -0.139279 -0.036982
v 0.091266 -0.138469 -0.037053
v 0.092373 -0.137903 -0.036975
v 0.092371 -0.138377 -0.037107
v 0.091947 -0.138080 -0.037171
v 0.091947 -0.138080 -0.037171
v 0.090915 -0.135986 -0.035967
v 0.091391 -0.135896 -0.033913
v 0.089307 -0.138310 -0.033117
v 0.090422 -0.141048 -0.033327
v 0.088547 -0.142385 -0.031965
v 0.088161 -0.142252 -0.031330
v 0.089083 -0.142201 -0.029189
v 0.088833 -0.143787 -0.029355
v 0.089983 -0.142800 -0.029181
v 0.088580 -0.139980 -0.027928
v 0.088699 -0.135579 -0.020986
v 0.089269 -0.136153 -0.019142
v 0.088460 -0.135076 -0.020050
v 0.088165 -0.135479 -0.021904
v 0.089005 -0.135960 -0.017798
v 0.089669 -0.136765 -0.019052
v 0.083201 -0.124814 0.007714
v 0.074479 -0.117874 0.006540
v 0.076492 -0.118828 -0.006118
v 0.076361 -0.119039 -0.006361
v 0.074910 -0.117367 0.003146
v 0.075033 -0.118320 -0.004128
v 0.075971 -0.118379 -0.001533
v 0.095400 -0.104655 0.007675
v 0.118205 -0.028044 0.012774
v 0.129393 -0.023689 -0.002436
v 0.129491 -0.023093 -0.003044
v 0.128758 -0.021290 -0.004414
v 0.132070 -0.022739 -0.018470
v 0.133907 -0.023419 -0.016036
v 0.140630 -0.019943 -0.032269
v 0.140531 -0.020949 -0.045623
v 0.141820 -0.022185 -0.046540
v 0.142348 -0.020553 -0.045482
v 0.141446 -0.020602 -0.046977
v 0.141446 -0.020602 -0.046977
v 0.142595 -0.015428 -0.046070
v 0.143716 -0.014924 -0.045556
v 0.142595 -0.015428 -0.046070
v 0.143350 -0.017020 -0.043951
v 0.140877 -0.011038 -0.047450
v 0.141920 -0.010121 -0.046854
v 0.140010 -0.009986 -0.046102
v 0.137996 -0.008654 -0.044829
v 0.139466 -0.010380 -0.047201
v 0.141444 -0.007884 -0.048780
v 0.139833 -0.007236 -0.047929
v 0.142050 0.001661 -0.048456
v 0.141428 0.002633 -0.048816
v 0.137008 0.012082 -0.044325
v 0.136288 0.019519 -0.045017
v 0.137322 0.021284 -0.046572
v 0.137103 0.027090 -0.045343
v 0.138004 0.033279 -0.047400
v 0.138991 0.034527 -0.048231
v 0.136009 0.034173 -0.044812
v 0.134084 0.055168 -0.049112
v 0.133837 0.055326 -0.047575
v 0.138175 0.054790 -0.047144
v 0.135209 0.060500 -0.046446
v 0.135593 0.061068 -0.048142
v 0.136164 0.062333 -0.047422
v 0.136187 0.062116 -0.047417
v 0.135214 0.065169 -0.048136
v 0.136132 0.062482 -0.048770
v 0.137684 0.076555 -0.049861
v 0.137499 0.076954 -0.050410
v 0.138123 0.074412 -0.048978
v 0.137503 0.076334 -0.048669
v 0.137882 0.076508 -0.050200
v 0.137695 0.076484 -0.050027
v 0.137651 0.076616 -0.046291
v 0.138340 0.077163 -0.047537
v 0.137651 0.076616 -0.046291
v 0.137920 0.075852 -0.046332
v 0.136157 0.081780 -0.046948
v 0.137866 0.087823 -0.048593
v 0.136780 0.086178 -0.048729
v 0.136447 0.089242 -0.049056
v 0.137344 0.088455 -0.049150
v 0.136950 0.088974 -0.049211
v 0.139907 0.088037 -0.049831
v 0.140950 0.085527 -0.046473
v 0.141507 0.085277 -0.045862
v 0.139229 0.085661 -0.039432
v 0.139386 0.086088 -0.039471
v 0.137874 0.084935 -0.027901
v 0.122593 0.090973 -0.010438
v 0.122098 0.091147 -0.009411
v 0.121880 0.088668 0.001611
v 0.120486 0.087970 0.007690
v 0.119976 0.088265 0.007710
v 0.119802 0.088005 0.007444
v 0.107985 0.089158 0.013202
v 0.105309 0.089297 0.020690
v 0.093385 0.148577 0.006088
v 0.092839 0.151585 0.015267
v 0.093750 0.150946 0.011920
v 0.089922 0.148188 0.023528
v 0.087019 0.146857 0.032915
v 0.084955 0.144714 0.033885
v 0.085044 0.145075 0.037858
v 0.079578 0.142969 0.045844
v 0.047654 0.088613 0.068390
v 0.045918 0.090385 0.070605
v 0.046699 0.088915 0.069180
v 0.047804 0.088026 0.071448
v 0.043269 0.085501 0.073807
v 0.044026 0.084409 0.072439
v 0.041153 0.090167 0.074287
v 0.040062 0.090175 0.075794
v 0.040299 0.087239 0.073335
v 0.039434 0.087963 0.072600
v 0.037189 0.088608 0.071935
v 0.038103 0.088453 0.072476
v 0.037522 0.088820 0.071746
v 0.035239 0.088446 0.072935
v 0.025009 0.087728 0.072953
v 0.019941 -0.024306 0.078421
v 0.007888 -0.026148 0.078309
v 0.007747 -0.027408 0.076786
v 0.008005 -0.024594 0.075858
v 0.002950 -0.028386 0.076484
v 0.002940 -0.029034 0.076448
v 0.000170 -0.028991 0.076465
v -0.000755 -0.029696 0.076482
v -0.000663 -0.029348 0.076117
v -0.037136 -0.118558 0.039551
v -0.037077 -0.118693 0.039293
v -0.038646 -0.118250 0.038943
v -0.039017 -0.117990 0.038881
v -0.040608 -0.118352 0.036750
v -0.040939 -0.118597 0.037395
v -0.040761 -0.118266 0.036586
v -0.041105 -0.119802 0.039651
v -0.041944 -0.119124 0.037957
v -0.051010 -0.128099 0.049495
v -0.055434 -0.139345 0.051124
v -0.068596 -0.147174 0.041446
v -0.069944 -0.149302 0.037341
v 0.078522 -0.159377 -0.036701
v 0.077911 -0.159708 -0.033803
v 0.087868 -0.140503 -0.039041
v 0.096212 -0.136174 -0.029883
v 0.090382 -0.140936 -0.033808
v 0.091802 -0.139691 -0.035666
v 0.091928 -0.139445 -0.035730
v 0.093065 -0.138134 -0.036789
v 0.093131 -0.138272 -0.036721
v 0.087983 -0.144072 -0.030094
v 0.088895 -0.141174 -0.023195
v 0.089341 -0.136745 -0.021780
v 0.090999 -0.139224 -0.019178
v 0.090848 -0.139565 -0.022357
v 0.090930 -0.137257 -0.020368
v 0.090930 -0.137257 -0.020368
v 0.090930 -0.137257 -0.020368
v 0.090930 -0.137257 -0.020368
v 0.088961 -0.138671 -0.016153
v 0.088801 -0.142649 -0.014899
v 0.085717 -0.133749 0.012519
v 0.087303 -0.133653 -0.000403
v 0.083996 -0.128624 0.005567
v 0.086625 -0.123988 0.006780
v 0.083923 -0.124239 0.007229
v 0.074841 -0.119459 0.005881
v 0.074272 -0.118831 0.005106
v 0.074941 -0.118630 0.003365
v 0.074738 -0.119208 0.003214
v 0.073505 -0.117616 0.002930
v 0.075892 -0.119028 -0.004773
v 0.075888 -0.119042 -0.004744
v 0.073580 -0.118525 0.005498
v 0.073781 -0.118319 0.005000
v 0.087648 -0.108844 0.021317
v 0.095600 -0.104799 0.009135
v 0.097900 -0.085354 0.032528
v 0.109662 -0.030511 0.013158
v 0.111349 -0.032419 0.006510
v 0.110293 -0.028942 0.007525
v 0.113561 -0.029078 0.012861
v 0.124907 -0.023524 0.008227
v 0.125442 -0.023330 0.007391
v 0.137771 -0.014145 -0.008350
v 0.135157 -0.023572 -0.015549
v 0.136063 -0.020247 -0.016596
v 0.147419 -0.010074 -0.043421
v 0.142877 -0.012754 -0.029063
v 0.145622 -0.014302 -0.044181
v 0.142215 -0.021656 -0.045576
v 0.143987 -0.018534 -0.045427
v 0.144341 -0.018091 -0.045417
v 0.144576 -0.015906 -0.045100
v 0.144944 -0.015627 -0.044725
v 0.144877 -0.014158 -0.043679
v 0.145524 -0.014421 -0.044588
v 0.143706 -0.009948 -0.043308
v 0.142477 -0.010507 -0.044958
v 0.141646 -0.007214 -0.044363
v 0.140836 -0.007146 -0.046633
v 0.143806 -0.007986 -0.047938
v 0.143206 0.004901 -0.048172
v 0.142262 0.000988 -0.048848
v 0.142301 0.004659 -0.048048
v 0.142329 0.004491 -0.048027
v 0.141921 0.004778 -0.048444
v 0.142604 0.010383 -0.048219
v 0.142129 0.009656 -0.048100
v 0.141907 0.012728 -0.048679
v 0.139832 0.013009 -0.046759
v 0.137353 0.038672 -0.046728
v 0.136418 0.054271 -0.046968
v 0.137558 0.058823 -0.049827
v 0.135862 0.062109 -0.050688
v 0.138244 0.060514 -0.047841
v 0.140251 0.067996 -0.049365
v 0.138324 0.073329 -0.050326
v 0.139306 0.070622 -0.049700
v 0.139797 0.071541 -0.049085
v 0.138951 0.075447 -0.045800
v 0.137782 0.073033 -0.044883
v 0.139373 0.075555 -0.043740
v 0.139901 0.075972 -0.045690
v 0.136533 0.080729 -0.047701
v 0.140678 0.083050 -0.050753
v 0.141248 0.083425 -0.049383
v 0.141903 0.085742 -0.047543
v 0.141286 0.081749 -0.046777
v 0.141690 0.085298 -0.046172
v 0.137377 0.084179 -0.028972
v 0.133585 0.085568 -0.016071
v 0.132772 0.085323 -0.014355
v 0.130433 0.085183 -0.008647
v 0.127138 0.085879 -0.000646
v 0.122358 0.085182 0.010216
v 0.122758 0.085631 0.010673
v 0.121879 0.086864 0.010389
v 0.118477 0.087039 0.014342
v 0.115915 0.085647 0.019768
v 0.107947 0.086841 0.016248
v 0.107778 0.088585 0.015172
v 0.106422 0.085761 0.019162
v 0.106498 0.089253 0.017656
v 0.106498 0.089253 0.017656
v 0.105918 0.089154 0.020679
v 0.105955 0.089434 0.020185
v 0.095333 0.142636 0.027917
v 0.094982 0.145439 0.017449
v 0.094982 0.145439 0.017449
v 0.087836 0.142314 0.037390
v 0.087068 0.143270 0.036852
v 0.086926 0.144400 0.036027
v 0.084941 0.143769 0.039107
v 0.085302 0.143451 0.040505
v 0.084704 0.142654 0.040507
v 0.081888 0.140233 0.045598
v 0.081931 0.140319 0.045676
v 0.082720 0.131340 0.047843
v 0.051812 0.089555 0.066707
v 0.052772 0.088913 0.067347
v 0.053827 0.089172 0.065102
v 0.053116 0.090652 0.070943
v 0.051040 0.087235 0.070437
v 0.053319 0.086754 0.070161
v 0.051988 0.087474 0.070074
v 0.047786 0.087364 0.071124
v 0.042484 0.085462 0.073288
v 0.036238 0.088348 0.077800
v 0.037167 0.090982 0.079069
v 0.032575 0.083940 0.076406
v 0.034467 0.088233 0.073987
v 0.028069 0.087873 0.076722
v 0.027837 0.087063 0.076577
v 0.045053 -0.025603 0.074661
v 0.012554 -0.023245 0.075928
v 0.010133 -0.027780 0.075778
v 0.008162 -0.027872 0.075979
v 0.001257 -0.032248 0.075716
v 0.004249 -0.029474 0.075998
v 0.000792 -0.034694 0.076022
v 0.000792 -0.034694 0.076022
v 0.010041 -0.094756 0.070704
v -0.029272 -0.105658 0.061275
v -0.028463 -0.118809 0.040892
v -0.028960 -0.119102 0.040609
v -0.028668 -0.118738 0.040735
v -0.032051 -0.119735 0.041978
v -0.041732 -0.121140 0.042330
v -0.049325 -0.129409 0.049528
v -0.048552 -0.127795 0.050152
v -0.050323 -0.129607 0.049578
v -0.051947 -0.133083 0.051197
v -0.052681 -0.132733 0.050808
v -0.053097 -0.132353 0.051344
v -0.054558 -0.140120 0.050616
v -0.066901 -0.148064 0.041716
v 0.079274 -0.158448 -0.029328
v 0.078843 -0.158363 -0.027512
v 0.083460 -0.153515 -0.017098
v 0.088624 -0.143523 -0.019601
v 0.088323 -0.140333 -0.020313
v 0.089519 -0.140012 -0.021742
v 0.090836 -0.139794 -0.020888
v 0.091448 -0.139634 -0.020754
v 0.093364 -0.138634 -0.020751
v 0.093185 -0.138729 -0.021025
v 0.093259 -0.138618 -0.020946
v 0.093329 -0.138726 -0.020652
v 0.093002 -0.138398 -0.020595
v 0.093290 -0.138632 -0.020654
v 0.093325 -0.138898 -0.020604
v 0.092826 -0.138397 -0.020435
v 0.091779 -0.139541 -0.019994
v 0.091011 -0.138872 -0.019276
v 0.091722 -0.139302 -0.019604
v 0.091645 -0.139598 -0.019904
v 0.090101 -0.139618 -0.018302
v 0.088004 -0.140409 -0.018794
v 0.089677 -0.141004 -0.019187
v 0.089804 -0.140842 -0.017943
v 0.087733 -0.140328 -0.019152
v 0.088660 -0.141959 -0.015528
v 0.087907 -0.142388 -0.014843
v 0.086864 -0.144712 0.000919
v 0.086447 -0.143490 0.005491
v 0.085997 -0.132753 0.011990
v 0.081324 -0.128487 0.016485
v 0.081711 -0.127630 0.016738
v 0.065722 -0.118178 0.019903
v 0.072296 -0.118896 0.009978
v 0.072649 -0.119250 0.009707
v 0.072722 -0.118501 0.006202
v 0.069621 -0.117914 0.012585
v 0.071409 -0.118186 0.011408
v 0.071300 -0.118458 0.011628
v 0.087090 -0.108066 0.020920
v 0.093833 -0.104612 0.014944
v 0.094267 -0.104868 0.015224
v 0.108241 -0.028951 0.018420
v 0.109407 -0.032853 0.013307
v 0.109407 -0.032853 0.013307
v 0.110987 -0.028375 0.011056
v 0.110654 -0.029462 0.011786
v 0.110257 -0.029660 0.012769
v 0.111015 -0.028989 0.009855
v 0.111013 -0.029092 0.009920
v 0.111636 -0.029314 0.008660
v 0.111220 -0.029099 0.008447
v 0.111690 -0.029289 0.007572
v 0.111220 -0.029099 0.008447
v 0.113638 -0.029239 0.012867
v 0.133715 -0.012896 -0.010827
v 0.136962 -0.015772 -0.012067
v 0.138818 -0.009881 -0.011483
v 0.145213 -0.014771 -0.042735
v 0.145213 -0.014771 -0.042735
v 0.144377 -0.009472 -0.042703
v 0.143504 -0.007392 -0.044593
v 0.141858 -0.006570 -0.047311
v 0.142549 -0.006960 -0.044388
v 0.142174 -0.003514 -0.044552
v 0.141264 -0.003866 -0.044863
v 0.141264 -0.003866 -0.044863
v 0.141264 -0.003866 -0.044863
v 0.143111 0.010480 -0.048277
v 0.143111 0.010480 -0.048277
v 0.143389 0.016797 -0.049369
v 0.143014 0.013417 -0.048145
v 0.142855 0.013026 -0.048318
v 0.142546 0.012886 -0.048626
v 0.141072 0.031335 -0.047576
v 0.142564 0.035737 -0.048769
v 0.136729 0.045506 -0.045044
v 0.136476 0.048765 -0.046761
v 0.138069 0.048555 -0.044921
v 0.141384 0.057538 -0.048275
v 0.140596 0.060340 -0.051901
v 0.139604 0.062899 -0.046858
v 0.141315 0.062906 -0.048433
v 0.141317 0.061683 -0.047976
v 0.139668 0.066722 -0.047910
v 0.140006 0.066041 -0.049429
v 0.140519 0.067386 -0.049221
v 0.140467 0.067647 -0.049306
v 0.140003 0.070504 -0.049550
v 0.140289 0.070301 -0.044949
v 0.141197 0.073204 -0.042194
v 0.140559 0.070168 -0.045541
v 0.141550 0.073902 -0.045820
v 0.142064 0.074027 -0.045227
v 0.141103 0.078031 -0.049517
v 0.141790 0.074211 -0.045963
v 0.140354 0.077711 -0.048049
v 0.144731 0.078625 -0.044338
v 0.143711 0.075997 -0.034854
v 0.144644 0.075950 -0.034526
v 0.132650 0.085981 -0.013740
v 0.131912 0.085112 -0.010399
v 0.130447 0.085666 -0.006351
v 0.124282 0.082436 -0.000962
v 0.127101 0.084622 0.003754
v 0.127386 0.084812 0.005314
v 0.123767 0.085365 0.010419
v 0.122336 0.083440 0.013965
v 0.122327 0.083415 0.013977
v 0.123428 0.083950 0.014537
v 0.116034 0.082569 0.022820
v 0.117228 0.083515 0.023331
v 0.117280 0.086684 0.022081
v 0.113269 0.086229 0.026663
v 0.107002 0.087244 0.021461
v 0.109222 0.088744 0.019055
v 0.106608 0.088685 0.020913
v 0.105052 0.088645 0.022737
v 0.100420 0.086630 0.031914
v 0.094658 0.143801 0.021680
v 0.093581 0.142613 0.025888
v 0.092615 0.142664 0.027670
v 0.085460 0.135099 0.043929
v 0.085460 0.135099 0.043929
v 0.082456 0.131288 0.047625
v 0.055511 0.088653 0.066059
v 0.054864 0.088800 0.065598
v 0.054864 0.088800 0.065598
v 0.053161 0.088229 0.068638
v 0.053161 0.088229 0.068638
v 0.053056 0.086396 0.069976
v 0.050702 0.083760 0.071439
v 0.031753 0.084228 0.076913
v 0.023765 -0.030218 0.074816
v 0.015058 -0.027332 0.076856
v 0.017037 -0.027767 0.076542
v 0.013604 -0.029740 0.078435
v 0.012041 -0.028291 0.075856
v 0.011792 -0.028384 0.075806
v -0.013117 -0.113268 0.054555
v -0.023730 -0.118689 0.043183
v -0.023005 -0.116311 0.042023
v -0.023584 -0.117929 0.044094
v -0.029030 -0.126646 0.050354
v -0.028911 -0.126561 0.050571
v -0.041516 -0.127896 0.050119
v -0.041516 -0.127896 0.050119
v -0.041516 -0.127896 0.050119
v -0.041516 -0.127896 0.050119
v -0.045703 -0.132128 0.048422
v -0.044436 -0.133201 0.050522
v -0.044679 -0.132701 0.052359
v -0.050571 -0.135878 0.051728
v -0.050571 -0.135878 0.051728
v -0.050571 -0.135878 0.051728
v -0.050571 -0.135878 0.051728
v -0.054135 -0.142669 0.050126
v -0.054140 -0.142667 0.050046
v -0.056137 -0.146646 0.043190
v -0.057257 -0.148355 0.045714
v -0.012452 -0.161420 0.036419
v 0.057671 -0.161826 0.018305
v 0.078572 -0.157604 -0.012260
v 0.077975 -0.159302 -0.023204
v 0.085298 -0.151800 -0.020047
v 0.085712 -0.141685 -0.018353
v 0.089040 -0.141450 -0.020034
v 0.089040 -0.141450 -0.020034
v 0.091648 -0.139876 -0.020348
v 0.091648 -0.139876 -0.020348
v 0.091648 -0.139876 -0.020348
v 0.093341 -0.138890 -0.020511
v 0.086676 -0.145089 0.002165
v 0.081499 -0.149206 0.018020
v 0.080187 -0.130109 0.028746
v 0.080454 -0.126771 0.022277
v 0.080454 -0.126771 0.022277
v 0.078543 -0.127288 0.028093
v 0.069081 -0.118640 0.013843
v 0.069963 -0.118798 0.013279
v 0.084220 -0.104526 0.035010
v 0.082602 -0.105892 0.033667
v 0.088837 -0.105723 0.023124
v 0.089209 -0.105540 0.023257
v 0.108755 -0.027929 0.020008
v 0.107566 -0.029179 0.020361
v 0.107280 -0.029847 0.021635
v 0.108676 -0.029408 0.018942
v 0.108516 -0.028625 0.018242
v 0.109750 -0.029584 0.014656
v 0.110448 -0.029075 0.013826
v 0.111320 -0.029022 0.009952
v 0.119841 -0.025216 0.016548
v 0.117572 -0.022311 0.018012
v 0.145610 -0.005531 -0.042509
v 0.147317 -0.006887 -0.044731
v 0.142981 -0.000828 -0.044354
v 0.142307 0.000634 -0.044290
v 0.143417 0.002975 -0.043410
v 0.143359 0.003287 -0.043773
v 0.142910 0.018984 -0.048160
v 0.143342 0.017505 -0.048017
v 0.142591 0.020728 -0.048916
v 0.142503 0.026473 -0.047884
v 0.142690 0.034709 -0.047978
v 0.143137 0.033597 -0.048085
v 0.143391 0.035635 -0.047785
v 0.141910 0.036108 -0.047039
v 0.142863 0.035209 -0.048443
v 0.142496 0.039536 -0.048234
v 0.141596 0.038925 -0.046422
v 0.142277 0.050102 -0.048292
v 0.141570 0.057308 -0.048396
v 0.142479 0.056355 -0.051220
v 0.142261 0.057890 -0.048573
v 0.142072 0.062170 -0.046385
v 0.146208 0.063440 -0.046858
v 0.144840 0.062055 -0.044766
v 0.141567 0.066734 -0.045014
v 0.141574 0.066069 -0.046011
v 0.143486 0.066075 -0.045339
v 0.146121 0.071627 -0.045406
v 0.147935 0.069075 -0.045320
v 0.146772 0.077083 -0.045654
v 0.144391 0.074966 -0.034142
v 0.144050 0.070612 -0.032039
v 0.146668 0.051585 -0.031612
v 0.132609 0.084243 -0.010369
v 0.113251 0.085611 0.026546
v 0.109630 0.084184 0.028081
v 0.101036 0.089306 0.030465
v 0.098227 0.089541 0.035675
v 0.086283 0.128994 0.045207
v 0.086283 0.128994 0.045207
v 0.086834 0.121238 0.046074
v 0.087086 0.121314 0.046308
v 0.058995 0.087940 0.065358
v 0.059901 0.090538 0.064796
v 0.057888 0.089847 0.064746
v 0.056947 0.089258 0.065553
v 0.056704 0.087159 0.067621
v 0.056713 0.087746 0.067535
v 0.057450 0.088489 0.066216
v 0.057966 0.087682 0.067194
v 0.037513 -0.024772 0.076149
v 0.026432 -0.026569 0.073214
v 0.026092 -0.028460 0.074599
v 0.023835 -0.030148 0.074627
v 0.019389 -0.027883 0.075829
v 0.019389 -0.027883 0.075829
v 0.014213 -0.031580 0.075470
v 0.014213 -0.031581 0.075485
v -0.012175 -0.106635 0.062516
v -0.013682 -0.106072 0.061155
v -0.023342 -0.119024 0.042639
v -0.023268 -0.118907 0.042799
v -0.023362 -0.119368 0.042425
v -0.025348 -0.121732 0.045861
v -0.034695 -0.132570 0.053426
v -0.032612 -0.130313 0.052620
v -0.031776 -0.131329 0.050557
v -0.039562 -0.133428 0.053113
v -0.039970 -0.131775 0.053981
v -0.041334 -0.132906 0.052898
v -0.043383 -0.133835 0.052822
v -0.042697 -0.134367 0.049960
v -0.046218 -0.140199 0.052526
v -0.046233 -0.140186 0.052601
v -0.046218 -0.140199 0.052526
v -0.047740 -0.150130 0.046708
v -0.013206 -0.164660 0.024490
v 0.078085 -0.157436 -0.000654
v 0.079094 -0.158307 -0.012156
v 0.084128 -0.153435 -0.015910
v 0.082488 -0.156507 -0.013831
v 0.084682 -0.152962 -0.015896
v 0.081635 -0.151811 0.002171
v 0.080370 -0.148079 0.004687
v 0.084522 -0.151961 0.005634
v 0.085389 -0.144502 0.013025
v 0.085214 -0.144576 0.013428
v 0.081748 -0.128965 0.029525
v 0.064678 -0.118432 0.021218
v 0.067890 -0.118364 0.016066
v 0.069897 -0.105785 0.048665
v 0.085453 -0.102714 0.035283
v 0.107844 -0.029478 0.023359
v 0.106806 -0.030454 0.022027
v 0.109748 -0.028855 0.023828
v 0.108517 -0.029097 0.023481
v 0.110168 -0.026937 0.022085
v 0.110322 -0.028443 0.022600
v 0.115801 -0.026932 0.018283
v 0.117502 -0.025303 0.020876
v 0.119794 -0.023781 0.020252
v 0.142876 0.003484 -0.043528
v 0.144522 0.027128 -0.044172
v 0.142832 0.027159 -0.048571
v 0.143241 0.035744 -0.047247
v 0.143226 0.038416 -0.048046
v 0.142659 0.044541 -0.048661
v 0.143517 0.046807 -0.043266
v 0.142460 0.059400 -0.043783
v 0.142926 0.062240 -0.043632
v 0.143422 0.053214 -0.044309
v 0.148354 0.070849 -0.043542
v 0.145596 0.076677 -0.044379
v 0.113044 0.082415 0.029922
v 0.113486 0.082558 0.030255
v 0.110427 0.084958 0.033111
v 0.098783 0.088829 0.035751
v 0.100177 0.089180 0.033889
v 0.100204 0.089389 0.033220
v 0.086579 0.110338 0.047758
v 0.072808 0.092362 0.058204
v 0.073733 0.090088 0.058355
v 0.072808 0.092362 0.058204
v 0.061429 0.091725 0.068571
v 0.061669 0.086509 0.066949
v 0.062074 0.086562 0.071404
v 0.027971 -0.028479 0.073643
v 0.029852 -0.028891 0.073947
v 0.023738 -0.030344 0.074446
v -0.012037 -0.111116 0.054145
v -0.015127 -0.118938 0.043479
v -0.014407 -0.119054 0.043216
v -0.019827 -0.120819 0.045370
v -0.018610 -0.123439 0.048305
v -0.018615 -0.123300 0.048470
v -0.025378 -0.132069 0.054202
v -0.025378 -0.132069 0.054202
v -0.019188 -0.135520 0.053461
v -0.032835 -0.136471 0.054158
v -0.032835 -0.136471 0.054158
v -0.032835 -0.136471 0.054158
v -0.036093 -0.141404 0.053506
v -0.035870 -0.141847 0.054345
v -0.040237 -0.141998 0.053937
v -0.044199 -0.141131 0.053067
v -0.046707 -0.147842 0.048663
v -0.046696 -0.147785 0.048579
v -0.047156 -0.148152 0.044272
v -0.012934 -0.166733 0.015086
v -0.012123 -0.166947 0.016273
v -0.009334 -0.168199 0.006542
v -0.008392 -0.168345 0.006254
v -0.009598 -0.167957 0.006367
v -0.003707 -0.169505 0.003841
v -0.002710 -0.168402 0.001826
v -0.003969 -0.170081 0.002561
v -0.004464 -0.169022 0.003571
v 0.006136 -0.169265 0.005051
v 0.007718 -0.168397 0.002113
v 0.007482 -0.169366 0.002907
v 0.007718 -0.168397 0.002113
v 0.083673 -0.152475 -0.000882
v 0.079238 -0.153722 0.005408
v 0.080568 -0.155185 0.005712
v 0.083398 -0.142370 0.022595
v 0.078987 -0.134412 0.034572
v 0.078696 -0.127190 0.028190
v 0.079255 -0.100484 0.041394
v 0.081142 -0.102213 0.040425
v 0.104660 -0.031213 0.026255
v 0.105323 -0.031850 0.025070
v 0.105323 -0.031850 0.025070
v 0.106181 -0.030584 0.024891
v 0.106992 -0.029056 0.025869
v 0.105932 -0.029365 0.026364
v 0.117204 -0.025099 0.022914
v 0.112209 -0.013302 0.037312
v 0.149003 0.009174 -0.042313
v 0.145006 0.023192 -0.042435
v 0.145010 0.037466 -0.042563
v 0.146438 0.033824 -0.045380
v 0.144239 0.032663 -0.043722
v 0.143965 0.031690 -0.043834
v 0.148066 0.057084 -0.043551
v 0.149293 0.050071 -0.041843
v 0.127072 0.062952 0.016012
v 0.109965 0.087550 0.036111
v 0.106994 0.086339 0.035134
v 0.099494 0.083322 0.044484
v 0.108372 0.086345 0.041307
v 0.101416 0.085162 0.043570
v 0.099815 0.086576 0.042337
v 0.099783 0.086557 0.042306
v 0.096915 0.088786 0.039944
v 0.096553 0.089028 0.039428
v 0.094756 0.088032 0.040537
v 0.096867 0.089352 0.038133
v 0.096915 0.088786 0.039944
v 0.098183 0.088843 0.035883
v 0.098183 0.088843 0.035883
v 0.086433 0.110327 0.047570
v 0.087783 0.099985 0.047092
v 0.078893 0.089849 0.053977
v 0.078346 0.089550 0.054803
v 0.076703 0.089612 0.056402
v 0.071964 0.086976 0.058481
v 0.072568 0.088989 0.058848
v 0.071070 0.090067 0.059130
v 0.071662 0.088887 0.058768
v 0.069933 0.089580 0.059980
v 0.070404 0.089384 0.059743
v 0.066922 0.089387 0.061165
v 0.068221 0.087974 0.063345
v 0.067597 0.090087 0.065700
v 0.065192 0.088260 0.069475
v 0.065170 0.089291 0.068740
v 0.062521 0.084377 0.068473
v 0.032407 -0.028647 0.074956
v 0.029397 -0.027931 0.070393
v 0.030149 -0.034129 0.073459
v -0.013830 -0.107484 0.058278
v -0.013241 -0.109190 0.059401
v -0.012691 -0.111918 0.056570
v -0.010187 -0.114646 0.053065
v -0.010836 -0.114295 0.053842
v -0.010836 -0.114295 0.053842
v -0.010563 -0.114916 0.054441
v -0.011334 -0.113588 0.055311
v -0.010836 -0.114295 0.053842
v -0.010468 -0.117300 0.052254
v -0.010470 -0.116593 0.051054
v -0.016236 -0.118646 0.044043
v -0.015030 -0.118995 0.043513
v -0.014978 -0.119013 0.043518
v -0.019322 -0.128144 0.052432
v -0.019322 -0.128144 0.052432
v -0.019282 -0.136134 0.055138
v -0.019282 -0.136134 0.055138
v -0.038570 -0.151874 0.045671
v -0.038613 -0.152165 0.046049
v -0.012476 -0.165967 0.019045
v -0.012288 -0.166710 0.019787
v -0.008317 -0.172459 0.010696
v -0.008419 -0.169135 0.009397
v -0.008231 -0.169139 0.008571
v -0.008340 -0.168560 0.010008
v -0.007945 -0.169663 0.008110
v -0.007793 -0.168459 0.006749
v -0.007945 -0.169663 0.008110
v -0.006927 -0.168548 0.004785
v -0.007202 -0.168272 0.005402
v -0.007202 -0.168272 0.005402
v -0.007202 -0.168272 0.005402
v -0.007415 -0.169276 0.005803
v -0.005717 -0.170440 0.004519
v -0.001021 -0.169508 0.004831
v 0.007769 -0.170491 0.005638
v 0.006064 -0.169531 0.005038
v 0.006064 -0.169531 0.005038
v 0.007419 -0.168738 0.004708
v 0.007990 -0.168597 0.005327
v 0.008159 -0.168470 0.005335
v 0.079094 -0.155244 0.002090
v 0.078357 -0.156196 0.003697
v 0.078586 -0.155628 0.000255
v 0.078907 -0.153620 0.017123
v 0.079210 -0.153744 0.017065
v 0.081746 -0.144308 0.026722
v 0.081932 -0.144322 0.026802
v 0.078378 -0.127658 0.036527
v 0.074199 -0.131114 0.035924
v 0.074612 -0.127092 0.034771
v 0.074611 -0.127094 0.034771
v 0.072764 -0.130775 0.035119
v 0.064501 -0.124325 0.040522
v 0.060072 -0.118415 0.025597
v 0.079318 -0.100657 0.043942
v 0.079801 -0.099960 0.043644
v 0.102489 -0.032401 0.030415
v 0.102762 -0.030592 0.030419
v 0.105394 -0.030405 0.030683
v 0.104504 -0.030150 0.027169
v 0.105347 -0.029857 0.027380
v 0.103685 -0.029099 0.029658
v 0.105370 -0.027844 0.031552
v 0.106134 -0.028931 0.030330
v 0.105592 -0.028154 0.031926
v 0.149057 0.010279 -0.041974
v 0.148977 0.010502 -0.041654
v 0.144136 0.029874 -0.042501
v 0.143797 0.028306 -0.043322
v 0.143088 0.040240 -0.043023
v 0.144132 0.038448 -0.039898
v 0.143266 0.050144 -0.042650
v 0.147762 0.052537 -0.043173
v 0.149606 0.053641 -0.044853
v 0.148524 0.056475 -0.042604
v 0.109288 0.068756 0.039108
v 0.107623 0.083195 0.037655
v 0.101546 0.084976 0.043871
v 0.098827 0.084255 0.048128
v 0.097232 0.083677 0.048223
v 0.091966 0.086765 0.046983
v 0.092057 0.087519 0.046949
v 0.094270 0.088947 0.040858
v 0.094352 0.088900 0.040819
v 0.094517 0.088819 0.040649
v 0.094386 0.088963 0.040900
v 0.095794 0.092214 0.038561
v 0.087850 0.099965 0.047205
v 0.080222 0.089054 0.054789
v 0.082036 0.088427 0.055498
v 0.080881 0.087200 0.055325
v 0.074256 0.090144 0.062975
v 0.077309 0.087180 0.059249
v 0.069401 0.088589 0.064248
v 0.065959 0.085296 0.066117
v 0.066410 0.086109 0.067449
v 0.037000 -0.026457 0.074776
v 0.037580 -0.029084 0.073477
v 0.038557 -0.030093 0.076536
v 0.033666 -0.030877 0.072825
v 0.033591 -0.030875 0.072810
v -0.011406 -0.114132 0.055788
v -0.011332 -0.113560 0.055639
v -0.011332 -0.113560 0.055639
v -0.011338 -0.113571 0.055585
v -0.012154 -0.114464 0.054915
v -0.012058 -0.118420 0.052419
v -0.011850 -0.117010 0.052935
v -0.012632 -0.116807 0.055090
v -0.009858 -0.119176 0.050995
v -0.010936 -0.116968 0.052074
v -0.009832 -0.116391 0.051123
v -0.010015 -0.116410 0.051362
v -0.009775 -0.115987 0.051009
v -0.007124 -0.117038 0.049879
v -0.008431 -0.116742 0.049848
v -0.009764 -0.119082 0.043955
v -0.004700 -0.119652 0.045248
v -0.006187 -0.126386 0.051851
v -0.006164 -0.126189 0.052048
v -0.014733 -0.131801 0.054703
v -0.014726 -0.131828 0.054641
v -0.013412 -0.140708 0.055746
v -0.023614 -0.151571 0.048603
v -0.025611 -0.152004 0.047441
v -0.025686 -0.152465 0.047909
v -0.013132 -0.164508 0.025369
v -0.012834 -0.165064 0.024399
v -0.012743 -0.165393 0.022714
v -0.013075 -0.165072 0.022104
v -0.011423 -0.167278 0.021017
v -0.009831 -0.167309 0.023810
v -0.011423 -0.167278 0.021017
v -0.011423 -0.167278 0.021017
v -0.011423 -0.167278 0.021017
v -0.009440 -0.169427 0.017689
v -0.008944 -0.168557 0.020205
v -0.008945 -0.168589 0.020167
v -0.012024 -0.166989 0.020337
v -0.009790 -0.170057 0.016953
v -0.012455 -0.168437 0.008919
v -0.010598 -0.170458 0.010644
v -0.012443 -0.168713 0.002380
v -0.010549 -0.171034 0.004616
v -0.007419 -0.167865 0.004795
v -0.007158 -0.169508 0.005617
v -0.007124 -0.169591 0.005571
v -0.006885 -0.169400 0.005305
v -0.006474 -0.169156 0.004107
v -0.006313 -0.169539 0.004717
v -0.006512 -0.169809 0.004629
v -0.003770 -0.170343 0.002920
v 0.010862 -0.171326 0.001752
v 0.007960 -0.169199 0.005354
v 0.008178 -0.169281 0.005489
v 0.006428 -0.168442 0.006783
v 0.009987 -0.167891 0.009077
v 0.012857 -0.167030 0.012533
v 0.012517 -0.166843 0.012188
v 0.078853 -0.148456 0.029584
v 0.078210 -0.148023 0.028965
v 0.077344 -0.138698 0.037459
v 0.076735 -0.133146 0.038092
v 0.076605 -0.133428 0.039203
v 0.075873 -0.129337 0.036347
v 0.075367 -0.130692 0.038124
v 0.075367 -0.130692 0.038124
v 0.075367 -0.130692 0.038124
v 0.072008 -0.127274 0.038232
v 0.049090 -0.118473 0.034255
v 0.054499 -0.118170 0.030352
v 0.056269 -0.118332 0.028624
v 0.044125 -0.109352 0.054964
v 0.069207 -0.104519 0.047703
v 0.073284 -0.101565 0.048026
v 0.073284 -0.101565 0.048026
v 0.085838 -0.089396 0.046377
v 0.085727 -0.089445 0.046254
v 0.097379 -0.029238 0.039489
v 0.103032 -0.029231 0.030669
v 0.105430 -0.029068 0.030527
v 0.106764 -0.028094 0.032542
v 0.105496 -0.028800 0.032525
v 0.105780 -0.028721 0.032224
v 0.111874 -0.024845 0.032695
v 0.111784 -0.024993 0.034327
v 0.111055 -0.024526 0.034065
v 0.112346 0.052644 0.036583
v 0.112286 0.052623 0.036542
v 0.108127 0.068689 0.037945
v 0.103256 0.071388 0.044108
v 0.104134 0.071497 0.045031
v 0.088157 0.085366 0.051571
v 0.082536 0.089036 0.052330
v 0.090237 0.089633 0.045909
v 0.090242 0.089394 0.045706
v 0.081892 0.088816 0.052605
v 0.083279 0.085054 0.057733
v 0.080798 0.084613 0.059693
v 0.080935 0.084693 0.059333
v 0.068123 -0.025033 0.066144
v 0.044243 -0.023949 0.072163
v 0.053678 -0.029901 0.067468
v 0.034091 -0.107174 0.058657
v 0.019819 -0.106008 0.061820
v -0.007097 -0.111581 0.058269
v -0.008529 -0.112863 0.056210
v -0.006680 -0.111121 0.058296
v -0.008453 -0.112873 0.056466
v -0.008402 -0.112986 0.056660
v -0.007559 -0.113689 0.056017
v -0.012042 -0.112907 0.060373
v -0.012358 -0.113386 0.058630
v -0.012403 -0.111465 0.061632
v -0.012861 -0.113100 0.058824
v -0.011583 -0.114140 0.058553
v -0.011734 -0.119522 0.060471
v -0.012266 -0.117368 0.058817
v -0.012454 -0.117130 0.059637
v -0.009503 -0.117785 0.056157
v -0.008906 -0.120036 0.057449
v -0.006663 -0.117309 0.053491
v -0.006591 -0.116603 0.054418
v -0.005922 -0.112851 0.044957
v -0.005386 -0.117378 0.048746
v -0.004523 -0.115912 0.046724
v -0.004070 -0.121350 0.046059
v -0.005624 -0.118922 0.044577
v -0.004840 -0.119197 0.044894
v -0.004494 -0.119780 0.045456
v 0.000162 -0.143115 0.056513
v -0.011896 -0.147059 0.052661
v -0.011681 -0.146863 0.052807
v -0.023502 -0.149147 0.046438
v -0.012242 -0.156652 0.042406
v -0.012881 -0.160893 0.036241
v -0.012582 -0.163878 0.027583
v -0.011219 -0.165252 0.025383
v -0.012499 -0.166991 0.023153
v -0.012136 -0.167987 0.023024
v -0.013300 -0.169861 0.025645
v -0.011960 -0.167918 0.023004
v -0.012690 -0.167565 0.023123
v -0.011701 -0.167839 0.023500
v -0.010714 -0.168501 0.023366
v -0.010831 -0.168388 0.023342
v -0.011273 -0.168460 0.023336
v -0.011273 -0.168460 0.023336
v -0.010172 -0.168392 0.023566
v -0.010172 -0.168392 0.023566
v -0.009895 -0.169515 0.021366
v -0.010327 -0.170113 0.021555
v -0.011380 -0.169865 0.021445
v -0.011193 -0.169573 0.021672
v -0.010327 -0.170113 0.021555
v -0.012389 -0.171294 0.020793
v -0.013282 -0.172923 0.020551
v -0.014238 -0.170320 0.017984
v -0.011981 -0.172381 0.017799
v -0.012306 -0.173015 0.012322
v -0.012491 -0.173086 0.012452
v -0.012438 -0.172650 0.010312
v -0.012390 -0.172254 0.009768
v -0.012558 -0.173262 0.003948
v -0.012381 -0.174474 0.003102
v -0.013114 -0.173658 0.005041
v -0.012115 -0.174173 0.002171
v -0.012539 -0.173693 0.002892
v -0.012388 -0.174123 0.002061
v -0.009600 -0.172973 -0.001001
v -0.008896 -0.167056 0.001525
v -0.008638 -0.171236 0.002469
v -0.009323 -0.170684 0.002465
v 0.011727 -0.175148 -0.004032
v 0.010273 -0.169804 0.012471
v 0.010615 -0.168626 0.018575
v 0.008466 -0.169285 0.008150
v 0.008466 -0.169285 0.008150
v 0.007951 -0.167445 0.012410
v 0.011039 -0.168963 0.022007
v 0.009914 -0.168718 0.014490
v 0.009955 -0.169240 0.012836
v 0.012231 -0.167915 0.013582
v 0.012108 -0.167591 0.017693
v 0.012108 -0.167591 0.017693
v 0.013865 -0.168074 0.018150
v 0.012108 -0.167591 0.017693
v 0.061901 -0.154554 0.037402
v 0.075218 -0.152554 0.025906
v 0.075218 -0.152554 0.025906
v 0.074606 -0.149526 0.031693
v 0.074829 -0.149550 0.032168
v 0.074542 -0.146528 0.037766
v 0.075923 -0.138783 0.036746
v 0.075415 -0.133406 0.039662
v 0.075231 -0.134100 0.038928
v 0.073997 -0.132445 0.040607
v 0.071469 -0.130962 0.042572
v 0.071412 -0.131163 0.042318
v 0.075895 -0.132237 0.046539
v 0.072676 -0.131645 0.041462
v 0.066645 -0.129383 0.041610
v 0.067331 -0.128416 0.042268
v 0.053016 -0.118367 0.031368
v 0.048401 -0.118499 0.033855
v 0.086975 -0.068995 0.047869
v 0.103806 -0.029089 0.033323
v 0.105848 -0.026867 0.036831
v 0.106194 -0.027199 0.037107
v 0.107937 0.049025 0.040824
v 0.107937 0.049025 0.040824
v 0.108020 0.060726 0.040396
v 0.105677 0.058668 0.041021
v 0.104328 0.066280 0.044156
v 0.105048 0.066354 0.044811
v 0.087435 0.084201 0.051404
v 0.087992 0.086290 0.055995
v 0.057682 -0.025173 0.069404
v 0.040587 -0.028149 0.071727
v 0.019786 -0.105823 0.061602
v 0.003239 -0.110248 0.058722
v 0.003245 -0.109581 0.058268
v 0.002945 -0.113041 0.055194
v 0.009562 -0.113190 0.055796
v -0.012080 -0.118553 0.066891
v -0.012390 -0.119955 0.062752
v -0.012305 -0.119176 0.062738
v -0.011612 -0.119013 0.061138
v -0.012426 -0.116925 0.059303
v -0.011191 -0.118993 0.060782
v -0.006922 -0.118716 0.060163
v 0.001826 -0.118550 0.045479
v 0.000586 -0.118600 0.044310
v 0.000018 -0.118303 0.044140
v 0.000667 -0.117485 0.044569
v 0.003509 -0.118630 0.044600
v 0.004053 -0.118545 0.044795
v 0.001933 -0.132880 0.055211
v 0.008652 -0.133595 0.055315
v 0.009072 -0.139618 0.055420
v 0.001390 -0.143039 0.055235
v -0.006247 -0.146942 0.051626
v -0.006336 -0.147365 0.051430
v -0.006918 -0.148037 0.054175
v -0.007282 -0.147473 0.052181
v -0.006191 -0.147142 0.051692
v -0.009273 -0.146334 0.052734
v -0.007099 -0.148495 0.051857
v -0.007549 -0.147759 0.052340
v -0.006981 -0.147995 0.051935
v -0.011657 -0.146584 0.054872
v -0.011770 -0.147214 0.053524
v -0.012048 -0.147356 0.053197
v -0.012946 -0.148779 0.051290
v -0.012946 -0.148779 0.051290
v -0.012946 -0.148779 0.051290
v -0.011742 -0.148501 0.051167
v -0.014892 -0.151778 0.049385
v -0.013896 -0.153377 0.050218
v -0.012454 -0.156905 0.042867
v -0.012574 -0.158729 0.039773
v -0.011164 -0.161688 0.036008
v -0.011761 -0.161577 0.035928
v -0.011726 -0.161798 0.036039
v -0.011575 -0.163038 0.033528
v -0.011484 -0.162861 0.033685
v -0.012304 -0.162187 0.032364
v -0.007382 -0.165342 0.033839
v -0.013704 -0.166901 0.026182
v -0.013251 -0.166302 0.027267
v -0.011832 -0.166582 0.027650
v -0.014745 -0.168906 0.020300
v -0.013517 -0.167848 0.024471
v -0.014320 -0.173357 0.022324
v -0.016343 -0.169175 0.021162
v -0.012875 -0.168517 0.020371
v -0.011267 -0.169615 0.019637
v -0.012039 -0.169084 0.021308
v -0.012457 -0.171174 0.021218
v -0.012416 -0.171219 0.021065
v -0.012714 -0.170840 0.022335
v -0.014370 -0.171289 0.020534
v -0.012348 -0.172251 0.019359
v -0.012257 -0.174222 0.001980
v -0.011986 -0.177545 -0.003370
v -0.012541 -0.174459 0.002019
v -0.012219 -0.174479 0.000149
v 0.011884 -0.175760 -0.004474
v 0.009979 -0.176381 -0.006824
v 0.010925 -0.175551 -0.004777
v 0.011092 -0.175619 -0.004546
v 0.010904 -0.174734 -0.003374
v 0.011290 -0.175306 -0.003693
v 0.011740 -0.175334 -0.003288
v 0.011970 -0.175321 -0.003040
v 0.013666 -0.173502 0.004884
v 0.013542 -0.173767 0.004959
v 0.010259 -0.168463 0.017867
v 0.009538 -0.167473 0.023389
v 0.010350 -0.169010 0.022987
v 0.011054 -0.168260 0.023370
v 0.011389 -0.168324 0.023508
v 0.012019 -0.167588 0.021831
v 0.012257 -0.166865 0.023078
v 0.012502 -0.167231 0.021617
v 0.012747 -0.166399 0.021407
v 0.012690 -0.166510 0.021002
v 0.012906 -0.165791 0.020784
v 0.014027 -0.165838 0.021147
v 0.013504 -0.165842 0.019875
v 0.013875 -0.165290 0.022386
v 0.013630 -0.165179 0.023230
v 0.014556 -0.161302 0.035352
v 0.073517 -0.147762 0.036182
v 0.074214 -0.147421 0.036640
v 0.074434 -0.143622 0.039174
v 0.074330 -0.142579 0.039983
v 0.075006 -0.141199 0.040002
v 0.075063 -0.140368 0.040210
v 0.075475 -0.136446 0.039937
v 0.075261 -0.136532 0.046185
v 0.073189 -0.137298 0.044974
v 0.072018 -0.133796 0.045768
v 0.073710 -0.139031 0.048754
v 0.070676 -0.132903 0.044280
v 0.069512 -0.132573 0.043915
v 0.070676 -0.132903 0.044280
v 0.068168 -0.129827 0.045749
v 0.067953 -0.130539 0.044190
v 0.049094 -0.118314 0.033079
v 0.047862 -0.118283 0.034615
v 0.047892 -0.118298 0.034600
v 0.049247 -0.118244 0.032546
v 0.057430 -0.104930 0.052950
v 0.087994 -0.073824 0.046479
v 0.087392 -0.066614 0.049484
v 0.088625 -0.049893 0.045802
v 0.088176 -0.049860 0.045658
v 0.095205 -0.032161 0.041558
v 0.096235 -0.029996 0.040361
v 0.097932 -0.027062 0.039281
v 0.099165 -0.028984 0.039545
v 0.100251 -0.028915 0.038633
v 0.098593 -0.028477 0.039752
v 0.103864 -0.023926 0.042657
v 0.106232 -0.023337 0.038757
v 0.111489 -0.013263 0.036769
v 0.107880 0.036193 0.040985
v 0.109040 0.035167 0.039810
v 0.108167 0.028743 0.039977
v 0.109040 0.035167 0.039810
v 0.105653 0.039334 0.043172
v 0.106612 0.037570 0.042386
v 0.106075 0.039663 0.042807
v 0.104185 0.045936 0.044686
v 0.104184 0.045936 0.044685
v 0.104921 0.055909 0.043695
v 0.056616 -0.025309 0.069641
v 0.050070 -0.029071 0.068356
v 0.028276 -0.109051 0.055960
v 0.028319 -0.109235 0.056198
v 0.015766 -0.109393 0.057985
v 0.016815 -0.110566 0.057370
v 0.014354 -0.111013 0.060157
v 0.011266 -0.109976 0.057643
v 0.003089 -0.113672 0.055902
v 0.003089 -0.113672 0.055902
v 0.008788 -0.113010 0.055965
v 0.005300 -0.114270 0.058138
v 0.004334 -0.111355 0.058938
v -0.012061 -0.118636 0.066810
v -0.010444 -0.123627 0.071135
v -0.012521 -0.125864 0.066046
v -0.012179 -0.124942 0.066950
v -0.009629 -0.127773 0.068810
v 0.010076 -0.118934 0.058534
v 0.006001 -0.117383 0.049925
v 0.004057 -0.117920 0.045310
v 0.005740 -0.118892 0.045513
v 0.007350 -0.118954 0.044044
v 0.007350 -0.118954 0.044044
v 0.006650 -0.120340 0.045836
v 0.009078 -0.123281 0.048866
v 0.009078 -0.123281 0.048866
v 0.017419 -0.132442 0.055053
v 0.011857 -0.135064 0.055451
v 0.009072 -0.139620 0.055449
v 0.008506 -0.146262 0.052161
v -0.003696 -0.148152 0.052185
v -0.011775 -0.144299 0.058044
v -0.011206 -0.147728 0.054935
v -0.013968 -0.152226 0.048960
v -0.013236 -0.151621 0.050119
v -0.012410 -0.151784 0.050410
v -0.013519 -0.156084 0.043742
v -0.012780 -0.158377 0.048611
v -0.013018 -0.163830 0.041854
v -0.012701 -0.162885 0.043525
v -0.013194 -0.162632 0.043372
v -0.012701 -0.162885 0.043525
v -0.012462 -0.162834 0.043584
v -0.013295 -0.164510 0.043599
v -0.012821 -0.164553 0.038408
v -0.014424 -0.161137 0.039343
v -0.012053 -0.164087 0.039730
v -0.012390 -0.164316 0.038248
v -0.009108 -0.163283 0.036786
v -0.011916 -0.163065 0.036502
v -0.011916 -0.163065 0.036502
v -0.012043 -0.163537 0.036590
v -0.011497 -0.161922 0.035742
v -0.010205 -0.164539 0.034615
v -0.011497 -0.161922 0.035742
v -0.010521 -0.168329 0.032089
v -0.010477 -0.162879 0.034220
v -0.009668 -0.162870 0.034117
v -0.011089 -0.163384 0.033876
v -0.013761 -0.164764 0.037725
v -0.012754 -0.164887 0.037872
v -0.013286 -0.165388 0.033357
v -0.014258 -0.164049 0.034455
v -0.013347 -0.165988 0.029994
v -0.016058 -0.166370 0.039767
v -0.015654 -0.166630 0.029909
v -0.016215 -0.166888 0.030201
v -0.013376 -0.169123 0.028629
v -0.016508 -0.168157 0.025879
v -0.017829 -0.167377 0.025774
v -0.018967 -0.168341 0.022258
v -0.015950 -0.169325 0.021552
v -0.015492 -0.171761 0.019159
v -0.016655 -0.171099 0.020703
v -0.016133 -0.171210 0.021009
v -0.017170 -0.171669 0.020817
v -0.013828 -0.171540 0.021908
v -0.013349 -0.172561 0.022368
v -0.013416 -0.171809 0.022880
v -0.013416 -0.171809 0.022880
v -0.012986 -0.173100 0.022360
v -0.011617 -0.172397 0.023360
v -0.011225 -0.172121 0.024529
v -0.008148 -0.171917 0.022357
v -0.009330 -0.172748 0.024752
v -0.010642 -0.173189 0.023333
v -0.009583 -0.175232 0.023090
v -0.010177 -0.176116 -0.005031
v -0.010298 -0.175848 -0.005133
v -0.007488 -0.176177 -0.008878
v -0.000038 -0.180000 -0.014300
v -0.006682 -0.178623 -0.009729
v 0.012104 -0.175056 0.000151
v 0.013818 -0.173994 0.004194
v 0.013735 -0.173683 0.006253
v 0.013585 -0.173755 0.006666
v 0.013909 -0.173558 0.006078
v 0.013649 -0.173973 0.006482
v 0.013868 -0.173426 0.009352
v 0.010331 -0.169931 0.018251
v 0.011353 -0.170384 0.018172
v 0.011547 -0.169479 0.021475
v 0.011091 -0.168590 0.023628
v 0.011686 -0.169048 0.022548
v 0.014435 -0.166119 0.022704
v 0.013337 -0.166277 0.023778
v 0.013082 -0.166699 0.023281
v 0.014794 -0.166545 0.024128
v 0.013251 -0.167605 0.023863
v 0.013251 -0.167605 0.023863
v 0.013251 -0.167605 0.023863
v 0.013145 -0.165377 0.023347
v 0.013125 -0.165438 0.023232
v 0.013437 -0.164287 0.025572
v 0.013832 -0.163141 0.030671
v 0.011052 -0.164308 0.029050
v 0.013626 -0.162113 0.033714
v 0.013653 -0.162224 0.033243
v 0.013564 -0.161942 0.032802
v 0.014719 -0.161086 0.035437
v 0.072201 -0.149053 0.036687
v 0.072571 -0.147492 0.038184
v 0.071150 -0.147430 0.040785
v 0.070549 -0.146536 0.039507
v 0.071599 -0.146560 0.040439
v 0.070834 -0.145745 0.041714
v 0.071599 -0.146560 0.040439
v 0.072331 -0.141840 0.042299
v 0.070577 -0.141830 0.040897
v 0.069603 -0.141339 0.042151
v 0.071274 -0.141947 0.043280
v 0.072280 -0.142189 0.045139
v 0.067351 -0.140978 0.046768
v 0.067949 -0.140363 0.045800
v 0.067301 -0.136051 0.046958
v 0.067301 -0.136051 0.046958
v 0.061870 -0.133213 0.049754
v 0.061462 -0.132463 0.049165
v 0.063531 -0.133219 0.048331
v 0.064122 -0.123455 0.049729
v 0.062080 -0.127615 0.046376
v 0.057483 -0.129227 0.047133
v 0.057075 -0.128314 0.047715
v 0.057075 -0.128314 0.047715
v 0.057075 -0.128314 0.047715
v 0.057075 -0.128314 0.047715
v 0.050160 -0.126827 0.047067
v 0.050094 -0.126651 0.047542
v 0.039282 -0.119350 0.038072
v 0.040943 -0.118034 0.036869
v 0.044672 -0.118233 0.035423
v 0.057435 -0.104969 0.052951
v 0.061660 -0.093368 0.060584
v 0.090876 -0.031000 0.046400
v 0.090754 -0.030921 0.045892
v 0.095201 -0.032161 0.041555
v 0.095201 -0.032161 0.041555
v 0.096420 -0.029658 0.040938
v 0.096053 -0.029949 0.041169
v 0.096795 -0.028861 0.041738
v 0.098395 -0.029066 0.040238
v 0.101631 -0.027391 0.040659
v 0.101747 -0.026255 0.040149
v 0.109102 -0.013915 0.038250
v 0.109169 -0.012966 0.039021
v 0.111917 0.016074 0.037336
v 0.111327 0.016966 0.037521
v 0.033992 -0.106641 0.058101
v 0.013492 -0.114976 0.051179
v 0.010111 -0.115839 0.050568
v 0.011724 -0.113390 0.054996
v 0.010467 -0.112378 0.054490
v 0.012011 -0.113734 0.054859
v 0.011459 -0.113720 0.055187
v 0.009894 -0.113589 0.055605
v 0.010865 -0.110923 0.058887
v 0.011203 -0.110752 0.058169
v 0.006462 -0.114271 0.059080
v 0.008321 -0.113965 0.057571
v 0.008321 -0.113965 0.057571
v 0.012669 -0.120124 0.068281
v 0.000191 -0.120314 0.068341
v 0.000191 -0.120314 0.068341
v -0.010747 -0.124291 0.068810
v -0.012219 -0.120996 0.077658
v -0.012828 -0.129499 0.072037
v -0.012776 -0.125823 0.070481
v -0.013436 -0.126862 0.070569
v -0.011927 -0.130062 0.068820
v -0.012039 -0.129394 0.068766
v 0.012288 -0.125772 0.066997
v -0.000052 -0.120817 0.063017
v -0.000045 -0.120788 0.063038
v 0.011709 -0.121527 0.064598
v 0.012507 -0.121750 0.064586
v 0.010888 -0.116951 0.059721
v 0.009140 -0.118465 0.051291
v 0.009247 -0.116552 0.051054
v 0.008963 -0.116558 0.050645
v 0.008022 -0.116949 0.051541
v 0.002789 -0.117174 0.049527
v 0.008169 -0.117325 0.046126
v 0.009714 -0.116255 0.050463
v 0.008709 -0.117499 0.047418
v 0.016799 -0.119169 0.043492
v 0.017088 -0.119175 0.043445
v 0.018597 -0.125608 0.051132
v 0.018637 -0.125692 0.051077
v 0.016156 -0.132826 0.054199
v 0.017600 -0.132744 0.053051
v 0.015169 -0.142330 0.055336
v 0.013756 -0.142829 0.055899
v 0.011206 -0.148040 0.053680
v 0.011036 -0.145258 0.053745
v 0.008929 -0.145486 0.049505
v 0.008518 -0.145585 0.052233
v 0.008627 -0.145749 0.052638
v 0.008307 -0.144512 0.053490
v 0.007282 -0.147958 0.051764
v 0.007409 -0.148028 0.051371
v 0.005879 -0.148793 0.050791
v 0.006032 -0.148561 0.051049
v 0.006827 -0.147907 0.051039
v 0.000901 -0.148496 0.051784
v 0.000219 -0.148250 0.053148
v 0.000109 -0.147065 0.051542
v 0.000577 -0.148657 0.050995
v 0.001184 -0.148931 0.050871
v 0.001541 -0.140669 0.063724
v -0.012421 -0.142775 0.059807
v -0.011390 -0.145829 0.062348
v -0.011669 -0.146299 0.061532
v -0.011928 -0.147388 0.060962
v -0.012848 -0.150730 0.058261
v -0.012832 -0.150714 0.058295
v -0.014123 -0.153998 0.046444
v -0.012486 -0.157481 0.049545
v -0.011539 -0.166193 0.043134
v -0.013163 -0.164551 0.045002
v -0.007920 -0.164312 0.046085
v -0.013947 -0.165842 0.045917
v -0.012096 -0.165187 0.045482
v -0.012096 -0.165187 0.045482
v -0.014051 -0.164969 0.044982
v -0.014425 -0.164272 0.044520
v -0.014374 -0.165031 0.044854
v -0.015567 -0.164722 0.043015
v -0.015966 -0.164367 0.043925
v -0.015966 -0.164367 0.043925
v -0.015145 -0.164877 0.043421
v -0.015966 -0.164367 0.043925
v -0.015658 -0.165493 0.043486
v -0.015135 -0.164516 0.038149
v -0.012674 -0.164713 0.038523
v -0.012410 -0.163271 0.039377
v -0.008968 -0.164038 0.039859
v -0.012674 -0.164713 0.038523
v -0.012487 -0.162359 0.039583
v -0.008876 -0.166556 0.041792
v -0.007182 -0.162556 0.041301
v -0.006734 -0.162672 0.037963
v -0.006913 -0.164574 0.036651
v -0.004761 -0.162324 0.041083
v -0.005387 -0.159596 0.034655
v -0.009043 -0.161791 0.034298
v -0.006892 -0.163885 0.034710
v -0.006892 -0.163885 0.034710
v -0.002269 -0.166422 0.041366
v -0.004670 -0.164626 0.041284
v -0.004799 -0.163949 0.043848
v -0.005071 -0.163712 0.041476
v -0.009479 -0.162695 0.043564
v -0.009479 -0.162695 0.043564
v -0.009479 -0.162695 0.043564
v -0.009479 -0.162695 0.043564
v -0.004448 -0.162959 0.041187
v -0.002615 -0.162758 0.041276
v -0.000860 -0.163721 0.043113
v -0.003797 -0.166667 0.041241
v -0.003033 -0.162939 0.038471
v -0.002797 -0.161186 0.037155
v -0.002061 -0.163599 0.036287
v -0.000135 -0.163400 0.037199
v -0.000723 -0.163743 0.037012
v -0.002824 -0.164503 0.036535
v -0.002005 -0.164942 0.041316
v -0.001229 -0.164169 0.041080
v -0.000552 -0.160443 0.040696
v 0.000108 -0.163991 0.041063
v -0.000283 -0.163604 0.040839
v 0.000874 -0.163988 0.041095
v 0.003327 -0.162711 0.040508
v 0.002691 -0.162796 0.041437
v 0.001678 -0.164668 0.044780
v 0.004199 -0.162613 0.040320
v 0.002691 -0.162796 0.041437
v 0.002691 -0.162796 0.041437
v -0.000046 -0.164374 0.037210
v 0.000047 -0.168679 0.036448
v -0.000150 -0.163866 0.037204
v -0.000150 -0.163866 0.037204
v -0.000150 -0.163866 0.037204
v 0.001294 -0.168936 0.040670
v 0.001119 -0.164465 0.041377
v 0.004832 -0.170504 0.040066
v 0.008568 -0.164549 0.041418
v 0.006886 -0.164724 0.041394
v 0.007045 -0.163044 0.041533
v 0.006886 -0.164724 0.041394
v 0.007971 -0.164636 0.037318
v 0.012428 -0.161954 0.040900
v 0.006925 -0.163337 0.040987
v 0.006662 -0.166091 0.039188
v 0.006643 -0.162855 0.040682
v 0.006643 -0.162855 0.040682
v 0.004527 -0.161797 0.039655
v 0.005509 -0.162684 0.039371
v 0.006105 -0.162780 0.038339
v 0.007962 -0.163825 0.035820
v 0.004886 -0.172905 0.034844
v 0.008375 -0.163180 0.036238
v 0.008647 -0.163768 0.035605
v 0.009420 -0.163309 0.035520
v 0.009691 -0.163690 0.034973
v 0.011402 -0.163914 0.036660
v 0.011139 -0.161768 0.033135
v 0.010908 -0.163156 0.034004
v 0.011991 -0.162926 0.034305
v 0.011923 -0.159695 0.038754
v 0.012187 -0.164261 0.037666
v 0.012694 -0.163437 0.038045
v 0.012684 -0.163204 0.037515
v 0.012858 -0.162886 0.038377
v 0.013438 -0.163926 0.040259
v 0.012664 -0.164364 0.038731
v 0.013015 -0.163058 0.040557
v 0.017037 -0.162973 0.038710
v 0.012950 -0.163341 0.040384
v 0.013208 -0.163868 0.039842
v 0.013140 -0.164041 0.041540
v 0.012231 -0.164186 0.038217
v 0.013551 -0.163711 0.041624
v 0.010566 -0.162617 0.041284
v 0.010566 -0.162617 0.041284
v 0.012855 -0.162833 0.041393
v 0.009416 -0.162376 0.036377
v 0.011273 -0.161953 0.036333
v 0.009416 -0.162376 0.036377
v 0.009416 -0.162376 0.036377
v 0.009416 -0.162376 0.036377
v 0.009416 -0.162376 0.036377
v 0.012762 -0.161748 0.037522
v 0.011741 -0.160793 0.038274
v 0.013268 -0.162581 0.033138
v 0.013082 -0.162475 0.034080
v 0.012991 -0.162797 0.037909
v 0.012866 -0.163276 0.037544
v 0.012947 -0.163067 0.041432
v 0.013154 -0.163067 0.041389
v 0.013115 -0.159903 0.038951
v 0.013115 -0.159903 0.038951
v 0.013115 -0.159903 0.038951
v 0.012762 -0.159751 0.040939
v 0.013115 -0.159903 0.038951
v 0.013115 -0.159903 0.038951
v 0.013407 -0.163675 0.037233
v 0.014683 -0.165937 0.041161
v 0.014779 -0.164698 0.037103
v 0.013267 -0.166307 0.035695
v 0.013481 -0.163402 0.042418
v 0.013745 -0.163705 0.042220
v 0.013064 -0.162950 0.043810
v 0.012436 -0.165298 0.043001
v 0.013215 -0.163074 0.043817
v 0.013215 -0.163074 0.043817
v 0.011491 -0.161522 0.044482
v 0.013058 -0.162906 0.043807
v 0.013591 -0.158909 0.040962
v 0.013544 -0.158803 0.041579
v 0.013802 -0.158982 0.039651
v 0.012526 -0.166070 0.029791
v 0.016919 -0.166670 0.026452
v 0.017283 -0.165662 0.033293
v 0.018399 -0.165376 0.034399
v 0.017495 -0.165548 0.037485
v 0.016810 -0.164444 0.041692
v 0.016920 -0.164505 0.040001
v 0.016063 -0.165209 0.041008
v 0.016920 -0.164505 0.040001
v 0.016920 -0.164505 0.040001
v 0.016685 -0.164631 0.043500
v 0.016011 -0.165462 0.041826
v 0.015888 -0.165797 0.043752
v 0.017383 -0.165238 0.043414
v 0.016289 -0.165237 0.043849
v 0.013935 -0.165872 0.044588
v 0.014494 -0.165776 0.044537
v 0.015926 -0.165294 0.043069
v 0.015046 -0.164979 0.044708
v 0.012569 -0.160968 0.047993
v 0.012328 -0.164469 0.045329
v 0.012909 -0.162784 0.043776
v 0.013247 -0.161448 0.043840
v 0.013389 -0.161237 0.045215
v 0.013557 -0.161223 0.045046
v 0.013596 -0.161238 0.045115
v 0.013442 -0.152022 0.048993
v 0.013374 -0.157036 0.043056
v 0.013515 -0.163473 0.031242
v 0.017705 -0.168012 0.030444
v 0.018450 -0.166534 0.030152
v 0.015758 -0.164967 0.030936
v 0.017587 -0.167733 0.031064
v 0.016368 -0.169395 0.030174
v 0.016385 -0.168888 0.030592
v 0.017921 -0.167261 0.037246
v 0.017689 -0.165910 0.037821
v 0.017524 -0.166493 0.036232
v 0.017628 -0.165963 0.038123
v 0.017648 -0.165955 0.037967
v 0.017144 -0.166531 0.039078
v 0.017779 -0.165900 0.040474
v 0.017320 -0.166164 0.040804
v 0.016983 -0.165911 0.042813
v 0.016397 -0.166394 0.042923
v 0.015535 -0.166511 0.044085
v 0.013928 -0.166659 0.044412
v 0.010989 -0.165878 0.044952
v 0.003778 -0.165170 0.044360
v 0.002998 -0.165146 0.044908
v 0.000183 -0.162461 0.043545
v 0.002083 -0.162170 0.043975
v 0.011386 -0.158343 0.042707
v 0.010533 -0.160177 0.046403
v 0.012045 -0.161310 0.048037
v 0.013246 -0.159147 0.046979
v 0.018742 -0.151729 0.048630
v 0.056217 -0.139426 0.049508
v 0.056972 -0.140115 0.050829
v 0.058800 -0.133165 0.049738
v 0.055015 -0.134563 0.049674
v 0.055471 -0.134119 0.051129
v 0.054308 -0.133515 0.051639
v 0.052729 -0.132888 0.051356
v 0.050985 -0.130251 0.050816
v 0.045384 -0.124627 0.046333
v 0.045387 -0.124614 0.046343
v 0.040806 -0.118233 0.036954
v 0.040125 -0.117269 0.040939
v 0.044141 -0.108476 0.054355
v 0.082798 -0.029644 0.053451
v 0.092160 -0.032390 0.045459
v 0.095222 -0.033993 0.046890
v 0.094024 -0.030250 0.043299
v 0.094978 -0.030148 0.042587
v 0.092268 -0.029015 0.044696
v 0.095834 -0.029208 0.043109
v 0.096788 -0.028616 0.044154
v 0.100997 -0.024845 0.043051
v 0.102197 -0.023123 0.044412
v 0.101721 -0.023151 0.043928
v 0.105287 -0.015093 0.043020
v 0.103453 -0.015351 0.041370
v 0.103081 -0.017071 0.045049
v 0.105835 -0.015704 0.042333
v 0.107649 -0.006235 0.040738
v 0.107649 -0.006235 0.040738
v 0.105925 0.001791 0.042733
v 0.105896 0.002156 0.042694
v 0.104402 0.016813 0.045264
v 0.103424 0.018071 0.045050
v 0.103472 0.019848 0.045882
v 0.053764 -0.029531 0.069416
v 0.055783 -0.027011 0.068539
v 0.052351 -0.026879 0.068243
v 0.052726 -0.027254 0.068399
v 0.050401 -0.029108 0.068426
v 0.013518 -0.115160 0.051306
v 0.024173 -0.119108 0.043505
v 0.011115 -0.114545 0.053107
v 0.010975 -0.114639 0.053001
v 0.011430 -0.114336 0.052957
v 0.011968 -0.113926 0.055109
v 0.011946 -0.114225 0.055149
v 0.011946 -0.114225 0.055149
v 0.011946 -0.114225 0.055149
v 0.010062 -0.115218 0.056542
v 0.013316 -0.116748 0.064392
v 0.012571 -0.120020 0.068396
v -0.013371 -0.131538 0.071756
v -0.013148 -0.132078 0.072195
v -0.012441 -0.130731 0.069429
v -0.008225 -0.133249 0.068166
v 0.012578 -0.126053 0.069368
v 0.012858 -0.121803 0.058483
v 0.012930 -0.117409 0.055723
v 0.009527 -0.116538 0.058053
v 0.012982 -0.117577 0.056635
v 0.012786 -0.117728 0.055404
v 0.011104 -0.117044 0.052266
v 0.011700 -0.116316 0.052854
v 0.012439 -0.116792 0.053001
v 0.010738 -0.116203 0.052265
v 0.009610 -0.116213 0.050435
v 0.009610 -0.116213 0.050435
v 0.016989 -0.119162 0.043401
v 0.014362 -0.144793 0.053276
v 0.012938 -0.147874 0.052129
v 0.012907 -0.150026 0.050648
v 0.013164 -0.147927 0.052397
v 0.013367 -0.148168 0.051806
v 0.011297 -0.147825 0.051958
v 0.011297 -0.147825 0.051958
v 0.011459 -0.148348 0.051746
v 0.009500 -0.148728 0.055559
v 0.008395 -0.148402 0.051790
v 0.004805 -0.146977 0.054280
v 0.004964 -0.147611 0.051711
v 0.004770 -0.147589 0.053321
v 0.004575 -0.147910 0.052970
v 0.001241 -0.148794 0.050608
v 0.001241 -0.148794 0.050608
v 0.002148 -0.140699 0.063668
v -0.006573 -0.140942 0.063768
v -0.006737 -0.140681 0.063186
v -0.010245 -0.140297 0.065383
v -0.012117 -0.139894 0.065427
v -0.012909 -0.142799 0.067023
v -0.010197 -0.144357 0.064465
v -0.012823 -0.142744 0.066868
v -0.012529 -0.141962 0.068008
v -0.003045 -0.147821 0.062469
v -0.004442 -0.162546 0.043424
v -0.003824 -0.161674 0.044226
v -0.007139 -0.162767 0.046394
v -0.004775 -0.165215 0.045594
v -0.002857 -0.166307 0.046451
v -0.009777 -0.168192 0.041878
v -0.009530 -0.163521 0.042707
v -0.010336 -0.166661 0.043180
v -0.014008 -0.166305 0.042954
v -0.015271 -0.168335 0.042761
v -0.014134 -0.164867 0.042409
v -0.014676 -0.165475 0.044665
v -0.015221 -0.165604 0.044028
v -0.015971 -0.166514 0.040968
v -0.016507 -0.165701 0.041433
v -0.016314 -0.166105 0.040998
v -0.015895 -0.166582 0.040901
v -0.016541 -0.166841 0.037116
v -0.016904 -0.165346 0.041474
v -0.016611 -0.166377 0.035139
v -0.016662 -0.167864 0.031354
v -0.015453 -0.167551 0.034691
v -0.015924 -0.168442 0.031227
v -0.016662 -0.167864 0.031354
v -0.016747 -0.169066 0.028287
v -0.015724 -0.168831 0.031027
v -0.017111 -0.169591 0.023507
v -0.012715 -0.174786 0.019343
v -0.014459 -0.173825 0.020883
v -0.014459 -0.173825 0.020883
v -0.013530 -0.174739 0.021391
v -0.012545 -0.174253 0.021304
v -0.010364 -0.173906 0.022457
v -0.010621 -0.173229 0.023280
v -0.011612 -0.172707 0.023426
v -0.008285 -0.176099 0.025478
v -0.008520 -0.175461 0.020097
v -0.008476 -0.175692 0.021604
v -0.008956 -0.174105 0.022065
v -0.000073 -0.172816 0.022120
v -0.012444 -0.173951 0.010595
v -0.009341 -0.176117 -0.003268
v -0.009086 -0.176273 -0.004613
v -0.008510 -0.176608 -0.007515
v -0.008063 -0.177243 -0.008118
v -0.006124 -0.176396 -0.009365
v 0.000532 -0.178947 -0.014788
v 0.012533 -0.171863 0.023188
v 0.013505 -0.172684 0.016244
v 0.012052 -0.172983 0.017200
v 0.012462 -0.169527 0.021162
v 0.012082 -0.170974 0.021429
v 0.012462 -0.169527 0.021162
v 0.013463 -0.168804 0.021195
v 0.012993 -0.169783 0.020890
v 0.013693 -0.168800 0.018757
v 0.016943 -0.169821 0.021246
v 0.013871 -0.168591 0.020308
v 0.016066 -0.167312 0.025617
v 0.015010 -0.169266 0.030173
v 0.017582 -0.170093 0.030682
v 0.016809 -0.171728 0.030288
v 0.016518 -0.171476 0.030840
v 0.017319 -0.171128 0.030753
v 0.014838 -0.169011 0.030075
v 0.014662 -0.168773 0.030624
v 0.014946 -0.168682 0.030246
v 0.014838 -0.169011 0.030075
v 0.016352 -0.170849 0.027189
v 0.017095 -0.168041 0.037246
v 0.016517 -0.167887 0.036123
v 0.016609 -0.167252 0.038011
v 0.011060 -0.164539 0.041075
v 0.010770 -0.165086 0.040382
v 0.012493 -0.166717 0.039179
v 0.004906 -0.166283 0.044274
v 0.003790 -0.165627 0.044738
v 0.001872 -0.164909 0.047838
v 0.002213 -0.164573 0.045412
v 0.002442 -0.165453 0.045321
v 0.004008 -0.165778 0.045125
v 0.000243 -0.162316 0.043991
v 0.000243 -0.162316 0.043991
v -0.000044 -0.163051 0.044543
v 0.016981 -0.152042 0.049021
v 0.033500 -0.151564 0.047688
v 0.056040 -0.140132 0.051307
v 0.047891 -0.141191 0.051204
v 0.050227 -0.136794 0.052207
v 0.045158 -0.129627 0.050684
v 0.045382 -0.130326 0.051359
v 0.031899 -0.124992 0.049677
v 0.038492 -0.115775 0.037780
v 0.039594 -0.118369 0.039457
v 0.037311 -0.117403 0.042117
v 0.089219 -0.029779 0.049169
v 0.090290 -0.028525 0.046636
v 0.090592 -0.030504 0.049131
v 0.092495 -0.029456 0.045341
v 0.092024 -0.030302 0.046016
v 0.096911 -0.030568 0.045967
v 0.098552 -0.024963 0.046412
v 0.098757 -0.025919 0.045795
v 0.098757 -0.025919 0.045795
v 0.100404 -0.026134 0.048443
v 0.101585 -0.020899 0.046132
v 0.102652 -0.021905 0.047411
v 0.103030 -0.016793 0.045244
v 0.106064 0.000940 0.042567
v 0.106064 0.000940 0.042567
v 0.101910 0.009598 0.046796
v 0.064320 -0.025536 0.066834
v 0.063324 -0.025201 0.067532
v 0.063419 -0.025227 0.067711
v 0.060025 -0.028656 0.065312
v 0.057640 -0.027735 0.062650
v 0.054407 -0.029365 0.067107
v 0.053108 -0.028866 0.067886
v 0.053258 -0.027935 0.068256
v 0.085726 -0.029865 0.051580
v 0.086692 -0.028779 0.049571
v 0.085030 -0.028681 0.053074
v 0.085498 -0.029361 0.051739
v 0.091258 -0.028554 0.049356
v 0.091617 -0.029344 0.050906
v 0.090683 -0.027532 0.049412
v 0.095100 -0.027242 0.046830
v 0.096663 -0.030476 0.048634
v 0.096979 -0.025715 0.049699
v 0.103004 -0.000900 0.045643
v 0.103004 -0.000900 0.045643
v 0.067003 -0.025298 0.067241
v 0.065382 -0.025470 0.066544
v 0.065047 -0.027440 0.064759
v 0.063143 -0.028224 0.064362
v 0.062279 -0.027924 0.065332
v 0.061532 -0.027934 0.065834
v 0.062531 -0.027544 0.065728
v 0.064199 -0.028294 0.064352
v 0.062096 -0.027729 0.066934
v 0.061652 -0.026422 0.065725
v 0.060115 -0.028733 0.064936
v 0.075027 -0.030394 0.058211
v 0.078204 -0.029781 0.054913
v 0.083821 -0.029406 0.053273
v 0.084319 -0.029456 0.052893
v 0.084275 -0.027104 0.053641
v 0.084094 -0.030330 0.054943
v 0.086051 -0.027353 0.053696
v 0.093420 -0.024618 0.050234
v 0.079225 -0.025015 0.059584
v 0.066482 -0.028951 0.063279
v 0.066247 -0.029125 0.063189
v 0.064448 -0.030471 0.062972
v 0.063874 -0.032412 0.063435
v 0.063874 -0.032412 0.063435
v 0.074645 -0.029711 0.060828
v 0.073977 -0.027912 0.059332
v 0.075866 -0.030386 0.056642
v 0.076284 -0.030763 0.057396
v 0.079320 -0.029368 0.056127
v 0.079734 -0.030732 0.055398
v 0.082222 -0.029071 0.054129
v 0.081325 -0.028883 0.055301
v 0.083518 -0.029962 0.057379
v 0.081219 -0.024587 0.058467
v 0.082451 -0.024831 0.059634
v 0.078032 -0.025436 0.056734
v 0.079669 -0.031301 0.059882
v 0.077842 -0.028639 0.057515
v 0.081049 -0.028073 0.056342
v 0.079684 -0.027015 0.056044
v 0.081452 -0.029740 0.058559
v 0.078918 -0.024162 0.058155
v 0.020503 -0.117970 0.044985
v 0.019645 -0.120204 0.044363
v 0.024951 -0.119118 0.041865
v 0.030985 -0.125228 0.049370
v 0.028922 -0.134385 0.055103
v 0.013322 -0.152665 0.054484
v 0.013348 -0.151443 0.055778
v 0.013626 -0.151197 0.054595
v 0.012300 -0.153061 0.055033
v 0.012215 -0.152091 0.056460
v 0.013232 -0.147534 0.053070
v 0.013644 -0.147742 0.052726
v 0.013605 -0.141660 0.062056
v 0.013257 -0.137971 0.063952
v 0.010932 -0.140712 0.064037
v 0.010801 -0.141268 0.064403
v 0.003488 -0.135851 0.067741
v -0.009574 -0.138394 0.065635
v -0.010537 -0.139537 0.066409
v -0.011559 -0.137435 0.066687
v -0.011502 -0.138559 0.065704
v -0.011680 -0.138276 0.066751
v -0.012427 -0.137817 0.067877
v -0.012276 -0.136613 0.070202
v -0.010503 -0.137216 0.069659
v -0.002863 -0.145481 0.065662
v -0.002718 -0.144961 0.065075
v -0.002602 -0.148427 0.063474
v -0.002861 -0.156202 0.052212
v -0.001813 -0.156600 0.051274
v -0.003757 -0.164949 0.042527
v -0.003411 -0.162505 0.043582
v -0.003411 -0.162505 0.043582
v -0.006077 -0.164259 0.045086
v -0.002603 -0.166213 0.042562
v -0.002825 -0.166578 0.044000
v -0.002016 -0.166404 0.042764
v -0.002825 -0.166578 0.044000
v -0.014903 -0.167507 0.035489
v -0.014953 -0.167722 0.035489
v -0.014953 -0.167722 0.035489
v -0.016430 -0.167112 0.036663
v -0.016090 -0.169464 0.033681
v -0.015990 -0.169542 0.030724
v -0.014674 -0.169138 0.030323
v -0.014097 -0.170898 0.030001
v -0.013661 -0.169805 0.030172
v -0.014688 -0.173200 0.028477
v -0.013293 -0.175194 0.021510
v -0.011651 -0.175665 0.021314
v -0.005335 -0.176054 0.021294
v -0.002608 -0.176596 0.021685
v -0.005335 -0.176054 0.021294
v 0.000762 -0.175652 0.022266
v 0.002049 -0.173582 0.021457
v -0.002464 -0.175761 0.022069
v -0.001756 -0.175437 0.021851
v 0.002693 -0.173306 0.022909
v 0.001214 -0.173788 0.022224
v 0.002568 -0.174016 0.022137
v 0.013449 -0.172631 0.016303
v 0.013236 -0.171665 0.020740
v 0.013039 -0.171541 0.020416
v 0.013443 -0.170498 0.020764
v 0.013644 -0.168614 0.020247
v 0.017791 -0.169754 0.020586
v 0.018824 -0.169091 0.021520
v 0.016865 -0.170306 0.020838
v 0.014597 -0.172724 0.022058
v 0.016183 -0.170550 0.029180
v 0.015873 -0.172254 0.031057
v 0.015037 -0.174294 0.028965
v 0.003268 -0.167591 0.031579
v 0.011425 -0.171437 0.029737
v 0.012720 -0.170511 0.029401
v 0.011945 -0.169619 0.028767
v 0.012310 -0.172449 0.027764
v 0.012087 -0.169491 0.027450
v 0.011290 -0.168714 0.028949
v 0.012447 -0.168561 0.029473
v 0.012317 -0.167168 0.029843
v 0.013676 -0.167083 0.036878
v 0.014572 -0.167564 0.036488
v 0.002728 -0.164678 0.041144
v 0.002687 -0.169383 0.041302
v 0.002793 -0.166499 0.041761
v 0.003393 -0.165967 0.041258
v 0.002359 -0.166723 0.042844
v 0.002353 -0.167126 0.044143
v 0.001750 -0.167647 0.044125
v 0.000521 -0.167236 0.046875
v 0.000842 -0.166829 0.045199
v 0.001087 -0.164389 0.045590
v -0.000155 -0.165792 0.045499
v -0.001354 -0.164921 0.045095
v 0.009079 -0.153307 0.054866
v 0.009079 -0.153307 0.054866
v 0.012357 -0.153089 0.056068
v 0.013681 -0.153830 0.054333
v 0.033530 -0.150962 0.047237
v 0.041006 -0.150960 0.048658
v 0.044209 -0.150828 0.046283
v 0.058757 -0.148825 0.044940
v 0.058914 -0.148765 0.044744
v 0.047018 -0.150193 0.046546
v 0.044511 -0.139672 0.051502
v 0.044279 -0.139915 0.052692
v 0.035802 -0.118820 0.039693
v 0.029956 -0.118909 0.040375
v 0.028114 -0.118891 0.040511
v 0.029255 -0.118134 0.042280
v 0.030544 -0.117129 0.044374
v 0.025707 -0.118672 0.041676
v 0.023957 -0.118624 0.043471
v 0.024230 -0.118799 0.043145
v 0.030054 -0.134484 0.054435
v 0.023697 -0.141409 0.054636
v 0.023697 -0.141409 0.054636
v 0.029616 -0.143590 0.053449
v 0.040496 -0.149898 0.048516
v 0.013624 -0.143260 0.066536
v 0.013609 -0.143209 0.066447
v 0.013182 -0.141111 0.063403
v 0.013168 -0.140186 0.064882
v 0.010979 -0.136476 0.067085
v 0.012665 -0.136669 0.062894
v 0.004106 -0.135447 0.067988
v -0.005622 -0.135644 0.067910
v -0.011251 -0.135839 0.068557
v -0.011749 -0.135264 0.068698
v -0.012370 -0.134262 0.068234
v -0.012307 -0.132984 0.072710
v -0.012712 -0.132689 0.071981
v 0.012517 -0.139242 0.068306
v 0.000129 -0.147145 0.063289
v 0.000813 -0.147281 0.064300
v -0.000444 -0.146517 0.063520
v -0.001328 -0.148811 0.062104
v -0.001344 -0.148623 0.062388
v -0.001401 -0.151595 0.058175
v -0.000861 -0.152664 0.057209
v -0.001629 -0.150595 0.059038
v -0.001548 -0.152125 0.057337
v -0.001609 -0.151853 0.057776
v 0.003027 -0.150871 0.059148
v 0.002973 -0.144264 0.064267
v 0.013679 -0.143712 0.070433
v 0.013660 -0.143201 0.066425
v 0.013660 -0.143201 0.066425
v 0.013986 -0.140647 0.065947
v 0.012230 -0.133569 0.068307
v 0.012505 -0.134269 0.065551
v 0.003012 -0.145783 0.063962
v 0.001778 -0.147453 0.063118
v 0.003160 -0.146356 0.063332
v -0.001213 -0.148771 0.062807
v -0.000563 -0.144362 0.058651
v -0.001213 -0.148771 0.062807
v 0.001638 -0.150867 0.059686
v 0.001117 -0.149719 0.061134
v 0.000814 -0.149961 0.061262
v 0.000814 -0.149961 0.061262
v 0.000814 -0.149961 0.061262
v 0.000240 -0.152768 0.056951
v 0.000240 -0.152768 0.056951
v 0.000240 -0.152768 0.056951
v 0.000240 -0.152768 0.056951
v 0.002835 -0.150903 0.058607
v 0.011152 -0.141413 0.069057
v 0.013625 -0.139826 0.071068
v 0.013544 -0.139477 0.068805
v 0.013404 -0.134165 0.068266
v 0.011796 -0.133479 0.068897
v 0.012942 -0.125780 0.065718
v 0.012566 -0.125020 0.067001
v 0.013228 -0.124762 0.067146
v 0.016912 -0.124579 0.071493
v 0.013274 -0.115952 0.062142
v 0.012737 -0.116142 0.053361
v 0.013299 -0.115678 0.057393
v 0.013108 -0.116896 0.055835
v 0.013082 -0.117697 0.055601
v 0.013100 -0.117581 0.055643
v 0.011655 -0.115202 0.053576
v 0.012725 -0.116150 0.053360
v 0.010666 -0.114824 0.053117
v 0.012857 -0.116483 0.063038
v 0.013672 -0.115363 0.061350
v 0.013882 -0.115620 0.064302
v 0.013637 -0.132724 0.071977
v 0.013937 -0.136341 0.071454
v 0.013087 -0.138478 0.070061
v 0.012983 -0.128352 0.068937
v 0.012564 -0.129613 0.068272
v 0.012583 -0.126703 0.067641
v 0.012842 -0.126749 0.067934
v 0.013034 -0.127555 0.068493
v 0.013280 -0.125691 0.072149
v 0.013166 -0.128809 0.071639
v 0.002702 -0.149341 0.060247
v 0.002248 -0.150040 0.060058
v 0.002702 -0.149341 0.060247
v 0.002277 -0.151074 0.059024
v 0.002280 -0.151032 0.059106
v 0.002370 -0.151082 0.058799
v -0.001993 -0.165507 0.044947
v 0.001679 -0.163096 0.040575
v -0.000380 -0.168860 0.043046
v -0.000632 -0.169010 0.042722
v -0.000947 -0.169611 0.041515
v -0.001754 -0.167291 0.042526
v -0.002207 -0.167349 0.040321
v -0.001509 -0.167082 0.041668
v -0.002330 -0.167557 0.040087
v -0.001604 -0.166386 0.041526
v -0.001916 -0.167247 0.040823
v -0.015417 -0.167875 0.030553
v -0.012381 -0.172334 0.030582
v -0.011029 -0.170343 0.031538
v -0.014718 -0.172572 0.029140
v -0.014712 -0.172511 0.031032
v -0.014648 -0.172468 0.030991
v -0.014691 -0.172521 0.031042
v -0.014909 -0.172850 0.029160
v -0.012077 -0.173579 0.030771
v -0.012045 -0.172888 0.029929
v -0.012638 -0.173982 0.030033
v 0.001249 -0.176226 0.021236
v 0.002080 -0.174060 0.021884
v 0.007348 -0.172353 0.023059
v 0.003658 -0.174511 0.023021
v 0.014103 -0.169301 0.021483
v 0.014374 -0.172506 0.021522
v 0.014888 -0.173250 0.021105
v 0.013548 -0.172573 0.022563
v 0.014488 -0.172732 0.021337
v 0.017136 -0.172732 0.014477
v 0.015643 -0.173776 0.021190
v 0.014330 -0.174784 0.021521
v 0.014810 -0.174470 0.022001
v 0.017605 -0.170970 0.020843
v 0.015474 -0.173873 0.023197
v 0.014541 -0.174566 0.022265
v 0.015474 -0.173873 0.023197
v 0.012370 -0.173465 0.031351
v 0.011590 -0.172749 0.030503
v 0.013088 -0.173814 0.031134
v 0.009741 -0.173453 0.030838
v 0.009311 -0.171988 0.029483
v 0.011067 -0.172049 0.029872
v 0.011276 -0.173111 0.030868
v 0.011067 -0.172049 0.029872
v 0.007406 -0.170407 0.030317
v 0.006854 -0.170450 0.030050
v 0.007780 -0.171174 0.029686
v 0.008597 -0.171508 0.029517
v 0.005751 -0.170668 0.029675
v 0.002628 -0.170354 0.026936
v 0.005328 -0.170525 0.029603
v 0.005328 -0.170525 0.029603
v 0.000500 -0.166801 0.030279
v 0.003907 -0.171019 0.029066
v 0.000878 -0.168721 0.029063
v 0.002914 -0.169238 0.028125
v 0.002420 -0.168727 0.029862
v 0.003394 -0.168753 0.032542
v 0.001858 -0.166325 0.039072
v 0.002072 -0.166960 0.039940
v 0.001144 -0.167090 0.039555
v 0.001920 -0.167753 0.040346
v 0.001793 -0.168141 0.043602
v 0.002580 -0.169769 0.042805
v 0.001073 -0.168404 0.044132
v 0.000879 -0.168766 0.043719
v 0.001723 -0.166354 0.043377
v 0.001073 -0.168404 0.044132
v 0.000368 -0.168238 0.042403
v -0.000584 -0.170209 0.041321
v -0.000623 -0.170721 0.040910
v -0.001577 -0.171747 0.035910
v -0.001744 -0.170402 0.037488
v -0.001255 -0.171317 0.034604
v -0.002825 -0.170090 0.034046
v -0.000996 -0.167610 0.039345
v -0.001251 -0.165589 0.037049
v -0.003049 -0.169558 0.041263
v -0.002513 -0.166259 0.038794
v -0.001350 -0.167809 0.036850
v -0.002067 -0.167898 0.037513
v -0.007430 -0.170188 0.033817
v -0.006117 -0.170416 0.028799
v -0.008157 -0.171627 0.029287
v -0.007114 -0.172581 0.029367
v -0.009841 -0.173822 0.031548
v -0.007675 -0.170854 0.033443
v -0.006317 -0.174187 0.031432
v -0.006655 -0.174303 0.031514
v -0.005424 -0.173634 0.030558
v -0.005406 -0.174234 0.031007
v -0.005138 -0.174361 0.030785
v 0.002993 -0.176297 0.021288
v 0.002993 -0.176297 0.021288
v 0.004856 -0.174603 0.022004
v 0.006599 -0.175845 0.022467
v 0.005420 -0.175321 0.023021
v 0.012305 -0.172117 0.023343
v 0.012027 -0.172378 0.023326
v 0.012541 -0.172366 0.023248
v 0.012971 -0.170839 0.023423
v 0.010291 -0.173645 0.022441
v 0.010968 -0.172851 0.019673
v 0.009672 -0.174367 0.022344
v 0.009914 -0.172573 0.022141
v 0.012147 -0.174662 0.021480
v 0.010291 -0.173645 0.022441
v 0.009012 -0.175294 0.021290
v 0.010033 -0.175932 0.021853
v 0.012699 -0.175446 0.021607
v 0.012189 -0.173732 0.031225
v 0.011957 -0.173539 0.031440
v 0.009513 -0.174189 0.031307
v 0.009513 -0.174189 0.031307
v 0.009513 -0.174189 0.031307
v 0.004339 -0.173671 0.031395
v 0.004084 -0.173949 0.031368
v 0.004339 -0.173671 0.031395
v 0.005518 -0.172720 0.029262
v 0.005798 -0.174290 0.030827
v 0.004339 -0.173671 0.031395
v 0.004913 -0.173094 0.029722
v 0.003789 -0.173874 0.031276
v 0.004010 -0.172837 0.030138
v 0.008674 -0.171849 0.029154
v 0.008674 -0.171849 0.029154
v 0.004370 -0.172747 0.028619
v 0.004159 -0.172590 0.028331
v 0.004213 -0.172486 0.028799
v 0.004159 -0.172590 0.028331
v 0.004520 -0.172764 0.028582
v 0.004159 -0.172590 0.028331
v 0.003703 -0.172750 0.029232
v 0.004535 -0.172669 0.028990
v 0.003733 -0.172635 0.029426
v 0.004406 -0.172591 0.029043
v 0.002863 -0.172614 0.029142
v 0.003592 -0.172765 0.029514
v 0.003592 -0.172765 0.029514
v 0.003592 -0.172765 0.029514
v 0.003592 -0.172765 0.029514
v 0.002443 -0.172647 0.030178
v 0.002339 -0.172213 0.029959
v 0.002174 -0.172147 0.030622
v 0.004415 -0.168834 0.031054
v 0.002339 -0.172213 0.029959
v 0.002339 -0.172213 0.029959
v 0.002106 -0.170294 0.030309
v 0.001038 -0.169688 0.030133
v 0.002106 -0.170294 0.030309
v -0.000091 -0.169341 0.029155
v -0.001872 -0.169225 0.028718
v -0.001569 -0.170081 0.030227
v -0.000550 -0.169167 0.029210
v 0.001668 -0.172445 0.030976
v 0.002285 -0.168609 0.031517
v 0.000819 -0.168197 0.031334
v 0.001360 -0.168432 0.031024
v 0.004327 -0.168507 0.031875
v 0.004327 -0.168507 0.031875
v 0.002700 -0.168476 0.034991
v 0.002687 -0.168419 0.035267
v 0.007460 -0.169029 0.038050
v 0.000627 -0.170438 0.040110
v -0.001015 -0.171735 0.034248
v -0.002112 -0.171613 0.030139
v -0.001841 -0.170427 0.030913
v -0.001841 -0.170427 0.030913
v -0.001804 -0.171212 0.030708
v -0.000204 -0.168749 0.036764
v -0.002411 -0.168143 0.034899
v -0.002513 -0.169501 0.028437
v -0.002803 -0.169110 0.028217
v -0.005176 -0.170351 0.029254
v -0.005176 -0.170351 0.029254
v -0.005176 -0.170351 0.029254
v -0.005176 -0.170351 0.029254
v -0.005365 -0.170993 0.029390
v -0.006764 -0.172613 0.029284
v -0.006764 -0.172613 0.029284
v -0.005317 -0.173992 0.031259
v -0.001084 -0.173880 0.031149
v -0.001051 -0.174712 0.031459
v 0.001410 -0.173619 0.030981
v -0.001051 -0.174712 0.031459
v -0.001051 -0.174712 0.031459
v 0.006129 -0.174578 0.030528
v 0.001706 -0.174437 0.031196
v 0.002610 -0.174012 0.031358
v 0.002345 -0.174119 0.031365
v 0.001587 -0.174464 0.031061
v 0.002068 -0.173747 0.031404
v 0.002068 -0.173747 0.031404
v 0.001507 -0.172056 0.031168
v 0.002233 -0.171981 0.030200
v 0.001866 -0.171793 0.030982
v 0.001586 -0.168697 0.031578
v 0.002205 -0.168682 0.032047
v 0.002205 -0.168682 0.032047
v 0.000639 -0.168270 0.031326
v 0.000639 -0.168270 0.031326
v 0.000684 -0.168419 0.031793
v 0.000545 -0.168385 0.032806
v 0.000091 -0.168376 0.033055
v 0.000383 -0.168315 0.032893
v 0.000157 -0.168251 0.033117
v 0.000462 -0.168804 0.032288
v -0.000580 -0.168293 0.033707
v 0.000296 -0.171408 0.032648
v 0.001482 -0.171675 0.034909
v -0.000062 -0.171964 0.032778
v -0.000062 -0.171964 0.032778
v -0.001557 -0.172571 0.030034
v -0.000930 -0.172658 0.030613
v 0.000223 -0.172440 0.031217
v -0.000258 -0.172865 0.030915
v 0.001520 -0.174917 0.030794
v 0.148867 0.012365 -0.042746
v 0.148217 0.034928 -0.042584
v 0.148406 0.050150 -0.042500
v 0.146472 0.038707 -0.040474
v 0.148959 0.035568 -0.042543
v 0.147394 0.051058 -0.042342
v 0.149468 0.049997 -0.043355
v 0.149009 0.030304 -0.041281
vn 0.2755 -0.9601 0.0485
vn 0.0647 -0.9975 0.0299
vn 0.1022 -0.9721 0.2109
vn -0.0887 -0.9900 0.1100
vn 0.2171 -0.9326 -0.2884
vn 0.1635 -0.9621 -0.2184
vn 0.7809 0.6211 -0.0662
vn 0.7980 0.6001 -0.0552
vn 0.7708 0.6113 -0.1793
vn 0.0312 -0.9641 0.2636
vn 0.0267 -0.9809 0.1928
vn 0.1846 -0.9595 0.2129
vn 0.0681 -0.9850 0.1585
vn 0.0217 -0.9895 0.1430
vn 0.0191 -0.9918 0.1265
vn -0.0362 -0.9658 0.2569
vn 0.1872 -0.9334 0.3060
vn 0.2686 -0.9176 0.2930
vn 0.7003 -0.7023 0.1280
vn 0.7640 -0.6066 0.2197
vn 0.7644 -0.6062 0.2195
vn 0.1311 0.9909 -0.0297
vn 0.1309 0.9910 -0.0295
vn 0.1309 0.9910 -0.0291
vn 0.8758 -0.4320 0.2151
vn 0.7184 -0.5662 0.4041
vn 0.8138 -0.5368 0.2227
vn 0.5750 -0.6942 0.4329
vn 0.4726 -0.8232 0.3146
vn 0.4343 -0.8722 0.2251
vn 0.3003 -0.8194 0.4882
vn 0.5575 -0.7118 0.4273
vn 0.5346 -0.7506 0.3884
vn 0.5932 -0.7010 0.3959
vn 0.7488 -0.3829 0.5410
vn 0.9373 -0.3175 0.1441
vn 0.7019 -0.6851 -0.1948
vn 0.9445 -0.0430 0.3257
vn 0.9370 -0.2458 0.2481
vn 0.8929 -0.4464 0.0593
vn 0.9945 -0.1033 0.0194
vn 0.2203 -0.9553 0.1969
vn 0.5218 -0.6830 0.5111
vn 0.8597 -0.1555 0.4865
vn 0.8690 0.1821 0.4601
vn 0.9682 -0.0255 0.2487
vn 0.9839 -0.1606 -0.0778
vn 0.9964 0.0158 -0.0830
vn 0.4491 -0.8883 -0.0965
vn 0.5253 -0.8505 0.0273
vn 0.5267 -0.8411 -0.1232
vn 0.5391 -0.8373 0.0915
vn 0.2729 -0.8774 -0.3945
vn 0.5265 -0.8496 0.0331
vn 0.3932 -0.9148 0.0927
vn 0.7084 -0.3165 0.6309
vn 0.8862 -0.0282 0.4624
vn 0.8388 0.3405 0.4248
vn 0.5961 0.5597 0.5757
vn 0.6538 0.4498 0.6084
vn 0.8070 -0.5856 0.0765
vn 0.7848 -0.6032 -0.1422
vn 0.8572 -0.4951 0.1416
vn 0.8834 -0.4641 0.0649
vn 0.8737 -0.4719 0.1182
vn 0.8065 -0.5899 -0.0402
vn 0.4524 -0.6012 0.6587
vn 0.6348 -0.3428 0.6925
vn 0.3353 0.9166 0.2179
vn 0.1272 0.9908 0.0457
vn 0.4299 0.8752 0.2217
vn 0.4282 0.8566 0.2879
vn 0.5195 0.8251 0.2219
vn 0.9416 0.2256 0.2500
vn 0.9737 -0.1687 0.1530
vn 0.9551 -0.1369 0.2628
vn 0.9360 -0.3456 -0.0674
vn 0.9027 -0.4297 -0.0237
vn 0.9885 -0.1102 0.1037
vn 0.6874 -0.7258 -0.0257
vn 0.4885 -0.8718 0.0373
vn 0.4211 -0.8875 -0.1871
vn 0.2310 -0.6973 0.6785
vn 0.4759 -0.3179 0.8200
vn 0.5200 -0.3250 0.7899
vn 0.9150 0.1484 0.3750
vn 0.8640 -0.5034 -0.0091
vn 0.9456 0.0070 0.3253
vn 0.9574 -0.2490 0.1464
vn 0.8863 0.3262 0.3286
vn 0.9869 -0.0289 0.1585
vn 0.6243 0.6131 0.4842
vn 0.3224 0.6221 0.7135
vn 0.5667 0.8091 0.1555
vn 0.6577 0.7368 0.1565
vn 0.9732 -0.1874 0.1331
vn 0.8881 0.4319 0.1572
vn 0.8039 0.5400 0.2493
vn 0.9777 -0.1551 0.1418
vn 0.9542 -0.2970 0.0354
vn 0.9550 -0.2882 -0.0696
vn 0.4827 -0.8757 -0.0065
vn -0.5463 -0.8217 0.1625
vn -0.0173 0.5490 0.8356
vn 0.4622 0.5462 0.6986
vn 0.4997 0.7588 0.4177
vn 0.3620 0.8872 0.2860
vn 0.3800 -0.9108 0.1616
vn 0.5216 -0.8095 0.2695
vn 0.3477 -0.8928 0.2863
vn 0.6595 0.6088 0.4409
vn 0.8552 0.1779 0.4868
vn 0.7454 0.4275 0.5115
vn 0.9927 0.0136 0.1194
vn 0.9680 -0.0144 0.2504
vn 0.9541 0.0424 0.2966
vn 0.2513 -0.0849 -0.9642
vn 0.2656 -0.0868 -0.9602
vn 0.0726 -0.0120 -0.9973
vn 0.9612 -0.0408 0.2728
vn 0.0583 -0.0006 -0.9983
vn 0.2578 -0.0288 -0.9658
vn 0.8777 0.0914 0.4704
vn 0.8250 -0.1462 0.5459
vn 0.9137 -0.4001 0.0714
vn 0.8800 -0.0600 0.4711
vn 0.8461 -0.2482 0.4717
vn 0.9103 -0.0663 0.4087
vn 0.8121 -0.0649 0.5799
vn 0.3704 -0.8914 0.2612
vn 0.3850 -0.8894 0.2466
vn 0.4259 -0.8813 0.2049
vn 0.3957 -0.8932 0.2137
vn 0.4216 -0.8786 0.2244
vn 0.3433 -0.9143 0.2150
vn 0.1972 -0.0737 -0.9776
vn 0.9450 0.0156 -0.3267
vn 0.8848 0.0368 -0.4645
vn 0.8382 -0.1005 -0.5359
vn 0.8383 -0.0055 -0.5451
vn 0.3867 0.0020 -0.9222
vn 0.9549 -0.1159 0.2735
vn 0.7531 -0.2526 0.6075
vn 0.8427 -0.2858 0.4562
vn 0.4288 -0.8704 0.2419
vn 0.4189 -0.8775 0.2336
vn 0.4162 -0.8787 0.2336
vn 0.3267 -0.8954 0.3024
vn 0.8677 0.2489 0.4303
vn 0.9847 0.1102 0.1348
vn 0.9226 0.1487 0.3558
vn 0.9689 0.0628 0.2393
vn -0.3683 -0.7210 -0.5869
vn -0.0498 -0.0910 -0.9946
vn 0.9904 -0.1359 0.0265
vn 0.9585 -0.1193 0.2589
vn 0.4178 -0.8809 0.2225
vn 0.9389 -0.0851 0.3335
vn 0.6657 -0.5765 0.4738
vn 0.7919 -0.5434 0.2785
vn 0.7175 -0.3252 0.6160
vn 0.8059 -0.0167 0.5918
vn 0.7101 -0.0824 0.6992
vn 0.6323 -0.6852 0.3614
vn 0.3992 -0.6771 0.6182
vn 0.4254 -0.7418 0.5184
vn 0.4454 -0.7317 0.5160
vn 0.5329 -0.6119 0.5845
vn 0.5323 -0.6123 0.5846
vn 0.7963 0.0258 0.6043
vn 0.6889 -0.4611 0.5593
vn 0.8879 0.3098 0.3402
vn 0.2296 -0.0163 -0.9731
vn 0.8135 -0.1264 -0.5676
vn 0.9613 -0.2463 -0.1237
vn 0.7496 -0.3264 0.5758
vn 0.8604 -0.2796 0.4261
vn 0.7267 -0.5048 0.4658
vn 0.2288 -0.9237 0.3073
vn 0.2319 -0.9212 0.3124
vn 0.2503 -0.9543 0.1635
vn -0.1339 -0.9821 0.1325
vn 0.0403 -0.9985 0.0378
vn -0.3761 -0.9257 -0.0396
vn -0.0199 -0.9977 0.0653
vn 0.6216 -0.7018 0.3479
vn 0.5908 -0.7217 0.3607
vn 0.3938 -0.7728 0.4976
vn 0.4760 -0.7751 0.4154
vn 0.7919 -0.4999 0.3506
vn 0.4026 -0.6026 0.6890
vn 0.5465 -0.2389 0.8027
vn 0.9083 -0.1197 0.4008
vn 0.5637 -0.0737 0.8227
vn 0.6783 -0.0893 0.7294
vn 0.6824 -0.0869 0.7258
vn 0.9177 -0.3412 0.2035
vn 0.8630 -0.4519 0.2259
vn 0.6406 -0.2749 0.7170
vn 0.5887 0.0085 0.8083
vn 0.6657 0.0064 0.7462
vn 0.7724 0.1012 0.6271
vn 0.7071 0.2658 0.6552
vn 0.3055 0.9385 0.1611
vn -0.0903 0.9937 0.0657
vn 0.2933 0.9508 0.0999
vn 0.0797 0.9897 0.1191
vn 0.0319 0.9861 0.1631
vn 0.6879 0.6671 0.2860
vn 0.7792 0.5895 0.2128
vn 0.8573 0.4228 0.2937
vn 0.8519 0.3194 0.4151
vn 0.5153 -0.0281 -0.8565
vn 0.1206 -0.3215 -0.9392
vn 0.8590 0.4210 0.2912
vn 0.5090 0.4695 0.7215
vn 0.7692 0.4530 0.4507
vn 0.4050 0.4606 0.7898
vn 0.0095 -0.2218 -0.9751
vn -0.4479 -0.0225 -0.8938
vn -0.3148 -0.1387 -0.9390
vn -0.9997 0.0082 -0.0245
vn 0.3561 0.0074 -0.9344
vn -0.3177 0.0133 -0.9481
vn 0.4678 0.0381 0.8830
vn 0.6628 -0.0706 0.7455
vn 0.2621 -0.0346 -0.9644
vn 0.5646 -0.7953 0.2205
vn 0.7906 -0.5197 0.3239
vn 0.6738 -0.6548 0.3423
vn 0.9262 -0.2953 0.2343
vn 0.5640 -0.7710 0.2957
vn 0.3096 -0.9257 0.2173
vn 0.9643 0.2608 0.0463
vn 0.9530 0.1523 -0.2617
vn 0.9923 -0.0208 0.1225
vn 0.9812 -0.1812 -0.0661
vn 0.8222 -0.4041 -0.4008
vn 0.6723 -0.6853 -0.2798
vn 0.9921 -0.1212 -0.0325
vn 0.9032 0.4263 -0.0512
vn 0.4351 -0.8870 -0.1546
vn 0.9567 -0.2847 -0.0600
vn 0.8502 -0.5249 -0.0402
vn 0.7391 -0.6725 0.0373
vn 0.2634 -0.4154 0.8706
vn 0.2461 -0.3831 0.8903
vn 0.1290 0.1373 0.9821
vn 0.3325 -0.0330 0.9425
vn 0.3108 -0.0272 0.9501
vn 0.2599 -0.0346 0.9650
vn 0.5738 0.0790 0.8152
vn 0.5052 0.0962 0.8576
vn 0.4785 0.1027 0.8721
vn -0.7430 0.3610 -0.5636
vn 0.5627 -0.5579 0.6100
vn 0.6921 -0.0695 0.7185
vn 0.0589 -0.5765 0.8150
vn 0.1857 -0.5977 0.7799
vn 0.1430 -0.6483 0.7478
vn 0.4587 -0.6111 0.6450
vn 0.4603 -0.6006 0.6538
vn 0.4341 -0.5995 0.6724
vn 0.4625 -0.5770 0.6732
vn 0.7188 -0.2783 0.6371
vn 0.7436 -0.2436 0.6227
vn 0.7325 -0.2359 0.6386
vn 0.7434 -0.2040 0.6370
vn 0.7908 -0.0790 0.6069
vn 0.6797 -0.1031 0.7262
vn 0.7171 -0.0320 0.6963
vn 0.6456 -0.1485 0.7491
vn 0.7084 -0.0043 0.7058
vn 0.7191 -0.0183 0.6947
vn 0.6728 -0.0035 0.7398
vn 0.6707 0.0030 0.7418
vn 0.6709 -0.0125 0.7415
vn 0.7235 -0.0040 0.6903
vn 0.7344 0.0058 0.6786
vn 0.7536 0.0386 0.6562
vn 0.8030 0.2135 0.5564
vn 0.7818 0.1081 0.6141
vn 0.7805 0.5223 0.3435
vn -0.0480 0.9987 -0.0197
vn -0.0471 0.9951 -0.0865
vn 0.1470 0.9374 0.3156
vn 0.5805 0.7968 0.1677
vn 0.3648 0.9099 0.1974
vn 0.6008 0.5329 0.5958
vn 0.6467 0.5820 0.4930
vn 0.6565 0.5517 0.5144
vn 0.6444 0.5895 0.4870
vn 0.5329 0.8185 0.2144
vn 0.2286 0.9599 0.1623
vn 0.4829 0.8411 0.2435
vn 0.5475 0.8171 0.1807
vn 0.5800 0.7944 0.1804
vn 0.5986 0.7778 0.1917
vn 0.8541 0.4895 0.1758
vn 0.8605 0.4827 0.1632
vn 0.8631 0.4420 0.2445
vn 0.6059 -0.1138 -0.7873
vn -0.2227 -0.1702 -0.9599
vn -0.1628 -0.0928 -0.9823
vn -0.5033 -0.5620 -0.6564
vn -0.4833 -0.6661 -0.5682
vn 0.4384 0.1779 -0.8810
vn 0.3161 0.0316 -0.9482
vn 0.2768 -0.1093 -0.9547
vn 0.3705 -0.1081 -0.9225
vn 0.6986 0.0090 -0.7155
vn 0.2258 0.1081 -0.9682
vn -0.1423 -0.0817 -0.9864
vn -0.6770 0.0298 -0.7354
vn 0.5974 -0.8002 0.0526
vn 0.7869 -0.5695 0.2376
vn 0.8830 -0.4681 -0.0332
vn 0.8633 -0.4388 0.2491
vn 0.8874 -0.4138 0.2035
vn 0.9059 -0.3919 0.1604
vn 0.9165 -0.3134 0.2487
vn 0.7367 -0.6304 0.2446
vn 0.8491 -0.1291 0.5123
vn 0.8146 -0.5074 0.2810
vn 0.9445 -0.3114 0.1045
vn 0.1796 -0.9835 0.0236
vn 0.1496 -0.9886 -0.0176
vn 0.1943 -0.9804 0.0317
vn 0.9777 -0.0953 0.1870
vn 0.7092 -0.6610 0.2452
vn 0.6918 -0.6751 0.2562
vn 0.5989 0.7986 0.0599
vn 0.7995 0.5945 -0.0858
vn 0.6281 0.7664 -0.1350
vn 0.7335 0.6211 0.2762
vn 0.9125 0.3838 0.1414
vn 0.9496 0.2840 0.1325
vn 0.9922 0.1235 0.0190
vn 0.6459 -0.7631 0.0213
vn 0.6460 -0.7630 0.0210
vn 0.7055 -0.3017 0.6413
vn 0.7088 -0.7052 0.0172
vn 0.5861 -0.7981 -0.1400
vn 0.9501 -0.2970 -0.0957
vn 0.6772 -0.7100 -0.1930
vn 0.0970 -0.9697 -0.2243
vn 0.1832 -0.9071 0.3789
vn 0.0553 -0.8466 0.5293
vn 0.2495 0.0637 0.9663
vn 0.4163 0.1171 0.9016
vn 0.3446 0.4756 0.8094
vn 0.5205 0.5714 0.6345
vn 0.3657 0.5736 0.7330
vn 0.5591 0.7067 0.4337
vn 0.8806 0.4537 0.1369
vn 0.6153 -0.3968 0.6811
vn 0.5710 -0.5245 0.6315
vn 0.4730 -0.5270 0.7060
vn 0.3553 -0.3370 0.8719
vn 0.6374 -0.0223 0.7702
vn 0.6618 0.2266 0.7146
vn 0.5059 -0.0414 0.8616
vn 0.3405 -0.7486 0.5690
vn 0.7157 -0.0171 0.6982
vn 0.7120 -0.0095 0.7021
vn 0.7034 -0.0523 0.7089
vn 0.6714 -0.0171 0.7409
vn 0.7186 -0.0444 0.6940
vn 0.6559 -0.0166 0.7547
vn 0.7033 -0.0242 0.7105
vn 0.5582 -0.0159 0.8296
vn 0.7153 -0.0021 0.6988
vn 0.7043 0.0110 0.7098
vn 0.7288 0.0156 0.6846
vn 0.8255 -0.1823 0.5341
vn 0.7820 0.0494 0.6213
vn 0.6879 0.1979 0.6983
vn 0.6702 0.1582 0.7251
vn 0.6701 0.6823 0.2922
vn 0.2103 0.9565 0.2020
vn -0.8390 -0.1030 -0.5343
vn 0.4826 0.8310 0.2765
vn 0.6228 0.7567 0.1989
vn 0.9139 0.3468 0.2112
vn 0.6301 0.7581 0.1684
vn 0.5223 0.2502 -0.8152
vn 0.2757 -0.2600 -0.9254
vn 0.9945 -0.0964 0.0405
vn 0.6630 -0.0440 -0.7473
vn 0.9275 0.1050 -0.3588
vn 0.0700 -0.0252 -0.9972
vn 0.0303 0.1988 -0.9796
vn -0.0927 0.1827 -0.9788
vn -0.8798 0.2571 -0.3998
vn -0.8794 0.2571 -0.4006
vn -0.8745 0.2447 -0.4187
vn 0.9304 -0.3449 -0.1239
vn -0.1417 -0.9814 -0.1298
vn 0.7447 -0.6129 -0.2642
vn 0.9794 -0.1059 0.1718
vn 0.9817 -0.0873 0.1695
vn 0.8235 -0.5492 0.1422
vn 0.7813 -0.5960 0.1855
vn 0.6360 -0.7475 0.1917
vn 0.4137 -0.8999 0.1382
vn 0.6202 0.7840 0.0278
vn 0.9445 0.2258 0.2387
vn 0.5909 -0.7941 -0.1427
vn -0.0796 -0.9686 0.2356
vn 0.0667 -0.9790 0.1924
vn 0.3638 -0.8735 0.3236
vn 0.4846 -0.8015 0.3503
vn -0.2642 -0.9356 0.2340
vn -0.0918 -0.9263 0.3654
vn -0.0269 -0.9661 0.2568
vn 0.0076 -0.8647 -0.5022
vn -0.2283 -0.9345 -0.2730
vn 0.6540 -0.6880 -0.3146
vn 0.1595 -0.9423 -0.2943
vn -0.1572 -0.9581 -0.2395
vn -0.7441 -0.6663 -0.0495
vn 0.1439 0.8839 -0.4450
vn 0.2553 0.8769 -0.4074
vn -0.1697 0.9457 0.2773
vn -0.1696 0.9458 0.2768
vn -0.1700 0.9457 0.2770
vn 0.1538 -0.8099 0.5660
vn 0.5356 -0.7249 -0.4333
vn 0.9665 -0.2519 0.0484
vn 0.9664 -0.2524 0.0481
vn 0.9664 -0.2523 0.0486
vn 0.0847 -0.8299 0.5515
vn 0.0871 -0.9887 -0.1223
vn 0.2427 -0.5398 0.8060
vn 0.0122 0.2078 0.9781
vn 0.1588 0.8856 0.4365
vn 0.2364 -0.8732 0.4263
vn 0.2731 -0.8804 0.3878
vn 0.1774 -0.8356 0.5199
vn 0.3596 -0.6479 0.6716
vn 0.8213 0.0264 0.5698
vn 0.5504 0.0142 0.8348
vn 0.5412 -0.0181 0.8407
vn 0.3350 -0.7319 0.5934
vn 0.6538 -0.0670 0.7537
vn 0.7878 -0.0194 0.6156
vn 0.5791 -0.0108 0.8152
vn 0.9957 -0.0276 0.0887
vn 0.5477 -0.0021 0.8366
vn 0.7518 0.0132 0.6592
vn 0.7131 0.0139 0.7009
vn 0.7150 0.0014 0.6991
vn 0.7101 0.0153 0.7039
vn 0.6937 0.0088 0.7202
vn 0.5812 -0.0135 0.8136
vn 0.5322 -0.0466 0.8454
vn 0.5544 0.3162 0.7698
vn 0.6818 0.2392 0.6914
vn 0.6648 0.2763 0.6940
vn 0.3526 0.8797 0.3191
vn 0.9289 0.1295 0.3469
vn 0.9543 0.1344 0.2669
vn 0.9434 0.3013 0.1389
vn -0.1703 0.9853 0.0087
vn 0.5545 0.8058 0.2081
vn 0.5892 0.8007 0.1085
vn 0.6227 0.7702 0.1376
vn 0.0615 -0.1563 -0.9858
vn 0.0617 -0.1567 -0.9857
vn 0.3358 -0.1406 -0.9314
vn 0.3376 -0.1403 -0.9308
vn 0.3607 -0.1435 -0.9216
vn 0.3852 -0.1316 -0.9134
vn 0.7883 -0.0720 -0.6110
vn 0.8920 -0.1241 -0.4347
vn 0.2160 0.0116 -0.9763
vn 0.2734 -0.0177 -0.9617
vn 0.5396 -0.1413 -0.8300
vn 0.4882 -0.0589 -0.8707
vn 0.5514 -0.0419 -0.8332
vn 0.5552 0.0141 -0.8316
vn 0.8844 0.1383 -0.4458
vn 0.4552 -0.0845 -0.8864
vn 0.4610 -0.1116 -0.8804
vn 0.4604 -0.1222 -0.8793
vn 0.4578 -0.1593 -0.8747
vn 0.5718 -0.8111 0.1227
vn 0.5933 -0.7819 0.1913
vn 0.6728 -0.7207 0.1671
vn 0.8481 -0.5297 -0.0087
vn -0.4683 -0.8778 0.1009
vn 0.9863 -0.1202 0.1131
vn 0.6103 -0.7782 0.1479
vn 0.6032 0.7969 0.0329
vn 0.8040 0.5359 -0.2575
vn 0.9485 -0.3161 0.0231
vn 0.5387 -0.8218 -0.1857
vn 0.4444 -0.7966 -0.4098
vn 0.5931 -0.7294 -0.3409
vn 0.0203 -0.9368 -0.3493
vn 0.0650 -0.8710 -0.4870
vn 0.0983 -0.8698 -0.4835
vn -0.0487 -0.9643 -0.2602
vn 0.5099 -0.8568 -0.0769
vn 0.0719 -0.9971 0.0258
vn 0.4209 0.8530 -0.3087
vn 0.2666 0.8220 -0.5032
vn 0.0619 0.8870 -0.4577
vn 0.0302 0.9223 -0.3852
vn -0.0193 0.9202 -0.3911
vn 0.4550 -0.8586 0.2363
vn -0.1498 -0.9703 0.1897
vn -0.0966 -0.9634 0.2501
vn 0.1155 -0.8242 0.5544
vn 0.1152 -0.8243 0.5543
vn -0.0079 -0.9267 0.3757
vn -0.0326 -0.9044 0.4254
vn 0.2918 -0.5413 -0.7886
vn 0.1981 0.2940 -0.9351
vn 0.1986 0.2935 -0.9351
vn 0.2500 -0.9458 0.2072
vn 0.1757 -0.9823 -0.0642
vn 0.0892 -0.8205 0.5646
vn 0.0555 -0.8499 0.5240
vn 0.0786 -0.2665 0.9606
vn 0.0798 -0.3835 0.9201
vn 0.0070 -0.2458 0.9693
vn 0.0156 0.2089 0.9778
vn 0.1564 0.5061 0.8482
vn 0.1897 -0.7993 0.5702
vn 0.3426 0.8533 0.3931
vn 0.3051 0.6782 0.6685
vn 0.3042 0.8112 0.4994
vn 0.5259 0.3476 0.7763
vn 0.3551 0.9028 0.2428
vn 0.7836 0.1164 0.6102
vn 0.8013 0.1134 0.5874
vn 0.7338 0.0680 0.6759
vn 0.8116 0.4431 0.3807
vn 0.8456 0.1220 0.5198
vn 0.9699 0.1187 0.2124
vn -0.3552 0.9279 -0.1134
vn 0.2764 0.8810 -0.3840
vn -0.0725 0.9470 -0.3130
vn -0.4332 0.9007 -0.0326
vn -0.2929 0.9560 -0.0132
vn 0.8478 0.5173 -0.1165
vn 0.8122 0.5832 -0.0168
vn 0.8476 0.5178 -0.1161
vn 0.2643 -0.0037 -0.9644
vn 0.2617 -0.0336 -0.9646
vn 0.8455 0.1598 -0.5095
vn 0.8661 0.1561 -0.4748
vn 0.8423 0.1376 -0.5211
vn 0.5487 -0.8283 0.1135
vn 0.5906 -0.7981 0.1191
vn 0.5938 -0.7909 0.1477
vn 0.8377 -0.5095 0.1968
vn 0.6952 -0.6959 0.1800
vn 0.5320 -0.8357 0.1363
vn -0.8408 -0.5403 -0.0346
vn -0.8530 -0.5216 -0.0170
vn -0.9023 -0.4236 0.0795
vn -0.0610 -0.9944 0.0859
vn 0.9362 -0.3511 0.0174
vn 0.6848 -0.7097 0.1656
vn 0.7229 -0.6785 0.1302
vn 0.6422 -0.7483 0.1665
vn 0.6540 -0.7474 0.1170
vn 0.6316 -0.7636 0.1344
vn 0.6114 -0.7826 0.1169
vn 0.6416 -0.7551 0.1348
vn 0.6838 0.7293 0.0238
vn 0.8039 0.5919 -0.0578
vn 0.8578 -0.4671 -0.2148
vn 0.4396 -0.8514 -0.2861
vn 0.3121 -0.8667 -0.3891
vn 0.3396 -0.8616 -0.3773
vn 0.0969 0.9861 -0.1348
vn 0.0584 0.9845 -0.1651
vn -0.4706 0.7928 -0.3872
vn -0.7619 0.3575 -0.5402
vn -0.7274 0.5880 -0.3539
vn -0.8031 0.1907 -0.5646
vn -0.9083 -0.4084 0.0904
vn -0.7545 -0.6197 0.2159
vn -0.9713 -0.2378 -0.0029
vn -0.0026 -0.9851 0.1721
vn 0.7735 -0.5953 0.2175
vn 0.7726 -0.5961 0.2187
vn 0.7731 -0.5957 0.2181
vn -0.0827 -0.9675 0.2390
vn -0.0993 -0.9005 0.4234
vn -0.0980 -0.9060 0.4118
vn -0.1071 -0.8415 0.5296
vn 0.2064 0.9234 -0.3236
vn 0.6901 -0.5795 0.4336
vn 0.2697 0.4841 0.8325
vn 0.1833 0.6306 0.7541
vn 0.1634 0.5493 0.8195
vn 0.1213 0.7103 0.6933
vn 0.2584 0.6243 0.7372
vn 0.1933 0.7425 0.6413
vn 0.1309 0.8733 0.4692
vn 0.4661 -0.8208 0.3303
vn 0.2101 -0.8954 0.3926
vn 0.2861 0.3344 0.8980
vn 0.6359 -0.2916 0.7146
vn 0.6085 -0.7611 0.2247
vn 0.4986 -0.6776 0.5406
vn 0.4722 -0.8595 0.1957
vn 0.1081 0.9739 -0.1994
vn 0.5978 0.7466 0.2919
vn 0.3490 0.9086 0.2295
vn 0.8670 0.0683 0.4937
vn -0.6248 0.7803 0.0271
vn -0.4768 0.8788 -0.0181
vn -0.4879 0.8725 -0.0251
vn -0.8408 0.5363 -0.0741
vn 0.1649 0.9826 0.0860
vn 0.4252 0.9051 -0.0078
vn 0.4477 0.8915 0.0690
vn -0.3775 0.8431 -0.3830
vn -0.5740 -0.2052 -0.7928
vn -0.5737 -0.2047 -0.7931
vn -0.1776 -0.1125 -0.9777
vn -0.1772 -0.1125 -0.9777
vn 0.5991 -0.1698 -0.7825
vn 0.9923 0.0475 -0.1144
vn 0.9625 0.0996 0.2522
vn 0.9549 0.0130 -0.2967
vn -0.0469 0.0678 -0.9966
vn 0.7830 -0.0259 -0.6214
vn 0.4773 0.1206 -0.8704
vn 0.3474 -0.0666 -0.9353
vn 0.4434 -0.0578 -0.8944
vn 0.3857 -0.0286 -0.9222
vn 0.9978 -0.0339 0.0577
vn 0.9978 -0.0336 0.0580
vn -0.2523 0.1584 -0.9546
vn -0.2527 0.1587 -0.9544
vn 0.4736 -0.8765 0.0868
vn 0.5176 -0.8475 0.1172
vn -0.2406 -0.9695 -0.0471
vn -0.2706 -0.9625 -0.0180
vn -0.2247 -0.9741 -0.0245
vn 0.9075 -0.4038 0.1161
vn 0.9314 -0.3573 -0.0693
vn 0.8499 -0.5259 0.0332
vn 0.6594 -0.7460 0.0931
vn 0.4598 -0.8873 0.0364
vn 0.7525 0.6369 0.1676
vn 0.8298 0.5532 -0.0737
vn 0.8114 0.5561 -0.1799
vn 0.8641 0.4521 -0.2210
vn 0.8271 -0.3066 -0.4710
vn 0.4942 -0.8622 -0.1115
vn 0.4809 -0.8451 -0.2335
vn 0.8935 -0.3782 -0.2419
vn 0.2694 -0.5770 -0.7711
vn 0.3930 -0.6143 -0.6843
vn 0.2289 -0.6286 -0.7433
vn 0.5059 -0.7098 -0.4901
vn 0.5352 -0.7872 -0.3063
vn 0.5443 -0.8211 -0.1722
vn 0.3799 -0.4626 -0.8011
vn 0.1843 -0.9351 -0.3027
vn 0.0733 -0.9466 -0.3139
vn -0.0794 -0.9954 -0.0540
vn -0.0055 0.9416 -0.3366
vn -0.6340 -0.7202 0.2815
vn -0.3476 0.1086 0.9314
vn -0.3480 0.1080 0.9313
vn -0.3480 0.1084 0.9312
vn -0.0765 -0.8454 0.5286
vn 0.0650 -0.9965 0.0521
vn -0.0833 -0.8795 0.4685
vn 0.1103 -0.8178 0.5648
vn 0.0587 -0.5034 0.8621
vn -0.0122 -0.5797 0.8147
vn 0.2285 -0.0174 0.9734
vn 0.3593 -0.0686 0.9307
vn 0.2699 -0.4167 0.8680
vn 0.3029 -0.6025 0.7385
vn 0.7204 0.2108 0.6607
vn 0.3895 -0.7092 0.5877
vn 0.5200 0.7552 0.3991
vn 0.7580 -0.2314 -0.6098
vn 0.8626 -0.1467 -0.4841
vn 0.9590 0.0401 -0.2804
vn 0.9068 0.0181 -0.4211
vn 0.9932 -0.0727 -0.0911
vn 0.9843 -0.0305 0.1740
vn 0.9842 -0.0306 0.1743
vn 0.9843 -0.0304 0.1737
vn 0.5089 0.0497 -0.8594
vn 0.5174 0.0513 -0.8542
vn 0.7073 0.1658 -0.6872
vn -0.4593 0.0138 -0.8881
vn -0.5369 0.0951 -0.8383
vn -0.6617 0.2668 -0.7007
vn -0.7184 0.3657 -0.5918
vn 0.5150 0.1130 -0.8497
vn 0.5262 0.1377 -0.8391
vn 0.5803 0.1405 -0.8022
vn 0.3524 -0.9351 0.0371
vn -0.1008 -0.9922 0.0737
vn 0.9462 -0.3040 -0.1112
vn 0.9460 -0.3044 -0.1114
vn -0.3141 -0.9464 0.0754
vn -0.2576 -0.9661 0.0190
vn 0.4360 -0.8634 0.2539
vn 0.5085 -0.8592 0.0558
vn 0.5764 -0.8167 0.0269
vn 0.1987 -0.9776 0.0693
vn 0.1941 -0.9790 0.0622
vn 0.1752 -0.9793 0.1016
vn 0.4830 -0.8731 -0.0662
vn 0.6828 0.7267 -0.0762
vn 0.3589 -0.6008 -0.7143
vn 0.8340 -0.2599 -0.4867
vn 0.7297 0.1595 -0.6649
vn 0.8660 0.3420 -0.3649
vn 0.5088 0.0140 -0.8608
vn 0.3366 -0.2787 -0.8994
vn -0.1619 -0.7687 -0.6188
vn -0.1112 -0.6802 -0.7246
vn 0.3074 -0.5203 -0.7968
vn 0.3200 -0.7781 -0.5405
vn 0.0753 -0.7192 -0.6907
vn 0.0166 -0.9159 -0.4010
vn 0.0313 -0.5577 -0.8294
vn 0.0293 -0.7352 -0.6772
vn -0.0302 -0.6697 -0.7420
vn -0.0055 -0.7545 -0.6563
vn 0.2392 -0.9639 -0.1170
vn -0.0059 -0.6080 -0.7940
vn -0.0193 -0.5821 -0.8129
vn 0.0082 -0.9602 -0.2792
vn 0.0081 -0.9601 -0.2795
vn -0.1825 0.8977 -0.4011
vn -0.1824 0.8979 -0.4007
vn -0.1821 0.8976 -0.4014
vn -0.7792 -0.0227 -0.6264
vn -0.8731 0.2934 0.3893
vn -0.6383 0.7568 0.1405
vn -0.2198 0.9474 -0.2326
vn -0.3500 0.7830 -0.5142
vn -0.4447 0.6948 -0.5652
vn -0.8867 0.4623 -0.0034
vn -0.8867 0.4623 -0.0029
vn -0.0783 -0.8335 0.5469
vn -0.2145 -0.9721 0.0950
vn -0.0987 -0.6517 0.7521
vn -0.0063 -0.7337 0.6794
vn -0.0320 -0.7531 0.6571
vn 0.1118 -0.1675 0.9795
vn 0.1145 -0.1244 0.9856
vn 0.1260 0.5593 0.8193
vn 0.2910 0.7434 0.6022
vn 0.1377 0.8070 0.5742
vn 0.1561 -0.9550 0.2520
vn 0.3897 -0.7020 0.5961
vn 0.4910 0.0008 0.8711
vn 0.4448 0.0177 0.8955
vn 0.5465 0.8132 0.2003
vn 0.5977 0.0506 0.8001
vn 0.5847 0.0556 0.8093
vn 0.5752 0.0571 0.8160
vn 0.4051 0.2106 0.8897
vn 0.5645 0.0497 0.8239
vn 0.8845 0.0332 0.4654
vn 0.8482 0.5058 0.1571
vn 0.9781 0.1238 0.1676
vn -0.3905 0.9195 -0.0448
vn -0.3534 0.9346 -0.0415
vn -0.1707 0.9794 -0.1077
vn 0.5254 0.0602 -0.8487
vn 0.7815 0.2173 -0.5848
vn -0.4470 -0.8936 0.0404
vn -0.0317 -0.9370 0.3479
vn 0.8551 -0.4717 0.2153
vn 0.9350 -0.3384 0.1061
vn 0.9727 -0.1427 0.1829
vn 0.6764 0.7130 -0.1846
vn 0.6152 0.7783 -0.1260
vn 0.8416 0.5256 -0.1243
vn 0.3196 -0.0685 -0.9451
vn 0.4232 -0.0668 -0.9036
vn 0.3515 -0.2048 -0.9135
vn -0.1108 -0.7349 -0.6691
vn 0.3957 -0.4040 -0.8248
vn 0.0290 -0.3940 -0.9187
vn -0.0461 -0.7541 -0.6551
vn -0.2921 -0.9555 0.0405
vn -0.1586 -0.9796 0.1234
vn -0.0965 -0.9953 -0.0045
vn -0.6007 0.6358 -0.4847
vn -0.6007 0.6356 -0.4850
vn 0.0493 -0.9881 -0.1456
vn -0.3203 -0.8469 0.4245
vn -0.0262 -0.8301 0.5569
vn -0.0044 -0.7999 0.6001
vn 0.0687 -0.8030 0.5920
vn 0.0980 -0.7974 0.5954
vn -0.0118 -0.7889 0.6144
vn 0.0735 -0.7469 0.6609
vn 0.4663 -0.6272 0.6239
vn 0.9830 -0.1726 0.0627
vn 0.9544 -0.2350 0.1839
vn 0.9776 -0.1885 0.0932
vn 0.9442 -0.2501 0.2141
vn 0.0930 -0.4789 0.8730
vn 0.0731 -0.4941 0.8663
vn 0.0235 -0.4279 0.9035
vn -0.0641 -0.0187 0.9978
vn 0.0923 0.4317 0.8973
vn 0.0612 0.4377 0.8970
vn 0.0783 0.4452 0.8920
vn 0.0963 0.8078 0.5816
vn 0.2024 -0.9337 -0.2954
vn 0.2245 -0.9393 0.2595
vn 0.1661 -0.5913 0.7892
vn 0.5867 0.7466 0.3136
vn 0.7463 0.1969 0.6358
vn 0.7490 0.3645 0.5533
vn 0.6811 0.3706 0.6315
vn 0.4866 0.8394 0.2423
vn 0.9806 0.1815 0.0745
vn -0.5104 -0.0759 -0.8566
vn -0.6233 -0.0333 -0.7813
vn -0.4989 -0.0852 -0.8625
vn -0.4298 -0.0482 -0.9016
vn -0.4203 -0.0424 -0.9064
vn -0.4568 -0.0364 -0.8888
vn 0.9986 -0.0523 0.0007
vn 0.9623 -0.2322 0.1419
vn 0.9856 -0.1691 -0.0020
vn 0.9473 -0.2599 0.1872
vn 0.2539 -0.9475 -0.1943
vn 0.2534 -0.9475 -0.1951
vn 0.2537 -0.9475 -0.1945
vn -0.4776 -0.8775 -0.0431
vn 0.9449 -0.2638 -0.1937
vn 0.6919 -0.7209 0.0387
vn 0.7711 -0.5776 0.2679
vn 0.6989 -0.7007 0.1433
vn 0.7714 -0.6319 0.0751
vn 0.5712 -0.8200 -0.0363
vn 0.9133 0.1105 -0.3920
vn 0.9131 0.1109 -0.3923
vn 0.9131 0.1113 -0.3923
vn 0.9115 -0.1046 -0.3977
vn 0.3509 -0.1326 -0.9270
vn 0.2114 0.0056 -0.9774
vn 0.5150 -0.0427 -0.8561
vn -0.0019 -0.4264 -0.9045
vn -0.0373 -0.5689 -0.8215
vn -0.0439 -0.5687 -0.8214
vn -0.0440 -0.8504 -0.5243
vn -0.1474 -0.9779 0.1483
vn 0.3268 -0.9407 -0.0910
vn 0.3268 -0.9407 -0.0907
vn 0.3273 -0.9406 -0.0904
vn -0.0386 -0.9872 0.1550
vn -0.0390 -0.9871 0.1555
vn -0.0166 -0.7929 0.6091
vn 0.0008 -0.8133 0.5818
vn -0.2054 -0.7606 0.6159
vn -0.2334 -0.7617 0.6044
vn -0.1322 -0.7094 0.6923
vn 0.0549 -0.5634 0.8243
vn 0.0721 -0.3643 0.9285
vn 0.0211 -0.4968 0.8676
vn 0.8659 0.2739 -0.4185
vn 0.8727 0.3884 -0.2959
vn 0.8177 0.1063 -0.5657
vn -0.0030 0.5965 -0.8026
vn 0.0159 0.6087 -0.7933
vn 0.0304 0.6656 -0.7457
vn -0.0375 0.6433 -0.7647
vn 0.9930 -0.1109 -0.0401
vn 0.9786 -0.1820 0.0961
vn 0.9912 -0.1324 0.0005
vn -0.0640 0.8193 -0.5698
vn -0.1482 0.9883 -0.0345
vn 0.0897 0.7524 -0.6526
vn 0.9699 -0.2021 0.1358
vn 0.1159 -0.4714 0.8743
vn 0.5070 -0.5770 0.6403
vn 0.0313 0.4638 0.8854
vn 0.2305 0.5634 0.7934
vn 0.0690 0.7284 0.6817
vn 0.1136 0.7625 0.6370
vn 0.1429 -0.8798 0.4534
vn 0.1818 0.1194 0.9761
vn -0.1792 0.9440 0.2772
vn 0.1844 -0.8406 0.5093
vn 0.1392 -0.8910 0.4322
vn 0.1308 -0.8967 0.4230
vn 0.3815 -0.0164 0.9242
vn 0.3156 0.0559 0.9472
vn 0.6704 0.6678 0.3236
vn 0.4836 0.0402 0.8744
vn 0.1427 0.0933 0.9854
vn 0.6471 0.0934 0.7567
vn 0.6109 0.1863 0.7695
vn 0.6915 0.1462 0.7074
vn 0.5617 0.2042 0.8017
vn 0.7234 0.2574 0.6407
vn 0.7598 0.2194 0.6120
vn 0.7528 0.5476 0.3653
vn 0.7446 0.5705 0.3464
vn 0.8214 0.4188 0.3872
vn 0.8448 0.5282 0.0857
vn 0.8755 0.4791 0.0623
vn 0.9053 0.4247 -0.0050
vn 0.9273 0.2845 -0.2434
vn -0.3442 0.9346 0.0892
vn -0.3766 0.9224 0.0860
vn -0.5132 -0.0025 -0.8582
vn -0.6404 0.0996 -0.7615
vn -0.6631 0.0728 -0.7450
vn 0.9692 -0.2231 -0.1040
vn -0.2280 0.0241 -0.9734
vn -0.2584 -0.0310 -0.9655
vn -0.2293 0.0248 -0.9730
vn -0.5310 -0.8144 0.2339
vn -0.5114 -0.8370 0.1948
vn 0.9772 -0.1871 0.1008
vn 0.8746 -0.4788 0.0761
vn 0.7704 -0.6362 -0.0416
vn 0.9350 -0.1873 -0.3012
vn 0.9378 -0.3470 -0.0076
vn 0.9892 -0.1450 -0.0205
vn 0.7293 -0.5819 -0.3599
vn 0.7323 -0.6775 -0.0685
vn 0.5060 -0.7299 -0.4596
vn 0.7138 0.5160 -0.4736
vn 0.6701 0.5820 -0.4607
vn 0.5941 0.5443 -0.5923
vn 0.6690 0.1761 -0.7221
vn 0.0806 -0.0209 -0.9965
vn 0.1768 0.4050 -0.8971
vn 0.2169 0.2277 -0.9493
vn -0.0736 -0.3410 -0.9372
vn -0.0789 -0.9132 -0.3997
vn 0.0871 -0.5561 0.8265
vn 0.0232 -0.4818 0.8760
vn 0.0482 -0.4398 0.8968
vn 0.0998 -0.2767 0.9558
vn 0.7458 -0.0368 -0.6651
vn 0.0035 0.0506 -0.9987
vn -0.0586 0.4081 -0.9110
vn -0.0031 0.2370 -0.9715
vn -0.0842 0.2275 0.9701
vn -0.1899 0.9057 -0.3790
vn -0.1145 0.8457 -0.5213
vn 0.1370 -0.5793 0.8035
vn -0.1352 0.2621 0.9555
vn -0.1353 0.2624 0.9554
vn 0.0772 0.7721 0.6308
vn 0.0961 -0.8052 0.5852
vn 0.2412 -0.6151 0.7506
vn 0.2642 -0.9430 0.2022
vn 0.2641 -0.9432 0.2018
vn 0.4421 -0.6566 -0.6111
vn 0.4756 0.6172 0.6268
vn 0.4329 0.7813 0.4496
vn 0.4746 0.4526 0.7549
vn 0.4252 0.0431 0.9041
vn 0.7164 0.2441 0.6536
vn 0.5729 0.2904 0.7664
vn 0.5468 0.4959 0.6746
vn 0.4834 0.6868 0.5428
vn 0.5878 0.4765 0.6538
vn 0.5607 0.5945 0.5764
vn 0.8844 0.2195 0.4120
vn 0.8908 0.4512 -0.0540
vn 0.7772 0.6241 0.0804
vn 0.9663 0.2512 -0.0565
vn 0.5432 0.7103 0.4477
vn 0.4555 0.7575 0.4676
vn 0.5818 0.6934 0.4251
vn 0.4560 -0.0577 -0.8881
vn 0.8041 0.1164 -0.5830
vn 0.7835 0.3000 -0.5443
vn -0.3680 -0.0567 -0.9281
vn 0.9073 0.1049 -0.4072
vn 0.9247 -0.3327 -0.1852
vn 0.3804 -0.8936 -0.2380
vn 0.6083 0.7008 -0.3726
vn 0.8712 0.4152 -0.2620
vn 0.4791 0.3963 -0.7832
vn 0.4906 0.3856 -0.7814
vn 0.3940 0.4394 -0.8073
vn 0.5809 0.2496 -0.7747
vn 0.6127 0.4836 -0.6251
vn 0.0903 0.5673 -0.8186
vn 0.5187 0.3793 -0.7662
vn 0.1604 0.1396 -0.9771
vn 0.0176 0.1756 -0.9843
vn 0.0022 0.1534 -0.9882
vn -0.9961 0.0880 -0.0085
vn -0.9517 0.2081 -0.2258
vn -0.9625 0.1876 -0.1958
vn -0.0980 -0.6507 0.7529
vn -0.1165 -0.6661 0.7367
vn -0.0005 -0.6125 -0.7904
vn -0.0025 0.7412 -0.6712
vn -0.0738 0.7833 -0.6173
vn -0.0159 0.9011 -0.4334
vn 0.0217 0.8607 -0.5086
vn 0.0859 0.8549 -0.5116
vn -0.7800 0.5198 -0.3483
vn -0.7824 0.5103 -0.3569
vn -0.7910 0.4728 -0.3882
vn -0.0389 0.7004 -0.7127
vn -0.9835 -0.1010 -0.1502
vn -0.9835 -0.1007 -0.1501
vn 0.0281 -0.8918 0.4516
vn 0.6887 -0.4527 -0.5663
vn 0.0018 -0.6713 -0.7412
vn 0.0654 -0.5158 -0.8542
vn 0.0416 -0.5563 -0.8299
vn 0.0401 -0.1619 -0.9860
vn -0.1178 0.1405 -0.9830
vn -0.1177 0.1408 -0.9830
vn -0.1025 0.4062 0.9080
vn -0.0880 0.5186 0.8505
vn -0.0862 0.3710 0.9246
vn -0.0779 0.5083 0.8576
vn 0.1487 0.9459 0.2884
vn 0.0505 -0.7068 0.7056
vn 0.0533 -0.6639 0.7459
vn 0.2612 -0.5253 0.8098
vn 0.4726 0.4259 0.7715
vn 0.5599 0.4516 0.6947
vn 0.8698 -0.3881 0.3046
vn 0.6526 0.6735 0.3472
vn 0.5207 0.8462 0.1134
vn -0.9289 0.3608 -0.0838
vn 0.6365 0.7253 0.2623
vn 0.7055 0.6960 0.1338
vn 0.7347 0.6782 0.0130
vn 0.5621 0.8183 0.1201
vn 0.6445 0.7645 -0.0121
vn 0.9812 -0.1899 0.0340
vn 0.7577 0.6517 -0.0355
vn 0.7915 0.6057 -0.0820
vn 0.8284 0.5544 -0.0798
vn 0.7814 0.6164 -0.0973
vn 0.7901 0.5468 -0.2768
vn 0.7937 0.5905 -0.1459
vn 0.8758 0.4826 -0.0074
vn 0.8894 0.4477 -0.0918
vn 0.8685 0.3484 -0.3526
vn 0.8721 0.3263 -0.3647
vn 0.8483 0.3698 -0.3789
vn -0.4593 0.8333 0.3078
vn -0.4756 0.8096 0.3441
vn -0.4641 0.8554 0.2301
vn 0.8567 0.2031 -0.4741
vn -0.4704 -0.8092 0.3520
vn 0.9466 -0.1418 -0.2896
vn 0.8116 -0.5150 -0.2760
vn 0.8413 -0.3998 -0.3639
vn 0.3043 -0.8702 -0.3875
vn 0.4895 -0.7898 -0.3696
vn 0.6471 0.6952 -0.3129
vn 0.5262 0.7060 -0.4740
vn 0.5751 0.7017 -0.4205
vn -0.5022 0.1196 -0.8565
vn 0.1193 0.5091 -0.8524
vn -0.0047 0.4004 -0.9163
vn 0.0147 0.4276 -0.9038
vn 0.0010 0.3928 -0.9196
vn -0.2450 -0.2935 -0.9240
vn -0.1490 -0.6818 -0.7162
vn -0.3444 -0.9362 -0.0701
vn -0.0484 -0.6837 -0.7282
vn 0.0069 -0.9670 -0.2548
vn -0.3580 -0.9162 -0.1799
vn -0.0897 -0.9646 0.2479
vn -0.0902 -0.8969 0.4330
vn -0.0655 -0.7479 0.6606
vn -0.7705 0.5508 -0.3209
vn 0.0034 0.8523 -0.5231
vn -0.0244 0.8438 -0.5361
vn -0.0113 0.8413 -0.5405
vn -0.2881 -0.2524 0.9238
vn 0.0089 0.6104 0.7921
vn 0.0057 -0.9206 0.3905
vn 0.0056 -0.9787 0.2055
vn 0.2081 -0.9426 0.2611
vn 0.0694 -0.9695 0.2350
vn 0.6219 -0.6761 0.3951
vn -0.0243 -0.6468 -0.7623
vn 0.0384 -0.1658 -0.9854
vn -0.0249 0.2677 0.9632
vn -0.2451 0.7519 0.6120
vn 0.0330 0.8213 0.5695
vn -0.0867 0.8222 0.5626
vn 0.0999 -0.6146 0.7825
vn -0.0044 -0.6406 0.7678
vn 0.1037 -0.8184 0.5652
vn 0.4755 -0.8259 0.3031
vn 0.2320 -0.8659 0.4432
vn 0.4266 -0.8526 0.3016
vn 0.1195 -0.8337 0.5391
vn 0.1000 -0.7667 0.6342
vn 0.0682 -0.1343 0.9886
vn 0.3517 -0.3181 0.8804
vn -0.0478 -0.9796 -0.1951
vn 0.3028 -0.0012 0.9530
vn 0.2993 0.9535 0.0346
vn 0.2314 0.9237 -0.3052
vn 0.2893 0.9567 -0.0313
vn 0.4762 0.4196 0.7728
vn 0.4396 0.8456 0.3028
vn 0.6408 0.7547 0.1408
vn 0.7247 0.6814 0.1028
vn 0.7031 0.6739 0.2271
vn 0.6251 0.7800 0.0278
vn 0.2186 0.7887 -0.5746
vn 0.8065 0.2322 -0.5438
vn 0.9153 0.1572 -0.3707
vn 0.8197 0.1922 -0.5397
vn 0.8035 0.0363 -0.5942
vn 0.5256 0.0065 -0.8507
vn 0.7853 -0.0331 -0.6183
vn 0.8461 -0.2140 -0.4881
vn 0.7884 -0.1040 -0.6064
vn 0.7778 -0.0986 -0.6208
vn 0.1726 -0.7449 -0.6444
vn 0.1723 -0.7449 -0.6445
vn 0.9883 -0.1156 -0.0993
vn 0.8400 -0.5014 -0.2073
vn 0.6359 -0.5783 -0.5110
vn 0.4243 -0.3982 -0.8133
vn 0.4398 -0.4708 -0.7648
vn 0.5964 0.6576 -0.4603
vn 0.4811 0.7485 -0.4564
vn 0.2334 0.6362 -0.7354
vn 0.1102 0.7855 -0.6090
vn 0.1098 0.7855 -0.6090
vn 0.1013 -0.1157 -0.9881
vn 0.1435 -0.0006 -0.9896
vn -0.3545 -0.6164 -0.7031
vn -0.2728 -0.8401 -0.4689
vn -0.0371 -0.8368 0.5462
vn -0.1318 -0.6190 0.7742
vn -0.2346 -0.8115 0.5351
vn -0.9935 0.1135 -0.0019
vn -0.9771 0.2087 -0.0423
vn 0.0034 0.8336 -0.5523
vn -0.0492 -0.5750 0.8167
vn -0.0337 -0.0535 0.9980
vn -0.1791 -0.3814 0.9069
vn -0.0956 -0.4351 0.8953
vn 0.0650 0.0220 0.9976
vn 0.0896 0.0700 0.9935
vn 0.0720 0.0774 0.9944
vn 0.1359 0.1038 0.9853
vn 0.0368 0.6405 0.7671
vn 0.0218 0.7226 0.6909
vn -0.0203 0.7252 0.6883
vn 0.0017 -0.9220 0.3871
vn 0.0067 -0.9975 0.0698
vn 0.0068 -0.9976 0.0695
vn 0.0074 -0.9975 0.0698
vn 0.0737 -0.9389 -0.3363
vn 0.0259 -0.9237 -0.3823
vn -0.1272 -0.9654 -0.2276
vn -0.0588 -0.9933 -0.1000
vn -0.0483 -0.9985 0.0269
vn 0.0436 -0.6944 -0.7183
vn -0.1677 0.3843 0.9079
vn -0.0007 0.5016 0.8651
vn 0.1665 0.6958 0.6987
vn -0.1445 -0.4744 0.8684
vn -0.1975 -0.4944 0.8465
vn -0.1978 -0.4530 0.8693
vn 0.0977 -0.7095 0.6979
vn 0.0581 -0.8714 0.4871
vn 0.3552 -0.3501 0.8667
vn 0.3845 -0.5544 0.7381
vn 0.3438 0.5888 0.7315
vn 0.2138 0.9038 -0.3707
vn 0.3631 0.4732 0.8027
vn 0.5274 0.6274 0.5729
vn 0.3720 0.7509 0.5456
vn 0.5450 0.5882 -0.5975
vn 0.6372 0.4083 -0.6537
vn 0.8929 -0.0310 -0.4492
vn 0.6360 0.2485 -0.7306
vn 0.9007 0.1615 -0.4034
vn 0.7534 0.1063 -0.6489
vn 0.8064 0.2763 -0.5228
vn 0.1805 0.0147 -0.9835
vn -0.1772 0.0012 -0.9842
vn 0.7564 -0.4040 -0.5144
vn 0.5976 -0.6254 -0.5017
vn 0.4188 -0.7886 -0.4503
vn 0.1820 0.8691 -0.4599
vn 0.2545 0.5520 -0.7941
vn 0.1678 0.6730 -0.7203
vn 0.0720 0.8729 -0.4825
vn 0.0690 0.8169 -0.5726
vn -0.0024 0.4425 -0.8968
vn -0.0036 0.3754 -0.9269
vn -0.5071 0.4943 -0.7061
vn -0.1701 0.5158 0.8396
vn -0.0675 -0.6030 0.7949
vn 0.0334 -0.6147 0.7880
vn 0.0062 0.1373 0.9905
vn -0.0074 0.2727 0.9621
vn -0.0440 0.5259 0.8494
vn -0.0245 0.6327 0.7740
vn -0.0905 -0.9362 0.3397
vn -0.1588 -0.9227 0.3514
vn -0.2391 -0.9006 0.3629
vn -0.2937 -0.8816 0.3695
vn -0.3187 -0.4973 -0.8069
vn 0.0148 -0.9520 -0.3058
vn -0.9748 -0.2181 0.0471
vn -0.9776 -0.2030 0.0561
vn -0.9914 -0.0932 0.0916
vn -0.9937 -0.0859 0.0721
vn 0.2453 0.5848 0.7732
vn -0.0535 0.9488 -0.3114
vn -0.1280 0.7488 -0.6504
vn -0.1022 0.8399 -0.5330
vn 0.0879 -0.7017 0.7070
vn 0.0874 -0.7017 0.7071
vn 0.0670 -0.6522 0.7551
vn 0.0896 -0.7081 0.7004
vn -0.0294 -0.6563 0.7539
vn 0.0464 -0.4047 0.9133
vn 0.2606 -0.2911 0.9205
vn 0.0052 0.0357 0.9993
vn 0.2789 -0.5966 0.7525
vn 0.2896 0.0260 0.9568
vn 0.4245 -0.0116 0.9053
vn 0.3057 0.4568 0.8354
vn 0.3766 0.5655 0.7338
vn 0.8279 0.3575 -0.4321
vn 0.9783 0.1476 0.1454
vn 0.9872 0.1584 0.0205
vn 0.8720 0.1882 -0.4519
vn 0.8394 0.1210 -0.5299
vn 0.7855 0.0716 -0.6147
vn 0.8089 0.0380 -0.5867
vn 0.8478 -0.0300 -0.5294
vn 0.8161 -0.0118 -0.5778
vn 0.7708 0.0036 -0.6371
vn 0.5893 0.1188 -0.7991
vn 0.9942 -0.0849 -0.0655
vn 0.9186 -0.0693 -0.3891
vn 0.8486 -0.1325 -0.5122
vn 0.2315 -0.2320 -0.9448
vn 0.2674 -0.4896 -0.8299
vn 0.2433 -0.5738 -0.7820
vn 0.2489 -0.8027 -0.5420
vn 0.0453 0.8578 -0.5120
vn -0.0768 0.8463 0.5272
vn 0.0200 0.8924 -0.4507
vn 0.0106 0.8341 -0.5516
vn 0.1536 0.4514 -0.8790
vn -0.0065 0.5714 -0.8206
vn 0.0985 0.4997 -0.8606
vn -0.0842 0.2154 -0.9729
vn -0.3754 -0.3340 -0.8646
vn -0.3375 -0.6292 -0.7001
vn -0.4800 -0.5901 0.6492
vn -0.1656 -0.8547 0.4921
vn -0.1691 -0.8644 0.4736
vn -0.1021 -0.3357 0.9364
vn -0.0579 -0.6116 0.7890
vn -0.1793 -0.4953 0.8500
vn -0.0603 -0.5841 0.8095
vn -0.3402 -0.4753 0.8114
vn -0.1139 -0.0924 0.9892
vn 0.0112 0.1067 0.9942
vn -0.0856 0.3726 0.9240
vn 0.0116 -0.9904 0.1379
vn 0.1008 -0.8766 -0.4705
vn 0.2420 -0.9370 -0.2521
vn 0.3856 -0.9036 -0.1865
vn -0.9950 -0.0939 0.0329
vn -0.0432 0.9637 -0.2633
vn 0.2738 0.7343 0.6212
vn 0.3064 0.7674 0.5632
vn 0.2742 0.7343 0.6210
vn -0.0247 0.9697 -0.2430
vn -0.0240 0.9696 -0.2435
vn -0.0245 0.9696 -0.2435
vn 0.2315 0.0971 0.9680
vn 0.3741 0.4845 0.7908
vn 0.2686 0.9624 0.0413
vn 0.3847 0.5190 -0.7633
vn 0.4812 0.6494 -0.5888
vn 0.3179 0.3003 -0.8993
vn 0.4738 0.5330 -0.7011
vn 0.8084 0.2626 -0.5268
vn 0.7980 0.1687 -0.5786
vn 0.8256 0.0470 -0.5623
vn 0.7834 -0.0826 -0.6160
vn 0.8041 -0.0290 -0.5938
vn 0.8112 -0.0312 -0.5839
vn 0.3279 0.0526 -0.9432
vn 0.4892 -0.1045 -0.8659
vn 0.5521 -0.3382 -0.7621
vn 0.0581 -0.5393 -0.8401
vn 0.1131 -0.6720 -0.7318
vn -0.0014 0.3408 -0.9401
vn -0.0059 0.9506 -0.3103
vn -0.0527 0.3218 -0.9453
vn 0.0296 0.8882 -0.4584
vn -0.0274 0.6490 -0.7603
vn -0.1027 -0.0764 -0.9918
vn -0.1024 0.4414 -0.8914
vn -0.2540 0.2522 -0.9337
vn -0.0551 0.0872 -0.9947
vn -0.1876 -0.3133 -0.9309
vn -0.3890 -0.5462 -0.7419
vn -0.3062 -0.6770 -0.6693
vn -0.0364 0.1109 0.9932
vn -0.2017 0.0841 0.9758
vn 0.1410 -0.9830 0.1174
vn 0.5593 -0.8242 -0.0887
vn 0.1512 -0.9350 0.3209
vn 0.3398 -0.9019 0.2668
vn 0.3142 -0.9329 0.1758
vn 0.3586 -0.9072 0.2198
vn 0.4262 -0.8938 -0.1395
vn -0.4448 -0.7555 0.4810
vn -0.4069 -0.7587 0.5087
vn -0.4724 -0.7110 0.5208
vn 0.0956 -0.6799 0.7270
vn 0.3477 -0.0350 0.9369
vn -0.2013 -0.0362 0.9789
vn 0.3371 0.9276 -0.1611
vn 0.3572 0.7227 -0.5917
vn 0.2987 0.8343 -0.4633
vn -0.2364 0.7096 -0.6638
vn 0.1734 0.6345 -0.7532
vn 0.1036 0.5629 -0.8200
vn 0.5208 0.2114 -0.8271
vn 0.5591 -0.1149 -0.8211
vn 0.5363 -0.0356 -0.8433
vn 0.4291 -0.0399 -0.9024
vn 0.1464 -0.4791 -0.8655
vn 0.1361 -0.6826 -0.7180
vn 0.1090 -0.5691 -0.8150
vn 0.0934 -0.7062 -0.7018
vn 0.0988 -0.6374 -0.7642
vn 0.1290 -0.8712 -0.4737
vn 0.1236 -0.9868 0.1044
vn 0.0636 -0.6331 -0.7714
vn -0.0760 0.2124 -0.9742
vn -0.0556 0.8507 -0.5227
vn -0.1265 0.5047 -0.8540
vn -0.1342 0.5538 -0.8218
vn -0.1344 0.5541 -0.8215
vn -0.1345 0.5544 -0.8213
vn -0.2500 0.3660 -0.8964
vn -0.2398 -0.5278 -0.8148
vn -0.3797 -0.6819 -0.6252
vn -0.6627 -0.6912 -0.2881
vn -0.2209 -0.9726 0.0722
vn -0.1815 -0.8121 0.5546
vn -0.0903 -0.7555 0.6489
vn -0.1300 -0.8219 0.5546
vn -0.3124 -0.7081 0.6332
vn -0.1741 -0.4941 0.8518
vn -0.1926 0.2080 0.9590
vn -0.1957 0.3138 0.9291
vn -0.1413 0.5663 0.8120
vn -0.0690 0.6809 0.7292
vn -0.0875 0.7266 0.6815
vn -0.0806 0.7869 0.6118
vn 0.2450 -0.0521 0.9681
vn 0.7653 -0.2515 0.5925
vn 0.0044 -0.4520 0.8920
vn 0.2634 0.0191 0.9645
vn 0.2871 0.0120 0.9578
vn 0.2481 0.0825 0.9652
vn 0.2502 0.0789 0.9650
vn 0.1297 0.1152 0.9848
vn 0.1107 0.5530 0.8258
vn 0.1490 0.8786 0.4536
vn 0.1877 0.7778 -0.5999
vn 0.4894 0.6921 0.5305
vn 0.7199 0.6857 -0.1074
vn 0.4776 0.1257 -0.8696
vn 0.7194 0.0494 -0.6928
vn 0.5689 0.1191 -0.8137
vn 0.3889 0.0709 -0.9185
vn 0.5571 0.1053 -0.8238
vn 0.5065 0.0011 -0.8622
vn 0.6303 0.0143 -0.7763
vn 0.5684 -0.0017 -0.8228
vn 0.7099 0.0088 -0.7042
vn 0.8934 -0.0066 -0.4491
vn 0.5357 -0.0568 -0.8425
vn 0.5768 -0.0799 -0.8129
vn 0.2810 -0.1655 -0.9453
vn -0.1381 0.0544 -0.9889
vn 0.5662 -0.0364 -0.8235
vn 0.1699 -0.6415 -0.7480
vn 0.1129 -0.2185 -0.9693
vn 0.0794 -0.5254 -0.8471
vn 0.1312 -0.5864 -0.7994
vn -0.0219 -0.7972 -0.6033
vn 0.0311 -0.8882 -0.4585
vn 0.0296 -0.8981 -0.4388
vn 0.0779 -0.8764 -0.4752
vn -0.1832 -0.8116 -0.5548
vn -0.1047 -0.7835 -0.6126
vn 0.0584 -0.6509 -0.7569
vn 0.0391 0.9385 -0.3430
vn -0.1589 0.6008 -0.7834
vn -0.4285 0.5880 -0.6860
vn 0.1848 0.0292 -0.9823
vn -0.6049 -0.5182 -0.6046
vn -0.6318 -0.3791 -0.6761
vn -0.6308 -0.5891 -0.5051
vn -0.4905 -0.5964 -0.6353
vn -0.6541 -0.5240 -0.5455
vn -0.7969 -0.4208 -0.4334
vn -0.5568 -0.5167 0.6504
vn -0.6788 -0.6886 0.2550
vn -0.6091 -0.7795 -0.1462
vn -0.6199 -0.7719 0.1406
vn -0.1362 -0.8247 0.5490
vn -0.3618 -0.8815 0.3033
vn -0.5446 -0.6175 0.5675
vn -0.0412 -0.4964 0.8671
vn -0.0813 0.3558 0.9310
vn 0.0685 0.3204 0.9448
vn -0.0659 0.5764 0.8145
vn -0.2016 -0.8850 0.4196
vn -0.1229 -0.7656 0.6315
vn -0.1585 -0.3939 0.9054
vn -0.0013 -0.0014 1.0000
vn -0.0713 0.0035 0.9975
vn 0.2369 -0.0498 0.9702
vn 0.1789 0.1943 0.9645
vn 0.1997 0.1472 0.9687
vn 0.1059 0.1027 0.9891
vn 0.4161 -0.8734 0.2532
vn 0.3008 0.6087 0.7342
vn 0.0244 0.9931 0.1146
vn 0.2881 0.7642 0.5770
vn 0.2097 0.7487 0.6289
vn 0.2806 0.7011 0.6556
vn 0.2196 0.7525 0.6209
vn 0.1424 0.7596 -0.6346
vn 0.0926 0.5410 -0.8359
vn 0.1053 0.6216 -0.7762
vn 0.0734 0.5169 -0.8529
vn 0.0768 0.4365 -0.8964
vn 0.1537 0.4966 -0.8543
vn 0.3211 0.5285 -0.7858
vn 0.0300 0.1263 -0.9915
vn 0.1413 0.4104 -0.9009
vn 0.4538 0.0309 -0.8906
vn 0.3367 0.0129 -0.9415
vn 0.5872 0.0305 -0.8088
vn 0.6437 0.1383 -0.7527
vn 0.6136 -0.2188 -0.7587
vn 0.7258 -0.2395 -0.6448
vn 0.4821 -0.0280 -0.8757
vn 0.6169 -0.0916 -0.7817
vn 0.1461 -0.4434 -0.8843
vn 0.1016 -0.4597 -0.8822
vn 0.0077 -0.4123 -0.9110
vn -0.1212 -0.0963 -0.9879
vn -0.0000 -0.4832 -0.8755
vn 0.0509 -0.0965 -0.9940
vn -0.0108 0.7508 -0.6605
vn -0.1113 0.6881 -0.7170
vn -0.1513 0.7431 -0.6518
vn -0.1356 0.6566 -0.7420
vn -0.8966 -0.3657 -0.2497
vn -0.9503 -0.1960 -0.2419
vn -0.9025 -0.4002 -0.1594
vn -0.8635 -0.4951 -0.0964
vn -0.8312 -0.5371 -0.1434
vn -0.6281 -0.7776 -0.0276
vn -0.7181 -0.6958 0.0108
vn -0.5600 -0.2982 0.7730
vn -0.3071 -0.7265 0.6147
vn -0.2765 -0.5500 0.7880
vn -0.4175 -0.1591 0.8946
vn -0.0642 0.4450 0.8932
vn -0.2569 0.1958 0.9464
vn -0.6376 0.1843 0.7480
vn -0.4953 0.0094 0.8687
vn -0.0271 -0.0032 0.9996
vn -0.1908 0.6442 0.7406
vn -0.0606 0.5573 0.8281
vn -0.0852 0.7732 0.6284
vn -0.0873 0.7945 0.6010
vn 0.1608 -0.0636 -0.9849
vn -0.0123 -0.6764 0.7364
vn -0.1123 -0.7807 0.6147
vn 0.0271 -0.0072 0.9996
vn 0.2408 0.2372 0.9411
vn 0.1326 -0.2329 0.9634
vn -0.1261 -0.0757 0.9891
vn -0.1264 -0.0753 0.9891
vn 0.1323 0.6464 0.7515
vn 0.1401 0.5821 0.8009
vn 0.1701 0.8314 -0.5290
vn 0.1578 0.4921 -0.8561
vn 0.2222 0.5221 -0.8234
vn 0.4103 0.1359 -0.9018
vn -0.0178 0.0133 -0.9998
vn 0.0071 -0.2939 -0.9558
vn 0.0921 -0.5311 -0.8423
vn -0.0632 -0.7362 -0.6738
vn 0.0150 0.4121 -0.9110
vn -0.0495 -0.5618 -0.8258
vn -0.0868 -0.6132 -0.7851
vn -0.2034 -0.6986 -0.6861
vn -0.1363 -0.8365 -0.5308
vn -0.1162 -0.8200 -0.5605
vn -0.0679 0.6992 -0.7117
vn -0.2307 0.5917 -0.7725
vn -0.5812 0.1012 -0.8075
vn -0.5819 0.0895 -0.8083
vn -0.5804 0.1061 -0.8074
vn -0.6966 0.1289 -0.7057
vn -0.6954 0.2073 -0.6881
vn -0.9102 0.3124 -0.2718
vn -0.9049 -0.0252 -0.4248
vn -0.9572 0.1130 -0.2663
vn -0.8545 -0.5084 -0.1067
vn -0.7778 -0.5337 -0.3318
vn -0.6897 -0.7233 0.0350
vn -0.9018 -0.2722 0.3357
vn -0.8125 -0.4739 0.3395
vn -0.6771 -0.4516 0.5810
vn -0.7792 -0.5181 0.3529
vn -0.7335 -0.5737 0.3645
vn -0.6580 -0.6159 0.4332
vn -0.6593 -0.4987 0.5627
vn -0.6161 -0.6415 0.4572
vn -0.6130 -0.4685 0.6362
vn -0.3900 0.4370 0.8105
vn -0.3902 0.4366 0.8106
vn -0.0625 0.4578 0.8868
vn -0.0906 0.4929 0.8654
vn -0.2232 -0.1746 0.9590
vn 0.1741 0.0322 0.9842
vn 0.1054 0.2111 0.9718
vn 0.1405 0.9735 0.1803
vn 0.0909 0.8333 -0.5453
vn 0.1967 0.8314 -0.5197
vn 0.0646 0.8011 -0.5950
vn 0.1756 0.7676 -0.6164
vn 0.0687 0.7894 -0.6100
vn 0.0364 0.6660 -0.7451
vn 0.0615 0.3597 -0.9310
vn 0.0883 0.4573 -0.8849
vn -0.0532 0.5310 -0.8457
vn 0.1375 0.0138 -0.9904
vn 0.0639 0.3940 -0.9169
vn -0.0762 -0.5457 -0.8345
vn -0.2100 -0.7217 -0.6596
vn -0.1818 0.6022 -0.7773
vn -0.2542 0.5932 -0.7639
vn -0.5795 0.1235 -0.8055
vn -0.7574 0.0218 -0.6526
vn -0.8810 -0.3128 0.3548
vn -0.8538 -0.5098 0.1058
vn -0.9325 -0.3606 0.0191
vn -0.9357 -0.0959 -0.3396
vn -0.9076 -0.3971 -0.1360
vn -0.0797 -0.8939 -0.4412
vn -0.7280 -0.6722 -0.1346
vn -0.8373 -0.5430 0.0635
vn -0.8291 -0.5590 0.0063
vn -0.9112 -0.4107 -0.0325
vn -0.9351 -0.3538 0.0208
vn -0.6831 -0.3873 0.6192
vn -0.4705 -0.5035 0.7247
vn -0.4617 -0.4775 0.7476
vn -0.6051 -0.3941 0.6918
vn -0.4350 -0.4162 0.7985
vn -0.4168 0.2415 0.8763
vn -0.3678 0.2430 0.8976
vn -0.3560 0.0897 0.9302
vn -0.1326 0.0126 0.9911
vn 0.1225 0.1603 0.9794
vn 0.0689 0.1202 0.9904
vn 0.1254 0.2630 0.9566
vn 0.0108 0.2618 0.9651
vn -0.1763 0.7258 0.6649
vn -0.1267 0.8199 0.5584
vn -0.0836 0.8945 0.4392
vn 0.0158 -0.9997 0.0197
vn -0.1966 -0.8028 0.5629
vn -0.0425 -0.0261 0.9988
vn -0.0292 -0.0047 0.9996
vn -0.0254 -0.1036 0.9943
vn -0.0541 0.7420 -0.6682
vn 0.1970 0.0143 0.9803
vn -0.0701 0.9970 -0.0321
vn 0.0513 0.9980 0.0362
vn 0.2362 0.9317 0.2760
vn 0.1401 0.7348 0.6636
vn -0.1082 0.2937 0.9498
vn -0.0540 0.0701 0.9961
vn 0.1794 0.9327 0.3128
vn 0.1034 0.5820 0.8066
vn 0.0909 0.7530 0.6517
vn 0.2001 0.9598 -0.1968
vn 0.2418 0.7870 -0.5676
vn -0.0394 0.2613 -0.9645
vn -0.1594 -0.7763 -0.6099
vn -0.1555 -0.6926 -0.7043
vn -0.7744 0.1797 -0.6067
vn -0.7240 0.3351 -0.6029
vn -0.7238 0.3353 -0.6031
vn -0.8694 0.4935 -0.0267
vn -0.8690 0.4940 -0.0262
vn -0.9185 -0.3772 -0.1187
vn -0.7047 -0.7029 0.0968
vn -0.6409 -0.7569 0.1280
vn -0.4967 -0.8563 0.1416
vn -0.5063 -0.8353 0.2144
vn -0.3677 -0.9258 0.0878
vn -0.8371 -0.5019 0.2178
vn -0.8341 -0.5101 0.2099
vn -0.9103 -0.4050 0.0858
vn -0.6867 -0.4966 0.5309
vn -0.6532 -0.3707 0.6602
vn 0.2603 -0.4850 0.8349
vn -0.1290 -0.1052 0.9860
vn 0.0031 0.6238 0.7816
vn -0.2082 0.5352 0.8187
vn -0.1714 0.6316 0.7561
vn -0.3873 0.4320 0.8145
vn -0.2018 0.8446 0.4959
vn -0.0600 0.7754 0.6286
vn -0.0679 -0.0314 0.9972
vn -0.1341 0.1031 0.9856
vn 0.2209 -0.4351 0.8729
vn 0.0460 -0.6820 0.7299
vn 0.0520 -0.5687 0.8209
vn 0.0364 -0.4162 0.9085
vn -0.0055 0.9487 0.3162
vn -0.0803 0.6040 0.7929
vn 0.0032 0.9402 0.3407
vn 0.0034 0.9347 0.3555
vn 0.0465 0.8388 -0.5424
vn 0.1145 0.8387 -0.5324
vn 0.5297 0.7314 -0.4296
vn 0.3303 0.6198 -0.7119
vn 0.1601 0.4665 -0.8699
vn 0.0018 0.3486 -0.9373
vn -0.0589 -0.6080 -0.7918
vn 0.0027 -0.5263 -0.8503
vn -0.1420 -0.6471 -0.7491
vn -0.0498 -0.7768 -0.6277
vn -0.7549 0.4532 -0.4742
vn -0.7832 0.4745 -0.4017
vn -0.9461 0.3059 -0.1067
vn -0.9296 0.2905 -0.2270
vn -0.9476 0.1800 -0.2639
vn -0.9711 0.2349 -0.0415
vn -0.9714 0.2340 -0.0414
vn -0.9713 0.2344 -0.0411
vn -0.5129 -0.6297 0.5835
vn -0.9164 -0.2674 -0.2977
vn -0.9208 -0.3520 -0.1676
vn -0.7332 0.0667 -0.6767
vn -0.9347 -0.3507 0.0588
vn -0.7327 -0.6797 0.0329
vn -0.6830 -0.7299 0.0290
vn -0.0180 -0.9997 0.0133
vn -0.9880 -0.1363 0.0728
vn -0.7651 -0.4177 0.4900
vn -0.3726 0.2777 0.8855
vn -0.3729 0.2774 0.8854
vn -0.3215 0.3364 0.8852
vn -0.5618 0.0320 0.8267
vn -0.6277 0.1171 0.7696
vn -0.5577 0.0800 0.8262
vn -0.3203 0.7081 0.6292
vn -0.3066 0.6229 0.7197
vn -0.2667 0.7262 0.6336
vn -0.3211 0.6294 0.7076
vn -0.2033 0.8865 0.4156
vn -0.3262 0.3460 0.8797
vn -0.0089 0.3858 0.9225
vn 0.0523 0.7588 0.6492
vn -0.0598 0.3409 0.9382
vn 0.2072 0.2196 0.9533
vn 0.0303 0.7887 0.6141
vn 0.0464 0.6568 0.7526
vn 0.2484 0.8477 -0.4687
vn 0.0068 0.0087 -0.9999
vn -0.0133 0.1590 -0.9872
vn -0.2603 -0.8980 -0.3547
vn -0.1813 -0.8186 -0.5449
vn -0.8077 0.5862 -0.0630
vn -0.9435 0.3306 -0.0207
vn -0.9472 0.3193 -0.0307
vn -0.9314 0.3633 -0.0245
vn -0.8397 0.5431 -0.0015
vn -0.9340 0.3570 0.0140
vn -0.9689 0.2435 0.0443
vn -0.9965 0.0523 -0.0654
vn -0.9654 -0.2460 0.0871
vn -0.9868 -0.1600 -0.0251
vn -0.8969 -0.4283 0.1106
vn -0.2231 -0.8905 0.3967
vn -0.8325 -0.4379 0.3395
vn -0.8558 0.3060 0.4171
vn -0.8560 0.3060 0.4167
vn -0.8561 0.3056 0.4167
vn -0.5152 0.6127 0.5993
vn -0.4851 0.5530 0.6774
vn -0.8271 0.4910 0.2736
vn -0.4784 0.6035 0.6380
vn -0.3185 0.7006 0.6386
vn -0.3688 0.8557 0.3631
vn -0.2247 0.9055 0.3600
vn -0.2923 -0.1811 0.9390
vn -0.2482 -0.9471 0.2035
vn -0.2966 -0.6034 0.7402
vn -0.1091 -0.9752 -0.1924
vn -0.0913 -0.9700 0.2252
vn -0.2918 -0.5198 0.8029
vn -0.2051 -0.0266 0.9784
vn -0.2209 -0.4007 0.8892
vn -0.1295 -0.5406 0.8312
vn -0.1981 -0.4378 0.8770
vn -0.2756 -0.2775 0.9204
vn -0.1509 -0.1190 0.9814
vn 0.0691 0.3070 0.9492
vn -0.0719 -0.0416 0.9965
vn -0.0638 -0.0879 0.9941
vn -0.0453 -0.1881 0.9811
vn -0.0408 -0.2159 0.9756
vn -0.1115 0.3693 0.9226
vn -0.1727 0.7541 0.6336
vn -0.2324 0.1128 0.9661
vn -0.1370 0.5843 0.7999
vn -0.0031 0.7251 0.6886
vn -0.0669 0.7561 0.6511
vn 0.0198 0.2268 0.9737
vn -0.0765 0.9223 0.3788
vn 0.0191 0.9935 -0.1124
vn 0.0240 0.9229 -0.3843
vn 0.0078 0.9615 -0.2747
vn 0.0108 0.9551 -0.2960
vn 0.0910 0.6936 -0.7146
vn 0.0784 0.5967 -0.7986
vn 0.2702 0.6732 -0.6884
vn -0.0357 0.2967 -0.9543
vn 0.0761 0.4463 -0.8916
vn -0.0925 -0.0838 -0.9922
vn -0.1938 -0.5860 -0.7868
vn -0.1594 -0.7454 -0.6473
vn -0.5190 -0.7870 -0.3335
vn -0.3554 -0.9287 -0.1062
vn -0.9164 0.4000 -0.0163
vn -0.9076 0.4188 -0.0297
vn -0.9902 -0.1041 0.0931
vn -0.9502 -0.0848 0.2997
vn -0.9789 0.0273 0.2024
vn -0.3477 0.6313 0.6932
vn -0.3471 0.6314 0.6934
vn -0.6010 -0.6675 -0.4396
vn -0.8108 0.5418 0.2216
vn -0.5164 0.7106 0.4779
vn -0.7971 0.5787 0.1727
vn -0.7849 0.6060 0.1289
vn -0.7430 0.6269 0.2342
vn -0.3546 0.8693 0.3444
vn -0.4857 0.8237 0.2926
vn -0.6048 0.7534 0.2580
vn -0.6928 0.6583 0.2943
vn -0.4112 -0.7906 0.4537
vn -0.2389 -0.0292 0.9706
vn -0.2364 -0.0110 0.9716
vn -0.2682 -0.3187 0.9091
vn -0.1022 0.9379 0.3316
vn -0.0758 0.3500 0.9337
vn -0.1783 0.0318 0.9835
vn -0.0650 0.0905 0.9938
vn -0.8214 -0.1544 0.5491
vn 0.3345 0.0512 0.9410
vn -0.0139 -0.0124 0.9998
vn -0.1852 0.7718 0.6083
vn -0.1407 0.5627 0.8146
vn -0.1294 0.7394 0.6607
vn 0.0980 0.6548 0.7494
vn 0.0906 0.9819 -0.1663
vn 0.0015 0.4990 -0.8666
vn 0.0440 0.2382 -0.9702
vn -0.1928 0.0108 -0.9812
vn -0.2041 -0.4503 -0.8692
vn -0.5131 0.8353 -0.1972
vn -0.5172 0.8372 -0.1779
vn -0.7688 -0.6315 -0.1010
vn -0.6053 0.7851 0.1310
vn -0.7323 0.6809 0.0072
vn -0.6341 0.7582 0.1523
vn -0.6276 0.7725 0.0968
vn -0.6981 0.7144 -0.0489
vn -0.9418 -0.2367 -0.2387
vn -0.9367 -0.3355 -0.1003
vn -0.8816 -0.3594 0.3059
vn -0.7220 0.6681 0.1799
vn -0.4040 0.9048 0.1350
vn -0.6386 0.7396 0.2124
vn -0.1899 0.9769 0.0983
vn -0.9963 0.0618 0.0592
vn -0.6338 0.7379 0.2320
vn -0.3376 0.9135 0.2269
vn 0.2419 0.7643 -0.5978
vn -0.2753 -0.8822 0.3820
vn -0.4740 -0.8011 0.3653
vn -0.3327 -0.7838 0.5244
vn -0.2847 -0.8128 0.5083
vn 0.3435 -0.2283 0.9110
vn 0.2326 -0.0114 0.9725
vn 0.0865 0.2395 0.9670
vn -0.0499 0.4469 0.8932
vn -0.1622 -0.1577 0.9741
vn -0.1652 -0.4158 0.8943
vn -0.4229 0.4005 0.8129
vn 0.3408 0.0737 0.9372
vn 0.3333 0.0783 0.9396
vn 0.3523 0.0917 0.9314
vn 0.1690 0.3085 0.9361
vn -0.2009 0.1344 0.9703
vn 0.1575 0.0744 0.9847
vn 0.8370 0.1468 0.5272
vn -0.3116 0.4341 0.8452
vn 0.0244 0.9132 -0.4069
vn 0.0366 0.8796 -0.4743
vn -0.0424 0.5038 -0.8628
vn -0.0546 0.0866 -0.9947
vn -0.3867 -0.6582 -0.6459
vn -0.4018 -0.9122 -0.0804
vn -0.3562 0.9332 -0.0482
vn -0.5545 0.7968 0.2401
vn -0.7293 0.6840 0.0168
vn -0.5810 0.7928 0.1840
vn -0.6895 0.2433 0.6822
vn -0.8056 0.4067 0.4309
vn -0.7915 0.5126 0.3329
vn -0.9999 -0.0008 -0.0162
vn -0.9910 0.0179 0.1329
vn -0.9875 0.0303 0.1547
vn -0.9170 0.3661 0.1584
vn -0.8420 0.5342 0.0761
vn -0.3446 0.9280 0.1414
vn -0.4829 0.8635 0.1455
vn -0.2724 -0.8623 0.4268
vn -0.2870 -0.0236 0.9576
vn 0.0551 -0.9616 0.2690
vn 0.0552 -0.9617 0.2683
vn 0.0555 -0.9618 0.2682
vn -0.0609 0.5046 0.8612
vn -0.1578 0.1914 0.9688
vn 0.0426 0.8119 0.5822
vn -0.1899 -0.7989 0.5708
vn 0.0860 0.3286 0.9406
vn -0.1007 0.6405 0.7614
vn -0.1219 0.7521 0.6476
vn -0.1404 0.7504 0.6459
vn -0.0817 0.7793 0.6213
vn -0.1794 0.7662 0.6170
vn -0.2281 0.8186 0.5271
vn -0.1865 0.6931 -0.6963
vn -0.1126 0.6237 -0.7735
vn -0.0794 0.5724 -0.8161
vn -0.1112 0.5943 -0.7965
vn -0.0931 0.6824 -0.7250
vn -0.0765 0.2572 -0.9633
vn -0.4531 -0.3776 -0.8075
vn -0.6444 0.7355 0.2092
vn -0.3453 -0.9074 0.2396
vn -0.5033 -0.3558 0.7874
vn -0.3106 -0.9354 0.1688
vn -0.3216 -0.0395 0.9460
vn -0.1691 -0.2005 0.9650
vn -0.2342 -0.0299 0.9717
vn -0.2644 0.3429 0.9014
vn -0.3878 0.1061 0.9156
vn -0.1419 0.8117 0.5666
vn -0.0587 0.5387 0.8405
vn -0.1675 0.7705 0.6150
vn -0.1084 0.9839 0.1420
vn -0.2932 0.8246 -0.4839
vn -0.0375 0.7374 -0.6744
vn -0.0565 0.7487 -0.6605
vn -0.0363 0.8121 -0.5824
vn -0.5842 -0.6352 -0.5052
vn 0.2765 -0.9598 -0.0491
vn -0.4752 -0.8746 0.0963
vn -0.6403 -0.7584 0.1214
vn -0.4452 -0.2040 0.8719
vn -0.3908 -0.0646 0.9182
vn 0.4251 -0.4341 0.7943
vn 0.3789 -0.3816 0.8431
vn -0.5711 -0.7460 0.3426
vn -0.5921 -0.3854 0.7077
vn -0.3063 -0.6023 0.7371
vn -0.2197 -0.0844 0.9719
vn -0.3237 -0.0170 0.9460
vn 0.0177 0.6034 0.7972
vn 0.0182 0.6039 0.7969
vn 0.0189 0.6036 0.7970
vn -0.3337 0.8482 0.4113
vn -0.2373 0.4516 0.8601
vn -0.2582 0.9653 -0.0395
vn -0.0606 0.7239 -0.6872
vn -0.1273 0.8755 -0.4662
vn -0.1252 0.7275 -0.6746
vn -0.0868 0.6562 -0.7496
vn -0.0537 0.6607 -0.7487
vn -0.1339 0.5449 -0.8278
vn -0.1049 0.4775 -0.8723
vn 0.0058 0.1307 -0.9914
vn -0.1516 -0.0786 -0.9853
vn -0.5613 -0.4542 -0.6919
vn -0.7608 -0.5514 -0.3423
vn 0.7768 -0.4993 -0.3837
vn -0.1593 -0.9690 0.1886
vn -0.5055 -0.2928 0.8116
vn -0.6672 -0.6008 0.4404
vn 0.0087 -0.7445 0.6675
vn -0.3279 -0.1583 0.9313
vn -0.3234 0.0694 0.9437
vn -0.3887 0.1385 0.9109
vn -0.4191 0.2574 0.8707
vn -0.2981 0.4377 0.8482
vn -0.3396 0.7291 -0.5943
vn -0.1897 0.9081 -0.3734
vn -0.0049 0.1349 -0.9908
vn -0.2808 -0.0352 -0.9591
vn -0.0647 0.0016 -0.9979
vn -0.7101 -0.6319 -0.3106
vn -0.6505 -0.7555 -0.0777
vn -0.5274 -0.3364 0.7801
vn -0.5523 -0.2703 0.7886
vn -0.4254 -0.3694 0.8262
vn -0.3874 -0.1472 0.9101
vn -0.2058 0.8528 0.4799
vn -0.1251 0.8638 0.4881
vn -0.2061 0.8528 0.4799
vn -0.2860 0.6578 0.6967
vn -0.3640 0.4839 0.7958
vn -0.1613 0.7475 -0.6443
vn -0.1731 0.6897 -0.7031
vn -0.2408 0.5247 -0.8165
vn -0.1685 0.5531 -0.8159
vn -0.2836 0.5584 -0.7796
vn -0.1433 0.0784 -0.9866
vn -0.2103 0.3587 -0.9094
vn -0.3457 -0.0404 -0.9375
vn -0.5402 -0.0539 -0.8398
vn -0.5404 -0.0534 -0.8397
vn -0.5820 -0.8131 0.0090
vn -0.5873 -0.0638 0.8069
vn -0.1251 -0.7095 0.6935
vn -0.8445 -0.1490 0.5144
vn -0.4557 -0.3033 0.8369
vn -0.8074 -0.2449 0.5368
vn -0.2702 -0.3398 0.9008
vn -0.3530 -0.1777 0.9186
vn -0.1659 0.9714 0.1696
vn -0.2876 0.8991 0.3301
vn -0.4443 0.0625 0.8937
vn -0.3702 0.0713 0.9262
vn -0.4467 0.8755 0.1841
vn -0.3315 0.8423 -0.4251
vn -0.0555 0.9270 -0.3708
vn -0.2246 0.7456 -0.6274
vn -0.2110 0.7396 -0.6391
vn -0.3067 -0.0485 -0.9506
vn -0.2648 0.4122 -0.8718
vn -0.4203 0.2354 -0.8763
vn -0.1106 -0.0224 -0.9936
vn -0.2789 0.0265 -0.9599
vn -0.8276 -0.2933 -0.4786
vn -0.9095 -0.3055 -0.2817
vn -0.8119 -0.2994 -0.5012
vn -0.8343 -0.5189 -0.1861
vn -0.5847 -0.8102 0.0408
vn -0.5608 -0.8095 0.1739
vn -0.7293 -0.4812 0.4864
vn -0.5592 -0.5678 0.6041
vn -0.6716 -0.5829 0.4573
vn -0.3007 -0.8305 0.4689
vn -0.7632 -0.4330 0.4796
vn -0.5611 -0.0355 0.8270
vn 0.0008 -0.9972 -0.0742
vn 0.0180 -0.9889 0.1476
vn -0.2940 -0.4205 0.8583
vn -0.4825 0.1202 0.8676
vn -0.5495 0.2294 0.8034
vn -0.5289 0.0689 0.8459
vn -0.4950 0.3801 0.7813
vn -0.6123 0.5722 0.5456
vn -0.4149 0.8438 0.3405
vn -0.3615 0.9183 -0.1616
vn -0.3452 0.5629 -0.7510
vn -0.3365 -0.0300 -0.9412
vn -0.6961 0.2005 -0.6894
vn -0.5732 -0.1085 -0.8122
vn -0.5734 -0.1083 -0.8121
vn -0.9378 -0.1944 -0.2877
vn -0.8821 -0.4504 -0.1380
vn -0.9652 -0.2578 -0.0428
vn -0.8961 -0.4392 -0.0633
vn -0.9099 -0.4047 0.0905
vn -0.5562 -0.8099 0.1864
vn -0.5880 -0.7789 0.2182
vn -0.6582 -0.6192 0.4282
vn -0.7331 -0.5032 0.4575
vn -0.8558 -0.3582 0.3732
vn -0.6629 -0.0233 0.7484
vn -0.7751 -0.0277 0.6312
vn -0.4218 -0.0430 0.9057
vn -0.2351 -0.5426 0.8065
vn 0.6440 0.7650 0.0095
vn 0.5594 0.8246 -0.0845
vn 0.5590 0.8248 -0.0847
vn -0.5907 0.6017 0.5375
vn -0.3903 0.8119 0.4341
vn -0.5907 0.6438 0.4864
vn -0.7270 0.5026 0.4678
vn -0.7078 0.6101 0.3562
vn -0.6373 0.6954 -0.3321
vn -0.1990 0.7397 -0.6429
vn -0.0241 0.5282 -0.8488
vn 0.1038 0.2897 -0.9515
vn -0.4952 0.7191 -0.4874
vn -0.3212 0.7408 -0.5900
vn -0.4738 0.7492 -0.4629
vn -0.3822 0.3540 -0.8536
vn -0.3913 0.2775 -0.8774
vn -0.4903 0.0247 -0.8712
vn -0.5044 -0.0193 -0.8633
vn -0.5424 -0.0627 -0.8378
vn -0.7328 0.3401 -0.5893
vn -0.7587 -0.6268 0.1775
vn -0.9320 -0.2685 0.2434
vn -0.8572 -0.5059 0.0958
vn -0.8697 -0.4693 0.1528
vn -0.6324 -0.7622 0.1382
vn -0.7912 -0.5012 0.3505
vn -0.6147 -0.0341 0.7880
vn -0.5676 -0.6489 0.5067
vn -0.8429 -0.2574 0.4725
vn -0.6764 -0.5910 0.4395
vn -0.2104 -0.9697 -0.1237
vn -0.6030 0.0221 0.7974
vn -0.5561 0.0776 0.8275
vn -0.5902 0.2616 0.7637
vn -0.5375 0.3273 0.7772
vn -0.6652 0.4981 0.5563
vn -0.6936 0.3681 0.6192
vn -0.5590 0.7735 0.2988
vn -0.8453 0.3940 0.3608
vn -0.1594 0.8792 -0.4490
vn -0.3015 0.8121 -0.4996
vn -0.2473 0.6215 -0.7433
vn -0.4089 0.8693 -0.2776
vn -0.2913 0.7109 -0.6401
vn -0.3268 0.7960 -0.5095
vn -0.6496 0.6402 -0.4101
vn -0.5534 0.2934 -0.7795
vn -0.5088 0.0691 -0.8581
vn -0.5748 0.0984 -0.8124
vn -0.5550 -0.0516 -0.8303
vn -0.7998 -0.5585 0.2201
vn -0.6823 -0.6848 0.2557
vn -0.8444 -0.1419 0.5165
vn 0.9883 0.0441 -0.1458
vn -0.7380 0.0182 0.6745
vn -0.3944 -0.0247 0.9186
vn -0.6580 0.0100 0.7529
vn -0.3844 -0.6813 0.6229
vn -0.2658 -0.6100 0.7465
vn -0.2418 -0.6848 0.6875
vn -0.0647 -0.6629 0.7459
vn -0.1974 -0.6684 0.7172
vn -0.1977 -0.6685 0.7170
vn -0.1978 -0.6678 0.7175
vn -0.2114 -0.6505 0.7295
vn -0.2015 0.2221 0.9540
vn -0.4012 0.5370 0.7421
vn -0.3407 0.3643 0.8667
vn -0.3184 0.3058 0.8973
vn -0.2293 0.1122 0.9669
vn -0.5760 0.0159 0.8173
vn -0.5818 0.0125 0.8132
vn -0.6633 0.2709 0.6976
vn -0.5187 0.2067 0.8296
vn -0.7740 0.1758 0.6083
vn -0.6852 0.7099 0.1626
vn -0.4951 0.8673 0.0511
vn -0.3744 0.5821 -0.7218
vn -0.4535 0.7225 -0.5219
vn -0.5896 0.6928 -0.4152
vn -0.6739 0.6169 -0.4066
vn -0.4359 0.2511 -0.8643
vn -0.4650 0.6760 -0.5717
vn -0.8598 -0.0559 -0.5075
vn -0.9306 -0.0733 -0.3586
vn -0.6256 -0.0672 -0.7772
vn -0.3648 -0.8988 0.2431
vn -0.5130 -0.8362 0.1941
vn -0.4107 -0.8827 0.2284
vn -0.2963 -0.7921 0.5336
vn -0.1805 -0.5232 0.8329
vn -0.4763 0.0358 0.8785
vn -0.6215 0.0326 0.7828
vn -0.6418 0.1141 0.7583
vn -0.6361 0.7264 0.2603
vn -0.4264 0.8792 0.2127
vn -0.7855 0.6084 0.1132
vn -0.5216 0.8320 -0.1889
vn -0.5851 0.4564 -0.6704
vn -0.9339 0.2558 -0.2499
vn -0.8287 0.4890 -0.2723
vn -0.4039 0.0092 -0.9147
vn -0.7122 -0.0084 -0.7019
vn -0.8254 -0.0424 -0.5629
vn -0.8186 0.0315 -0.5735
vn -0.8556 -0.1448 -0.4970
vn -0.8250 -0.0707 -0.5607
vn -0.8923 -0.1374 -0.4300
vn -0.8222 -0.0299 0.5685
vn -0.2571 -0.9272 0.2723
vn -0.4633 -0.7376 0.4912
vn -0.6307 -0.4918 0.6003
vn -0.5868 -0.5458 0.5981
vn -0.5935 0.0199 0.8046
vn -0.6056 -0.0957 0.7900
vn -0.1809 0.2939 0.9386
vn -0.3432 0.1802 0.9218
vn -0.6415 -0.1051 0.7599
vn -0.8063 0.1445 0.5736
vn -0.7400 0.6509 0.1696
vn -0.1695 0.9353 0.3106
vn -0.4687 0.8792 0.0851
vn -0.4288 0.9033 -0.0113
vn -0.4996 0.8634 -0.0698
vn -0.8038 0.2887 -0.5201
vn -0.9492 0.3099 0.0552
vn 0.3398 -0.6761 -0.6537
vn -0.2023 -0.3492 -0.9149
vn -0.9232 -0.0876 0.3742
vn -0.6477 -0.0987 0.7555
vn -0.6370 -0.0989 0.7645
vn -0.6495 -0.0986 0.7540
vn -0.5508 0.3729 0.7467
vn -0.5690 0.3704 0.7342
vn -0.4901 0.3828 0.7831
vn -0.8035 0.0131 0.5951
vn -0.8213 0.1016 0.5614
vn -0.8642 0.0942 0.4943
vn -0.5977 0.8015 0.0187
vn 0.5704 0.8209 0.0294
vn -0.4971 0.8453 0.1957
vn -0.6900 0.7229 0.0373
vn -0.9159 0.4004 0.0281
vn -0.9564 0.2774 -0.0917
vn -0.6824 0.1603 -0.7132
vn 0.2790 -0.0498 -0.9590
vn -0.8902 0.2173 -0.4005
vn -0.8103 0.0575 -0.5832
vn -0.8202 0.0343 -0.5710
vn -0.8263 -0.0058 -0.5631
vn -0.8264 -0.0714 -0.5586
vn -0.8386 -0.0928 -0.5367
vn -0.8690 -0.1078 -0.4830
vn -0.9621 -0.1830 -0.2020
vn -0.9826 -0.1123 0.1481
vn -0.4494 -0.8538 0.2629
vn -0.4487 -0.7997 0.3990
vn -0.6758 -0.0978 0.7306
vn -0.6261 0.0132 0.7796
vn -0.6526 0.0793 0.7536
vn -0.6479 0.2474 0.7204
vn -0.3037 0.8492 0.4319
vn -0.2802 0.8833 0.3758
vn -0.2007 0.9597 0.1967
vn -0.1786 0.9728 0.1477
vn -0.6366 0.7682 0.0686
vn -0.9769 0.1919 -0.0938
vn -0.8936 0.1388 -0.4269
vn -0.8819 0.1305 -0.4530
vn -0.8369 0.1247 -0.5329
vn -0.8154 0.0666 -0.5750
vn -0.7960 0.0719 -0.6011
vn -0.7275 0.0363 -0.6851
vn 0.6290 -0.1268 -0.7670
vn 0.7934 0.0338 -0.6078
vn 0.6898 -0.1503 -0.7082
vn -0.8789 -0.1014 -0.4660
vn -0.7782 -0.5585 -0.2873
vn -0.7764 -0.5691 -0.2708
vn -0.8063 -0.5063 -0.3060
vn -0.9802 -0.1886 0.0603
vn -0.9608 -0.0816 0.2650
vn -0.6348 -0.7700 0.0647
vn 0.0940 -0.9955 -0.0144
vn 0.0467 -0.9989 -0.0095
vn -0.4870 -0.8198 0.3012
vn -0.5081 -0.7789 0.3677
vn -0.4279 -0.8528 0.2993
vn -0.7163 -0.1955 0.6698
vn -0.6974 -0.2581 0.6686
vn -0.6994 -0.1516 0.6985
vn -0.6488 0.0012 0.7610
vn -0.5804 -0.0080 0.8143
vn -0.6961 0.5432 0.4694
vn -0.6264 0.6049 0.4917
vn -0.5637 0.4360 0.7015
vn -0.5661 0.5888 0.5770
vn -0.5508 0.6326 0.5444
vn -0.5814 0.6228 0.5234
vn -0.5837 0.6997 0.4121
vn -0.5700 0.5547 0.6061
vn -0.5176 0.5357 0.6672
vn -0.5076 0.6363 0.5809
vn -0.9258 0.1219 0.3577
vn -0.8823 0.1965 -0.4278
vn -0.8292 0.1105 -0.5479
vn -0.8701 0.1301 -0.4754
vn -0.6913 0.0084 -0.7225
vn 0.6236 -0.1245 -0.7718
vn 0.7866 -0.0342 -0.6165
vn 0.8043 0.2104 -0.5557
vn 0.9577 -0.0595 -0.2817
vn 0.9577 -0.0599 -0.2816
vn 0.9180 -0.0561 -0.3926
vn 0.9580 -0.1107 -0.2646
vn 0.9760 -0.0828 -0.2015
vn 0.9436 -0.0541 -0.3266
vn -0.9209 -0.0389 -0.3878
vn -0.9208 -0.0386 -0.3881
vn -0.9926 -0.1062 0.0590
vn -0.9921 -0.1098 0.0610
vn -0.9618 -0.0934 0.2575
vn -0.7078 -0.7027 0.0725
vn -0.6816 -0.1273 0.7205
vn -0.6619 -0.0328 0.7489
vn -0.6992 -0.3004 0.6488
vn -0.7339 -0.0340 0.6784
vn -0.7738 0.0218 0.6330
vn -0.6165 -0.0060 0.7873
vn -0.1764 -0.0343 0.9837
vn -0.7122 0.0334 0.7012
vn -0.7678 0.0825 0.6353
vn -0.2982 0.0898 0.9503
vn -0.7174 0.2778 0.6388
vn -0.6006 0.4571 0.6560
vn -0.8106 0.2192 0.5431
vn -0.5568 0.6735 0.4861
vn -0.5005 0.7594 0.4156
vn -0.5190 0.7219 0.4578
vn -0.2789 0.9559 0.0924
vn -0.3023 0.9503 0.0739
vn -0.9464 0.3231 0.0005
vn -0.9115 0.1958 -0.3618
vn -0.7440 0.1265 -0.6561
vn -0.7642 -0.2305 -0.6024
vn -0.6988 0.5649 0.4388
vn -0.7956 0.4883 -0.3586
vn -0.4314 0.1393 -0.8913
vn -0.2577 0.0049 -0.9662
vn 0.7555 0.2062 -0.6218
vn 0.4524 0.0504 -0.8904
vn 0.7719 -0.0553 -0.6333
vn -0.8103 -0.5847 -0.0387
vn -0.1305 -0.9912 0.0233
vn -0.1331 -0.9855 -0.1049
vn -0.1668 -0.9850 -0.0435
vn -0.4196 -0.8801 0.2222
vn -0.8301 0.1798 0.5279
vn -0.4887 0.6766 0.5508
vn -0.4139 0.9046 0.1021
vn -0.4136 0.9047 0.1016
vn -0.4334 0.8960 0.0962
vn -0.9484 0.3167 -0.0115
vn -0.5455 0.1580 -0.8231
vn -0.6469 0.3038 -0.6995
vn -0.6465 0.3040 -0.6997
vn 0.9111 -0.0879 -0.4027
vn 0.9111 -0.0874 -0.4028
vn -0.9302 0.2738 -0.2444
vn -0.9934 0.0375 -0.1084
vn -0.9337 0.1606 -0.3200
vn -0.9966 -0.0702 -0.0439
vn -0.3100 0.1705 -0.9353
vn -0.2524 0.1972 -0.9473
vn -0.5453 0.0081 -0.8382
vn -0.9542 -0.0156 -0.2986
vn -0.9729 0.0256 -0.2297
vn -0.9450 -0.0341 -0.3253
vn -0.9623 0.0374 -0.2695
vn -0.9509 0.0449 -0.3063
vn -0.9465 0.0564 -0.3178
vn -0.9489 0.0403 -0.3131
vn 0.7092 0.0903 -0.6992
vn 0.6656 0.1079 -0.7385
vn 0.6986 0.2972 -0.6509
vn 0.9555 -0.0521 -0.2903
vn -0.9915 -0.0926 -0.0912
vn -0.9519 -0.1963 -0.2352
vn -0.9742 -0.1388 -0.1778
vn -0.9739 -0.2089 -0.0883
vn -0.8390 -0.5424 -0.0430
vn -0.1011 -0.9936 0.0498
vn -0.1135 -0.9932 0.0249
vn -0.1546 -0.9851 -0.0755
vn -0.0749 -0.9972 0.0036
vn -0.4986 -0.8596 0.1114
vn -0.1428 -0.9890 0.0374
vn -0.3099 -0.8584 0.4087
vn -0.1024 -0.9936 0.0481
vn 0.1202 -0.9886 -0.0911
vn 0.2039 -0.9571 -0.2059
vn -0.3955 -0.8533 0.3398
vn -0.4573 -0.7375 0.4970
vn -0.4830 -0.7163 0.5037
vn -0.8056 -0.2721 0.5263
vn -0.9585 0.1502 0.2425
vn -0.9675 0.1719 0.1855
vn -0.9789 0.1902 0.0743
vn -0.8159 0.5772 0.0343
vn -0.5406 0.7853 0.3016
vn -0.7132 0.6654 0.2204
vn -0.5766 0.7671 0.2813
vn -0.7378 0.6467 0.1933
vn -0.9995 -0.0101 0.0284
vn -0.9621 0.0436 -0.2692
vn -0.6189 -0.0736 -0.7820
vn -0.7527 -0.0286 -0.6578
vn -0.0905 -0.1156 -0.9892
vn -0.6637 0.0395 -0.7469
vn -0.6291 0.0020 -0.7773
vn -0.5429 0.0162 -0.8396
vn 0.1977 -0.1599 -0.9671
vn -0.8634 -0.1363 0.4858
vn -0.9090 -0.4124 -0.0599
vn -0.0947 -0.9955 0.0073
vn -0.6417 -0.7284 0.2403
vn -0.4495 -0.7344 0.5085
vn -0.4728 -0.6907 0.5471
vn -0.8205 0.2427 0.5176
vn -0.9594 0.1457 0.2416
vn 0.4556 0.8899 -0.0202
vn 0.4454 0.8931 -0.0637
vn 0.4741 0.8795 0.0414
vn 0.3705 0.9287 0.0129
vn 0.1581 0.9819 -0.1038
vn 0.3862 0.9181 -0.0888
vn 0.3441 0.7894 -0.5083
vn 0.5107 0.7911 -0.3366
vn 0.5106 0.7908 -0.3375
vn 0.0109 -0.1449 -0.9894
vn -0.8715 -0.3503 -0.3431
vn -0.4636 -0.5592 -0.6873
vn 0.0481 -0.5901 -0.8059
vn 0.6480 -0.4044 -0.6454
vn -0.8519 -0.0252 -0.5231
vn -0.6316 -0.0323 -0.7746
vn -0.7481 -0.0157 -0.6634
vn -0.6291 -0.0111 -0.7773
vn -0.6174 -0.0780 -0.7828
vn -0.5405 0.0175 -0.8412
vn -0.2231 -0.0265 -0.9744
vn -0.3917 -0.0201 -0.9199
vn -0.6489 0.0421 -0.7597
vn -0.6520 0.0252 -0.7578
vn -0.7245 0.0523 -0.6873
vn -0.8505 -0.1311 0.5093
vn -0.8214 -0.1687 0.5448
vn -0.2066 -0.1037 -0.9729
vn -0.2065 -0.1040 -0.9729
vn -0.2066 -0.1033 -0.9730
vn 0.0887 0.0635 -0.9940
vn -0.0123 -0.8548 0.5188
vn -0.0124 -0.8550 0.5184
vn -0.0119 -0.8551 0.5183
vn 0.4320 -0.9002 0.0556
vn 0.4880 -0.8712 0.0527
vn 0.5480 -0.8364 -0.0087
vn 0.7888 -0.6100 0.0749
vn 0.1463 -0.9861 -0.0786
vn 0.0244 -0.9885 -0.1490
vn 0.0134 -0.9987 0.0495
vn -0.7053 -0.6679 0.2375
vn -0.2560 -0.4535 0.8537
vn -0.8999 0.3191 0.2971
vn 0.2378 0.9700 -0.0502
vn -0.9675 0.2160 0.1312
vn -0.6930 -0.4258 -0.5818
vn -0.7009 -0.3956 -0.5936
vn -0.7013 -0.3926 -0.5951
vn -0.7064 -0.3719 -0.6022
vn 0.4316 -0.1987 -0.8799
vn 0.6038 -0.1686 -0.7791
vn 0.4127 -0.0692 -0.9082
vn -0.3527 -0.0690 -0.9332
vn -0.3072 -0.0297 -0.9512
vn 0.3414 0.0860 -0.9360
vn -0.6983 -0.0993 -0.7089
vn -0.7178 0.0859 -0.6909
vn 0.1926 0.5087 -0.8391
vn 0.5833 0.5847 -0.5638
vn 0.2312 0.8317 -0.5048
vn 0.3735 -0.9253 0.0652
vn -0.8111 -0.5040 0.2968
vn -0.5260 -0.8267 0.1998
vn -0.9254 -0.2496 0.2853
vn 0.3855 0.9225 0.0197
vn 0.4232 0.9023 0.0826
vn 0.3666 0.9299 0.0293
vn 0.3277 0.7531 -0.5705
vn 0.1449 0.9396 -0.3099
vn -0.0407 0.9926 0.1142
vn -0.2413 0.9294 0.2791
vn -0.0032 0.9677 0.2522
vn 0.0895 0.9954 -0.0349
vn 0.0815 0.9839 0.1593
vn 0.2855 0.9558 -0.0699
vn 0.4268 0.9034 -0.0423
vn 0.4540 0.8908 0.0207
vn 0.5407 0.8345 -0.1064
vn -0.8631 0.4512 -0.2268
vn -0.8706 0.4171 -0.2610
vn -0.8809 0.3049 -0.3619
vn -0.8805 0.2728 -0.3877
vn 0.3029 -0.1584 -0.9398
vn 0.3700 -0.1016 -0.9235
vn 0.6560 -0.1765 -0.7338
vn -0.7133 -0.0953 -0.6943
vn 0.6226 -0.7163 -0.3151
vn -0.8110 0.0712 -0.5806
vn -0.8843 0.3107 -0.3487
vn 0.0212 0.3241 -0.9458
vn -0.5731 -0.8119 -0.1114
vn -0.5384 -0.8339 0.1216
vn -0.5355 -0.8367 0.1147
vn -0.4718 -0.8729 0.1240
vn -0.4694 -0.8723 0.1368
vn -0.5669 -0.8132 0.1316
vn -0.5817 -0.8085 0.0892
vn -0.5812 -0.8026 0.1344
vn -0.5593 0.7745 0.2954
vn -0.2426 0.8619 0.4454
vn -0.4825 0.7923 0.3734
vn -0.0690 0.9033 0.4235
vn -0.1617 0.9402 0.2999
vn 0.1638 0.9854 -0.0464
vn 0.1956 0.9744 0.1109
vn 0.1895 -0.3629 -0.9124
vn 0.1896 -0.3623 -0.9126
vn 0.0913 -0.5939 -0.7993
vn 0.2031 -0.3487 -0.9150
vn 0.0671 -0.6385 -0.7667
vn 0.5944 -0.2256 -0.7719
vn 0.5913 -0.2212 -0.7755
vn 0.5667 -0.2159 -0.7951
vn -0.9356 0.0186 -0.3525
vn -0.9436 -0.1086 -0.3127
vn -0.9306 0.0879 -0.3554
vn 0.7082 -0.1495 -0.6900
vn -0.7377 0.0022 -0.6752
vn -0.6956 -0.0011 -0.7185
vn -0.7343 0.0083 -0.6787
vn -0.8135 -0.4801 -0.3283
vn -0.5138 -0.1932 -0.8359
vn -0.5243 -0.8426 0.1226
vn -0.4451 -0.8866 0.1259
vn -0.4669 -0.8758 0.1227
vn -0.7851 -0.5496 0.2856
vn -0.7278 0.6108 0.3117
vn -0.4994 0.8268 0.2590
vn -0.7012 0.6904 0.1779
vn -0.7455 0.6556 0.1200
vn 0.2204 0.9736 0.0592
vn -0.5747 0.7793 0.2500
vn -0.6478 0.7526 0.1184
vn -0.6250 0.7492 0.2192
vn -0.5279 0.8378 0.1397
vn -0.5805 0.8087 0.0949
vn -0.4039 0.9068 0.1207
vn -0.4138 0.8915 0.1842
vn -0.4284 0.8927 0.1399
vn -0.0506 -0.8173 -0.5741
vn -0.6085 -0.1395 -0.7812
vn 0.3709 -0.2037 -0.9060
vn -0.3868 -0.1130 -0.9152
vn -0.2273 -0.1638 -0.9599
vn -0.8120 -0.0715 -0.5793
vn -0.6573 0.0197 -0.7534
vn -0.7135 -0.2077 -0.6692
vn -0.3309 -0.9245 -0.1893
vn -0.4867 -0.8703 0.0759
vn -0.8437 -0.4664 0.2656
vn -0.7939 -0.5498 0.2595
vn -0.8317 0.5300 0.1656
vn -0.5872 0.7548 0.2924
vn -0.8604 0.4403 0.2566
vn -0.8354 0.4743 0.2777
vn -0.8593 0.4315 0.2745
vn -0.9039 0.3228 0.2807
vn -0.4655 0.8692 0.1666
vn -0.9934 0.0231 0.1127
vn 0.6987 0.0413 -0.7143
vn 0.5369 -0.0061 -0.8436
vn 0.4905 -0.0155 -0.8713
vn 0.4188 -0.0668 -0.9056
vn 0.3885 -0.0916 -0.9169
vn -0.3796 -0.0698 -0.9225
vn -0.0999 0.2933 -0.9508
vn -0.3502 0.0057 -0.9367
vn -0.0345 0.3416 -0.9392
vn -0.8077 -0.5632 0.1744
vn -0.7758 -0.6018 0.1897
vn -0.8607 -0.4601 0.2179
vn -0.8112 -0.5829 0.0462
vn -0.8839 -0.4362 0.1689
vn -0.9295 -0.0121 0.3686
vn -0.9351 0.3522 -0.0391
vn -0.8698 0.4341 0.2346
vn -0.8755 0.4052 0.2632
vn -0.9157 0.3630 0.1722
vn -0.9091 0.3637 0.2031
vn -0.9541 0.2992 -0.0134
vn -0.6279 -0.0536 -0.7765
vn -0.6389 -0.0557 -0.7673
vn -0.1082 -0.1207 -0.9868
vn 0.7061 -0.0307 -0.7075
vn 0.1697 -0.0710 -0.9829
vn -0.8180 0.0567 -0.5725
vn 0.5489 -0.0184 -0.8357
vn -0.6354 -0.0579 -0.7700
vn -0.4215 -0.1131 -0.8997
vn -0.9705 0.0447 -0.2369
vn -0.9203 -0.3235 0.2199
vn -0.9230 -0.3140 0.2225
vn -0.9011 -0.3629 0.2374
vn -0.9047 -0.3650 0.2197
vn -0.8039 -0.5655 0.1842
vn -0.8095 -0.5567 0.1866
vn -0.7313 -0.6092 0.3068
vn -0.8626 -0.4614 0.2072
vn -0.7905 -0.6119 0.0258
vn -0.8176 -0.5482 0.1762
vn -0.9676 -0.2505 -0.0312
vn -0.7754 0.5889 -0.2281
vn -0.9516 0.1282 0.2794
vn -0.9524 0.0485 0.3010
vn -0.9518 0.1255 0.2797
vn -0.9628 0.2181 0.1596
vn -0.9417 0.3174 0.1112
vn -0.1505 -0.0876 -0.9847
vn 0.2070 -0.1302 -0.9696
vn 0.2692 0.2224 -0.9371
vn 0.3193 0.1343 -0.9381
vn 0.1862 -0.1462 -0.9716
vn 0.1348 -0.1313 -0.9821
vn -0.2466 -0.0064 -0.9691
vn -0.5323 0.0410 -0.8456
vn -0.8150 0.0674 -0.5755
vn -0.8215 0.0692 -0.5660
vn -0.4296 -0.1105 -0.8962
vn -0.9545 -0.0284 0.2969
vn -0.9618 -0.0598 0.2672
vn -0.9559 -0.0334 0.2917
vn -0.9528 -0.0209 0.3030
vn -0.8510 -0.0757 -0.5196
vn -0.1862 0.0065 -0.9825
vt 0.797880 0.833819
vt 0.760788 0.817953
vt 0.810837 0.832004
vt 0.504855 0.871311
vt 0.540846 0.888382
vt 0.526213 0.886919
vt 0.581232 0.879717
vt 0.574642 0.882286
vt 0.561617 0.872331
vt 0.523079 0.833706
vt 0.538589 0.848684
vt 0.508513 0.849550
vt 0.542335 0.863908
vt 0.540759 0.888024
vt 0.844605 0.394796
vt 0.845334 0.416796
vt 0.831267 0.415717
vt 0.567389 0.902876
vt 0.562255 0.904334
vt 0.564791 0.891106
vt 0.879157 0.324428
vt 0.879317 0.302961
vt 0.883543 0.300425
vt 0.952322 0.134496
vt 0.956253 0.152410
vt 0.948054 0.135649
vt 0.824270 0.734493
vt 0.817990 0.741684
vt 0.805254 0.736950
vt 0.831505 0.761375
vt 0.827372 0.741054
vt 0.947591 0.150054
vt 0.952450 0.158413
vt 0.957463 0.165873
vt 0.962420 0.148266
vt 0.962367 0.148232
vt 0.965047 0.142564
vt 0.962678 0.129404
vt 0.783583 0.735963
vt 0.788953 0.734089
vt 0.803286 0.769699
vt 0.834473 0.742057
vt 0.969454 0.164731
vt 0.976351 0.160295
vt 0.974290 0.132078
vt 0.947073 0.119601
vt 0.954563 0.118124
vt 0.942714 0.117106
vt 0.943182 0.111513
vt 0.947230 0.118722
vt 0.951162 0.109788
vt 0.947122 0.091319
vt 0.939711 0.094273
vt 0.779179 0.738843
vt 0.963130 0.168559
vt 0.975921 0.167690
vt 0.982540 0.152536
vt 0.982036 0.165025
vt 0.986492 0.152722
vt 0.962819 0.128815
vt 0.949254 0.114125
vt 0.962526 0.111997
vt 0.950721 0.088543
vt 0.949282 0.086978
vt 0.841425 0.745605
vt 0.956118 0.171552
vt 0.216354 0.534765
vt 0.220448 0.534151
vt 0.219097 0.545517
vt 0.223084 0.545003
vt 0.218801 0.554269
vt 0.978770 0.127851
vt 0.965677 0.119415
vt 0.953787 0.119441
vt 0.964554 0.083452
vt 0.939333 0.072395
vt 0.762538 0.737910
vt 0.700615 0.757346
vt 0.847185 0.763760
vt 0.310088 0.873184
vt 0.320176 0.879498
vt 0.313394 0.878802
vt 0.886512 0.419777
vt 0.876061 0.411246
vt 0.885040 0.413186
vt 0.880518 0.406470
vt 0.218964 0.532147
vt 0.214972 0.528618
vt 0.218187 0.522369
vt 0.200330 0.574785
vt 0.216135 0.575571
vt 0.220459 0.562666
vt 0.987674 0.143788
vt 0.986791 0.135940
vt 0.962252 0.113786
vt 0.966444 0.089471
vt 0.964900 0.067940
vt 0.727179 0.738577
vt 0.746609 0.739261
vt 0.218662 0.518349
vt 0.211806 0.519713
vt 0.202092 0.524897
vt 0.194068 0.551370
vt 0.746153 0.683813
vt 0.731804 0.711884
vt 0.734605 0.676128
vt 0.442506 0.839101
vt 0.441070 0.834657
vt 0.453926 0.840014
vt 0.338106 0.909792
vt 0.339110 0.888089
vt 0.353825 0.875389
vt 0.929975 0.493765
vt 0.936356 0.500262
vt 0.925709 0.516717
vt 0.339781 0.944528
vt 0.921170 0.558121
vt 0.911013 0.578143
vt 0.426489 0.869460
vt 0.464852 0.977628
vt 0.390699 0.980204
vt 0.698976 0.308154
vt 0.684746 0.384281
vt 0.691823 0.307336
vt 0.713382 0.310177
vt 0.948355 0.306045
vt 0.951631 0.307880
vt 0.946040 0.320555
vt 0.948093 0.319801
vt 0.952858 0.308208
vt 0.955606 0.315101
vt 0.937534 0.489533
vt 0.767833 0.337784
vt 0.767084 0.359254
vt 0.760746 0.322925
vt 0.761668 0.354051
vt 0.911469 0.563376
vt 0.385715 0.973193
vt 0.461946 0.994105
vt 0.438610 0.993233
vt 0.962350 0.307096
vt 0.965953 0.291540
vt 0.954624 0.293696
vt 0.954738 0.295842
vt 0.427200 0.838866
vt 0.337241 0.848592
vt 0.351249 0.852887
vt 0.337667 0.857935
vt 0.935588 0.463816
vt 0.940495 0.468402
vt 0.760358 0.397414
vt 0.339930 0.971871
vt 0.962290 0.286980
vt 0.680434 0.302004
vt 0.691056 0.414525
vt 0.660087 0.410203
vt 0.708452 0.397635
vt 0.717159 0.369471
vt 0.716839 0.314719
vt 0.946374 0.323012
vt 0.955551 0.315344
vt 0.952298 0.322910
vt 0.469861 0.998347
vt 0.461754 0.994175
vt 0.478107 0.993905
vt 0.464180 0.882921
vt 0.389115 0.837736
vt 0.395872 0.835158
vt 0.932128 0.468169
vt 0.767147 0.316202
vt 0.766413 0.399738
vt 0.968570 0.285241
vt 0.961885 0.276701
vt 0.954855 0.292138
vt 0.953204 0.288687
vt 0.961828 0.277945
vt 0.955719 0.278638
vt 0.951519 0.273419
vt 0.955667 0.278682
vt 0.951476 0.288297
vt 0.672624 0.415227
vt 0.689501 0.420337
vt 0.691753 0.686148
vt 0.710866 0.708174
vt 0.727601 0.715865
vt 0.702941 0.415543
vt 0.353000 0.778328
vt 0.352163 0.755242
vt 0.355492 0.744541
vt 0.725950 0.315374
vt 0.723779 0.312317
vt 0.944599 0.332760
vt 0.950556 0.330925
vt 0.472480 0.992527
vt 0.469696 0.917177
vt 0.464410 0.935552
vt 0.468339 0.859904
vt 0.467414 0.838703
vt 0.453570 0.834194
vt 0.232940 0.791932
vt 0.230140 0.787069
vt 0.243442 0.774043
vt 0.231001 0.776846
vt 0.421696 0.836101
vt 0.383476 0.835081
vt 0.362679 0.836716
vt 0.350367 0.850927
vt 0.942141 0.458128
vt 0.938004 0.458961
vt 0.764976 0.298517
vt 0.763806 0.310551
vt 0.758398 0.293909
vt 0.763588 0.314730
vt 0.898031 0.484935
vt 0.902009 0.515452
vt 0.893641 0.488887
vt 0.893342 0.497504
vt 0.894281 0.519018
vt 0.897899 0.547349
vt 0.758914 0.415609
vt 0.764125 0.418232
vt 0.907020 0.582626
vt 0.433868 0.996348
vt 0.418097 0.993351
vt 0.972320 0.268575
vt 0.648329 0.381154
vt 0.669773 0.419957
vt 0.759425 0.691473
vt 0.990655 0.121927
vt 0.986927 0.120861
vt 0.978080 0.110452
vt 0.974946 0.085012
vt 0.969507 0.085524
vt 0.975797 0.080519
vt 0.966979 0.077759
vt 0.981363 0.070333
vt 0.969196 0.052298
vt 0.967305 0.049133
vt 0.949610 0.042338
vt 0.937076 0.062775
vt 0.323696 0.861356
vt 0.309157 0.855980
vt 0.309543 0.856847
vt 0.311011 0.872129
vt 0.304125 0.872380
vt 0.301081 0.878552
vt 0.299657 0.878530
vt 0.296097 0.874386
vt 0.701306 0.705093
vt 0.694570 0.703794
vt 0.721082 0.342055
vt 0.910112 0.416094
vt 0.906047 0.414928
vt 0.908554 0.407227
vt 0.356524 0.687524
vt 0.349338 0.685876
vt 0.354551 0.682078
vt 0.345479 0.681428
vt 0.480786 0.992235
vt 0.481920 0.983226
vt 0.469685 0.977280
vt 0.782787 0.372415
vt 0.776170 0.369914
vt 0.779183 0.358909
vt 0.771414 0.369061
vt 0.771100 0.325774
vt 0.782457 0.347387
vt 0.825727 0.403166
vt 0.819921 0.424869
vt 0.823457 0.371431
vt 0.782516 0.296349
vt 0.776125 0.299699
vt 0.334997 0.565871
vt 0.342747 0.543659
vt 0.343705 0.555275
vt 0.233817 0.809111
vt 0.246076 0.763444
vt 0.242114 0.769697
vt 0.233888 0.748633
vt 0.233883 0.748390
vt 0.231057 0.757750
vt 0.225022 0.770596
vt 0.224586 0.755222
vt 0.229862 0.766215
vt 0.229407 0.750705
vt 0.227823 0.750239
vt 0.225468 0.740620
vt 0.228480 0.732352
vt 0.245616 0.705312
vt 0.228659 0.719666
vt 0.229188 0.697074
vt 0.346115 0.833596
vt 0.337156 0.847591
vt 0.336218 0.835073
vt 0.940470 0.446730
vt 0.932068 0.457497
vt 0.934721 0.441679
vt 0.935708 0.456062
vt 0.935336 0.463233
vt 0.886859 0.461611
vt 0.895509 0.470150
vt 0.890695 0.477487
vt 0.328922 0.439676
vt 0.332415 0.449035
vt 0.329535 0.462088
vt 0.332829 0.469862
vt 0.901364 0.547847
vt 0.336891 0.994355
vt 0.337053 0.986945
vt 0.353838 0.994757
vt 0.338104 0.980518
vt 0.339951 0.971961
vt 0.359947 0.977833
vt 0.383901 0.985403
vt 0.382996 0.993012
vt 0.402010 0.993551
vt 0.390245 0.979539
vt 0.964114 0.262413
vt 0.953967 0.251463
vt 0.949217 0.252849
vt 0.670812 0.302413
vt 0.739551 0.723941
vt 0.748094 0.726864
vt 0.201171 0.599694
vt 0.217410 0.577320
vt 0.213694 0.594279
vt 0.975105 0.127391
vt 0.991693 0.104345
vt 0.976563 0.086441
vt 0.529080 0.890914
vt 0.528836 0.901660
vt 0.524285 0.895597
vt 0.962923 0.045436
vt 0.942279 0.049248
vt 0.718536 0.733729
vt 0.711144 0.738513
vt 0.700446 0.739945
vt 0.697648 0.794694
vt 0.831907 0.829738
vt 0.849907 0.785126
vt 0.299533 0.863742
vt 0.300033 0.866878
vt 0.299594 0.864126
vt 0.296209 0.875091
vt 0.291606 0.866124
vt 0.292009 0.875425
vt 0.205056 0.513139
vt 0.690089 0.693195
vt 0.359543 0.796506
vt 0.369681 0.798639
vt 0.395643 0.784912
vt 0.353721 0.691828
vt 0.361768 0.690118
vt 0.369518 0.691383
vt 0.367056 0.688153
vt 0.295131 0.892842
vt 0.297398 0.882248
vt 0.300555 0.904652
vt 0.303841 0.884164
vt 0.337276 0.641786
vt 0.343514 0.619328
vt 0.343194 0.645133
vt 0.347156 0.630276
vt 0.337278 0.591780
vt 0.342024 0.572155
vt 0.349278 0.563050
vt 0.474320 0.874058
vt 0.478929 0.863015
vt 0.478696 0.854939
vt 0.479587 0.835652
vt 0.237438 0.805976
vt 0.245737 0.807337
vt 0.243759 0.791944
vt 0.238910 0.739167
vt 0.241619 0.724746
vt 0.228922 0.690022
vt 0.233604 0.675380
vt 0.891055 0.458974
vt 0.330640 0.432359
vt 0.888879 0.487891
vt 0.889769 0.510404
vt 0.885432 0.496135
vt 0.895446 0.552000
vt 0.897447 0.561596
vt 0.901143 0.562232
vt 0.222275 0.773104
vt 0.221195 0.788958
vt 0.218923 0.778731
vt 0.360062 0.991193
vt 0.379706 0.996313
vt 0.972208 0.251772
vt 0.638521 0.294512
vt 0.664490 0.298767
vt 0.649427 0.408876
vt 0.621946 0.405913
vt 0.754905 0.726501
vt 0.773717 0.693980
vt 0.201587 0.597979
vt 0.988596 0.097174
vt 0.937522 0.039292
vt 0.844633 0.379552
vt 0.831072 0.401016
vt 0.843704 0.419801
vt 0.833238 0.422948
vt 0.311311 0.656510
vt 0.307699 0.649924
vt 0.319662 0.653449
vt 0.303368 0.648948
vt 0.300599 0.655490
vt 0.657833 0.844117
vt 0.655541 0.839275
vt 0.666804 0.837213
vt 0.658958 0.833430
vt 0.615412 0.884443
vt 0.621648 0.890930
vt 0.615835 0.896550
vt 0.614847 0.900131
vt 0.608083 0.885738
vt 0.607723 0.890771
vt 0.614814 0.900251
vt 0.608241 0.900997
vt 0.661638 0.858276
vt 0.664754 0.851404
vt 0.668136 0.862437
vt 0.660074 0.870266
vt 0.662404 0.860865
vt 0.666822 0.865110
vt 0.850886 0.377539
vt 0.851250 0.389391
vt 0.848673 0.383176
vt 0.853066 0.799895
vt 0.325318 0.844207
vt 0.325120 0.835099
vt 0.301425 0.855032
vt 0.179546 0.523774
vt 0.716878 0.653088
vt 0.721943 0.661663
vt 0.684512 0.648581
vt 0.374516 0.804211
vt 0.352625 0.719557
vt 0.376095 0.692391
vt 0.382643 0.693748
vt 0.375469 0.682982
vt 0.341980 0.674510
vt 0.340311 0.668032
vt 0.350539 0.680942
vt 0.335240 0.664978
vt 0.346331 0.615239
vt 0.344815 0.586713
vt 0.349150 0.577608
vt 0.257523 0.902313
vt 0.255644 0.884372
vt 0.263748 0.887937
vt 0.352611 0.548632
vt 0.354023 0.540447
vt 0.384943 0.524058
vt 0.358998 0.521728
vt 0.367417 0.524120
vt 0.243555 0.817080
vt 0.679801 0.090071
vt 0.668527 0.093794
vt 0.626584 0.045153
vt 0.240544 0.742888
vt 0.246070 0.680842
vt 0.233724 0.665506
vt 0.242861 0.664753
vt 0.930418 0.434213
vt 0.933618 0.438818
vt 0.930067 0.451007
vt 0.883518 0.448634
vt 0.890994 0.458710
vt 0.886959 0.461866
vt 0.883139 0.466743
vt 0.887275 0.477648
vt 0.890187 0.481392
vt 0.885367 0.495603
vt 0.879502 0.475452
vt 0.883283 0.467872
vt 0.890630 0.544239
vt 0.332305 0.488351
vt 0.328755 0.497834
vt 0.331593 0.510305
vt 0.903091 0.583616
vt 0.901546 0.590624
vt 0.894669 0.588970
vt 0.892781 0.597276
vt 0.963051 0.226145
vt 0.975932 0.230847
vt 0.965379 0.248024
vt 0.976347 0.249921
vt 0.959022 0.245257
vt 0.632393 0.299060
vt 0.773962 0.714311
vt 0.216184 0.601686
vt 0.979576 0.056084
vt 0.975474 0.054178
vt 0.977546 0.044417
vt 0.961821 0.039251
vt 0.949014 0.029682
vt 0.687000 0.743119
vt 0.691472 0.738707
vt 0.675650 0.787310
vt 0.670564 0.797871
vt 0.673909 0.812369
vt 0.697052 0.870519
vt 0.811969 0.837607
vt 0.783746 0.841555
vt 0.561884 0.865862
vt 0.552940 0.862486
vt 0.546574 0.840924
vt 0.559029 0.835142
vt 0.575418 0.841636
vt 0.507373 0.850487
vt 0.505931 0.882699
vt 0.831865 0.390350
vt 0.322079 0.638196
vt 0.319912 0.653841
vt 0.316894 0.639506
vt 0.315880 0.637314
vt 0.303542 0.638174
vt 0.300803 0.637178
vt 0.852021 0.376476
vt 0.849917 0.376805
vt 0.847560 0.375834
vt 0.834413 0.835219
vt 0.829763 0.834990
vt 0.855973 0.821428
vt 0.853724 0.790212
vt 0.308468 0.839360
vt 0.324471 0.834318
vt 0.308997 0.855354
vt 0.310619 0.845343
vt 0.291926 0.858727
vt 0.374960 0.688479
vt 0.237442 0.805983
vt 0.243815 0.817287
vt 0.234695 0.813700
vt 0.241717 0.829094
vt 0.252180 0.830732
vt 0.712167 0.083429
vt 0.720927 0.064131
vt 0.721004 0.080199
vt 0.674532 0.014458
vt 0.702986 0.085029
vt 0.645638 0.097349
vt 0.245551 0.749463
vt 0.252147 0.736147
vt 0.248083 0.734147
vt 0.242146 0.724769
vt 0.258784 0.715783
vt 0.530193 0.908592
vt 0.530210 0.914279
vt 0.523989 0.906009
vt 0.882111 0.515707
vt 0.886713 0.526899
vt 0.327577 0.510680
vt 0.331643 0.525991
vt 0.329359 0.521927
vt 0.969699 0.183806
vt 0.977079 0.187011
vt 0.976420 0.208190
vt 0.980099 0.201620
vt 0.980304 0.212084
vt 0.961927 0.213372
vt 0.963806 0.248747
vt 0.964143 0.262364
vt 0.959030 0.245338
vt 0.949314 0.246051
vt 0.590210 0.381337
vt 0.628636 0.409373
vt 0.775974 0.730469
vt 0.775688 0.724772
vt 0.596358 0.886447
vt 0.606392 0.897678
vt 0.596117 0.902135
vt 0.198357 0.622469
vt 0.982027 0.061516
vt 0.950530 0.026750
vt 0.941253 0.022045
vt 0.679303 0.758021
vt 0.677168 0.750261
vt 0.574487 0.874123
vt 0.568342 0.865847
vt 0.565217 0.833430
vt 0.868286 0.403096
vt 0.865248 0.409729
vt 0.864699 0.398799
vt 0.832711 0.376640
vt 0.844555 0.379019
vt 0.832975 0.380284
vt 0.832337 0.381315
vt 0.637837 0.891088
vt 0.639792 0.877962
vt 0.643318 0.880313
vt 0.321724 0.629024
vt 0.316475 0.633203
vt 0.319571 0.611637
vt 0.307444 0.630227
vt 0.639846 0.888781
vt 0.642800 0.892383
vt 0.642200 0.900638
vt 0.840810 0.830788
vt 0.300065 0.853217
vt 0.295539 0.849140
vt 0.288302 0.849333
vt 0.201085 0.508031
vt 0.191400 0.504005
vt 0.170208 0.512440
vt 0.706646 0.641549
vt 0.712533 0.642547
vt 0.404375 0.694741
vt 0.380593 0.694258
vt 0.377894 0.687889
vt 0.385586 0.690948
vt 0.379204 0.685567
vt 0.381128 0.522121
vt 0.250488 0.836121
vt 0.250126 0.835013
vt 0.718263 0.049725
vt 0.245040 0.710957
vt 0.269312 0.685062
vt 0.253139 0.686129
vt 0.247633 0.696300
vt 0.247752 0.689777
vt 0.251631 0.677489
vt 0.249003 0.663204
vt 0.252880 0.670027
vt 0.882235 0.446940
vt 0.878484 0.449354
vt 0.876047 0.445886
vt 0.878567 0.451893
vt 0.877152 0.457926
vt 0.877834 0.454732
vt 0.199266 0.756630
vt 0.201493 0.760975
vt 0.202510 0.813718
vt 0.883330 0.537400
vt 0.888830 0.542018
vt 0.880660 0.553567
vt 0.890020 0.558101
vt 0.892571 0.569401
vt 0.895022 0.578855
vt 0.906996 0.342970
vt 0.902640 0.345181
vt 0.902054 0.334837
vt 0.891705 0.595635
vt 0.887809 0.604250
vt 0.884560 0.602613
vt 0.963300 0.184605
vt 0.960243 0.201746
vt 0.962119 0.223303
vt 0.959390 0.232096
vt 0.953190 0.217723
vt 0.638168 0.392637
vt 0.610133 0.406495
vt 0.790811 0.730383
vt 0.798141 0.697764
vt 0.998104 0.038354
vt 0.980497 0.043516
vt 0.972040 0.035749
vt 0.978639 0.028205
vt 0.969271 0.031723
vt 0.945771 0.016577
vt 0.950697 0.013065
vt 0.951257 0.009150
vt 0.941823 0.011223
vt 0.681004 0.739208
vt 0.243052 0.649910
vt 0.239826 0.653087
vt 0.239877 0.644473
vt 0.677020 0.772661
vt 0.672962 0.782768
vt 0.782280 0.856991
vt 0.576587 0.847033
vt 0.844856 0.372068
vt 0.249874 0.887700
vt 0.249874 0.901508
vt 0.245179 0.884291
vt 0.792738 0.380534
vt 0.808044 0.380642
vt 0.806180 0.385947
vt 0.856211 0.827709
vt 0.312942 0.817983
vt 0.327288 0.824635
vt 0.308283 0.838855
vt 0.684351 0.668744
vt 0.393523 0.806401
vt 0.398113 0.696645
vt 0.398617 0.690555
vt 0.251602 0.678110
vt 0.198004 0.745413
vt 0.192898 0.745133
vt 0.195122 0.810553
vt 0.195033 0.852530
vt 0.200431 0.856437
vt 0.200706 0.867262
vt 0.202589 0.823626
vt 0.202453 0.851268
vt 0.892308 0.578979
vt 0.890509 0.583522
vt 0.656256 0.872623
vt 0.660999 0.878821
vt 0.654335 0.883913
vt 0.656549 0.888638
vt 0.889772 0.594841
vt 0.882395 0.605923
vt 0.878773 0.599457
vt 0.957878 0.186352
vt 0.962189 0.211855
vt 0.949229 0.202980
vt 0.957239 0.229540
vt 0.945931 0.200432
vt 0.959340 0.232003
vt 0.946321 0.216885
vt 0.611330 0.290000
vt 0.636096 0.293558
vt 0.620437 0.293584
vt 0.799102 0.718860
vt 0.890348 0.337394
vt 0.890263 0.354129
vt 0.886418 0.356964
vt 0.826550 0.699171
vt 0.207540 0.639087
vt 0.975034 0.027271
vt 0.976420 0.020957
vt 0.950117 0.005184
vt 0.961987 0.002180
vt 0.247939 0.653920
vt 0.242253 0.630482
vt 0.235788 0.637855
vt 0.232152 0.625297
vt 0.676022 0.761665
vt 0.235225 0.618480
vt 0.230781 0.607840
vt 0.233598 0.596801
vt 0.227644 0.583612
vt 0.230864 0.569907
vt 0.669461 0.825535
vt 0.672625 0.841063
vt 0.226521 0.554547
vt 0.228324 0.533792
vt 0.782600 0.841847
vt 0.787059 0.844546
vt 0.781881 0.855799
vt 0.580854 0.846015
vt 0.576112 0.841034
vt 0.585192 0.842763
vt 0.869628 0.396141
vt 0.868661 0.394521
vt 0.863742 0.396714
vt 0.868822 0.386593
vt 0.864454 0.375655
vt 0.870248 0.371396
vt 0.811501 0.381164
vt 0.813931 0.379528
vt 0.815022 0.394507
vt 0.327705 0.886548
vt 0.326873 0.894446
vt 0.324844 0.883195
vt 0.311127 0.611120
vt 0.306263 0.627812
vt 0.794401 0.418966
vt 0.794336 0.407418
vt 0.810017 0.422021
vt 0.301151 0.817325
vt 0.293501 0.840691
vt 0.283732 0.842586
vt 0.183695 0.503848
vt 0.705412 0.637505
vt 0.399450 0.686163
vt 0.375393 0.682994
vt 0.396713 0.527531
vt 0.245486 0.837176
vt 0.376833 0.512645
vt 0.384124 0.498100
vt 0.398149 0.517062
vt 0.432611 0.462758
vt 0.388632 0.483983
vt 0.712033 0.034556
vt 0.647999 0.008155
vt 0.630866 0.102007
vt 0.262701 0.667824
vt 0.251352 0.680188
vt 0.254163 0.670923
vt 0.881894 0.568318
vt 0.888692 0.585628
vt 0.958718 0.197397
vt 0.609123 0.289150
vt 0.613096 0.293087
vt 0.600646 0.294795
vt 0.776401 0.718680
vt 0.192776 0.661852
vt 0.200757 0.658107
vt 0.994402 0.029829
vt 0.255597 0.658772
vt 0.259879 0.657206
vt 0.258875 0.639102
vt 0.247400 0.628259
vt 0.669923 0.862066
vt 0.813228 0.869116
vt 0.801475 0.873396
vt 0.788818 0.867479
vt 0.879349 0.692249
vt 0.882725 0.686221
vt 0.880179 0.706509
vt 0.311149 0.611107
vt 0.302480 0.629824
vt 0.301324 0.618780
vt 0.301599 0.618939
vt 0.302452 0.629841
vt 0.301088 0.628295
vt 0.787344 0.393564
vt 0.792631 0.380522
vt 0.787476 0.403287
vt 0.793185 0.406832
vt 0.806766 0.425917
vt 0.806818 0.402747
vt 0.809311 0.398988
vt 0.837571 0.349907
vt 0.828515 0.366170
vt 0.831521 0.344466
vt 0.822191 0.364624
vt 0.328145 0.799856
vt 0.316447 0.796292
vt 0.310370 0.809419
vt 0.300508 0.818633
vt 0.285807 0.822001
vt 0.153661 0.498883
vt 0.708913 0.639751
vt 0.707304 0.624535
vt 0.427885 0.812308
vt 0.255702 0.850147
vt 0.708529 0.023902
vt 0.692204 0.008219
vt 0.707786 0.006401
vt 0.677749 0.011429
vt 0.615462 0.103852
vt 0.179972 0.754229
vt 0.175361 0.767046
vt 0.177525 0.751818
vt 0.186205 0.805083
vt 0.179038 0.785240
vt 0.182650 0.817340
vt 0.195176 0.867064
vt 0.193068 0.898180
vt 0.200905 0.886011
vt 0.196700 0.902168
vt 0.223258 0.875417
vt 0.222174 0.882206
vt 0.217944 0.874660
vt 0.949020 0.201848
vt 0.571672 0.351505
vt 0.572595 0.385813
vt 0.588876 0.382564
vt 0.579988 0.402082
vt 0.580594 0.401994
vt 0.826415 0.730155
vt 0.984292 0.015624
vt 0.977433 0.021769
vt 0.978090 0.013694
vt 0.979139 0.011711
vt 0.978434 0.003504
vt 0.270602 0.643786
vt 0.237935 0.538978
vt 0.237230 0.525390
vt 0.224918 0.506537
vt 0.672927 0.887899
vt 0.784082 0.916593
vt 0.301042 0.611657
vt 0.299952 0.617988
vt 0.299767 0.612825
vt 0.298742 0.628589
vt 0.297008 0.613081
vt 0.771436 0.379190
vt 0.785653 0.394808
vt 0.787643 0.404130
vt 0.790894 0.410644
vt 0.785937 0.414115
vt 0.607450 0.879027
vt 0.590825 0.866377
vt 0.612626 0.874508
vt 0.853133 0.319982
vt 0.848162 0.328400
vt 0.848547 0.316785
vt 0.884500 0.390408
vt 0.882851 0.400339
vt 0.875506 0.388976
vt 0.876612 0.401262
vt 0.849592 0.331309
vt 0.839585 0.346687
vt 0.843048 0.331159
vt 0.877833 0.671376
vt 0.899423 0.682758
vt 0.878494 0.679729
vt 0.833108 0.343472
vt 0.324220 0.794414
vt 0.296897 0.800746
vt 0.188029 0.495232
vt 0.167305 0.490795
vt 0.152642 0.480729
vt 0.703706 0.618039
vt 0.416086 0.697032
vt 0.409469 0.694302
vt 0.414004 0.688129
vt 0.405353 0.690793
vt 0.404170 0.686818
vt 0.397233 0.685249
vt 0.425256 0.531837
vt 0.255042 0.835836
vt 0.408505 0.515064
vt 0.431439 0.522365
vt 0.390635 0.467545
vt 0.399765 0.454461
vt 0.393257 0.456381
vt 0.712859 0.018783
vt 0.705183 0.015415
vt 0.697951 0.004337
vt 0.685698 0.001447
vt 0.671852 0.003040
vt 0.616364 0.008658
vt 0.586470 0.010600
vt 0.575467 0.018284
vt 0.552912 0.044352
vt 0.269275 0.685148
vt 0.264158 0.667044
vt 0.276341 0.668825
vt 0.189198 0.848134
vt 0.185121 0.855476
vt 0.189956 0.865637
vt 0.196411 0.875100
vt 0.182647 0.891144
vt 0.189081 0.879203
vt 0.180110 0.904259
vt 0.953601 0.183334
vt 0.944175 0.190306
vt 0.599744 0.283907
vt 0.606410 0.288110
vt 0.575700 0.280641
vt 0.557669 0.287867
vt 0.604975 0.287898
vt 0.576255 0.285499
vt 0.551366 0.397289
vt 0.851468 0.729829
vt 0.856848 0.725406
vt 0.982327 0.015012
vt 0.995156 0.015133
vt 0.981977 0.008819
vt 0.273718 0.656956
vt 0.258407 0.639600
vt 0.282625 0.624501
vt 0.270687 0.643655
vt 0.248298 0.475544
vt 0.671680 0.921430
vt 0.611875 0.881075
vt 0.626675 0.871589
vt 0.626545 0.855450
vt 0.589019 0.846460
vt 0.847658 0.307459
vt 0.887963 0.403360
vt 0.884712 0.391500
vt 0.897912 0.679862
vt 0.897073 0.666552
vt 0.875732 0.665514
vt 0.310754 0.794927
vt 0.310815 0.798768
vt 0.296885 0.800727
vt 0.144074 0.492400
vt 0.690382 0.603646
vt 0.412279 0.814908
vt 0.218800 0.839014
vt 0.221953 0.837032
vt 0.220378 0.849026
vt 0.418675 0.693533
vt 0.396288 0.527066
vt 0.401043 0.524041
vt 0.414473 0.524586
vt 0.411428 0.519296
vt 0.395300 0.447169
vt 0.402701 0.441378
vt 0.708593 0.001541
vt 0.912394 0.254110
vt 0.904716 0.261471
vt 0.898121 0.259431
vt 0.658658 0.003177
vt 0.564814 0.023588
vt 0.584568 0.109736
vt 0.563444 0.105163
vt 0.565676 0.107329
vt 0.578545 0.108599
vt 0.569978 0.110678
vt 0.569480 0.115905
vt 0.574788 0.130811
vt 0.561766 0.116468
vt 0.184424 0.875030
vt 0.563392 0.278091
vt 0.841691 0.697852
vt 0.196507 0.676224
vt 0.201932 0.665677
vt 0.980009 0.003079
vt 0.993910 0.006604
vt 0.285862 0.650825
vt 0.285821 0.655631
vt 0.281238 0.642740
vt 0.272161 0.656205
vt 0.279676 0.617434
vt 0.271401 0.588801
vt 0.271219 0.561445
vt 0.802824 0.351175
vt 0.815638 0.372009
vt 0.807634 0.371055
vt 0.785373 0.420476
vt 0.773693 0.418567
vt 0.884643 0.377866
vt 0.874337 0.376557
vt 0.878806 0.372245
vt 0.897664 0.655308
vt 0.892396 0.647236
vt 0.901955 0.649795
vt 0.791241 0.326347
vt 0.785635 0.328184
vt 0.785430 0.320842
vt 0.884594 0.369804
vt 0.790003 0.306722
vt 0.789375 0.323787
vt 0.785070 0.313009
vt 0.692312 0.598418
vt 0.828267 0.298641
vt 0.833725 0.295287
vt 0.908102 0.384525
vt 0.904628 0.400619
vt 0.900981 0.402013
vt 0.898508 0.367643
vt 0.884933 0.368863
vt 0.890538 0.366942
vt 0.626559 0.853602
vt 0.588897 0.845773
vt 0.623339 0.841084
vt 0.590605 0.836991
vt 0.881076 0.635295
vt 0.887175 0.643989
vt 0.875219 0.642892
vt 0.681754 0.624953
vt 0.676645 0.635153
vt 0.421411 0.696075
vt 0.419503 0.528913
vt 0.408874 0.434666
vt 0.894554 0.263956
vt 0.880928 0.265864
vt 0.872255 0.270541
vt 0.860307 0.272442
vt 0.852550 0.276290
vt 0.822674 0.280352
vt 0.805002 0.276927
vt 0.809459 0.267821
vt 0.791962 0.281504
vt 0.780239 0.288632
vt 0.772806 0.284111
vt 0.567528 0.015020
vt 0.559957 0.018778
vt 0.764570 0.286660
vt 0.750063 0.275004
vt 0.755102 0.289958
vt 0.768497 0.292420
vt 0.551809 0.024726
vt 0.596145 0.906834
vt 0.606113 0.903450
vt 0.600582 0.911940
vt 0.273777 0.666724
vt 0.271689 0.661595
vt 0.277999 0.661932
vt 0.558659 0.119939
vt 0.940078 0.180021
vt 0.553664 0.339868
vt 0.551657 0.386624
vt 0.548365 0.381487
vt 0.853831 0.692344
vt 0.846020 0.694139
vt 0.187035 0.666324
vt 0.196690 0.681421
vt 0.183722 0.674772
vt 0.281201 0.642771
vt 0.289289 0.625947
vt 0.286216 0.607903
vt 0.290715 0.564909
vt 0.271395 0.588351
vt 0.239437 0.454117
vt 0.228703 0.472362
vt 0.228525 0.466165
vt 0.230434 0.455159
vt 0.672110 0.928609
vt 0.688744 0.948955
vt 0.815494 0.875216
vt 0.833247 0.876576
vt 0.771207 0.406594
vt 0.799524 0.342184
vt 0.896621 0.665468
vt 0.879086 0.658447
vt 0.875856 0.665299
vt 0.320350 0.792221
vt 0.286000 0.802598
vt 0.703257 0.608310
vt 0.281807 0.899023
vt 0.288467 0.899198
vt 0.289955 0.905956
vt 0.289463 0.900362
vt 0.899345 0.367519
vt 0.900526 0.402185
vt 0.608122 0.836546
vt 0.889394 0.644579
vt 0.880839 0.632979
vt 0.897307 0.644277
vt 0.450310 0.813626
vt 0.472760 0.824291
vt 0.461685 0.824061
vt 0.292121 0.883010
vt 0.281741 0.896261
vt 0.288599 0.882248
vt 0.281979 0.891446
vt 0.678672 0.607675
vt 0.469795 0.748540
vt 0.431985 0.689336
vt 0.412494 0.687914
vt 0.431378 0.689699
vt 0.259431 0.848043
vt 0.269544 0.863772
vt 0.259662 0.855603
vt 0.420206 0.438647
vt 0.875141 0.243638
vt 0.642528 0.003370
vt 0.629292 0.002827
vt 0.835439 0.274103
vt 0.799751 0.281546
vt 0.747753 0.247054
vt 0.539726 0.025077
vt 0.553075 0.090460
vt 0.557857 0.108834
vt 0.577220 0.176148
vt 0.578469 0.193847
vt 0.578044 0.232213
vt 0.577440 0.271629
vt 0.568355 0.265556
vt 0.577251 0.255306
vt 0.572776 0.271903
vt 0.576437 0.274972
vt 0.570557 0.275993
vt 0.547777 0.381428
vt 0.542835 0.397156
vt 0.865726 0.712415
vt 0.860845 0.727230
vt 0.189262 0.688612
vt 0.181190 0.683053
vt 0.279649 0.617871
vt 0.267463 0.493505
vt 0.267459 0.493403
vt 0.235030 0.442029
vt 0.672513 0.939537
vt 0.844103 0.878300
vt 0.849300 0.898924
vt 0.854519 0.882682
vt 0.792927 0.339165
vt 0.803500 0.346466
vt 0.878294 0.653968
vt 0.319565 0.765766
vt 0.321612 0.776085
vt 0.317927 0.786517
vt 0.307583 0.788229
vt 0.307582 0.788228
vt 0.310818 0.797874
vt 0.299446 0.787428
vt 0.297278 0.798412
vt 0.281117 0.788815
vt 0.138696 0.478063
vt 0.118251 0.474844
vt 0.702253 0.594916
vt 0.698300 0.595632
vt 0.690988 0.595706
vt 0.701544 0.585573
vt 0.680902 0.598802
vt 0.671792 0.600256
vt 0.682289 0.572271
vt 0.673781 0.584300
vt 0.675202 0.567080
vt 0.908639 0.366965
vt 0.625506 0.834249
vt 0.897357 0.626457
vt 0.895442 0.608891
vt 0.607723 0.914883
vt 0.610449 0.902778
vt 0.614726 0.912343
vt 0.671523 0.614173
vt 0.436377 0.820641
vt 0.440490 0.696486
vt 0.442105 0.694053
vt 0.419300 0.528987
vt 0.266065 0.866280
vt 0.434765 0.438903
vt 0.919016 0.242157
vt 0.915556 0.225567
vt 0.735314 0.269668
vt 0.737501 0.278966
vt 0.749322 0.277980
vt 0.743734 0.286810
vt 0.533892 0.027827
vt 0.534812 0.045291
vt 0.576022 0.146903
vt 0.577475 0.241249
vt 0.537065 0.381816
vt 0.533960 0.394363
vt 0.866950 0.722592
vt 0.176068 0.681258
vt 0.294624 0.647169
vt 0.293686 0.631960
vt 0.291075 0.602085
vt 0.287981 0.528197
vt 0.269854 0.497518
vt 0.239456 0.453839
vt 0.854529 0.896090
vt 0.306397 0.758285
vt 0.311222 0.776918
vt 0.300232 0.792156
vt 0.297745 0.778019
vt 0.286289 0.766151
vt 0.122114 0.462520
vt 0.693806 0.588340
vt 0.701561 0.584285
vt 0.698490 0.578051
vt 0.688149 0.574609
vt 0.692216 0.592466
vt 0.792543 0.310008
vt 0.792085 0.303098
vt 0.809349 0.298950
vt 0.811758 0.294119
vt 0.881827 0.608048
vt 0.881854 0.608539
vt 0.880988 0.633048
vt 0.875750 0.639222
vt 0.866663 0.411036
vt 0.865636 0.427326
vt 0.863387 0.412902
vt 0.497724 0.827308
vt 0.472700 0.832100
vt 0.471303 0.796286
vt 0.435745 0.696623
vt 0.445480 0.701078
vt 0.442491 0.689921
vt 0.437060 0.524999
vt 0.446949 0.526869
vt 0.454514 0.433867
vt 0.924117 0.228339
vt 0.738050 0.284525
vt 0.553447 0.079111
vt 0.553520 0.079309
vt 0.541075 0.089336
vt 0.543884 0.119231
vt 0.545221 0.159071
vt 0.549372 0.181615
vt 0.549163 0.216040
vt 0.548792 0.228614
vt 0.562406 0.276148
vt 0.566260 0.278098
vt 0.556610 0.293420
vt 0.553879 0.331132
vt 0.542965 0.337194
vt 0.283569 0.384766
vt 0.298536 0.406588
vt 0.290362 0.413749
vt 0.868192 0.701257
vt 0.165516 0.696517
vt 0.153940 0.689670
vt 0.139195 0.695429
vt 0.141814 0.703123
vt 0.123654 0.702729
vt 0.110399 0.713508
vt 0.112008 0.706714
vt 0.268223 0.470355
vt 0.243640 0.439227
vt 0.826138 0.955594
vt 0.845615 0.931061
vt 0.846198 0.917209
vt 0.309434 0.722698
vt 0.325105 0.740298
vt 0.318664 0.757478
vt 0.327061 0.752157
vt 0.319775 0.763218
vt 0.306395 0.758297
vt 0.311819 0.774582
vt 0.295601 0.753943
vt 0.693874 0.588060
vt 0.695096 0.576616
vt 0.243597 0.889421
vt 0.241334 0.894323
vt 0.237615 0.889589
vt 0.815586 0.299908
vt 0.876204 0.609487
vt 0.426232 0.528173
vt 0.431510 0.526888
vt 0.440234 0.529178
vt 0.275871 0.873426
vt 0.279093 0.883491
vt 0.272335 0.875586
vt 0.449898 0.520825
vt 0.435234 0.429872
vt 0.805493 0.217207
vt 0.291969 0.035558
vt 0.299023 0.039510
vt 0.290061 0.048908
vt 0.304770 0.043285
vt 0.537697 0.056712
vt 0.538256 0.071668
vt 0.543346 0.131350
vt 0.549818 0.242014
vt 0.545796 0.290352
vt 0.541119 0.327469
vt 0.317349 0.363909
vt 0.307237 0.394211
vt 0.870311 0.682563
vt 0.859892 0.678301
vt 0.090574 0.718015
vt 0.291507 0.548140
vt 0.072189 0.724729
vt 0.024015 0.739460
vt 0.048138 0.728201
vt 0.266657 0.461247
vt 0.275461 0.459376
vt 0.266516 0.463867
vt 0.263357 0.440506
vt 0.249568 0.443248
vt 0.672058 0.951494
vt 0.312002 0.773106
vt 0.295605 0.753934
vt 0.702942 0.562655
vt 0.698955 0.576255
vt 0.691855 0.569784
vt 0.236574 0.884898
vt 0.232106 0.886959
vt 0.232640 0.889385
vt 0.228767 0.895038
vt 0.237124 0.899379
vt 0.225138 0.904282
vt 0.497162 0.820324
vt 0.449718 0.698431
vt 0.448842 0.698101
vt 0.752689 0.241520
vt 0.736450 0.244459
vt 0.733923 0.233378
vt 0.746913 0.246501
vt 0.736769 0.254095
vt 0.282151 0.026335
vt 0.313266 0.064014
vt 0.546041 0.255316
vt 0.542588 0.313685
vt 0.307796 0.350162
vt 0.276773 0.402189
vt 0.279160 0.415226
vt 0.866455 0.676321
vt 0.860629 0.659034
vt 0.869263 0.659871
vt 0.863104 0.647603
vt 0.860911 0.648602
vt 0.863336 0.628983
vt 0.063964 0.722933
vt 0.044527 0.726130
vt 0.288143 0.477182
vt 0.278265 0.452032
vt 0.270518 0.452564
vt 0.272365 0.450231
vt 0.669669 0.964616
vt 0.676452 0.961146
vt 0.678807 0.966753
vt 0.762885 0.961837
vt 0.844952 0.944847
vt 0.327365 0.717347
vt 0.329272 0.735883
vt 0.318625 0.706707
vt 0.307843 0.711521
vt 0.301257 0.746655
vt 0.301643 0.747217
vt 0.289478 0.747234
vt 0.280374 0.748114
vt 0.103904 0.459614
vt 0.104494 0.470422
vt 0.459964 0.702009
vt 0.454128 0.699511
vt 0.456579 0.698035
vt 0.439597 0.530072
vt 0.454006 0.534344
vt 0.462210 0.527474
vt 0.456364 0.527415
vt 0.483035 0.531772
vt 0.495943 0.442571
vt 0.899487 0.174438
vt 0.745821 0.195872
vt 0.736110 0.223372
vt 0.275617 0.023169
vt 0.317452 0.074616
vt 0.319415 0.089225
vt 0.323190 0.106225
vt 0.312712 0.120003
vt 0.327209 0.136346
vt 0.329068 0.175591
vt 0.333071 0.198062
vt 0.331785 0.244612
vt 0.332564 0.232483
vt 0.332197 0.258077
vt 0.328078 0.273437
vt 0.322543 0.328131
vt 0.320433 0.341750
vt 0.309592 0.320569
vt 0.318251 0.350101
vt 0.260004 0.417053
vt 0.254454 0.421599
vt 0.236255 0.421104
vt 0.868704 0.634762
vt 0.868435 0.601644
vt 0.864640 0.585029
vt 0.864661 0.571563
vt 0.867361 0.584230
vt 0.864933 0.578921
vt 0.864640 0.569484
vt 0.868788 0.566368
vt 0.024176 0.732620
vt 0.292428 0.465551
vt 0.278146 0.452208
vt 0.266647 0.444427
vt 0.245351 0.434189
vt 0.239014 0.436909
vt 0.922141 0.905624
vt 0.912198 0.901977
vt 0.921782 0.895811
vt 0.913886 0.893414
vt 0.680463 0.968942
vt 0.688661 0.968023
vt 0.707985 0.974791
vt 0.752754 0.964358
vt 0.318554 0.691638
vt 0.323591 0.704145
vt 0.310004 0.697066
vt 0.851117 0.930095
vt 0.293327 0.727912
vt 0.295654 0.738474
vt 0.701855 0.529824
vt 0.685266 0.564929
vt 0.522341 0.822122
vt 0.473366 0.705556
vt 0.466687 0.699300
vt 0.455193 0.534296
vt 0.458173 0.532452
vt 0.486523 0.559480
vt 0.468811 0.539048
vt 0.472447 0.438312
vt 0.464704 0.435334
vt 0.477018 0.429202
vt 0.922128 0.184536
vt 0.926610 0.197550
vt 0.923592 0.207373
vt 0.735562 0.206995
vt 0.732160 0.213500
vt 0.241188 0.013613
vt 0.254354 0.015613
vt 0.244472 0.026677
vt 0.260469 0.021456
vt 0.269859 0.022896
vt 0.229931 0.036955
vt 0.262476 0.034412
vt 0.326942 0.148326
vt 0.315861 0.172554
vt 0.317161 0.213052
vt 0.316743 0.228964
vt 0.317172 0.260212
vt 0.317224 0.260316
vt 0.316692 0.271078
vt 0.325385 0.303357
vt 0.263413 0.405427
vt 0.252272 0.408166
vt 0.209888 0.422882
vt 0.867455 0.596237
vt 0.865747 0.550852
vt 0.870624 0.536271
vt 0.012831 0.733590
vt 0.011458 0.737396
vt 0.290319 0.455651
vt 0.293557 0.447358
vt 0.909436 0.885860
vt 0.920863 0.876778
vt 0.910790 0.883123
vt 0.920789 0.868476
vt 0.910781 0.865785
vt 0.714458 0.971913
vt 0.721784 0.977281
vt 0.828018 0.958171
vt 0.837872 0.960519
vt 0.318911 0.676001
vt 0.305231 0.695646
vt 0.306694 0.708577
vt 0.308523 0.716975
vt 0.298434 0.712730
vt 0.296053 0.717816
vt 0.301790 0.727702
vt 0.292672 0.727928
vt 0.286541 0.732892
vt 0.093792 0.447515
vt 0.093102 0.465064
vt 0.702488 0.550960
vt 0.671282 0.564971
vt 0.671545 0.540689
vt 0.479857 0.701975
vt 0.460036 0.701977
vt 0.472975 0.699202
vt 0.469964 0.538672
vt 0.464447 0.534464
vt 0.475690 0.535151
vt 0.927640 0.173861
vt 0.930795 0.189922
vt 0.731890 0.200574
vt 0.227191 0.020636
vt 0.232014 0.013239
vt 0.316960 0.229396
vt 0.309150 0.320637
vt 0.175144 0.422841
vt 0.146134 0.424549
vt 0.123970 0.422924
vt 0.142889 0.421481
vt 0.114332 0.419692
vt 0.869520 0.527686
vt 0.862011 0.524799
vt 0.861974 0.514893
vt 0.871479 0.505049
vt 0.002844 0.737125
vt 0.273481 0.433294
vt 0.248861 0.438144
vt 0.265885 0.431192
vt 0.928454 0.908653
vt 0.922067 0.905792
vt 0.940709 0.884248
vt 0.921781 0.895759
vt 0.930014 0.880991
vt 0.920328 0.854908
vt 0.906702 0.860164
vt 0.739984 0.973332
vt 0.931166 0.764687
vt 0.924664 0.759365
vt 0.924425 0.749802
vt 0.814508 0.973883
vt 0.809832 0.970725
vt 0.822582 0.968871
vt 0.815763 0.969379
vt 0.310022 0.697016
vt 0.306696 0.708584
vt 0.295483 0.709099
vt 0.288730 0.714656
vt 0.296162 0.718471
vt 0.539241 0.781414
vt 0.490235 0.709341
vt 0.475610 0.535401
vt 0.853494 0.179930
vt 0.745696 0.195519
vt 0.740986 0.190933
vt 0.746352 0.186432
vt 0.731417 0.185855
vt 0.225380 0.005846
vt 0.219061 0.020013
vt 0.233924 0.024475
vt 0.256235 0.033832
vt 0.314808 0.154272
vt 0.166077 0.423680
vt 0.086430 0.407153
vt 0.862594 0.494260
vt 0.294518 0.439652
vt 0.283203 0.432068
vt 0.272995 0.433359
vt 0.946512 0.907482
vt 0.935916 0.885624
vt 0.929664 0.866044
vt 0.924276 0.864203
vt 0.930126 0.853270
vt 0.907249 0.697262
vt 0.903513 0.695256
vt 0.906485 0.689651
vt 0.929493 0.843036
vt 0.923807 0.837275
vt 0.911028 0.853521
vt 0.908298 0.833171
vt 0.929117 0.831429
vt 0.939805 0.743623
vt 0.831759 0.973464
vt 0.835333 0.967410
vt 0.312780 0.670481
vt 0.306532 0.677003
vt 0.303745 0.684272
vt 0.296501 0.684053
vt 0.296318 0.698812
vt 0.300634 0.702453
vt 0.295913 0.710573
vt 0.289458 0.705928
vt 0.066038 0.433507
vt 0.070921 0.450860
vt 0.084860 0.463657
vt 0.707098 0.543905
vt 0.703609 0.550667
vt 0.678624 0.525898
vt 0.494889 0.705040
vt 0.508781 0.707096
vt 0.502734 0.697360
vt 0.467150 0.693105
vt 0.443137 0.689672
vt 0.856780 0.361690
vt 0.857563 0.347019
vt 0.861781 0.342621
vt 0.857633 0.337023
vt 0.553905 0.477791
vt 0.535352 0.537718
vt 0.488279 0.434190
vt 0.935719 0.166472
vt 0.925252 0.162303
vt 0.746419 0.186431
vt 0.743115 0.190033
vt 0.227191 0.020636
vt 0.106240 0.421391
vt 0.872648 0.496469
vt 0.951554 0.902261
vt 0.936562 0.867317
vt 0.934546 0.870718
vt 0.937086 0.861128
vt 0.931476 0.867332
vt 0.928661 0.857568
vt 0.932789 0.857975
vt 0.915471 0.829179
vt 0.744315 0.980122
vt 0.762995 0.963490
vt 0.786476 0.976335
vt 0.815538 0.969430
vt 0.931275 0.770391
vt 0.919809 0.764006
vt 0.928510 0.792338
vt 0.314642 0.662704
vt 0.307385 0.662484
vt 0.300323 0.675596
vt 0.306881 0.673132
vt 0.296309 0.683536
vt 0.296311 0.699113
vt 0.288948 0.694229
vt 0.289947 0.705025
vt 0.053109 0.434284
vt 0.073806 0.458981
vt 0.519173 0.709492
vt 0.507776 0.707361
vt 0.495049 0.705081
vt 0.498178 0.697311
vt 0.489855 0.703062
vt 0.483540 0.697833
vt 0.512737 0.439700
vt 0.548333 0.444672
vt 0.523598 0.435053
vt 0.500007 0.431642
vt 0.748515 0.164514
vt 0.734856 0.171679
vt 0.218982 0.009233
vt 0.219029 0.020021
vt 0.201704 0.006226
vt 0.193626 0.018316
vt 0.056620 0.403038
vt 0.083415 0.416212
vt 0.073120 0.416093
vt 0.082458 0.419939
vt 0.969094 0.897463
vt 0.959375 0.897280
vt 0.625421 0.911691
vt 0.620252 0.910844
vt 0.620222 0.902890
vt 0.930803 0.846766
vt 0.943978 0.847331
vt 0.937586 0.850685
vt 0.938715 0.845078
vt 0.931445 0.843772
vt 0.945684 0.836332
vt 0.923610 0.837079
vt 0.917296 0.810900
vt 0.910811 0.812091
vt 0.760551 0.974215
vt 0.801732 0.974005
vt 0.946068 0.770689
vt 0.947121 0.748531
vt 0.941516 0.747112
vt 0.939606 0.738939
vt 0.947033 0.745528
vt 0.636028 0.912783
vt 0.629075 0.906295
vt 0.636028 0.900678
vt 0.288564 0.677105
vt 0.295652 0.681895
vt 0.283682 0.689085
vt 0.066665 0.458517
vt 0.511592 0.702749
vt 0.487015 0.540907
vt 0.860326 0.315841
vt 0.855001 0.299133
vt 0.538968 0.438806
vt 0.925254 0.137260
vt 0.931150 0.142714
vt 0.733006 0.167615
vt 0.196299 0.018550
vt 0.179722 0.017742
vt 0.853755 0.479971
vt 0.869054 0.473904
vt 0.961490 0.857773
vt 0.936792 0.872724
vt 0.943584 0.864375
vt 0.943937 0.847321
vt 0.955596 0.841324
vt 0.945685 0.836332
vt 0.933790 0.835225
vt 0.942700 0.827736
vt 0.927126 0.823819
vt 0.913130 0.792633
vt 0.762503 0.980423
vt 0.779553 0.973508
vt 0.917526 0.786133
vt 0.945661 0.750557
vt 0.952214 0.754921
vt 0.947338 0.745956
vt 0.958698 0.733829
vt 0.959166 0.750373
vt 0.964043 0.746980
vt 0.042755 0.426365
vt 0.032617 0.436280
vt 0.046464 0.455638
vt 0.715052 0.520098
vt 0.713272 0.525544
vt 0.714354 0.519068
vt 0.553323 0.828849
vt 0.538035 0.828094
vt 0.558505 0.824866
vt 0.529268 0.710671
vt 0.522451 0.709875
vt 0.515014 0.709105
vt 0.510029 0.700410
vt 0.511345 0.699605
vt 0.527560 0.685186
vt 0.507509 0.542041
vt 0.487242 0.541257
vt 0.483650 0.536190
vt 0.513517 0.541621
vt 0.510263 0.538312
vt 0.859907 0.303579
vt 0.863183 0.309551
vt 0.544500 0.499635
vt 0.558175 0.448380
vt 0.545445 0.437236
vt 0.925010 0.107032
vt 0.926421 0.117395
vt 0.889391 0.112343
vt 0.766207 0.141295
vt 0.730697 0.126477
vt 0.749036 0.163043
vt 0.737906 0.165595
vt 0.177579 0.017855
vt 0.197075 0.001821
vt 0.145226 0.020827
vt 0.157069 0.017772
vt 0.056485 0.400214
vt 0.046034 0.409905
vt 0.052964 0.416053
vt 0.856912 0.454078
vt 0.848625 0.478110
vt 0.952921 0.825876
vt 0.944353 0.821558
vt 0.943618 0.817862
vt 0.933234 0.819261
vt 0.939070 0.825776
vt 0.933303 0.826334
vt 0.932742 0.819113
vt 0.948650 0.782278
vt 0.946066 0.770650
vt 0.952218 0.754930
vt 0.957183 0.788715
vt 0.961490 0.771720
vt 0.962653 0.765835
vt 0.965393 0.756643
vt 0.025348 0.441612
vt 0.027648 0.433258
vt 0.681630 0.511132
vt 0.549536 0.713671
vt 0.535811 0.709312
vt 0.523127 0.703987
vt 0.527122 0.542488
vt 0.526258 0.547289
vt 0.543000 0.534580
vt 0.547327 0.540555
vt 0.549743 0.539113
vt 0.544111 0.499651
vt 0.554321 0.539322
vt 0.923015 0.094392
vt 0.933621 0.101120
vt 0.554761 0.438672
vt 0.932438 0.112013
vt 0.747673 0.164503
vt 0.167597 0.006307
vt 0.147502 0.019437
vt 0.012925 0.175612
vt 0.052631 0.400356
vt 0.966681 0.887590
vt 0.962819 0.876774
vt 0.962017 0.874241
vt 0.961613 0.849917
vt 0.953670 0.828065
vt 0.965831 0.835176
vt 0.955831 0.820913
vt 0.931655 0.802581
vt 0.954489 0.789718
vt 0.966831 0.789197
vt 0.968736 0.768486
vt 0.015021 0.444710
vt 0.018084 0.449922
vt 0.023307 0.459022
vt 0.721345 0.505093
vt 0.721085 0.507252
vt 0.725537 0.472386
vt 0.685804 0.485522
vt 0.678771 0.505405
vt 0.527197 0.708839
vt 0.523475 0.699973
vt 0.531652 0.704664
vt 0.538304 0.703556
vt 0.538408 0.703448
vt 0.523260 0.703605
vt 0.539672 0.544694
vt 0.547612 0.542357
vt 0.551122 0.538485
vt 0.553291 0.546137
vt 0.557454 0.542639
vt 0.569158 0.540116
vt 0.560235 0.542256
vt 0.557854 0.542584
vt 0.588906 0.452099
vt 0.729411 0.140508
vt 0.143031 0.014634
vt 0.075231 0.048972
vt 0.870675 0.460743
vt 0.836014 0.472640
vt 0.966345 0.863435
vt 0.962171 0.849739
vt 0.967925 0.815854
vt 0.955390 0.810031
vt 0.954415 0.823329
vt 0.943156 0.813721
vt 0.955216 0.810233
vt 0.942870 0.802519
vt 0.954010 0.793761
vt 0.968805 0.802097
vt 0.001000 0.468226
vt 0.004514 0.458794
vt 0.724635 0.503855
vt 0.559093 0.713260
vt 0.537966 0.711247
vt 0.538161 0.705187
vt 0.544551 0.708622
vt 0.539684 0.544691
vt 0.551485 0.548335
vt 0.554667 0.544949
vt 0.560077 0.548406
vt 0.559411 0.548647
vt 0.567334 0.544737
vt 0.564354 0.540216
vt 0.579754 0.444441
vt 0.567561 0.440286
vt 0.923018 0.081255
vt 0.917190 0.073760
vt 0.743589 0.115509
vt 0.136906 0.006428
vt 0.134955 0.020082
vt 0.143031 0.014634
vt 0.134961 0.020086
vt 0.118485 0.021062
vt 0.040369 0.410197
vt 0.953020 0.798207
vt 0.744305 0.487283
vt 0.590233 0.823082
vt 0.578871 0.826094
vt 0.571142 0.715765
vt 0.543309 0.702496
vt 0.556000 0.704576
vt 0.578812 0.548914
vt 0.583034 0.543570
vt 0.588690 0.441703
vt 0.927052 0.069841
vt 0.919861 0.063846
vt 0.849836 0.100648
vt 0.736301 0.112274
vt 0.165876 0.005285
vt 0.139301 0.008686
vt 0.146167 0.001000
vt 0.871815 0.433664
vt 0.803505 0.473555
vt 0.785313 0.473079
vt 0.759904 0.479368
vt 0.585501 0.798751
vt 0.580904 0.717353
vt 0.570772 0.707941
vt 0.568487 0.716579
vt 0.565762 0.710775
vt 0.552694 0.713580
vt 0.545959 0.713067
vt 0.556178 0.704559
vt 0.544028 0.700916
vt 0.591209 0.552492
vt 0.588749 0.551882
vt 0.580720 0.544776
vt 0.596353 0.549489
vt 0.912486 0.037088
vt 0.919133 0.056256
vt 0.792335 0.060073
vt 0.731220 0.102937
vt 0.734728 0.082621
vt 0.120018 0.005344
vt 0.118426 0.021162
vt 0.103807 0.011605
vt 0.093775 0.025126
vt 0.100380 0.026447
vt 0.100381 0.026447
vt 0.026542 0.376062
vt 0.021785 0.389679
vt 0.019611 0.394422
vt 0.779518 0.474629
vt 0.774065 0.476831
vt 0.687192 0.473398
vt 0.694407 0.465088
vt 0.566837 0.708275
vt 0.583689 0.705048
vt 0.591027 0.544763
vt 0.596654 0.540247
vt 0.620390 0.483973
vt 0.599372 0.450489
vt 0.743649 0.115480
vt 0.740219 0.054114
vt 0.093639 0.025243
vt 0.063924 0.032119
vt 0.028247 0.366007
vt 0.863991 0.432618
vt 0.839789 0.435068
vt 0.600641 0.825827
vt 0.610510 0.818709
vt 0.602033 0.722157
vt 0.586977 0.718721
vt 0.589799 0.898322
vt 0.590706 0.885389
vt 0.594019 0.893595
vt 0.606291 0.449584
vt 0.625025 0.454894
vt 0.731299 0.067001
vt 0.089280 0.012551
vt 0.086566 0.015164
vt 0.068560 0.018115
vt 0.063520 0.033861
vt 0.034330 0.064371
vt 0.056337 0.034530
vt 0.020338 0.315898
vt 0.022441 0.389871
vt 0.017257 0.372120
vt 0.804064 0.434297
vt 0.617196 0.777174
vt 0.892862 0.695714
vt 0.891279 0.705956
vt 0.887874 0.699425
vt 0.887291 0.708502
vt 0.572198 0.707817
vt 0.600745 0.553740
vt 0.598737 0.550796
vt 0.621008 0.553785
vt 0.617653 0.541438
vt 0.607707 0.546024
vt 0.859096 0.016529
vt 0.743485 0.037525
vt 0.088558 0.005829
vt 0.732344 0.050607
vt 0.733592 0.032958
vt 0.062845 0.036772
vt 0.044948 0.036433
vt 0.035260 0.059966
vt 0.020586 0.312004
vt 0.012787 0.355254
vt 0.531305 0.394535
vt 0.524329 0.402867
vt 0.531816 0.377571
vt 0.853860 0.429179
vt 0.787014 0.438811
vt 0.775306 0.437510
vt 0.697448 0.456455
vt 0.708540 0.448479
vt 0.375508 0.423526
vt 0.363434 0.426424
vt 0.361206 0.419613
vt 0.611284 0.723244
vt 0.597125 0.718591
vt 0.887231 0.692367
vt 0.586046 0.713000
vt 0.643702 0.564065
vt 0.621495 0.546110
vt 0.627676 0.548015
vt 0.641018 0.469545
vt 0.910371 0.026581
vt 0.893545 0.025382
vt 0.753760 0.035205
vt 0.019726 0.304034
vt 0.012078 0.347684
vt 0.026541 0.376079
vt 0.016412 0.370202
vt 0.525862 0.366182
vt 0.512425 0.404512
vt 0.491289 0.382756
vt 0.500673 0.414231
vt 0.469011 0.418736
vt 0.759756 0.438775
vt 0.736039 0.445275
vt 0.718090 0.449097
vt 0.383933 0.427047
vt 0.395419 0.422261
vt 0.623463 0.758331
vt 0.623013 0.770804
vt 0.600394 0.711643
vt 0.593519 0.711205
vt 0.556469 0.903456
vt 0.552470 0.899528
vt 0.555531 0.890183
vt 0.350568 0.005824
vt 0.367051 0.001029
vt 0.367362 0.008119
vt 0.896093 0.018480
vt 0.873475 0.013146
vt 0.740978 0.031606
vt 0.733377 0.026289
vt 0.057237 0.024282
vt 0.052055 0.024800
vt 0.528732 0.018471
vt 0.526722 0.024650
vt 0.518749 0.015965
vt 0.035555 0.038134
vt 0.017209 0.195556
vt 0.003544 0.242022
vt 0.005409 0.277717
vt 0.007777 0.320230
vt 0.013271 0.364985
vt 0.450991 0.424412
vt 0.421372 0.396123
vt 0.439746 0.423263
vt 0.424609 0.424254
vt 0.749983 0.437718
vt 0.728489 0.440977
vt 0.619207 0.723218
vt 0.611033 0.718608
vt 0.607098 0.724463
vt 0.599803 0.713606
vt 0.889245 0.685276
vt 0.632799 0.545218
vt 0.646452 0.514756
vt 0.639842 0.476192
vt 0.347675 0.025741
vt 0.351603 0.020038
vt 0.351874 0.031615
vt 0.389526 0.007178
vt 0.389386 0.039148
vt 0.753667 0.035218
vt 0.734198 0.025462
vt 0.742205 0.021588
vt 0.743523 0.008679
vt 0.730950 0.017294
vt 0.733308 0.011160
vt 0.524988 0.028502
vt 0.024857 0.050902
vt 0.030975 0.073756
vt 0.002707 0.195335
vt 0.006007 0.298585
vt 0.415658 0.422435
vt 0.401539 0.427727
vt 0.347889 0.382857
vt 0.350370 0.374386
vt 0.343039 0.331753
vt 0.345960 0.363100
vt 0.631367 0.727737
vt 0.891703 0.897219
vt 0.900217 0.895885
vt 0.896753 0.903682
vt 0.901282 0.904511
vt 0.897500 0.901087
vt 0.901012 0.908900
vt 0.898254 0.907711
vt 0.616312 0.713980
vt 0.639819 0.557592
vt 0.621023 0.552941
vt 0.630863 0.550951
vt 0.639817 0.557592
vt 0.634660 0.546046
vt 0.638607 0.548306
vt 0.641229 0.486680
vt 0.646072 0.479780
vt 0.344805 0.036238
vt 0.349456 0.043568
vt 0.853851 0.009336
vt 0.845273 0.007570
vt 0.742240 0.021548
vt 0.513999 0.037667
vt 0.505291 0.019905
vt 0.525579 0.038338
vt 0.024908 0.058972
vt 0.017235 0.195477
vt 0.001000 0.255535
vt 0.524334 0.325347
vt 0.528531 0.351959
vt 0.895113 0.890930
vt 0.891899 0.895371
vt 0.892358 0.903590
vt 0.624505 0.717341
vt 0.626597 0.706555
vt 0.652231 0.531329
vt 0.648026 0.491909
vt 0.399498 0.012456
vt 0.403116 0.001571
vt 0.864673 0.006002
vt 0.755766 0.001000
vt 0.524032 0.040128
vt 0.521802 0.051359
vt 0.513654 0.037897
vt 0.006732 0.153681
vt 0.518881 0.246755
vt 0.516677 0.260348
vt 0.515133 0.203159
vt 0.504964 0.294699
vt 0.521530 0.282425
vt 0.522548 0.304003
vt 0.360760 0.324489
vt 0.891310 0.884078
vt 0.889653 0.883332
vt 0.887777 0.896842
vt 0.654015 0.696272
vt 0.629452 0.713911
vt 0.627759 0.715061
vt 0.616435 0.713934
vt 0.647204 0.549135
vt 0.341313 0.065167
vt 0.418227 0.009007
vt 0.409495 0.007663
vt 0.803105 0.001060
vt 0.793452 0.007264
vt 0.764617 0.006150
vt 0.524686 0.058418
vt 0.511063 0.073003
vt 0.021384 0.082711
vt 0.015820 0.085680
vt 0.376895 0.322798
vt 0.648217 0.718554
vt 0.630809 0.715131
vt 0.643968 0.564028
vt 0.646213 0.554771
vt 0.652229 0.563166
vt 0.339142 0.098654
vt 0.342767 0.082890
vt 0.362097 0.106475
vt 0.790363 0.001227
vt 0.470534 0.011200
vt 0.497472 0.013307
vt 0.505301 0.019893
vt 0.468197 0.054672
vt 0.510591 0.075660
vt 0.520833 0.088138
vt 0.526357 0.084939
vt 0.013418 0.098066
vt 0.498884 0.137023
vt 0.486399 0.200073
vt 0.487665 0.225494
vt 0.488962 0.265836
vt 0.489429 0.276106
vt 0.491507 0.291558
vt 0.501409 0.308013
vt 0.433456 0.310980
vt 0.888113 0.873724
vt 0.879278 0.876689
vt 0.654568 0.711708
vt 0.660582 0.586592
vt 0.663593 0.568221
vt 0.655526 0.563741
vt 0.641381 0.875298
vt 0.637593 0.871845
vt 0.643340 0.862660
vt 0.639074 0.856441
vt 0.459550 0.014351
vt 0.506684 0.091882
vt 0.519781 0.100953
vt 0.009360 0.123255
vt 0.517741 0.157081
vt 0.517989 0.191596
vt 0.486428 0.162167
vt 0.168704 0.770545
vt 0.165197 0.796202
vt 0.164414 0.782094
vt 0.500793 0.296345
vt 0.309341 0.899261
vt 0.314609 0.898508
vt 0.313388 0.904758
vt 0.464008 0.309555
vt 0.386727 0.319768
vt 0.887478 0.856765
vt 0.889612 0.873682
vt 0.885065 0.866905
vt 0.887246 0.872147
vt 0.879167 0.876258
vt 0.873158 0.857369
vt 0.255644 0.914717
vt 0.255644 0.905647
vt 0.263426 0.908813
vt 0.656097 0.657539
vt 0.661526 0.621682
vt 0.003018 0.760214
vt 0.008127 0.755726
vt 0.008225 0.764546
vt 0.000996 0.752768
vt 0.005166 0.748258
vt 0.012347 0.757333
vt 0.018307 0.753912
vt 0.648785 0.855621
vt 0.644905 0.850385
vt 0.382108 0.111051
vt 0.506751 0.112787
vt 0.518220 0.125902
vt 0.488034 0.142257
vt 0.487708 0.152699
vt 0.165371 0.754139
vt 0.161619 0.794446
vt 0.165172 0.812581
vt 0.327998 0.644745
vt 0.328597 0.594223
vt 0.330040 0.623390
vt 0.163032 0.846934
vt 0.164833 0.832383
vt 0.165634 0.858740
vt 0.314897 0.894855
vt 0.305418 0.895407
vt 0.454032 0.308379
vt 0.452664 0.312100
vt 0.401953 0.318023
vt 0.886367 0.849902
vt 0.007809 0.907208
vt 0.004214 0.893258
vt 0.017562 0.909100
vt 0.011265 0.879192
vt 0.660704 0.683794
vt 0.004786 0.853529
vt 0.008022 0.817561
vt 0.668136 0.599978
vt 0.013807 0.795578
vt 0.005541 0.782693
vt 0.016459 0.765563
vt 0.024573 0.759438
vt 0.025954 0.751279
vt 0.643022 0.834032
vt 0.646609 0.847899
vt 0.638884 0.844812
vt 0.642332 0.854140
vt 0.497469 0.119914
vt 0.506744 0.112958
vt 0.501089 0.132977
vt 0.489405 0.134201
vt 0.210208 0.760198
vt 0.215995 0.753879
vt 0.209043 0.769478
vt 0.210878 0.776904
vt 0.169221 0.890020
vt 0.170286 0.899805
vt 0.168003 0.900229
vt 0.472644 0.303493
vt 0.894941 0.784624
vt 0.891685 0.799031
vt 0.883725 0.793881
vt 0.884797 0.860721
vt 0.032386 0.756346
vt 0.032040 0.756276
vt 0.644963 0.834248
vt 0.652009 0.842253
vt 0.483065 0.124024
vt 0.500555 0.127509
vt 0.498504 0.136190
vt 0.490105 0.135044
vt 0.491995 0.129212
vt 0.169307 0.745454
vt 0.169829 0.768157
vt 0.166170 0.747944
vt 0.212523 0.744382
vt 0.216032 0.752758
vt 0.212109 0.750520
vt 0.209840 0.759152
vt 0.961343 0.456580
vt 0.962635 0.448475
vt 0.965375 0.464658
vt 0.207225 0.787573
vt 0.206391 0.771912
vt 0.207556 0.818428
vt 0.214399 0.830230
vt 0.206555 0.827916
vt 0.213564 0.866048
vt 0.162823 0.871850
vt 0.170385 0.891865
vt 0.162746 0.873734
vt 0.166288 0.897213
vt 0.216004 0.896843
vt 0.214741 0.906006
vt 0.209926 0.904043
vt 0.493140 0.298638
vt 0.900203 0.759701
vt 0.898802 0.774751
vt 0.892368 0.774235
vt 0.889201 0.805830
vt 0.887848 0.822545
vt 0.889782 0.827881
vt 0.887495 0.834743
vt 0.886752 0.844040
vt 0.880465 0.837689
vt 0.887584 0.848930
vt 0.884392 0.858556
vt 0.880072 0.843409
vt 0.015637 0.914779
vt 0.036929 0.916684
vt 0.041533 0.913465
vt 0.395707 0.113468
vt 0.417149 0.116119
vt 0.453832 0.123340
vt 0.482486 0.128436
vt 0.270363 0.902732
vt 0.265074 0.888933
vt 0.274702 0.902900
vt 0.270002 0.884743
vt 0.970278 0.434910
vt 0.968877 0.444898
vt 0.967214 0.429041
vt 0.965586 0.448413
vt 0.963807 0.479888
vt 0.959875 0.469425
vt 0.962417 0.463827
vt 0.963140 0.476570
vt 0.966184 0.475909
vt 0.208707 0.859453
vt 0.901402 0.747202
vt 0.878132 0.813968
vt 0.877530 0.816730
vt 0.880273 0.841811
vt 0.872804 0.839042
vt 0.059702 0.759532
vt 0.405380 0.116174
vt 0.748647 0.349292
vt 0.732696 0.350637
vt 0.733992 0.316145
vt 0.731903 0.332422
vt 0.729691 0.302467
vt 0.734433 0.309265
vt 0.738611 0.303297
vt 0.729833 0.302368
vt 0.731406 0.297946
vt 0.738645 0.300118
vt 0.962200 0.434924
vt 0.966070 0.450117
vt 0.960897 0.447521
vt 0.960193 0.437660
vt 0.953500 0.446333
vt 0.861115 0.373410
vt 0.860538 0.383640
vt 0.859675 0.367661
vt 0.855078 0.392989
vt 0.858888 0.397634
vt 0.957882 0.490557
vt 0.961333 0.493097
vt 0.962959 0.512958
vt 0.966191 0.511565
vt 0.965491 0.529596
vt 0.207110 0.844502
vt 0.213172 0.862728
vt 0.967271 0.551034
vt 0.967885 0.569333
vt 0.963197 0.558088
vt 0.963236 0.557909
vt 0.969127 0.585154
vt 0.961700 0.585322
vt 0.645553 0.908100
vt 0.650085 0.901142
vt 0.649673 0.910482
vt 0.892453 0.738908
vt 0.902847 0.740708
vt 0.890808 0.768829
vt 0.891866 0.774322
vt 0.882120 0.773931
vt 0.889261 0.776995
vt 0.879603 0.796426
vt 0.867309 0.826871
vt 0.868951 0.846412
vt 0.093524 0.772125
vt 0.732352 0.422250
vt 0.728406 0.409280
vt 0.733143 0.403131
vt 0.432631 0.122067
vt 0.508200 0.896939
vt 0.510966 0.894454
vt 0.514715 0.903414
vt 0.515283 0.892118
vt 0.955541 0.444655
vt 0.957761 0.451292
vt 0.955953 0.462823
vt 0.961815 0.547101
vt 0.965685 0.548852
vt 0.953145 0.554299
vt 0.958873 0.582793
vt 0.317686 0.597341
vt 0.316127 0.604836
vt 0.311327 0.598801
vt 0.885475 0.753013
vt 0.063849 0.915070
vt 0.049971 0.916958
vt 0.104145 0.892785
vt 0.055995 0.758890
vt 0.054949 0.751362
vt 0.062874 0.750409
vt 0.735647 0.410651
vt 0.730933 0.399706
vt 0.740097 0.391305
vt 0.730719 0.390411
vt 0.736711 0.383186
vt 0.732272 0.373365
vt 0.744082 0.380010
vt 0.735258 0.362176
vt 0.745487 0.354835
vt 0.751082 0.326358
vt 0.746718 0.306898
vt 0.496245 0.846477
vt 0.495021 0.856874
vt 0.487438 0.864859
vt 0.492480 0.872735
vt 0.950127 0.456836
vt 0.954055 0.470731
vt 0.946182 0.480165
vt 0.860955 0.424639
vt 0.957651 0.551212
vt 0.951457 0.567676
vt 0.899123 0.343561
vt 0.897882 0.350744
vt 0.896625 0.334996
vt 0.304672 0.595876
vt 0.874714 0.740262
vt 0.883289 0.737717
vt 0.885953 0.744267
vt 0.881254 0.780146
vt 0.877624 0.801605
vt 0.866336 0.812626
vt 0.877503 0.816664
vt 0.866839 0.825494
vt 0.753590 0.386530
vt 0.748629 0.406556
vt 0.746854 0.390872
vt 0.740902 0.398654
vt 0.739246 0.388995
vt 0.744290 0.382691
vt 0.740171 0.366339
vt 0.749436 0.310206
vt 0.318160 0.428403
vt 0.320796 0.433664
vt 0.317888 0.439801
vt 0.312115 0.445324
vt 0.313644 0.438906
vt 0.310024 0.446150
vt 0.313197 0.447775
vt 0.307512 0.454585
vt 0.486558 0.887764
vt 0.486866 0.868502
vt 0.491407 0.888551
vt 0.951645 0.482689
vt 0.868133 0.294937
vt 0.872335 0.338404
vt 0.864694 0.331563
vt 0.311925 0.584461
vt 0.308784 0.581565
vt 0.884916 0.754389
vt 0.868007 0.760215
vt 0.864496 0.782113
vt 0.863948 0.805232
vt 0.086540 0.757776
vt 0.746573 0.371564
vt 0.748824 0.362525
vt 0.746577 0.371421
vt 0.747637 0.360300
vt 0.108736 0.746116
vt 0.126601 0.745962
vt 0.118638 0.759932
vt 0.134346 0.748480
vt 0.141535 0.742786
vt 0.147208 0.746849
vt 0.153727 0.742246
vt 0.160281 0.746214
vt 0.315683 0.431103
vt 0.313710 0.435250
vt 0.306675 0.449252
vt 0.307392 0.440289
vt 0.306844 0.469637
vt 0.865467 0.357602
vt 0.869546 0.355499
vt 0.302779 0.579368
vt 0.301192 0.584484
vt 0.864414 0.740970
vt 0.867053 0.746251
vt 0.868556 0.773500
vt 0.105506 0.918357
vt 0.081851 0.915782
vt 0.103386 0.761170
vt 0.089853 0.756806
vt 0.107442 0.774780
vt 0.120173 0.759794
vt 0.128409 0.764780
vt 0.154461 0.760449
vt 0.492750 0.902248
vt 0.946054 0.488037
vt 0.952491 0.505153
vt 0.946281 0.544747
vt 0.951581 0.551825
vt 0.948037 0.563255
vt 0.304104 0.568263
vt 0.305410 0.575378
vt 0.301893 0.568996
vt 0.302825 0.578683
vt 0.865844 0.764368
vt 0.859084 0.774223
vt 0.864417 0.781625
vt 0.115362 0.913049
vt 0.114832 0.856932
vt 0.103570 0.780214
vt 0.103452 0.761181
vt 0.125742 0.777121
vt 0.152721 0.761484
vt 0.148331 0.777161
vt 0.154143 0.768131
vt 0.301485 0.456689
vt 0.306868 0.452040
vt 0.303296 0.468627
vt 0.305457 0.478756
vt 0.304164 0.492038
vt 0.495773 0.942810
vt 0.951551 0.533787
vt 0.496622 0.966315
vt 0.497489 0.987685
vt 0.492956 0.970537
vt 0.303529 0.556024
vt 0.301310 0.569648
vt 0.148002 0.892486
vt 0.147762 0.905295
vt 0.132903 0.913651
vt 0.147838 0.913527
vt 0.140232 0.920760
vt 0.865806 0.749078
vt 0.869485 0.757376
vt 0.859084 0.756519
vt 0.124906 0.920511
vt 0.112487 0.904576
vt 0.103572 0.780217
vt 0.108351 0.774659
vt 0.150753 0.826661
vt 0.152701 0.788897
vt 0.150824 0.773969
vt 0.300240 0.485281
vt 0.300224 0.559032
vt 0.299743 0.573763
vt 0.296428 0.566030
vt 0.300577 0.473278
vt 0.303236 0.500654
vt 0.296495 0.513399
vt 0.485182 0.897443
vt 0.491209 0.961923
vt 0.496634 0.965983
vt 0.299471 0.552857
vt 0.149372 0.868342
vt 0.105678 0.894821
vt 0.114249 0.865710
vt 0.302649 0.554504
vt 0.302856 0.542339
s 1
f 4264/1/1 3183/2/2 4515/3/3
f 5137/4/4 5576/5/5 5330/6/6
f 4382/7/7 5145/8/8 4503/9/9
f 5143/10/10 4494/11/11 5138/12/12
f 5138/12/12 4494/11/11 5137/4/13
f 5137/4/13 4494/11/11 4662/13/14
f 4662/13/14 5144/14/15 5137/4/13
f 5322/15/16 5588/16/17 5516/17/18
f 5339/18/19 5338/19/20 5156/20/21
f 4931/21/22 4946/22/23 4670/23/24
f 3864/24/25 4267/25/26 4151/26/27
f 4266/27/28 4395/28/29 4150/29/30
f 4150/29/30 4395/28/29 4394/30/31
f 4394/30/31 4395/28/29 4397/31/32
f 4396/32/33 4267/25/26 4398/33/34
f 4398/33/34 4267/25/26 4399/34/35
f 4267/25/26 4153/35/36 4399/34/35
f 4153/35/36 4267/25/26 4152/36/37
f 4267/25/26 3864/24/25 4152/36/37
f 4152/36/37 3864/24/25 4049/37/38
f 4049/37/38 3864/24/25 3971/38/39
f 4147/39/40 4047/40/41 4150/29/30
f 4394/30/31 3852/41/42 4150/29/30
f 4394/30/31 4397/31/32 4520/42/43
f 4399/34/35 4153/35/36 4268/43/44
f 4153/35/36 4050/44/45 4268/43/44
f 3555/45/46 4153/35/36 4049/37/38
f 4151/26/27 4048/46/47 3864/24/25
f 3864/24/25 4048/46/47 3968/47/48
f 4148/48/49 4149/49/50 4048/50/51
f 4048/50/51 4149/49/50 4046/51/52
f 4046/51/52 4149/49/50 3965/52/53
f 3965/52/53 4149/49/50 3963/53/54
f 4147/39/40 4150/29/30 3962/54/55
f 3962/54/55 4150/29/30 3852/41/42
f 4399/34/35 4268/43/44 4523/55/56
f 4268/43/44 4050/44/45 4270/56/57
f 4050/44/45 3865/57/58 4155/58/59
f 4155/58/59 3865/57/58 4051/59/60
f 3865/57/58 4050/44/45 3555/45/46
f 4050/44/45 4153/35/36 3555/45/46
f 4049/37/38 3971/38/39 3555/45/46
f 3971/38/39 3864/24/25 3970/60/61
f 3967/61/62 3965/52/63 3718/62/64
f 3966/63/65 3718/62/64 3965/52/63
f 3693/64/66 3965/52/53 3963/53/54
f 4394/30/31 4520/42/43 4688/65/67
f 4399/34/35 4523/55/56 4691/66/68
f 4157/67/69 4154/68/70 3868/69/71
f 3868/69/71 3972/70/72 3866/71/73
f 3865/57/58 3555/45/46 3720/72/74
f 3555/45/46 3971/38/39 3719/73/75
f 3970/60/61 3864/24/25 3719/73/75
f 3864/24/76 3969/74/77 3718/62/64
f 3969/74/77 3967/61/62 3718/62/64
f 3694/75/78 3718/62/79 3693/64/66
f 3693/64/66 3963/53/54 3692/76/80
f 3853/77/81 3962/54/55 2721/78/82
f 3962/54/55 3852/41/42 2721/78/82
f 5373/79/83 4394/30/31 4688/65/67
f 4698/80/84 4687/81/85 4694/82/86
f 4693/83/87 4402/84/88 4528/85/89
f 4528/85/89 4402/84/88 4407/86/90
f 4158/87/91 4275/88/92 4404/89/93
f 4157/67/69 3868/69/71 3412/90/94
f 3412/90/94 3868/69/71 3411/91/95
f 3868/69/71 3866/71/73 3411/91/95
f 3411/91/95 3866/71/73 3721/92/96
f 3867/93/97 3865/57/58 3722/94/98
f 3865/57/58 3720/72/74 3722/94/98
f 3864/24/25 3863/95/99 3719/73/75
f 3863/95/99 3718/62/79 3719/73/75
f 3718/62/79 3694/75/78 3554/96/100
f 3694/75/78 3693/64/66 3228/97/101
f 3535/98/102 3854/99/103 2721/78/82
f 3854/99/103 3853/77/81 2721/78/82
f 4532/100/104 4404/89/93 4408/101/105
f 4404/89/93 4275/88/92 4408/101/105
f 4275/88/92 4157/67/69 4159/102/106
f 4157/67/69 3412/90/94 4159/102/106
f 4159/102/106 3412/90/94 3723/103/107
f 3727/104/108 3569/105/109 3973/106/110
f 3802/107/111 3803/108/112 3999/109/113
f 5697/110/114 4069/111/115 3917/112/116
f 3995/113/117 5698/114/118 4064/115/119
f 4173/116/120 5697/110/114 3917/112/116
f 5698/114/118 4062/117/121 4064/115/119
f 4064/115/119 4062/117/121 3885/118/122
f 4070/119/123 4061/120/124 3578/121/125
f 4164/122/126 3571/123/127 4054/124/128
f 3571/123/127 4164/122/126 4285/125/129
f 4168/126/130 4169/127/131 4548/128/132
f 4549/129/133 4171/130/134 4414/131/135
f 4068/132/136 5698/114/118 3995/113/117
f 3992/133/137 4067/134/138 3903/135/139
f 3898/136/140 3903/135/139 4067/134/138
f 4064/115/119 3885/118/122 3889/137/141
f 3748/138/142 3917/112/116 3578/121/125
f 3917/112/116 4070/119/123 3578/121/125
f 4061/120/124 4293/139/143 3985/140/144
f 4291/141/145 4171/130/134 4060/142/146
f 4060/142/146 4171/130/134 3982/143/147
f 4169/127/131 4168/126/130 3979/144/148
f 4171/130/134 4291/141/145 4414/131/135
f 4070/119/123 3917/112/116 3800/145/149
f 3917/112/116 3997/146/150 3915/147/151
f 3917/112/116 4069/111/115 3996/148/152
f 4068/132/136 3784/149/153 3912/150/154
f 3898/136/140 4067/134/138 3596/151/155
f 3917/112/116 3748/138/142 4173/116/120
f 4173/116/120 3748/138/142 3581/152/156
f 3983/153/157 4060/142/146 3982/143/147
f 3733/154/158 4054/124/128 3571/123/127
f 3571/123/127 3976/155/159 3732/156/160
f 3976/155/159 3571/123/127 4284/157/161
f 4412/158/162 4284/157/161 3571/123/127
f 3571/123/127 4285/125/129 4545/159/163
f 4550/160/164 4414/161/165 4727/162/166
f 4415/163/167 4292/164/168 4551/165/169
f 4061/120/124 4070/119/123 4294/166/170
f 4070/119/123 3800/145/149 3999/109/113
f 3999/109/113 3800/145/149 3802/107/111
f 3918/167/171 3793/168/172 3915/147/151
f 3793/168/172 3800/145/149 3915/147/151
f 3800/145/149 3917/112/116 3915/147/151
f 3784/149/153 4068/132/136 3782/169/173
f 4068/132/136 3995/113/117 3782/169/173
f 3908/170/174 3992/133/137 3903/135/139
f 4067/134/138 3890/171/175 3596/151/155
f 3578/121/125 4061/120/124 3985/140/144
f 3884/172/176 3983/153/177 3419/173/178
f 3981/174/179 3879/175/180 3419/176/181
f 3419/176/181 3879/175/180 3745/177/182
f 3741/178/183 3575/179/184 3879/180/185
f 3732/156/160 3976/155/159 3874/181/186
f 3976/155/159 3872/182/187 3874/181/186
f 3973/106/110 3569/105/109 3975/183/188
f 3569/105/109 3871/184/189 3975/183/188
f 3569/105/109 3873/185/190 3871/184/189
f 3976/155/159 4284/157/161 4052/186/191
f 4283/187/192 4541/188/193 4542/189/194
f 3571/123/127 4545/159/163 4719/190/195
f 4545/159/163 5020/191/196 4719/190/195
f 5224/192/197 4550/160/164 5199/193/198
f 4550/160/164 4727/162/166 5199/193/198
f 4293/139/143 4061/120/124 4552/194/199
f 4556/195/200 4730/196/201 4294/166/170
f 4730/196/201 4061/120/124 4294/166/170
f 4294/166/170 4070/119/123 4182/197/202
f 4070/119/123 3999/109/113 4182/197/202
f 4182/197/202 3999/109/113 4183/198/203
f 3999/109/113 3920/199/204 4183/198/203
f 4072/200/205 4000/201/206 3805/202/207
f 4000/201/206 3804/203/208 3805/202/207
f 3797/204/209 3800/145/149 3793/168/172
f 3626/205/210 3918/167/171 3915/147/151
f 3481/206/211 3915/147/151 3790/207/212
f 3788/208/213 3912/150/154 3786/209/214
f 3912/150/154 3784/149/153 3786/209/214
f 3615/210/215 3910/211/216 3464/212/217
f 3910/211/216 3907/213/218 3464/212/217
f 3770/214/219 3766/215/220 3453/216/221
f 3769/217/222 3453/216/221 3448/218/223
f 3448/218/223 3453/216/221 3604/219/224
f 3604/219/224 3453/216/221 3766/215/220
f 3595/220/225 3596/151/155 3438/221/226
f 3596/151/155 3890/171/175 3438/221/226
f 3889/137/141 3885/118/122 3751/222/227
f 3985/140/144 3883/223/228 3577/224/229
f 3576/225/230 3884/172/176 3419/173/178
f 3240/226/231 3733/154/158 3571/123/127
f 3732/156/160 3874/181/186 3730/227/232
f 3727/104/108 3415/228/233 3569/105/109
f 3722/94/98 3720/72/74 3559/229/234
f 3559/229/234 3720/72/74 3557/230/235
f 3555/45/46 3719/73/75 3556/231/236
f 3719/73/75 3718/62/79 3556/231/236
f 3556/231/236 3718/62/79 3410/232/237
f 3718/62/79 3554/96/100 3410/232/237
f 3554/96/100 3712/233/238 3410/232/237
f 3408/234/239 3545/235/240 3054/236/241
f 3545/235/240 3694/75/78 3228/97/101
f 3379/237/242 3228/97/101 3210/238/243
f 3228/97/101 3693/64/66 3185/239/244
f 3693/64/66 3692/76/80 3185/239/244
f 3185/239/244 3692/76/80 3536/240/245
f 3183/2/2 2721/78/82 3852/41/42
f 4687/81/85 4698/80/84 5374/241/246
f 5374/241/246 4698/80/84 5002/242/247
f 5003/243/248 4697/244/249 4699/245/250
f 4697/244/249 4529/246/251 4699/245/250
f 4531/247/252 4534/248/253 4700/245/254
f 4408/101/105 4275/88/92 4159/102/106
f 3871/184/189 4053/249/255 4162/250/256
f 4412/158/162 3571/123/127 4544/251/257
f 4544/251/257 3571/123/127 4719/190/195
f 5245/252/258 5216/253/259 5221/254/260
f 5222/255/261 5223/256/262 5246/257/263
f 5246/257/263 5223/256/262 5198/258/264
f 5025/259/265 4552/194/266 5028/260/267
f 4552/194/266 4729/261/268 5028/260/267
f 5029/262/269 4728/263/270 5031/264/271
f 4728/263/270 4553/265/272 5031/264/271
f 4553/265/272 4731/266/273 5031/264/271
f 5031/264/271 4731/266/273 5032/267/274
f 5035/268/275 5033/269/276 4560/270/277
f 5032/267/274 4731/266/273 4559/271/278
f 4559/271/278 4731/266/273 4557/272/279
f 4295/273/280 4296/274/281 4418/275/282
f 4073/276/283 4072/200/205 3805/202/207
f 3320/277/284 3806/278/285 3486/279/286
f 3805/202/207 3804/203/208 3487/280/287
f 3487/280/287 3804/203/208 3632/281/288
f 3801/282/289 3799/283/290 3633/284/291
f 3633/284/291 3799/283/290 3631/285/292
f 3629/286/293 3796/287/294 3628/288/295
f 3311/289/296 3627/290/297 3310/291/298
f 3481/206/211 3790/207/212 3480/292/299
f 3790/207/212 3997/293/300 3480/292/299
f 3997/293/300 3623/294/301 3480/292/299
f 3788/208/213 3786/209/214 3621/295/302
f 3618/296/303 3471/297/304 3787/298/305
f 3787/298/305 3784/299/306 3618/296/303
f 3295/300/307 3610/301/308 3608/302/309
f 3610/301/308 3770/214/219 3608/302/309
f 3608/302/309 3770/214/219 3453/216/221
f 3451/303/310 3768/304/311 3290/305/312
f 3290/305/312 3768/304/311 3449/306/313
f 3766/215/220 3603/307/314 3604/219/224
f 3426/308/315 3586/309/316 3259/310/317
f 3259/310/317 3586/309/316 3583/311/318
f 3583/311/318 3581/312/319 3582/313/320
f 3581/152/156 3748/138/142 3747/314/321
f 3579/315/322 3747/314/323 3421/316/324
f 3747/314/323 3746/317/325 3421/316/324
f 3746/317/325 3578/121/125 3421/316/324
f 3578/121/125 3985/140/144 3577/224/229
f 3419/176/181 3745/177/182 3248/318/326
f 3248/318/326 3745/177/182 3247/319/327
f 3745/177/182 3575/179/184 3247/319/327
f 3241/320/328 3575/179/184 3741/178/183
f 3572/321/329 3733/154/158 3240/226/231
f 3731/322/330 3569/105/109 3570/323/331
f 3059/324/332 3558/325/333 3231/326/334
f 3557/230/335 3555/327/336 3232/328/337
f 3555/327/336 3410/329/338 3232/328/337
f 3054/236/241 3545/235/240 3228/97/101
f 3387/330/339 3224/331/339 3384/332/340
f 3186/333/341 3210/238/243 3185/239/244
f 3210/238/243 3228/97/101 3185/239/244
f 3185/239/244 3536/240/245 3357/334/342
f 3356/335/343 3535/98/102 3184/336/344
f 3184/336/344 3535/98/102 3026/337/345
f 3026/337/345 3535/98/102 2721/78/82
f 3183/2/2 3023/338/346 2721/78/82
f 3183/2/2 3852/41/42 4515/3/3
f 3852/41/42 4394/30/31 4519/339/347
f 5372/340/348 4394/30/31 5373/79/83
f 5003/243/248 4699/245/250 4702/341/349
f 4700/245/254 4534/248/253 4703/342/350
f 4701/343/351 4535/344/352 4705/345/353
f 4535/344/352 4409/346/354 4705/345/353
f 4704/347/355 4408/101/105 4159/102/106
f 3871/184/189 4162/250/256 4282/348/356
f 4161/349/357 4283/187/192 4281/350/358
f 4281/350/358 4283/187/192 4717/351/359
f 4718/352/360 5217/353/361 5015/354/362
f 5243/355/363 5222/255/261 5246/257/263
f 5030/356/364 5205/357/365 5026/358/366
f 5026/358/366 5205/357/365 5226/359/367
f 5206/360/368 5034/361/369 5227/362/370
f 5227/362/370 5034/361/369 5207/363/371
f 4555/364/372 4295/273/280 4417/365/373
f 4295/273/280 4418/275/282 4417/365/373
f 4417/365/373 4418/275/282 4563/366/374
f 4419/367/375 4182/197/202 4421/368/376
f 4421/368/376 4182/197/202 4297/369/377
f 4182/197/202 4183/198/203 4297/369/377
f 4297/369/377 4183/198/203 4075/370/378
f 4073/276/283 3805/202/207 4076/371/379
f 4076/371/379 3805/202/207 4080/372/380
f 3805/202/207 3809/373/381 4080/372/380
f 3632/281/288 3629/286/293 3487/280/287
f 3487/280/287 3629/286/293 3318/374/382
f 3629/286/293 3628/288/295 3318/374/382
f 3318/374/382 3628/288/295 3312/375/383
f 3312/375/383 3628/288/295 3311/289/296
f 3628/288/295 3627/290/297 3311/289/296
f 3626/205/210 3915/147/151 3481/206/211
f 3624/376/384 3479/377/385 3310/291/298
f 3463/378/386 3610/301/308 3295/300/307
f 3294/379/387 3768/304/311 3451/303/310
f 3452/380/388 3291/381/389 3292/382/390
f 3448/218/223 3604/219/224 3287/383/391
f 3288/384/392 3604/219/224 3443/385/393
f 3604/219/224 3603/307/314 3443/385/393
f 3442/386/394 3282/387/395 3285/388/396
f 3583/311/318 3582/313/320 3259/310/317
f 3259/310/317 3582/313/320 3257/389/397
f 3257/389/397 3582/313/320 3747/314/323
f 3747/314/323 3579/315/322 3257/389/397
f 3257/389/397 3579/315/322 3423/390/398
f 3578/121/125 3577/224/229 3421/316/324
f 3576/225/230 3419/173/178 3250/391/399
f 3247/319/327 3575/179/184 3241/320/328
f 3070/392/400 3574/393/401 3240/226/231
f 3574/393/401 3572/321/329 3240/226/231
f 3571/123/127 3732/156/160 3240/226/231
f 3732/156/160 3418/394/402 3240/226/231
f 3240/226/231 3418/394/402 3069/395/403
f 3238/396/404 3570/323/331 3569/105/109
f 3569/105/109 3415/228/233 3062/397/405
f 3412/90/94 3411/91/95 3059/398/406
f 3232/328/337 3410/329/338 2892/399/407
f 2892/399/407 3410/329/338 3054/236/241
f 3410/329/338 3408/234/239 3054/236/241
f 3185/239/244 3357/334/342 3027/400/408
f 5319/401/409 5322/15/16 5666/402/410
f 5322/15/16 5516/17/18 5666/402/410
f 5588/16/17 5513/403/411 5516/17/18
f 5516/17/18 5513/403/411 5340/404/412
f 5167/405/413 5352/406/414 5162/407/415
f 5352/406/414 5167/405/413 5169/408/416
f 5167/405/413 4990/409/417 5169/408/416
f 4827/410/418 4823/411/419 4618/412/420
f 4823/411/419 4822/413/421 4618/412/420
s 0
f 4818/414/422 4836/415/422 4833/416/422
s 1
f 4821/414/423 4832/417/423 4620/418/423
f 4830/419/424 4850/420/425 4847/421/426
f 4880/422/427 4862/423/427 4883/424/427
f 4909/425/428 4877/426/428 4910/427/428
f 4921/428/429 4945/429/430 4918/430/431
f 5370/431/432 4394/30/31 5372/340/348
f 5375/432/433 5374/241/246 5371/433/434
f 5005/434/435 5003/243/248 4702/341/349
f 4159/102/106 3723/103/107 4276/435/436
f 4411/436/437 4277/437/438 4279/438/439
f 4277/437/438 3973/106/110 3975/183/188
f 3871/184/189 4282/348/356 3975/183/188
f 4280/439/440 4281/350/358 4717/351/359
f 4717/351/359 4283/187/192 4542/189/194
f 4542/189/194 4543/440/441 5015/354/362
f 4543/440/441 4718/352/360 5015/354/362
f 5015/354/362 5240/441/442 4542/189/194
f 5239/442/443 4542/189/194 5240/441/442
f 5243/355/363 5246/257/263 5262/443/444
f 5202/444/445 5204/445/446 5225/446/447
f 5027/447/448 5227/362/370 5204/445/446
f 5227/362/370 5207/363/371 5204/445/446
f 5036/448/449 4558/449/450 4562/450/451
f 4554/451/452 4416/452/453 4561/453/454
f 4417/365/373 4563/366/374 4562/450/451
f 4562/450/451 4563/366/374 4420/454/455
f 4420/454/455 4298/455/456 4423/456/457
f 4298/455/456 4184/457/458 4186/458/459
f 4076/371/379 4080/372/380 4187/459/460
f 3489/460/461 3321/461/462 2818/462/463
f 3320/277/284 3486/279/286 3319/463/464
f 3310/291/298 3479/377/385 2973/464/465
f 3479/377/385 3478/465/466 2973/464/465
f 2973/464/465 3478/465/466 3128/466/467
f 3124/467/468 3473/468/469 3618/469/468
f 3116/470/470 3460/471/471 3295/472/472
f 3116/470/470 3295/472/472 3115/473/473
f 3115/473/473 3295/472/472 3293/474/474
f 3295/472/472 3454/475/475 3293/474/474
f 3293/474/474 3452/380/388 3292/382/390
f 3292/476/476 2939/477/477 3114/478/478
f 3113/479/479 3292/382/390 3291/381/389
f 3449/306/313 3446/480/480 3290/305/312
f 3446/480/480 3112/481/481 3290/305/312
f 3446/480/480 3110/482/482 3112/481/481
f 3436/483/483 3431/484/484 3272/485/485
f 3431/484/484 3264/486/486 3272/485/485
f 3082/487/487 3255/488/488 3075/489/489
f 3255/488/488 3422/490/490 3075/489/489
f 3075/489/489 3422/490/490 3250/391/399
f 3250/391/399 3419/173/178 3075/489/489
f 2903/491/491 3248/318/326 3247/319/327
f 3070/392/400 3240/226/231 2748/492/492
f 3238/396/404 3569/105/109 2745/493/493
f 3231/326/334 2741/494/494 3059/324/332
f 2886/495/495 3209/496/495 3046/497/495
f 2868/498/496 3186/333/341 3185/239/244
f 3185/239/244 3027/400/408 2866/499/497
f 3026/337/345 2861/500/498 3025/501/499
f 2861/500/498 3026/337/345 2721/78/82
f 2858/502/500 3023/338/346 2718/503/501
f 2857/504/502 3023/338/346 2590/505/503
f 4264/1/1 4386/506/504 4044/507/505
f 4382/7/7 4503/9/9 4259/508/506
f 4503/9/9 4380/509/507 4259/508/506
f 4380/509/507 4655/510/508 4259/508/506
f 4655/510/508 4654/511/509 4378/512/510
f 4491/513/511 5138/12/12 5137/4/13
f 5137/4/4 5330/6/6 4489/514/512
f 5666/402/410 5568/515/513 5319/401/409
f 5532/516/514 5163/517/515 5536/518/515
f 5162/407/415 5352/406/414 5536/519/516
f 5352/406/414 5354/520/517 5536/519/516
f 5355/521/518 5169/408/416 4990/409/417
f 4901/522/519 4920/523/519 4917/524/520
f 4911/525/521 4890/526/522 4519/339/347
f 4515/3/3 3852/41/42 4519/339/347
f 5001/527/523 4394/30/31 5370/431/432
f 5370/431/432 5372/340/348 5390/528/524
f 5374/241/246 5002/242/247 5371/433/434
f 5376/529/525 5371/530/526 5183/531/527
f 5184/532/528 5003/243/248 5005/434/435
f 4701/343/351 4705/345/353 4709/533/529
f 4279/438/439 4277/437/438 3975/183/188
f 5268/534/530 5243/355/363 5262/443/444
f 5204/445/446 5207/363/371 5225/446/447
f 4562/450/451 4420/454/455 5036/448/449
f 4423/456/457 4298/455/456 4186/458/459
f 4077/535/531 4188/536/532 4185/537/533
f 4185/537/533 4188/536/532 4422/538/534
f 4187/459/460 4080/372/380 4300/539/535
f 4192/540/536 4194/541/537 4302/542/538
f 3489/460/461 3641/543/539 3922/544/540
f 3641/543/539 3489/460/461 2818/462/463
f 2818/462/463 3321/461/462 2817/545/541
f 3320/277/284 3319/463/464 3138/546/542
f 3138/546/542 3319/463/464 2984/547/543
f 2984/547/543 3319/463/464 2980/548/544
f 3319/463/464 3313/549/545 2980/548/544
f 2678/550/546 2980/548/544 3313/549/545
f 3311/289/296 3310/291/298 2973/464/465
f 3121/551/547 3296/552/548 2947/553/549
f 3293/474/474 3292/382/390 3115/473/473
f 2939/477/477 3292/476/476 2936/554/550
f 2936/554/550 3292/476/476 2934/555/551
f 3112/481/481 3110/482/482 2932/556/552
f 3110/482/482 3106/557/553 3107/558/554
f 3084/559/555 3261/560/556 3083/561/557
f 3261/560/556 3260/562/558 3083/561/557
f 3256/563/559 3255/488/488 3083/561/557
f 3083/561/557 3255/488/488 2910/564/560
f 3255/488/488 3082/487/487 2910/564/560
f 2905/565/561 3248/566/562 3073/567/563
f 2903/491/491 3247/319/327 2901/568/564
f 2748/492/492 3240/226/231 2323/569/565
f 3069/395/403 3418/394/402 3066/570/566
f 3067/571/567 3238/396/568 2897/572/569
f 3065/573/570 3064/574/571 2896/575/572
f 2745/493/493 3569/105/109 3062/397/405
f 2480/576/573 3059/324/332 2741/494/494
f 2892/399/407 3054/236/241 2740/577/574
f 2868/498/496 3185/239/244 2867/578/575
f 2866/499/497 3027/400/408 2865/579/576
f 2723/580/577 2724/581/578 2861/500/498
f 2721/78/82 3023/338/346 2858/502/500
f 3023/338/346 2857/504/502 2718/503/501
f 3183/2/2 4264/1/1 4044/507/505
f 4381/582/579 4259/508/506 4141/583/580
f 4654/511/509 4653/584/581 4378/512/510
f 4376/585/582 4652/586/583 4373/587/584
f 5317/588/585 5128/589/586 5497/590/587
f 5319/401/409 5568/515/513 5495/591/588
f 5642/592/589 5673/593/590 5623/594/591
f 5650/595/592 5685/596/593 5487/597/594
f 5487/597/594 5685/596/593 5555/598/595
f 5641/599/596 5539/600/596 5177/601/596
f 4911/525/521 4519/339/347 4944/602/597
f 4519/339/347 4394/30/31 5001/527/523
f 5007/603/598 4708/533/599 5009/604/600
f 5009/604/600 4708/533/599 4711/605/601
f 4706/606/602 4159/102/106 4712/607/603
f 4159/102/106 4276/435/436 4713/608/604
f 5013/609/605 4714/610/606 4279/438/439
f 4279/438/439 4714/610/606 4411/436/437
f 4717/351/359 4542/189/194 5233/611/607
f 5255/612/608 5264/613/609 5254/614/610
f 5254/614/610 5264/613/609 5247/615/611
f 5225/446/447 5207/363/371 4423/456/457
f 5207/363/371 5036/448/449 4423/456/457
f 4423/456/457 4186/458/459 4299/616/612
f 4422/538/534 4188/536/532 4197/617/613
f 4187/459/460 4300/539/535 4196/618/614
f 4004/619/615 4194/541/537 3641/543/539
f 4194/541/537 4192/540/536 3641/543/539
f 4192/540/536 3922/544/540 3641/543/539
f 3313/549/545 3130/620/616 2538/621/617
f 2538/621/617 3130/620/616 2812/622/618
f 3130/620/616 3129/623/619 2812/622/618
f 3311/289/296 2973/464/465 2974/624/620
f 2973/464/465 3128/466/467 2808/625/621
f 3128/466/467 3125/626/622 2808/625/621
f 2808/625/621 3125/626/622 2965/627/623
f 2948/628/624 3114/478/625 2943/629/625
f 2784/630/626 2941/631/627 2780/632/627
f 2940/633/628 3114/478/478 2939/477/477
f 2779/634/629 2781/635/630 2778/636/631
f 2934/555/551 2776/637/632 2936/554/550
f 2934/555/551 3113/638/633 2655/639/634
f 3113/638/633 2933/640/635 2655/639/634
f 3110/482/482 3107/558/554 2932/556/552
f 2933/640/635 3108/641/636 2655/639/634
f 2655/639/634 3108/641/636 2931/642/637
f 3103/643/638 3100/644/638 2930/645/639
f 3088/646/640 3087/647/640 2918/648/641
f 2912/649/642 3084/559/555 2620/650/643
f 3084/559/555 3083/561/557 2620/650/643
f 3083/561/557 2910/564/560 2620/650/643
f 2909/651/644 2907/652/645 2619/653/646
f 2905/565/561 3073/567/563 2903/491/491
f 2614/654/647 3069/395/648 2613/655/649
f 2612/656/650 3067/571/567 2897/572/569
f 3062/397/405 2743/657/651 2745/493/493
f 2319/658/652 2892/399/407 2740/577/574
f 2607/659/653 2874/660/654 2318/661/655
f 2868/498/496 2867/578/575 2601/662/656
f 2865/579/657 2863/663/658 2867/578/575
f 2867/578/575 2863/663/658 2476/664/659
f 2732/665/660 2863/663/661 2729/666/662
f 2861/500/498 2724/581/578 2728/667/663
f 2725/668/664 2727/669/665 2309/670/666
f 2723/580/577 2861/500/498 2721/78/82
f 2721/78/82 2858/502/500 2594/671/667
f 2594/671/667 2858/502/500 2720/672/668
f 3023/338/346 3183/2/2 2590/505/503
f 4039/673/669 3183/2/2 4044/507/505
f 4139/674/670 4259/508/506 4378/512/510
f 4259/508/506 4655/510/508 4378/512/510
f 4639/675/671 5128/589/586 5317/588/585
f 4994/676/672 4964/677/673 4995/678/674
f 4996/679/675 4967/680/676 4999/681/677
f 4944/602/597 4519/339/347 4971/682/678
f 4519/339/347 5001/527/523 4971/682/678
f 5389/683/679 5182/684/680 5371/530/526
f 5377/685/681 5184/532/682 5009/604/600
f 4279/438/439 3975/183/188 4540/686/683
f 4280/439/440 4717/351/359 4716/687/684
f 5233/611/607 4542/189/194 5250/688/685
f 4542/189/194 5239/442/443 5250/688/685
f 5248/689/686 5254/614/610 5247/615/611
f 5036/448/449 4420/454/455 4423/456/457
f 3313/549/545 2538/621/617 2678/550/546
f 2974/624/620 2973/464/465 2807/690/687
f 2668/691/688 2779/634/629 2516/692/689
f 2779/634/629 2778/636/631 2661/693/690
f 2661/693/690 2778/636/631 2510/694/691
f 2510/694/691 2778/636/631 2506/695/692
f 2506/696/693 2935/697/694 2657/698/695
f 2934/555/551 2655/639/634 2776/637/632
f 2655/639/696 2929/699/697 2775/700/698
f 2768/701/699 2926/702/700 2644/703/701
f 2644/703/701 2926/702/700 2639/704/702
f 2762/705/703 2917/706/704 2627/707/705
f 2624/708/706 2912/649/642 2620/650/643
f 2756/709/707 2909/651/644 2619/653/646
f 2486/710/708 2753/711/708 2325/712/709
f 2905/565/561 2903/491/491 2754/713/710
f 2903/491/491 2901/568/564 2754/713/710
f 2901/568/564 2616/714/711 2754/713/710
f 2752/715/712 2902/716/713 2749/717/713
f 2323/569/565 3240/226/231 2614/654/647
f 2612/656/650 2897/572/569 2482/718/714
f 2611/719/715 2894/720/716 2747/721/717
f 2745/493/493 2743/657/651 2482/718/714
f 2145/722/718 2482/718/714 2743/657/651
f 2480/576/573 2741/494/494 2608/723/719
f 2319/658/652 2740/577/574 2607/659/653
f 2604/724/720 2601/662/656 2477/725/721
f 2476/664/722 2600/726/723 2312/727/724
f 2725/668/664 2309/670/666 2473/728/725
f 2469/729/726 2597/730/727 2593/731/728
f 2595/732/729 2721/78/82 2594/671/667
f 2468/733/730 2719/734/731 2592/735/732
f 2592/735/732 2856/736/733 2716/737/734
f 2857/504/502 2590/505/503 2717/738/735
f 2590/505/503 2715/739/736 2717/738/735
f 2716/737/734 2714/740/737 2591/741/738
f 4043/742/739 4042/743/740 4039/744/739
f 4141/583/580 4259/508/506 4139/674/670
f 4132/745/741 4379/746/742 4247/747/743
f 4376/585/582 4373/587/584 4249/748/744
f 4250/749/745 4371/750/746 4127/751/747
f 4371/750/746 4364/752/748 4127/751/747
f 4127/751/747 4364/752/748 4245/753/749
f 4636/754/750 4640/755/751 5122/756/751
f 5490/757/752 5560/758/752 5313/759/752
f 5309/760/753 5487/597/753 5556/761/753
f 5416/762/754 5415/763/755 5391/764/756
f 5371/530/526 5376/529/525 5389/683/679
f 5389/683/757 5377/685/681 5275/765/758
f 5377/685/681 5009/604/600 5275/765/758
f 5275/765/758 5009/604/600 5187/766/759
f 5009/604/600 4711/605/601 5187/766/759
f 5187/766/759 4711/605/601 5011/767/760
f 4712/607/603 4159/102/106 5010/768/761
f 4159/102/106 4713/608/604 5010/768/761
f 5013/609/605 4279/438/439 5191/769/762
f 5248/689/686 5247/615/611 5228/770/763
f 5263/771/764 5225/446/447 4423/456/457
f 5263/771/764 4423/456/457 4305/772/765
f 4304/773/766 4422/538/534 4197/617/613
f 4301/774/767 4086/775/768 4088/776/769
f 4088/776/769 4086/775/768 3147/777/770
f 3147/777/770 4086/775/768 4085/778/771
f 4004/619/615 3641/543/539 3926/779/772
f 3641/543/539 2818/462/463 3139/780/773
f 2818/462/463 2817/545/541 2816/781/774
f 2538/621/617 2812/622/618 2677/782/775
f 2812/622/618 2809/783/776 2677/782/775
f 2809/783/776 2805/784/777 2677/782/775
f 2779/634/629 2661/693/690 2516/692/689
f 2655/639/696 2775/700/698 2651/785/778
f 2775/700/698 2769/786/779 2651/785/778
f 2488/787/780 2756/709/707 2619/653/646
f 2617/788/781 2615/789/782 2324/790/783
f 2615/789/782 2748/492/492 2323/569/565
f 2746/791/784 2745/493/493 2482/718/714
f 2480/576/573 2608/723/719 1986/792/785
f 1986/792/785 2608/723/719 2142/793/786
f 2319/658/652 2607/659/653 2140/794/787
f 2607/659/653 2318/661/655 2140/794/787
f 2601/662/656 2867/578/575 2477/725/721
f 2867/578/575 2476/664/659 2477/725/721
f 2475/795/788 2473/728/725 2474/796/789
f 2474/796/789 2473/728/725 2311/797/790
f 2309/670/791 2597/730/727 2469/729/726
f 2469/729/726 2593/731/728 2468/733/792
f 2468/733/730 2592/735/732 2308/798/793
f 2716/737/734 2591/741/738 2592/735/732
f 2466/799/794 2715/739/736 2590/505/503
f 4238/800/795 4033/801/796 4035/802/797
f 4347/803/798 4480/804/798 4627/805/799
f 5309/806/800 5484/807/800 5102/808/800
f 5103/809/801 5484/810/801 5305/811/801
f 5300/812/802 4996/813/803 5411/814/804
f 4996/813/803 5475/815/805 5411/814/804
f 5416/762/754 5391/764/756 5439/816/806
f 5391/764/756 5415/763/755 5368/817/807
f 5415/763/755 4996/679/675 5368/817/807
f 4996/679/675 4999/681/677 5368/817/807
f 5368/817/807 4999/681/677 5369/818/808
f 5279/819/809 4940/820/810 5075/821/811
f 4940/820/810 4927/822/812 5075/821/811
f 5181/823/813 5182/684/680 5071/824/814
f 5182/684/680 5389/683/679 5071/824/814
f 5071/824/814 5389/683/679 5387/825/815
f 5388/825/816 5389/683/757 5275/765/758
f 5386/826/817 5187/766/818 5188/827/819
f 5010/768/761 4713/608/604 5273/828/820
f 5189/829/821 5191/769/762 5380/830/822
f 5380/830/822 5191/769/762 4279/438/439
f 4716/687/684 4717/351/359 4310/831/823
f 4198/832/824 4304/773/766 4197/617/613
f 3926/779/772 3641/543/539 3924/833/825
f 3641/543/539 3644/834/826 3651/835/827
f 3644/834/826 3641/543/539 3812/836/828
f 2818/462/463 2816/781/774 2220/837/829
f 2515/838/830 2354/839/831 2523/840/832
f 2515/838/830 2513/841/833 2353/842/834
f 2353/842/834 2513/841/833 2349/843/835
f 2510/694/691 2506/695/692 2346/844/836
f 2339/845/837 2500/846/838 2337/847/839
f 2637/848/840 2630/849/841 2494/850/842
f 2488/787/780 2619/653/646 2487/851/843
f 2324/790/783 2615/789/782 1766/852/844
f 1766/852/844 2615/789/782 2323/569/565
f 1998/853/845 2485/854/846 2484/855/847
f 2323/569/565 2614/654/647 2484/856/848
f 2614/654/647 2613/655/649 2484/856/848
f 2612/656/650 2482/718/714 2483/857/849
f 2315/858/850 2477/859/851 2316/860/852
f 2477/725/721 2476/664/659 2317/860/853
f 2314/861/854 2476/664/722 2313/862/855
f 2313/862/855 2476/664/722 2312/727/724
f 2474/796/789 2311/797/790 1981/863/856
f 2473/728/725 2309/670/666 2311/797/790
f 2309/670/791 2469/729/726 2308/798/793
f 2308/798/793 2592/735/732 2307/864/857
f 2592/735/732 2591/741/738 2307/864/857
f 2467/865/858 2307/864/857 2306/866/859
f 2307/864/857 2591/741/738 2306/866/859
f 2466/799/794 2590/505/503 2465/867/860
f 3183/2/2 4039/673/669 3182/868/861
f 4039/673/669 4035/802/797 3182/868/861
f 5106/869/862 5309/806/863 5104/870/864
f 5105/871/865 5306/872/866 4805/873/865
f 4996/813/803 5300/812/802 4605/874/867
f 4605/874/867 5300/812/802 5299/875/868
f 5411/876/869 5432/877/870 5096/878/871
f 5406/879/872 5404/880/873 5296/881/874
f 5461/882/875 5420/883/876 5443/884/877
f 5287/885/878 5395/886/879 5087/887/880
f 5087/887/880 5395/886/879 5285/888/881
f 5392/889/882 5280/890/883 5283/891/884
f 5082/892/885 5284/893/886 5078/894/887
f 5283/891/884 5280/890/883 5282/895/888
f 5181/823/813 5071/824/814 5073/896/889
f 5071/824/890 5388/825/816 5275/765/758
f 5386/826/817 5188/827/819 4591/897/891
f 5186/898/892 5010/768/761 5274/899/893
f 5010/768/761 5273/828/820 5274/899/893
f 5274/899/893 5273/828/820 4771/900/894
f 5380/830/822 4279/438/439 5043/901/895
f 4309/902/896 5233/611/607 5212/903/897
f 4564/904/898 5237/905/899 5210/906/900
f 4307/907/901 5263/771/764 4101/908/902
f 4198/832/824 4197/617/613 4087/909/903
f 4088/776/769 3147/777/770 4005/910/904
f 3147/777/770 3324/911/905 4005/910/904
f 4085/778/771 3925/912/906 3147/777/770
f 3147/777/770 3925/912/906 3652/913/907
f 3925/912/906 3923/914/908 3652/913/907
f 3815/915/909 3924/833/825 3814/916/910
f 3924/833/825 3641/543/539 3814/916/910
f 3641/543/539 3651/835/827 3814/916/910
f 3651/835/827 3644/834/826 3648/917/911
f 3644/834/826 3812/836/828 3494/918/912
f 3494/918/912 3812/836/828 3493/919/913
f 3493/919/913 3812/836/828 3139/780/914
f 2821/920/915 2818/462/463 2679/921/916
f 2679/921/916 2818/462/463 2541/922/917
f 2541/922/917 2818/462/463 1608/923/918
f 2538/924/919 2537/925/920 2219/926/919
f 2515/838/830 2353/842/834 2354/839/831
f 2513/841/833 2509/927/921 2349/843/835
f 2349/843/835 2509/927/921 2186/928/922
f 2509/927/921 2185/929/923 2186/928/922
f 2346/844/836 2506/695/692 2343/930/924
f 2506/695/692 2500/846/838 2343/930/924
f 2022/931/925 2181/932/926 2175/933/927
f 2343/930/924 2500/846/838 2339/845/837
f 2156/934/928 2488/787/780 2151/935/929
f 2488/787/780 2487/851/843 2151/935/929
f 2326/936/930 2618/937/931 2150/938/932
f 2150/938/932 2618/937/931 1859/939/933
f 2618/940/934 2324/790/783 1999/941/935
f 1998/853/845 2484/855/847 1995/942/936
f 2149/943/937 2483/857/849 1854/944/938
f 2483/857/849 2482/718/714 1854/944/938
f 2482/718/714 2145/722/718 1854/944/938
f 2140/794/787 2318/661/655 2315/945/939
f 1985/946/940 2315/945/939 2139/947/941
f 2136/948/942 2474/796/789 1981/863/856
f 2310/949/943 1758/950/944 1981/951/945
f 1758/950/944 2310/949/943 2308/798/793
f 2310/949/943 2309/670/791 2308/798/793
f 2467/865/858 2306/866/859 1753/952/946
f 2464/953/947 2465/867/860 2590/505/503
f 3182/868/861 4035/802/797 4033/801/796
f 5411/876/869 5096/878/871 5299/875/868
f 5406/879/872 5296/881/874 5298/954/948
f 5296/881/874 5404/880/873 5092/955/949
f 5092/955/949 5404/880/873 5402/956/950
f 5402/956/950 5404/880/873 5468/957/951
f 5461/882/875 5443/884/877 5058/958/952
f 5421/959/953 5395/886/954 5397/960/955
f 5286/961/956 5284/893/886 4793/962/957
f 5284/893/886 5082/892/885 4793/962/957
f 5085/963/958 4793/962/957 5082/892/885
f 5071/824/890 5275/765/758 4776/964/959
f 4775/965/960 5275/765/960 4774/966/961
f 5273/828/820 4770/967/962 4771/900/894
f 5042/968/963 5043/901/895 4279/438/439
f 5014/969/964 4716/687/684 4310/831/823
f 5211/970/965 5236/971/966 5037/972/966
f 5039/973/967 5237/905/899 4564/904/898
f 4306/974/968 4199/975/969 4200/976/970
f 4005/910/904 3324/911/905 4092/977/971
f 3652/913/907 3813/978/972 3650/979/973
f 3651/835/827 3648/917/911 3497/980/974
f 3144/981/975 3649/982/976 3143/983/977
f 3493/919/913 3139/780/914 3491/984/978
f 2541/922/917 1608/923/918 2221/985/979
f 2220/837/829 2376/986/980 1774/987/981
f 1774/988/982 2375/989/983 2217/990/984
f 2361/991/985 1880/992/986 2199/993/987
f 2185/929/923 2181/932/926 2026/994/988
f 1603/995/989 2150/938/932 1859/939/933
f 1999/941/935 2324/790/783 1766/852/844
f 2323/569/565 1998/853/990 1766/852/844
f 1854/944/938 2145/722/718 1993/996/991
f 1986/792/785 2142/793/786 1851/997/992
f 2142/793/786 2141/998/993 1851/997/992
f 2140/794/787 2315/945/939 1985/946/940
f 2139/947/994 2313/999/995 1983/1000/996
f 1759/1001/997 1982/1002/998 1848/1003/999
f 1982/1002/998 2135/1004/1000 1848/1003/999
f 2135/1004/1000 1981/951/945 1848/1003/999
f 1758/950/944 2308/798/793 1846/1005/1001
f 1846/1005/1001 2308/798/793 1980/1006/1002
f 1980/1006/1002 2308/798/793 1755/1007/1003
f 2308/798/793 2307/864/857 1753/952/946
f 2590/505/503 3183/2/2 3182/868/861
f 4600/1008/1004 4468/1009/1005 4603/1010/1006
f 5096/878/871 5297/1011/1007 5093/1012/1008
f 5421/959/953 5397/960/955 5398/1013/1009
f 5397/960/955 5287/885/878 5398/1013/1009
f 5087/887/880 5089/1014/1010 5287/885/878
f 5287/885/878 5089/1014/1010 5288/1015/1011
f 5088/1016/1012 4794/1017/1013 5289/1018/1014
f 5090/1019/1015 5095/1020/1016 5295/1021/1017
f 5398/1013/1009 5287/885/878 5399/1022/1018
f 5287/885/878 5288/1015/1011 5399/1022/1018
f 4752/1023/1019 5292/1024/1020 5055/1025/1019
f 5043/901/895 5042/968/963 4767/1026/1021
f 5061/1027/1022 5448/1028/1022 5058/958/1022
f 4757/1029/1023 4759/1030/1024 4755/1031/1025
f 5421/959/953 5398/1013/1009 4579/1032/1026
f 5398/1013/1027 5400/1033/1028 5056/1034/1027
f 5054/1035/1029 5468/1036/1030 4748/1037/1031
f 4748/1037/1031 5468/1036/1030 5053/1038/1032
f 4742/1039/1033 5457/1040/1033 5047/1041/1033
f 5042/968/963 4279/438/439 4567/1042/1034
f 4279/438/439 4732/1043/1035 4567/1042/1034
f 4565/1044/1036 5039/973/967 4564/904/898
f 4306/974/968 4200/976/970 4202/1045/1037
f 3147/777/770 3652/913/907 3650/979/973
f 3147/777/770 3650/979/973 3323/1046/1038
f 3143/983/977 3495/1047/1039 3142/1048/1040
f 3141/1049/1041 3492/1050/1042 3490/1051/1043
f 3139/780/773 2818/462/463 2821/920/915
f 2822/1052/1044 2820/1053/1045 2380/1054/1046
f 2379/1055/1047 2540/1056/1048 2378/1057/1049
f 2541/922/917 2221/985/979 2377/1058/1050
f 2221/985/979 2223/1059/1051 2377/1058/1050
f 2378/1057/1049 2224/1060/1052 1889/1061/1053
f 1889/1061/1053 2224/1060/1052 1888/1062/1054
f 2224/1060/1052 2222/1063/1055 1888/1062/1054
f 2041/1064/1056 2221/985/979 1608/923/918
f 2818/462/463 2220/837/829 1774/987/981
f 1887/1065/1057 2218/1066/1058 1886/1067/1059
f 2213/1068/1060 2210/1069/1061 2039/1070/1062
f 1701/1071/1063 2199/993/987 1880/992/986
f 2186/928/922 2185/929/923 2026/994/988
f 2181/932/926 2022/931/925 2026/994/988
f 2156/934/928 2151/935/929 2004/1072/1064
f 1700/1073/1065 1766/852/844 1998/853/990
f 1995/942/936 1996/1074/1066 1998/853/845
f 1856/1075/1067 1996/1074/1066 1995/942/936
f 1854/944/938 1993/996/991 1596/1076/1068
f 1596/1076/1068 1993/996/991 1761/1077/1069
f 1986/792/785 1851/997/992 1852/1078/1070
f 1851/997/992 1850/1079/1071 1688/1080/1072
f 1848/1003/999 1981/951/945 1847/1081/1073
f 1847/1081/1073 1981/951/945 1680/1082/1074
f 1981/951/945 1758/950/944 1680/1082/1074
f 1844/1083/1075 1846/1005/1001 1582/1084/1076
f 1846/1005/1001 1980/1006/1002 1582/1084/1076
f 1980/1006/1002 1979/1085/1077 1582/1084/1076
f 1979/1085/1077 1755/1007/1003 1582/1084/1076
f 1753/952/946 2306/866/859 2133/1086/1078
f 2306/866/859 2305/1087/1079 2133/1086/1078
f 2305/1087/1079 2303/1088/1080 2133/1086/1078
f 2133/1086/1078 2303/1088/1080 2301/1089/1081
f 2304/1090/1082 2464/953/947 2463/1091/1083
f 2464/953/947 2590/505/503 2463/1091/1083
f 4033/801/796 3961/1092/1084 3182/868/861
f 3182/868/861 3961/1092/1084 3851/1093/1085
f 4605/874/867 5299/875/868 4798/1094/1086
f 5299/875/868 5096/878/871 4798/1094/1086
f 5096/878/871 5093/1012/1008 4798/1094/1086
f 5095/1020/1016 5090/1019/1015 4597/1095/1087
f 4794/1017/1013 5088/1016/1012 4793/1096/1088
f 4595/1097/1089 4793/1096/1088 4792/1098/1090
f 4777/1099/1091 5071/824/890 4776/964/959
f 4591/897/891 5188/827/819 4772/1100/1092
f 4769/1101/1093 5043/901/895 4767/1026/1021
f 4761/1102/1094 5063/1103/1095 4760/1104/1096
f 5063/1103/1095 5060/1105/1097 4760/1104/1096
f 4757/1029/1023 4755/1031/1025 4580/1106/1098
f 5421/959/953 4579/1032/1026 4755/1107/1099
f 4748/1037/1031 5053/1038/1032 4746/1108/1100
f 5052/1109/1101 4575/1110/1102 4745/1111/1103
f 4311/1112/1104 4427/1113/1105 4571/1114/1106
f 4570/1115/1107 4734/1116/1108 4569/1117/1109
f 4734/1116/1108 4733/1118/1110 4569/1117/1109
f 5042/968/963 4567/1042/1034 4568/1119/1111
f 4717/351/359 5233/611/607 3159/1120/1112
f 4565/1044/1036 4564/904/898 4308/1121/1113
f 4424/1122/1114 4307/907/901 3668/1123/1115
f 5263/771/764 4305/772/765 4101/908/902
f 4090/1124/1116 3928/1125/1117 4097/1126/1118
f 3147/777/770 3323/1046/1038 3145/1127/1119
f 3144/981/975 3143/983/977 2042/1128/1120
f 3141/1049/1041 3490/1051/1043 2042/1128/1120
f 3322/1129/1121 3139/780/773 3140/1130/1122
f 3139/780/773 2821/920/915 3140/1130/1122
f 2822/1052/1044 2380/1054/1046 2987/1131/1123
f 2380/1054/1046 2542/1132/1124 2379/1055/1047
f 2378/1057/1049 1889/1061/1053 2379/1055/1047
f 1889/1061/1053 1615/1133/1125 2379/1055/1047
f 1775/1134/1126 2041/1064/1056 1608/923/918
f 1702/1135/1127 1774/987/981 1885/1136/1128
f 2192/1137/1129 2032/1138/1130 1604/1139/1131
f 2017/1140/1132 1772/1141/1133 1874/1142/1134
f 2015/1143/1135 2018/1144/1136 1869/1145/1135
f 1999/941/935 1766/852/844 1859/939/1137
f 1700/1073/1065 1998/853/990 1856/1075/1067
f 1998/853/845 1996/1074/1066 1858/1146/1138
f 1856/1075/1067 1995/942/936 1994/1147/1139
f 1696/1148/1140 1855/1149/1141 1854/944/938
f 1852/1078/1070 1851/997/992 1688/1080/1072
f 1850/1079/1071 1849/1150/1142 1688/1080/1072
f 1688/1080/1072 1849/1150/1142 1683/1151/1143
f 1848/1003/999 1680/1082/1144 1759/1001/997
f 1845/1152/1145 1844/1083/1145 1758/950/1146
f 2308/798/793 1753/952/946 1755/1007/1003
f 1755/1007/1003 1753/952/946 1842/1153/1147
f 1753/952/946 1678/1154/1148 1842/1153/1147
f 2133/1086/1078 2301/1089/1081 2298/1155/1149
f 2302/1156/1150 2304/1090/1082 2463/1091/1083
f 3851/1093/1085 4341/1157/1151 4232/1158/1152
f 4232/1158/1152 4341/1157/1151 4465/1159/1153
f 4603/1010/1006 4797/1160/1154 4600/1008/1004
f 4600/1008/1004 4797/1160/1154 4463/1161/1155
f 4794/1017/1013 4793/1096/1088 4454/1162/1156
f 4793/1096/1088 4595/1097/1089 4454/1162/1156
f 4448/1163/1157 4788/1164/1158 4594/1165/1159
f 4777/1099/1091 4776/964/959 4594/1165/1159
f 4594/1165/1159 4776/964/959 4593/1166/1160
f 4446/1167/1161 4775/1168/1162 4445/1169/1163
f 4775/1168/1162 4773/1170/1164 4445/1169/1163
f 4591/897/891 4772/1100/1092 4590/1171/1165
f 4771/900/894 4770/967/962 4589/1172/1166
f 4589/1172/1166 4770/967/962 4224/1173/1167
f 4769/1101/1093 4767/1026/1021 4586/1174/1168
f 4766/1175/1169 4764/1176/1170 4441/1177/1171
f 4582/1178/1172 4758/1179/1173 4327/1180/1174
f 4758/1179/1173 4756/1181/1175 4327/1180/1174
f 4327/1180/1174 4756/1181/1175 4433/1182/1176
f 4757/1029/1023 4580/1106/1098 4432/1183/1177
f 4748/1037/1031 4746/1108/1100 4577/1184/1178
f 4747/1185/1179 4745/1111/1103 4431/1186/1180
f 4431/1186/1180 4745/1111/1103 4575/1110/1102
f 4573/1187/1181 4740/1188/1182 4428/1189/1183
f 4568/1119/1111 4567/1042/1034 4426/1190/1184
f 4311/1112/1104 4566/1191/1185 4310/831/823
f 4204/1192/1186 4565/1044/1036 4203/1193/1187
f 4565/1044/1036 4308/1121/1113 4203/1193/1187
f 4305/772/765 4201/1194/1188 4101/908/902
f 4097/1126/1118 3928/1125/1117 4008/1195/1189
f 2988/1196/1190 3147/777/770 3145/1127/1119
f 3146/1197/1191 3144/981/975 2681/1198/1192
f 2681/1198/1192 3144/981/975 2042/1128/1120
f 3143/983/977 3142/1048/1040 2042/1128/1120
f 3142/1048/1040 3141/1049/1041 2042/1128/1120
f 2042/1128/1120 3490/1051/1043 2987/1131/1123
f 2379/1055/1047 1615/1133/1125 2380/1054/1046
f 1614/1199/1193 1615/1133/1125 1889/1061/1053
f 1709/1200/1194 1889/1061/1053 1777/1201/1195
f 1777/1201/1195 1888/1062/1196 1776/1202/1197
f 1775/1134/1126 1608/923/918 1705/1203/1198
f 1705/1203/1198 1608/923/918 1610/1204/1199
f 2818/462/463 1774/987/981 1608/923/918
f 1702/1135/1127 1885/1136/1128 1701/1071/1063
f 1701/1071/1063 1880/992/986 2192/1137/1129
f 1880/992/986 1879/1205/1200 2192/1137/1129
f 1877/1206/1201 1874/1142/1134 1604/1139/1131
f 1874/1142/1134 1772/1141/1133 1604/1139/1131
f 1700/1073/1065 1856/1075/1067 1698/1207/1202
f 1856/1075/1067 1994/1147/1139 1698/1207/1202
f 1994/1147/1139 1765/1208/1203 1698/1207/1202
f 1764/1209/1204 1855/1149/1141 1696/1148/1140
f 1683/1151/1143 1595/1210/1205 1688/1080/1072
f 1759/1001/997 1680/1082/1144 1684/1211/1206
f 1684/1211/1206 1680/1082/1144 1682/1212/1207
f 1680/1082/1074 1758/950/944 1586/1213/1208
f 1758/950/944 1582/1084/1209 1586/1213/1208
f 1475/1214/1210 1582/1084/1076 1755/1007/1003
f 1755/1007/1003 1842/1153/1147 1679/1215/1211
f 2300/1216/1212 2133/1086/1078 2298/1155/1149
f 2463/1091/1083 2590/505/503 3182/868/861
f 4340/1217/1213 4232/1158/1152 4465/1159/1153
f 4229/1218/1214 4448/1163/1157 4447/1219/1215
f 4448/1163/1157 4594/1165/1159 4447/1219/1215
f 4594/1165/1159 4593/1166/1160 4447/1219/1215
f 4592/1220/1216 4591/897/891 4444/1221/1217
f 4444/1221/1217 4591/897/891 4226/1222/1218
f 4591/897/891 4590/1171/1165 4226/1222/1218
f 4225/1223/1219 4589/1172/1166 4224/1173/1167
f 4764/1176/1220 4765/1224/1221 4438/1225/1222
f 4332/1226/1223 4438/1225/1222 4765/1224/1221
f 4329/1227/1224 4583/1228/1225 4327/1180/1174
f 4583/1228/1225 4582/1178/1172 4327/1180/1174
f 4581/1229/1226 4578/1230/1227 4325/1231/1228
f 4325/1231/1228 4578/1230/1227 4321/1232/1229
f 4431/1186/1180 4575/1110/1102 4320/1233/1230
f 4318/1234/1231 4576/1235/1232 4430/1236/1233
f 4316/1237/1234 4429/1238/1235 4314/1239/1236
f 4106/1240/1237 4572/1241/1238 4427/1113/1105
f 4427/1113/1105 4311/1112/1104 3676/1242/1239
f 3676/1242/1239 4717/351/359 3159/1120/1112
f 3159/1120/1112 5233/611/607 4309/902/896
f 4309/902/896 4425/1243/1240 4206/1244/1241
f 3935/1245/1242 4203/1193/1187 4308/1121/1113
f 3668/1123/1115 4307/907/901 4101/908/902
f 3324/911/905 3147/777/770 3655/1246/1243
f 3655/1246/1243 3147/777/770 3498/1247/1244
f 2682/1248/1245 3147/777/770 2988/1196/1190
f 2989/1249/1246 3146/1197/1191 2681/1198/1192
f 2987/1131/1123 2380/1054/1046 2042/1128/1120
f 1889/1061/1053 1709/1200/1194 1614/1199/1193
f 1709/1200/1194 1777/1201/1195 1706/1250/1247
f 1777/1201/1195 1776/1202/1197 1706/1250/1247
f 1703/1251/1248 1608/923/918 1704/1252/1249
f 1608/923/918 1774/987/981 1704/1252/1249
f 1774/987/981 1702/1135/1127 1704/1252/1249
f 1703/1251/1248 1702/1135/1127 1607/1253/1250
f 1607/1253/1250 1702/1135/1127 1606/1254/1251
f 1702/1135/1127 1701/1071/1063 1606/1254/1251
f 1517/1255/1252 2192/1137/1129 1605/1256/1253
f 1515/1257/1254 2192/1137/1129 1420/1258/1255
f 2192/1137/1129 1604/1139/1131 1420/1258/1255
f 1604/1139/1131 1772/1141/1133 1603/1259/1256
f 1772/1141/1133 1769/1260/1257 1603/1259/1256
f 1602/1261/1258 1766/852/844 1700/1073/1065
f 1699/1262/1259 1700/1073/1065 1601/1263/1260
f 1700/1073/1065 1698/1207/1202 1601/1263/1260
f 1137/1264/1261 1763/1265/1262 1600/1266/1263
f 1696/1148/1140 1854/944/938 1503/1267/1264
f 1854/944/938 1596/1076/1068 1503/1267/1264
f 1683/1151/1143 1681/1268/1265 1595/1210/1205
f 1494/1269/1266 1595/1210/1205 1493/1270/1267
f 1595/1210/1205 1681/1268/1265 1493/1270/1267
f 1681/1268/1265 1585/1271/1268 1493/1270/1267
f 1488/1272/1269 1581/1273/1270 1479/1274/1271
f 1677/1275/1272 1475/1214/1210 1679/1215/1211
f 1475/1214/1210 1755/1007/1003 1679/1215/1211
f 1678/1154/1148 1753/952/946 1677/1275/1272
f 1753/952/946 2133/1086/1078 2131/1276/1273
f 2300/1216/1212 2298/1155/1149 2131/1276/1274
f 3182/868/861 3851/1093/1085 2851/1277/1275
f 3960/1278/1276 3851/1093/1085 4124/1279/1277
f 3851/1093/1085 4232/1158/1152 4124/1279/1277
f 4027/1280/1278 4230/1281/1279 4338/1282/1280
f 4230/1281/1279 4464/1283/1281 4338/1282/1280
f 4338/1282/1280 4450/1284/1282 4229/1285/1283
f 4446/1167/1161 4445/1169/1163 4337/1286/1284
f 4445/1169/1163 4444/1221/1217 4337/1286/1284
f 4337/1286/1284 4444/1221/1217 4228/1287/1285
f 4444/1221/1217 4226/1222/1218 4228/1287/1285
f 4765/1288/1286 4329/1227/1286 4331/1289/1286
f 4437/1290/1287 4323/1291/1288 4326/1292/1289
f 4215/1293/1290 4325/1231/1228 4321/1232/1229
f 4318/1234/1231 4430/1236/1233 4208/1294/1291
f 4106/1240/1237 4427/1113/1105 3676/1242/1239
f 4311/1112/1104 4310/831/823 3676/1242/1239
f 4310/831/823 4717/351/359 3676/1242/1239
f 3159/1120/1112 4309/902/896 4206/1244/1241
f 4009/1295/1292 3934/1296/1293 3659/1297/1294
f 3653/1298/1295 3499/1299/1296 3656/1300/1297
f 3498/1247/1244 3147/777/770 3148/1301/1298
f 2988/1196/1190 2823/1302/1299 2682/1248/1245
f 2042/1128/1120 2380/1054/1046 1890/1303/1300
f 1890/1303/1300 2380/1054/1046 1615/1133/1125
f 1613/1304/1301 1708/1305/1302 1078/1306/1303
f 1078/1306/1303 1708/1305/1302 1612/1307/1304
f 1610/1204/1199 1608/923/918 1522/1308/1305
f 1608/923/918 1703/1251/1248 1521/1309/1306
f 1521/1309/1306 1703/1251/1248 1607/1253/1250
f 1606/1254/1251 1701/1071/1063 1518/1310/1307
f 1701/1071/1063 2192/1137/1129 1518/1310/1307
f 1518/1310/1307 2192/1137/1129 1517/1255/1252
f 1605/1256/1253 2192/1137/1129 1515/1257/1254
f 1512/1311/1308 1604/1139/1131 1603/1259/1256
f 1603/1259/1256 1602/1261/1309 1509/1312/1310
f 1507/1313/1311 1602/1261/1309 1601/1263/1260
f 1602/1261/1309 1699/1262/1259 1601/1263/1260
f 1504/1314/1312 1697/1315/1313 1137/1264/1261
f 1697/1315/1313 1763/1265/1262 1137/1264/1261
f 1337/1316/1314 1503/1267/1264 1498/1317/1315
f 1503/1267/1264 1596/1076/1068 1498/1317/1315
f 1585/1271/1268 1581/1273/1270 1493/1270/1267
f 1493/1270/1267 1581/1273/1270 1488/1272/1269
f 1479/1274/1271 1581/1273/1270 1477/1318/1316
f 1582/1084/1076 1475/1214/1210 1478/1319/1317
f 1395/1320/1318 1387/1321/1319 1394/1322/1320
f 1679/1215/1211 1678/1154/1148 1677/1275/1272
f 1677/1275/1272 1753/952/946 1751/1323/1321
f 1676/1324/1322 1752/1325/1323 1750/1326/1324
f 1751/1323/1321 1753/952/946 1750/1326/1325
f 1750/1326/1325 1753/952/946 1841/1327/1326
f 1753/952/946 2131/1276/1273 1841/1327/1326
f 2299/1328/1327 2302/1156/1150 2463/1091/1083
f 4027/1280/1278 4338/1282/1280 4229/1285/1283
f 4229/1285/1283 4337/1329/1328 4227/1330/1329
f 4015/1331/1330 4330/1332/1331 4115/1333/1332
f 4328/1334/1333 4326/1292/1334 4216/1335/1335
f 4326/1292/1289 4323/1291/1288 4213/1336/1336
f 4014/1337/1337 4312/1338/1338 4105/1339/1339
f 3943/1340/1340 4106/1240/1237 3676/1242/1239
f 3159/1120/1112 4206/1244/1241 4103/1341/1341
f 4102/1342/1342 4203/1193/1187 3935/1245/1242
f 1615/1133/1125 1617/1343/1343 1890/1303/1300
f 1426/1344/1344 1429/1345/1345 1617/1343/1343
f 1426/1344/1344 1617/1343/1343 1525/1346/1346
f 1615/1133/1125 1614/1199/1193 1525/1346/1346
f 1525/1346/1346 1614/1199/1193 1524/1347/1347
f 1523/1348/1348 1613/1304/1301 1078/1306/1303
f 1078/1306/1303 1612/1307/1304 1609/1349/1349
f 1522/1308/1305 1608/923/918 1521/1309/1306
f 1420/1258/1255 1604/1139/1131 1512/1311/1308
f 1512/1311/1308 1603/1259/1256 1419/1350/1350
f 1603/1259/1256 1509/1312/1310 1419/1350/1350
f 1509/1312/1310 1602/1261/1309 1508/1351/1351
f 1602/1261/1309 1507/1313/1311 1508/1351/1351
f 1251/1352/1352 1504/1314/1312 1137/1264/1261
f 1137/1264/1261 1600/1266/1263 1339/1353/1353
f 1339/1353/1353 1600/1266/1263 1502/1354/1354
f 1337/1316/1314 1498/1317/1315 1414/1355/1355
f 1498/1317/1315 1412/1356/1356 1414/1355/1355
f 1414/1355/1355 1412/1356/1356 1335/1357/1357
f 1409/1358/1358 1492/1359/1359 1404/1360/1360
f 1479/1274/1271 1477/1318/1316 1326/1361/1361
f 1477/1318/1316 1395/1320/1318 1326/1361/1361
f 1394/1322/1320 1387/1321/1319 1320/1362/1362
f 1388/1363/1363 1475/1214/1210 1677/1275/1272
f 1677/1275/1272 1752/1325/1323 1676/1324/1322
f 1580/1364/1364 1676/1324/1365 1675/1365/1366
f 1676/1324/1322 1750/1326/1324 1674/1366/1367
f 2130/1367/1368 2299/1328/1327 2295/1368/1369
f 2299/1328/1327 2463/1091/1083 2295/1368/1369
f 2293/1369/1370 2295/1368/1369 2463/1091/1083
f 2854/1370/1371 2463/1091/1083 3182/868/861
f 2851/1277/1275 3851/1093/1085 3850/1371/1372
f 3851/1093/1085 3960/1278/1276 3850/1371/1372
f 4123/1372/1373 4231/1373/1374 4030/1374/1375
f 4231/1373/1374 4230/1281/1279 4030/1374/1375
f 4029/1375/1376 4030/1374/1375 4027/1280/1278
f 4030/1374/1375 4230/1281/1279 4027/1280/1278
f 4229/1285/1283 4227/1330/1329 4022/1376/1377
f 4122/1377/1378 4228/1287/1285 4120/1378/1379
f 4228/1287/1285 4226/1222/1218 4120/1378/1379
f 4120/1378/1379 4226/1222/1218 4019/1379/1380
f 4225/1223/1219 4224/1173/1167 4018/1380/1381
f 4018/1380/1381 4224/1173/1167 4016/1381/1382
f 3938/1382/1383 3159/1120/1112 4011/1383/1384
f 3159/1120/1112 4103/1341/1341 4011/1383/1384
f 3936/1384/1385 4102/1342/1342 3935/1245/1242
f 4101/908/902 3658/1385/1386 3668/1123/1115
f 3668/1123/1115 3658/1385/1386 3502/1386/1387
f 3150/1387/1388 3149/1388/1389 3147/777/770
f 3149/1388/1389 3148/1301/1298 3147/777/770
f 2683/1389/1390 3147/777/770 1892/1390/1391
f 2681/1198/1192 2042/1128/1120 1433/1391/1392
f 1617/1343/1343 1429/1345/1345 1432/1392/1393
f 1432/1392/1393 1429/1345/1345 1431/1393/1394
f 1525/1346/1346 1524/1347/1347 1426/1344/1344
f 1425/1394/1395 1523/1348/1348 1078/1306/1303
f 1078/1306/1303 1609/1349/1349 1424/1395/1396
f 1520/1396/1397 1519/1397/1398 1255/1398/1399
f 1255/1398/1399 1519/1397/1398 1423/1399/1400
f 1421/1400/1401 1516/1401/1402 1340/1402/1403
f 1516/1401/1402 1514/1403/1404 1340/1402/1403
f 1340/1402/1403 1513/1404/1405 1418/1405/1406
f 1416/1406/1407 1506/1407/1408 1252/1408/1409
f 1252/1408/1409 1506/1407/1408 1415/1409/1410
f 1415/1409/1410 1504/1314/1312 1251/1352/1352
f 1339/1353/1353 1502/1354/1354 1336/1410/1411
f 1336/1410/1411 1413/1411/1412 1250/1412/1413
f 1412/1356/1356 1409/1358/1358 1335/1357/1357
f 1335/1357/1357 1409/1358/1358 1334/1413/1414
f 1409/1358/1358 1404/1360/1360 1334/1413/1414
f 1334/1413/1414 1404/1360/1360 1248/1414/1415
f 1248/1414/1415 1404/1360/1360 1330/1415/1416
f 1330/1415/1416 1396/1416/1417 1188/1417/1418
f 1188/1418/1419 1324/1419/1420 1246/1420/1421
f 1395/1320/1318 1394/1322/1320 1326/1361/1361
f 1320/1362/1362 1387/1321/1319 1318/1421/1422
f 1677/1275/1272 1386/1422/1423 1388/1363/1363
f 1677/1275/1272 1676/1324/1322 1386/1422/1423
f 1386/1422/1423 1676/1324/1322 1579/1423/1424
f 1674/1366/1367 1750/1326/1324 1749/1424/1425
f 1841/1327/1326 2131/1276/1273 1977/1425/1426
f 2131/1276/1273 2297/1426/1427 1977/1425/1426
f 1976/1427/1428 2129/1428/1429 2127/1429/1430
f 2127/1429/1430 2129/1428/1429 2462/1430/1431
f 2294/1431/1432 2463/1091/1083 2461/1432/1433
f 2463/1091/1083 2587/1433/1434 2461/1432/1433
f 2463/1091/1083 2854/1370/1371 2855/1434/1435
f 3849/1435/1436 4032/1436/1437 3847/1437/1438
f 3847/1437/1438 4032/1436/1437 4030/1374/1375
f 3960/1278/1276 4124/1279/1277 4031/1438/1439
f 4027/1280/1278 4229/1285/1283 3951/1439/1440
f 3951/1439/1440 4229/1285/1283 4022/1376/1377
s 0
f 4121/1377/1441 4119/1378/1441 4020/1440/1441
s 1
f 4021/1440/1442 4120/1378/1379 4019/1379/1380
f 4015/1331/1330 4115/1333/1332 2842/1441/1443
f 2842/1441/1443 4115/1333/1332 3830/1442/1444
f 3943/1340/1340 3676/1242/1239 2999/1443/1445
f 3941/1444/1446 3159/1120/1112 3940/1445/1447
f 3939/1445/1448 3159/1120/1112 3938/1382/1383
f 3661/1446/1449 3506/1447/1450 2691/1448/1451
f 2691/1448/1451 3506/1447/1450 3664/1449/1452
f 3150/1387/1388 3147/777/770 2683/1389/1390
f 2045/1450/1453 1892/1390/1391 3147/777/770
f 3147/777/770 2682/1248/1245 2045/1450/1453
f 2682/1248/1245 2543/1451/1454 2045/1450/1453
f 2045/1450/1453 2543/1451/1454 2225/1452/1455
f 1891/1453/1456 2544/1454/1457 2381/1455/1458
f 1346/1456/1459 1431/1393/1394 1345/1457/1460
f 1257/1458/1461 1430/1459/1462 1194/1460/1463
f 1194/1460/1463 1430/1459/1462 1344/1461/1464
f 1344/1461/1464 1427/1462/1465 1078/1306/1303
f 1427/1462/1465 1425/1394/1395 1078/1306/1303
f 888/1463/1466 1256/1464/1467 1078/1306/1303
f 1078/1306/1303 1424/1395/1396 1255/1398/1399
f 1424/1395/1396 1520/1396/1397 1255/1398/1399
f 1423/1399/1400 1422/1465/1468 1255/1398/1399
f 1255/1398/1399 1422/1465/1468 1192/1466/1469
f 1422/1465/1468 1421/1400/1401 1192/1466/1469
f 1421/1400/1401 1340/1402/1403 1192/1466/1469
f 1192/1466/1469 1340/1402/1403 1343/1467/1470
f 1342/1468/1471 1343/1467/1470 1340/1402/1403
f 1191/1469/1472 1340/1402/1403 1341/1470/1473
f 1340/1402/1403 1418/1405/1406 1253/1471/1474
f 1253/1471/1474 1418/1405/1406 1252/1408/1409
f 1418/1405/1406 1417/1472/1475 1252/1408/1409
f 1417/1472/1475 1416/1406/1407 1252/1408/1409
f 1415/1409/1410 1251/1352/1352 1252/1408/1409
f 1137/1264/1261 1339/1353/1353 1338/1473/1476
f 1339/1353/1353 1336/1410/1411 1016/1474/1477
f 1016/1474/1477 1336/1410/1411 1250/1412/1413
f 1250/1412/1413 1249/1475/1478 1016/1474/1477
f 1248/1414/1415 1330/1415/1416 1247/1476/1479
f 1247/1476/1479 1330/1415/1416 1188/1417/1418
f 1324/1419/1420 1242/1477/1480 1246/1420/1421
f 1246/1420/1421 1242/1477/1480 1185/1478/1481
f 1318/1421/1422 1387/1321/1319 1309/1479/1482
f 1387/1321/1319 1385/1480/1483 1309/1479/1482
f 1383/1481/1484 1579/1423/1424 1296/1482/1485
f 1296/1482/1485 1579/1423/1424 1674/1366/1367
f 2127/1429/1430 2462/1430/1431 2292/1483/1486
f 2291/1484/1487 2292/1485/1488 2458/1486/1489
f 2458/1486/1489 2292/1485/1488 2588/1487/1490
f 2587/1433/1434 2463/1091/1083 2584/1488/1491
f 2463/1091/1083 2855/1434/1435 2584/1488/1491
f 2584/1488/1491 2855/1434/1435 2583/1489/1492
f 2851/1277/1275 3850/1371/1372 3355/1490/1493
f 3355/1490/1493 3850/1371/1372 3533/1491/1494
f 3690/1492/1495 3849/1435/1436 3532/1493/1496
f 3532/1493/1496 3849/1435/1436 3847/1437/1438
f 3847/1437/1438 4030/1374/1375 4029/1375/1376
f 3958/1494/1497 4028/1495/1498 3956/1496/1499
f 3956/1496/1499 4028/1495/1498 3953/1497/1500
f 4028/1495/1498 4025/1498/1501 3953/1497/1500
f 3950/1499/1502 4021/1440/1442 3834/1500/1503
f 4021/1440/1442 4019/1379/1380 3834/1500/1503
f 3835/1501/1504 4018/1380/1381 3947/1502/1505
f 4018/1380/1381 4016/1381/1382 3947/1502/1505
f 4015/1331/1330 2842/1441/1443 3832/1503/1506
f 3830/1442/1444 3944/1504/1507 3677/1505/1508
f 3159/1120/1112 3941/1444/1446 3670/1506/1509
f 3824/1507/1510 3936/1384/1385 3669/1508/1511
f 3936/1384/1385 3935/1245/1242 3669/1508/1511
f 3668/1123/1115 3502/1386/1387 2691/1448/1451
f 3823/1509/1512 3662/1510/1513 3666/1511/1512
f 2044/1512/1514 2382/1513/1515 1891/1453/1456
f 1891/1453/1456 2381/1455/1458 1433/1391/1392
f 2381/1455/1458 2681/1198/1192 1433/1391/1392
f 1431/1393/1394 1346/1456/1459 1432/1392/1393
f 1432/1392/1393 1346/1456/1459 1347/1514/1516
f 1196/1515/1517 1258/1516/1518 1257/1458/1461
f 1194/1460/1463 1344/1461/1464 1256/1464/1467
f 1344/1461/1464 1078/1306/1303 1256/1464/1467
f 1192/1466/1469 1343/1467/1470 1077/1517/1519
f 1342/1468/1471 1340/1402/1403 1077/1517/1519
f 1340/1402/1403 1191/1469/1472 1077/1517/1519
f 1341/1470/1473 1340/1402/1403 1253/1471/1474
f 1253/1471/1474 1252/1408/1409 1190/1518/1520
f 1137/1264/1261 1338/1473/1476 1016/1474/1477
f 1249/1475/1478 1076/1519/1521 1016/1474/1477
f 1245/1520/1522 1244/1521/1523 1186/1522/1524
f 1186/1522/1524 1244/1521/1523 1136/1523/1525
f 1185/1478/1481 1242/1477/1480 1184/1524/1526
f 1242/1477/1480 1240/1525/1527 1184/1524/1526
f 1240/1525/1527 1235/1526/1528 1184/1524/1526
f 1184/1524/1526 1235/1526/1528 1134/1527/1529
f 1309/1479/1482 1385/1480/1483 1305/1528/1530
f 1386/1422/1423 1579/1423/1424 1383/1481/1484
f 1674/1366/1367 1749/1424/1425 1669/1529/1531
f 1749/1424/1532 1841/1530/1533 1748/1531/1534
f 1840/1532/1535 1974/1533/1536 1668/1534/1537
f 1974/1533/1536 1972/1535/1538 1668/1534/1537
f 2292/1485/1488 2291/1484/1487 1972/1535/1538
f 1972/1535/1538 2291/1484/1487 2124/1536/1539
f 2458/1486/1489 2588/1487/1490 2452/1537/1540
f 2588/1487/1490 2585/1538/1541 2452/1537/1540
f 2583/1489/1492 2855/1434/1435 2712/1539/1542
f 2854/1370/1371 3182/868/861 2851/1277/1275
f 2076/1540/1543 2848/1541/1544 3181/1542/1545
f 3022/1543/1546 2850/1544/1547 3180/1545/1548
f 3180/1545/1549 2849/1546/1550 3355/1490/1551
f 3848/1547/1552 3957/1548/1553 3840/1549/1552
f 3837/1550/1554 3952/1551/1555 3834/1500/1503
f 3952/1551/1555 3950/1499/1502 3834/1500/1503
f 2999/1443/1445 3676/1242/1239 2062/1552/1556
f 3159/1120/1112 3670/1506/1509 3672/1553/1557
f 3664/1449/1452 3667/1554/1558 2691/1448/1451
f 1433/1391/1392 2042/1128/1120 1264/1555/1559
f 1264/1555/1559 2042/1128/1120 1890/1303/1300
f 1432/1392/1393 1347/1514/1516 1348/1556/1560
f 1347/1514/1516 1259/1557/1561 1348/1556/1560
f 1262/1558/1562 1259/1557/1563 1198/1559/1564
f 1261/1560/1565 1258/1516/1518 1079/1561/1566
f 1079/1561/1566 1258/1516/1518 1196/1515/1517
f 1196/1515/1517 1257/1458/1461 1195/1562/1567
f 1257/1458/1461 1194/1460/1463 1195/1562/1567
f 1194/1460/1463 1193/1563/1568 888/1463/1466
f 1193/1563/1568 1256/1464/1467 888/1463/1466
f 1078/1306/1303 1255/1398/1399 1254/1564/1569
f 1253/1471/1474 1190/1518/1520 1191/1469/1472
f 1191/1469/1472 1190/1518/1520 1077/1517/1519
f 1190/1518/1520 1251/1352/1352 1137/1264/1261
f 1187/1565/1570 1186/1522/1524 1076/1519/1521
f 1186/1522/1524 1136/1523/1525 1076/1519/1521
f 1076/1519/1521 1136/1523/1525 949/1566/1571
f 1235/1526/1528 1231/1567/1572 1134/1527/1529
f 1296/1482/1485 1674/1366/1367 1381/1568/1573
f 1381/1568/1573 1674/1366/1367 1575/1569/1574
f 1674/1366/1367 1669/1529/1531 1575/1569/1574
f 1749/1424/1532 1748/1531/1534 1672/1570/1575
f 1840/1532/1535 1668/1534/1537 1673/1571/1576
f 1972/1535/1538 2124/1536/1539 1968/1572/1577
f 2277/1573/1578 2456/1574/1579 2273/1575/1580
f 2456/1574/1579 2453/1537/1581 2273/1575/1580
f 2265/1576/1582 2271/1577/1582 2091/1578/1582
f 2273/1575/1580 2453/1537/1581 2259/1579/1583
f 2259/1579/1583 2453/1537/1581 2450/1580/1584
f 2453/1537/1581 2582/1581/1585 2450/1580/1584
f 2582/1581/1585 2713/1582/1586 2450/1580/1584
f 2450/1580/1584 2713/1582/1586 2448/1583/1587
f 2076/1540/1543 3181/1542/1545 3021/1584/1588
f 3179/1585/1589 3180/1545/1549 3352/1586/1590
f 3180/1545/1549 3355/1490/1551 3352/1586/1590
f 3353/1587/1591 3690/1492/1495 3351/1588/1592
f 3690/1492/1495 3532/1493/1496 3351/1588/1592
f 3351/1588/1592 3532/1493/1496 3349/1589/1593
f 3349/1589/1593 3532/1493/1496 3168/1590/1594
f 3168/1590/1594 3532/1493/1496 3688/1591/1595
f 3532/1493/1496 3845/1592/1596 3688/1591/1595
f 3846/1592/1597 3841/1593/1598 3684/1594/1599
f 3841/1593/1598 3838/1550/1600 3684/1594/1599
f 3531/1595/1601 3835/1501/1504 3682/1596/1602
f 3835/1501/1504 3947/1502/1505 3682/1596/1602
f 3682/1596/1602 3947/1502/1505 3679/1597/1603
f 3678/1598/1604 3831/1599/1604 2842/1441/1604
f 2842/1441/1443 3830/1442/1444 3161/1600/1605
f 3830/1442/1444 3677/1505/1508 3161/1600/1605
f 2062/1552/1556 3676/1242/1239 3159/1120/1112
f 3672/1553/1557 3521/1601/1606 3159/1120/1112
f 3159/1120/1112 3521/1601/1606 3339/1602/1607
f 2994/1603/1608 3513/1604/1609 3335/1605/1610
f 3335/1605/1610 3668/1123/1115 2691/1448/1451
f 3511/1606/1611 3512/1607/1612 3152/1608/1613
f 3152/1608/1613 3512/1607/1612 3334/1609/1614
f 2683/1389/1390 1440/1610/1615 2383/1611/1616
f 2683/1389/1390 1892/1390/1391 1440/1610/1615
f 2045/1450/1453 2043/1612/1617 1892/1390/1391
f 1893/1613/1618 2044/1512/1514 1710/1614/1619
f 1710/1614/1619 2044/1512/1514 1891/1453/1456
f 1617/1343/1343 1432/1392/1393 1263/1615/1620
f 1432/1392/1393 1259/1616/1621 1263/1615/1620
f 1079/1561/1566 1196/1515/1517 888/1463/1466
f 1197/1617/1622 1195/1562/1567 888/1463/1466
f 1195/1562/1567 1194/1460/1463 888/1463/1466
f 1254/1564/1569 1192/1466/1469 1078/1306/1303
f 1078/1306/1303 1192/1466/1469 1077/1517/1519
f 1077/1517/1519 1190/1518/1520 1137/1264/1261
f 949/1566/1571 1136/1523/1525 1135/1618/1623
f 1132/1619/1624 1134/1527/1529 1231/1567/1572
f 1673/1571/1576 1668/1534/1537 1578/1620/1625
f 1972/1535/1538 1968/1572/1577 1668/1534/1537
f 1947/1621/1626 1954/1622/1627 1818/1623/1627
f 2111/1624/1628 2275/1625/1629 2107/1626/1629
f 2448/1583/1587 2713/1582/1586 2711/1627/1630
f 2710/1628/1631 2712/1539/1542 2709/1629/1632
f 2712/1539/1542 2855/1434/1435 2709/1629/1632
f 2709/1629/1632 2851/1277/1633 2433/1630/1634
f 2851/1277/1633 2849/1631/1635 2433/1630/1634
f 2848/1541/1544 2708/1632/1636 2567/1633/1637
f 2567/1633/1637 2708/1632/1636 2077/1634/1638
f 2708/1632/1636 2848/1541/1544 2076/1540/1543
f 3178/1635/1639 3353/1587/1591 3174/1636/1640
f 3353/1587/1591 3351/1588/1592 3174/1636/1640
f 3170/1637/1641 3350/1638/1642 3168/1590/1594
f 3350/1638/1642 3349/1589/1593 3168/1590/1594
f 3166/1639/1643 3687/1640/1644 3348/1641/1645
f 3687/1640/1644 3684/1642/1646 3348/1641/1645
f 3531/1595/1601 3682/1596/1602 3164/1643/1647
f 3682/1596/1602 3679/1597/1603 3522/1644/1648
f 3159/1120/1112 3339/1602/1607 2998/1645/1649
f 3337/1646/1650 3520/1647/1651 3336/1648/1652
f 3520/1647/1651 3517/1649/1653 3336/1648/1652
f 3517/1649/1653 3514/1650/1654 3336/1648/1652
f 3514/1650/1654 3513/1604/1609 3336/1648/1652
f 3513/1604/1609 2994/1603/1608 3336/1648/1652
f 1892/1390/1391 1779/1651/1655 1621/1652/1656
f 1621/1652/1656 1779/1651/1655 1711/1653/1657
f 1779/1651/1655 1892/1390/1391 1778/1654/1658
f 1710/1614/1619 1891/1453/1456 1433/1391/1392
f 1617/1343/1343 1263/1615/1620 1890/1303/1300
f 1199/1655/1659 1262/1558/1562 1139/1656/1660
f 1262/1558/1562 1198/1559/1564 1139/1656/1660
f 1260/1657/1661 1079/1658/1662 1138/1659/1663
f 1138/1659/1663 1079/1658/1662 1017/1660/1664
f 1016/1474/1477 1076/1519/1521 949/1566/1571
f 949/1566/1571 1135/1618/1623 1075/1661/1665
f 1135/1618/1623 1133/1662/1666 1075/1661/1665
f 1075/1661/1665 1133/1662/1666 1131/1663/1667
f 1133/1662/1666 1183/1664/1668 1131/1663/1667
f 1379/1665/1669 1578/1620/1625 1470/1666/1670
f 1470/1666/1670 1578/1620/1625 1668/1534/1537
f 1828/1667/1671 1823/1668/1672 1746/1669/1673
f 2094/1670/1674 1935/1671/1675 1938/1672/1676
f 2090/1673/1677 2095/1674/1678 2088/1675/1679
f 2095/1674/1678 2451/1676/1680 2088/1675/1679
f 2448/1583/1587 2711/1627/1630 2436/1677/1681
f 2436/1677/1681 2711/1627/1630 2569/1678/1682
f 2710/1628/1631 2709/1629/1632 2568/1679/1683
f 2433/1630/1634 2849/1631/1635 2566/1680/1684
f 2432/1681/1685 2076/1540/1543 2845/1682/1686
f 2076/1540/1543 3021/1584/1588 2845/1682/1686
f 3020/1683/1687 3177/1684/1688 3019/1685/1689
f 3176/1686/1690 3172/1687/1691 3017/1688/1692
f 3012/1689/1693 3167/1690/1694 3165/1691/1695
f 3167/1690/1694 3348/1641/1696 3165/1691/1695
f 3164/1643/1647 3682/1596/1602 3344/1692/1697
f 3337/1646/1650 3336/1648/1652 3155/1693/1698
f 3335/1605/1610 2691/1448/1451 2994/1603/1608
f 3667/1554/1558 3153/1694/1699 2691/1448/1451
f 3152/1608/1613 3334/1609/1614 2990/1695/1700
f 2990/1695/1700 3334/1609/1614 2685/1696/1701
f 1892/1390/1391 1621/1652/1656 1440/1610/1615
f 1621/1652/1656 1711/1653/1657 1712/1697/1702
f 1618/1698/1703 1780/1699/1704 1710/1614/1619
f 1139/1656/1660 1140/1700/1705 1199/1655/1659
f 1080/1701/1706 1079/1561/1566 950/1702/1707
f 950/1702/1707 1079/1561/1566 888/1463/1466
f 1078/1306/1303 1077/1517/1519 888/1463/1466
f 1137/1264/1261 1016/1474/1477 949/1566/1571
f 1231/1567/1572 1230/1703/1708 1132/1619/1624
f 1132/1619/1624 1230/1703/1708 1130/1704/1709
f 1470/1666/1670 1668/1534/1537 1667/1705/1710
f 1668/1534/1537 1822/1706/1711 1815/1707/1712
f 1815/1707/1712 1936/1708/1713 1812/1709/1714
f 1812/1709/1714 1936/1708/1713 2087/1710/1715
f 1936/1708/1713 2090/1673/1716 2087/1710/1715
s 0
f 2089/1710/1717 2257/1711/1717 2085/1712/1717
s 1
f 2438/1713/1718 2448/1583/1587 2246/1714/1719
f 2448/1583/1587 2436/1677/1681 2246/1714/1719
f 2435/1715/1720 2568/1679/1683 2434/1716/1721
f 2568/1679/1683 2709/1629/1632 2434/1716/1721
f 2709/1629/1632 2433/1630/1634 2434/1716/1721
f 2567/1633/1637 2077/1634/1638 2245/1717/1722
f 2432/1681/1723 2847/1718/1724 2706/1719/1725
f 3018/1720/1726 3015/1721/1727 2705/1722/1728
f 2705/1722/1728 3015/1721/1727 2703/1723/1729
f 3011/1724/1730 3164/1643/1647 2702/1725/1731
f 3164/1643/1647 3344/1692/1697 2702/1725/1731
f 2702/1725/1731 3344/1692/1697 3009/1726/1732
f 3346/1727/1733 3003/1728/1734 3004/1729/1735
f 3001/1730/1736 3160/1731/1737 2414/1732/1738
f 2414/1732/1738 3160/1731/1737 2999/1443/1445
f 3159/1120/1112 2998/1645/1649 2062/1552/1556
f 2062/1552/1556 2998/1645/1649 2836/1733/1739
f 2997/1734/1740 3158/1735/1741 2995/1736/1742
f 2828/1737/1743 2994/1603/1608 2229/1738/1744
f 2691/1448/1451 3153/1694/1699 2827/1739/1745
f 3154/1740/1746 3151/1741/1747 2992/1742/1748
f 3151/1741/1747 2991/1743/1749 2992/1742/1748
f 2990/1695/1700 2689/1744/1750 2993/1745/1751
f 2990/1695/1700 2685/1696/1701 2689/1744/1750
f 2383/1611/1616 1440/1610/1615 1625/1746/1752
f 1623/1747/1753 1440/1610/1615 1621/1652/1656
f 1621/1652/1656 1712/1697/1702 1619/1748/1754
f 1434/1749/1755 1620/1750/1756 1618/1698/1703
f 1618/1698/1703 1710/1614/1619 1433/1391/1392
f 1433/1391/1392 1264/1555/1559 1201/1751/1757
f 1890/1303/1300 1263/1615/1620 1149/1752/1758
f 1144/1753/1759 1200/1754/1760 1142/1755/1761
f 1017/1660/1762 1018/1756/1763 1143/1757/1764
f 888/1463/1466 715/1758/1765 951/1759/1766
f 1077/1517/1519 1137/1264/1261 888/1463/1466
f 949/1566/1571 806/1760/1767 1137/1264/1261
f 1075/1661/1665 1131/1663/1667 1074/1761/1768
f 1131/1663/1667 1182/1762/1769 1074/1761/1768
f 1181/1763/1770 1230/1703/1708 1372/1764/1771
f 1667/1705/1710 1668/1534/1537 1812/1709/1714
f 1668/1534/1537 1815/1707/1712 1812/1709/1714
f 1812/1709/1714 2087/1710/1715 1933/1765/1772
f 2087/1710/1715 2081/1766/1773 1933/1765/1772
f 2080/1767/1774 2086/1712/1775 2249/1768/1776
f 2083/1769/1777 2441/1770/1778 2248/1771/1777
f 2438/1713/1718 2246/1714/1719 2249/1768/1776
f 2076/1540/1543 2432/1681/1685 2075/1772/1779
f 2431/1773/1780 2706/1774/1781 2075/1772/1782
f 2074/1775/1783 2075/1772/1782 2430/1776/1784
f 2075/1772/1782 2706/1774/1781 2430/1776/1784
f 2430/1776/1784 2706/1774/1781 2565/1777/1785
f 2565/1777/1785 2706/1774/1781 2564/1778/1786
f 2706/1774/1781 3018/1720/1726 2564/1778/1786
f 3018/1720/1726 2705/1722/1728 2564/1778/1786
f 2563/1779/1787 2704/1780/1788 2702/1725/1731
f 3161/1600/1605 3002/1781/1789 2842/1441/1443
f 2559/1782/1790 2062/1552/1556 2839/1783/1791
f 2062/1552/1556 2836/1733/1739 2839/1783/1791
f 2997/1734/1740 2995/1736/1742 2832/1784/1792
f 2994/1603/1608 2691/1448/1451 2229/1738/1744
f 2690/1785/1793 2826/1786/1794 2827/1739/1745
f 2383/1611/1616 1625/1746/1752 2385/1787/1795
f 2385/1787/1795 1625/1746/1752 2389/1788/1796
f 2391/1789/1797 1625/1790/1798 2047/1791/1799
f 1529/1792/1800 1624/1793/1801 1434/1749/1755
f 1623/1747/1753 1621/1652/1656 1527/1794/1802
f 1622/1795/1803 1620/1750/1756 1434/1749/1755
f 1434/1749/1755 1618/1698/1703 1201/1751/1757
f 1618/1698/1703 1433/1391/1392 1201/1751/1757
f 1263/1615/1620 1199/1796/1804 1149/1752/1758
f 1143/1757/1764 1018/1756/1763 1082/1797/1805
f 1082/1797/1805 1018/1756/1763 1084/1798/1806
f 951/1759/1766 950/1702/1707 888/1463/1466
f 135/1799/1807 1137/1264/1261 806/1760/1767
f 1075/1661/1665 1074/1761/1768 887/1800/1808
f 1373/1801/1809 1470/1666/1809 1469/1802/1810
f 1470/1666/1670 1667/1705/1710 1574/1803/1811
f 1667/1705/1710 1812/1709/1714 1743/1804/1812
f 1743/1804/1812 1812/1709/1714 1742/1805/1813
f 1740/1806/1814 1742/1805/1815 1931/1807/1816
f 2249/1768/1776 2246/1714/1719 2080/1767/1774
f 2080/1767/1774 2246/1714/1719 2079/1808/1817
f 2078/1808/1818 2246/1714/1819 2077/1634/1638
f 2246/1714/1819 2245/1717/1722 2077/1634/1638
f 1926/1809/1820 2430/1776/1821 2072/1810/1822
f 2072/1810/1822 2430/1776/1821 2428/1811/1823
f 2429/1812/1824 2563/1779/1787 2427/1813/1825
f 2427/1813/1825 2563/1779/1787 2701/1814/1826
f 2701/1814/1826 2563/1779/1787 2702/1725/1731
f 2702/1725/1731 3009/1726/1732 2701/1814/1826
f 2843/1815/1827 3006/1816/1828 2066/1817/1829
f 3006/1816/1828 3004/1729/1735 2066/1817/1829
f 3004/1729/1735 3003/1728/1734 2066/1817/1829
f 2066/1817/1829 3003/1728/1734 2842/1441/1443
f 2065/1818/1830 2842/1441/1443 3000/1819/1831
f 2842/1441/1443 3002/1781/1789 3000/1819/1831
f 2414/1732/1738 2999/1443/1445 2062/1552/1556
f 2835/1820/1832 2829/1821/1833 2694/1822/1834
f 2694/1822/1834 2829/1821/1833 2553/1823/1835
f 2553/1824/1836 2830/1825/1837 2229/1738/1744
f 2830/1825/1837 2828/1737/1743 2229/1738/1744
f 2229/1738/1744 2691/1448/1451 2826/1786/1794
f 2827/1739/1745 2826/1786/1794 2691/1448/1451
s 0
f 2386/1787/1838 2392/1788/1838 2552/1826/1838
s 1
f 2397/1827/1839 2227/1828/1840 2394/1829/1841
f 2394/1829/1841 2227/1828/1840 2048/1830/1842
f 1782/1831/1843 2050/1832/1844 1625/1746/1752
f 2049/1833/1845 2047/1791/1799 1625/1790/1798
f 1440/1610/1615 1623/1747/1753 1437/1834/1846
f 1529/1792/1800 1434/1749/1755 1201/1751/1757
f 1264/1555/1559 1890/1303/1300 1149/1752/1758
f 1199/1796/1804 1144/1753/1847 1149/1752/1758
f 1142/1755/1761 1083/1835/1848 1144/1753/1759
f 1082/1797/1805 1084/1798/1806 1087/1836/1849
f 715/1758/1765 888/1463/1466 325/1837/1850
f 888/1463/1466 1137/1264/1261 135/1799/1807
f 1073/1838/1851 1130/1704/1709 1181/1763/1770
f 1130/1704/1709 1230/1703/1708 1181/1763/1770
f 1181/1763/1770 1372/1764/1771 1290/1839/1852
f 1574/1803/1811 1667/1705/1710 1666/1840/1853
f 1742/1805/1815 1740/1806/1814 1660/1841/1854
f 1740/1806/1814 1931/1807/1816 1737/1842/1855
f 1737/1842/1855 1931/1807/1816 1810/1843/1856
f 1932/1844/1857 1929/1845/1858 1811/1846/1859
f 2080/1767/1774 2079/1808/1817 1930/1847/1860
f 2079/1808/1817 2077/1634/1861 1930/1847/1860
f 2077/1634/1861 2076/1540/1862 1930/1847/1860
f 1929/1845/1858 2076/1540/1543 1928/1848/1863
f 2076/1540/1543 2075/1772/1779 1928/1848/1863
f 1926/1809/1820 2072/1810/1822 1922/1849/1864
f 2071/1850/1865 2244/1851/1866 2701/1814/1826
f 2244/1851/1866 2427/1813/1825 2701/1814/1826
f 2700/1852/1867 2843/1815/1827 2066/1817/1829
f 2409/1853/1868 2062/1552/1556 2559/1782/1790
f 2699/1854/1869 2554/1855/1870 2404/1856/1871
f 2826/1786/1794 2550/1857/1872 1898/1858/1873
f 1898/1858/1873 2395/1859/1874 2051/1860/1875
f 2394/1829/1841 2048/1830/1842 2228/1861/1876
f 2228/1861/1876 2048/1830/1842 1896/1862/1877
f 2048/1830/1842 1894/1863/1878 1896/1862/1877
f 1437/1834/1846 1623/1747/1753 1530/1864/1879
f 1623/1747/1753 1528/1865/1880 1530/1864/1879
f 1529/1792/1800 1201/1751/1757 1531/1866/1881
f 1531/1866/1881 1201/1751/1757 1436/1867/1882
f 1148/1868/1883 1149/1752/1758 1144/1753/1847
f 1082/1797/1805 1087/1836/1849 1091/1869/1884
f 1091/1869/1884 1087/1836/1849 1020/1870/1885
f 1086/1871/1886 715/1758/1765 952/1872/1887
f 889/1873/1888 952/1872/1887 715/1758/1765
f 887/1800/1808 1074/1761/1768 1015/1874/1889
f 1929/1845/1858 1928/1848/1863 1811/1846/1859
f 1810/1843/1856 1927/1875/1890 1737/1842/1855
f 1927/1875/1890 1926/1809/1820 1737/1842/1855
f 1926/1809/1820 1922/1849/1864 1737/1842/1855
f 2241/1876/1891 2700/1852/1867 2066/1817/1829
f 2842/1441/1443 2065/1818/1830 2066/1817/1829
f 2416/1877/1892 2417/1878/1893 2414/1732/1738
f 2062/1552/1556 2409/1853/1868 2411/1879/1894
f 2553/1824/1836 2229/1738/1744 2399/1880/1895
f 2399/1880/1895 2229/1738/1744 1899/1881/1896
f 2051/1860/1875 1791/1882/1897 1898/1858/1873
f 1782/1831/1843 1625/1746/1752 1626/1883/1898
f 1530/1864/1879 1435/1884/1899 1437/1834/1846
f 1438/1885/1900 1436/1867/1882 1349/1886/1901
f 1436/1867/1882 1201/1751/1757 1349/1886/1901
f 1264/1555/1559 961/1887/1902 1201/1751/1757
f 1264/1555/1559 1149/1752/1758 961/1887/1902
f 1148/1868/1883 1144/1753/1847 1146/1888/1903
f 1082/1889/1904 1089/1890/1905 1145/1891/1906
f 889/1873/1888 715/1758/1765 325/1837/1850
f 325/1837/1850 888/1463/1466 135/1799/1807
f 1072/1892/1907 1073/1838/1851 1181/1763/1770
f 1290/1839/1852 1655/1893/1908 1229/1894/1909
f 2066/1817/1829 1908/1895/1910 2241/1876/1891
f 1798/1896/1911 2416/1877/1892 2414/1732/1738
f 2414/1732/1738 2062/1552/1556 1798/1896/1911
f 2062/1552/1556 2411/1879/1894 2058/1897/1912
f 2054/1898/1913 2412/1899/1914 2235/1900/1914
f 2232/1901/1915 2403/1902/1916 2052/1903/1917
f 2403/1902/1916 2398/1904/1918 2052/1903/1917
f 1898/1858/1873 1791/1882/1897 1629/1905/1919
f 1628/1906/1920 1722/1907/1921 1537/1908/1922
f 1349/1886/1901 1095/1909/1923 1202/1910/1924
f 1095/1909/1923 1349/1886/1901 1201/1751/1757
f 547/1911/1925 961/1887/1902 1149/1752/1758
f 1146/1888/1903 1090/1912/1926 1148/1868/1883
f 1148/1868/1883 1090/1912/1926 1092/1913/1927
f 1093/1914/1928 1091/1869/1884 890/1915/1929
f 1091/1869/1884 1020/1870/1885 890/1915/1929
f 953/1916/1930 890/1915/1929 893/1917/1931
f 893/1917/1931 890/1915/1929 892/1918/1932
f 889/1873/1888 325/1837/1850 891/1919/1933
f 806/1760/1767 887/1800/1808 805/1920/1934
f 1015/1874/1889 1014/1921/1935 887/1800/1808
f 1014/1921/1935 1015/1874/1889 1071/1922/1936
f 1181/1763/1770 1290/1839/1852 1229/1894/1909
f 1229/1894/1909 1735/1923/1937 1651/1924/1938
f 1651/1924/1938 1908/1895/1910 2066/1817/1829
f 2065/1818/1830 2415/1925/1939 2064/1926/1940
f 2053/1927/1941 2232/1901/1915 2052/1903/1917
f 2229/1738/1744 1543/1928/1942 1899/1881/1896
f 1543/1928/1942 2229/1738/1744 1898/1858/1873
f 2229/1738/1744 2826/1786/1794 1898/1858/1873
f 1534/1929/1943 1626/1883/1898 1442/1930/1944
f 1442/1930/1944 1626/1883/1898 1625/1746/1752
f 1625/1746/1752 1440/1610/1615 1151/1931/1945
f 1437/1834/1846 1439/1932/1946 1440/1610/1615
f 1149/1752/1758 1094/1933/1947 547/1911/1925
f 1094/1933/1947 1148/1868/1883 547/1911/1925
f 547/1911/1925 1148/1868/1883 960/1934/1948
f 1148/1868/1883 1092/1913/1927 960/1934/1948
f 1093/1914/1928 890/1915/1929 953/1916/1930
f 891/1919/1933 325/1837/1850 807/1935/1949
f 808/1936/1950 807/1935/1949 325/1837/1850
f 657/1937/1951 806/1760/1767 805/1920/1934
f 887/1800/1808 1014/1921/1935 805/1920/1934
f 1072/1892/1907 1181/1763/1770 1070/1938/1952
f 1181/1763/1770 1229/1894/1909 1129/1939/1953
f 1229/1894/1909 1651/1924/1938 2066/1817/1829
f 2416/1877/1892 1798/1896/1911 2063/1940/1954
f 1798/1896/1911 1799/1941/1955 2063/1940/1954
f 1638/1942/1956 1798/1896/1911 1905/1943/1957
f 1798/1896/1911 2062/1552/1556 1905/1943/1957
f 2062/1552/1556 2058/1897/1912 1905/1943/1957
f 1898/1858/1873 1629/1905/1919 1543/1928/1942
f 1540/1944/1958 1536/1945/1959 1444/1946/1960
f 1440/1610/1615 1439/1932/1946 1151/1931/1945
f 1439/1932/1946 1265/1947/1961 1203/1948/1962
f 1092/1913/1927 1021/1949/1963 960/1934/1948
f 953/1916/1930 893/1917/1931 955/1950/1964
f 893/1917/1931 957/1951/1965 955/1950/1964
f 957/1951/1965 893/1917/1931 811/1952/1966
f 893/1917/1931 808/1953/1967 811/1952/1966
f 325/1837/1850 268/1954/1968 658/1955/1969
f 806/1760/1767 657/1937/1951 485/1956/1970
f 805/1920/1971 1013/1957/1972 947/1958/1971
f 1070/1938/1952 1181/1763/1770 1129/1939/1953
f 1229/1894/1909 1228/1959/1973 1129/1939/1953
f 2066/1817/1829 2065/1818/1830 2064/1926/1940
f 1799/1941/1955 1798/1896/1911 1730/1960/1974
f 1636/1961/1975 1903/1962/1976 1728/1963/1977
f 1728/1963/1977 1903/1962/1976 1795/1964/1978
f 1793/1965/1979 1899/1881/1896 1543/1928/1942
f 1538/1966/1980 1539/1967/1981 1359/1968/1982
f 1352/1969/1983 1350/1970/1984 1151/1931/1945
f 1442/1930/1944 1625/1746/1752 1350/1970/1984
f 1625/1746/1752 1151/1931/1945 1350/1970/1984
f 1151/1931/1945 1439/1932/1946 1203/1948/1962
f 1095/1909/1923 1201/1751/1757 814/1971/1985
f 1201/1751/1757 961/1887/1902 814/1971/1985
f 547/1911/1925 960/1934/1948 813/1972/1986
f 953/1916/1930 955/1950/1964 959/1973/1987
f 960/1934/1948 1023/1974/1988 813/1972/1986
f 813/1972/1986 1023/1974/1988 812/1975/1989
f 808/1936/1950 325/1837/1850 809/1976/1990
f 809/1976/1990 325/1837/1850 658/1955/1969
f 717/1977/1991 658/1955/1969 487/1978/1992
f 806/1760/1767 485/1956/1970 486/1979/1993
f 485/1956/1970 657/1937/1951 804/1980/1994
f 948/1981/1995 1012/1982/1996 885/1983/1997
f 1070/1938/1952 1129/1939/1953 1069/1984/1998
f 1228/1959/1973 1229/1894/1909 1289/1985/1999
f 1289/1985/1999 1229/1894/1909 1287/1986/2000
f 2064/1926/1940 1907/1987/2001 2066/1817/1829
f 2066/1817/1829 1907/1987/2001 1801/1988/2002
f 1800/1989/2003 1906/1990/2004 1732/1991/2005
f 1798/1896/1911 1638/1942/1956 1640/1992/2006
f 1638/1942/1956 1905/1943/1957 1635/1993/2007
f 1633/1994/2008 1636/1961/1975 1728/1963/1977
f 1796/1995/2009 1793/1965/1979 1543/1928/1942
f 1543/1928/1942 1629/1905/1919 1114/1996/2010
f 1629/1905/1919 1538/1966/1980 1114/1996/2010
f 1267/1997/2011 1352/1969/1983 1204/1998/2012
f 1352/1969/1983 1151/1931/1945 1204/1998/2012
f 1151/1931/1945 1203/1948/1962 1097/1999/2013
f 1150/2000/2014 1095/1909/1923 1025/2001/2015
f 547/1911/1925 813/1972/1986 545/2002/2016
f 811/1952/1966 808/1953/1967 658/1955/2017
f 487/1978/1992 658/1955/1969 268/1954/1968
f 135/1799/1807 806/1760/1767 324/2003/2018
f 806/1760/1767 486/1979/1993 324/2003/2018
f 656/2004/2019 485/1956/1970 804/1980/1994
f 804/1980/2020 805/2005/2021 886/2006/2020
f 885/1983/1997 1012/1982/1996 482/2007/2022
f 1012/1982/1996 1068/2008/2023 655/2009/2024
f 1068/2008/2023 1067/2010/2025 655/2009/2024
f 1067/2010/2025 1011/2011/2026 655/2009/2024
f 1287/1986/2000 1229/1894/1909 1371/2012/2027
f 1229/1894/1909 2066/1817/1829 1371/2012/2027
f 1371/2012/2027 2066/1817/1829 1650/2013/2028
f 1650/2013/2028 2066/1817/1829 1734/2014/2029
f 2066/1817/1829 1801/1988/2002 1734/2014/2029
f 1733/2015/2030 1800/1989/2003 1564/2016/2031
f 1564/2016/2031 1800/1989/2003 1732/1991/2005
f 1645/2017/2032 1731/2018/2033 1730/1960/1974
f 1730/1960/1974 1798/1896/1911 1640/1992/2006
f 1274/2019/2034 1544/2020/2035 1543/1928/1942
f 1538/1966/1980 1359/1968/1982 1114/1996/2010
f 1357/2021/2036 1354/2022/2037 1270/2023/2038
f 1096/2024/2039 1024/2025/2040 962/2026/2041
f 1026/2027/2042 1025/2001/2015 817/2028/2043
f 817/2028/2043 1025/2001/2015 814/1971/1985
f 1025/2001/2015 1095/1909/1923 814/1971/1985
f 961/1887/1902 547/1911/1925 814/1971/1985
f 813/1972/1986 729/2029/2044 545/2002/2016
f 813/1972/1986 812/1975/1989 727/2030/2045
f 658/1955/1969 717/1977/1991 725/2031/2046
f 725/2031/2046 717/1977/1991 722/2032/2047
f 723/2033/2048 720/2034/2049 600/2035/2050
f 717/1977/1991 487/1978/1992 598/2036/2051
f 324/2003/2018 229/2037/2052 135/1799/1807
f 182/2038/2053 229/2037/2052 267/2039/2054
f 229/2037/2052 324/2003/2018 267/2039/2054
f 483/2040/2055 324/2003/2018 485/1956/1970
f 483/2040/2055 485/1956/1970 656/2004/2019
f 656/2004/2019 804/1980/1994 803/2041/2056
f 482/2007/2022 1012/1982/1996 655/2009/2024
f 1011/2011/2026 1288/2042/2057 946/2043/2058
f 1288/2042/2057 1286/2044/2059 946/2043/2058
f 946/2043/2058 1286/2044/2059 1285/2045/2060
f 1371/2012/2027 1650/2013/2028 1462/2046/2061
f 1650/2013/2028 1734/2014/2029 1648/2047/2062
f 1730/1960/1974 1640/1992/2006 1645/2017/2032
f 1645/2017/2032 1640/1992/2006 1559/2048/2063
f 1548/2049/2064 1639/2050/2065 1545/2051/2066
f 1636/1961/1975 1633/1994/2008 1547/2052/2067
f 1152/2053/2068 1204/1998/2012 1030/2054/2069
f 1204/1998/2012 1151/1931/1945 1030/2054/2069
f 1151/1931/1945 1097/1999/2013 1099/2055/2070
f 1098/2056/2071 1027/2057/2072 894/2058/2073
f 1027/2057/2072 1096/2024/2039 962/2026/2041
f 962/2026/2041 816/2059/2074 494/2060/2075
f 545/2061/2076 727/2062/2077 661/2063/2078
f 661/2063/2078 727/2062/2077 601/2064/2079
f 727/2062/2077 726/2065/2080 601/2064/2079
f 726/2065/2080 724/2066/2081 601/2064/2079
f 600/2035/2050 720/2034/2049 599/2067/2082
f 488/2068/2083 487/1978/1992 184/2069/2084
f 325/1837/1850 135/1799/1807 268/1954/1968
f 229/2037/2052 182/2038/2053 96/2070/2085
f 267/2039/2054 324/2003/2018 381/2071/2086
f 324/2003/2018 483/2040/2055 381/2071/2086
f 655/2009/2024 1011/2011/2026 946/2043/2058
f 1285/2045/2060 1461/2072/2087 946/2043/2058
f 946/2043/2058 1461/2072/2087 1564/2016/2031
f 1461/2072/2087 1649/2073/2088 1564/2016/2031
f 1370/2074/2089 1647/2075/2090 1459/2076/2091
f 1647/2075/2090 1646/2077/2092 1459/2076/2091
f 1645/2017/2032 1559/2048/2063 1562/2078/2093
f 1454/2079/2094 1560/2080/2095 1452/2081/2096
f 1560/2080/2095 1558/2082/2097 1452/2081/2096
f 1453/2083/2098 1551/2084/2099 1451/2085/2100
f 1548/2049/2064 1545/2051/2066 1360/2086/2101
f 1543/1928/1942 1114/1996/2010 1274/2019/2034
f 1114/1996/2010 1359/1968/1982 1212/2087/2102
f 1358/2088/2103 1272/2089/2104 1211/2090/2105
f 1211/2090/2105 1272/2089/2104 1206/2091/2106
f 1102/2092/2107 1152/2053/2068 1030/2054/2069
f 1151/1931/1945 1099/2055/2070 1101/2093/2108
f 1099/2055/2070 1028/2094/2109 1101/2093/2108
f 1100/2095/2110 894/2058/2073 895/2096/2111
f 1027/2057/2072 962/2026/2041 894/2058/2073
f 894/2058/2073 962/2026/2041 494/2060/2075
f 730/2097/2112 814/1971/1985 662/2098/2113
f 662/2098/2113 814/1971/1985 547/1911/1925
f 661/2063/2078 601/2064/2079 544/2099/2114
f 542/2100/2115 382/2101/2116 541/2102/2117
f 382/2101/2116 599/2067/2082 541/2102/2117
f 598/2036/2051 487/1978/1992 488/2068/2083
f 488/2068/2083 184/2069/2084 326/2103/2118
f 184/2069/2084 268/1954/1968 135/1799/1807
f 183/2104/2119 229/2037/2052 96/2070/2085
f 182/2038/2053 267/2039/2054 228/2105/2120
f 484/2106/2121 597/2107/2122 482/2007/2022
f 1564/2016/2031 1732/1991/2005 946/2043/2058
f 1732/1991/2005 1370/2074/2089 946/2043/2058
f 1456/2108/2123 1560/2080/2124 1455/2109/2125
f 1454/2079/2094 1452/2081/2096 1363/2110/2126
f 1362/2111/2127 1548/2049/2064 1360/2086/2101
f 1274/2019/2034 1114/1996/2010 1045/2112/2128
f 1102/2092/2107 1030/2054/2069 1031/2113/2129
f 1030/2054/2069 1151/1931/1945 1029/2114/2130
f 1151/1931/1945 1101/2093/2108 1029/2114/2130
f 494/2060/2075 816/2059/2074 731/2115/2131
f 816/2059/2074 815/2116/2132 731/2115/2131
f 814/1971/1985 730/2097/2112 732/2117/2133
f 544/2099/2114 601/2064/2079 543/2118/2134
f 600/2035/2050 599/2067/2082 382/2101/2116
f 541/2119/2135 422/2120/2136 274/2121/2137
f 62/2122/2138 135/1799/1807 96/2070/2085
f 135/1799/1807 183/2104/2119 96/2070/2085
f 134/2123/2139 181/2124/2140 60/2125/2141
f 419/2126/2142 227/2127/2143 380/2128/2144
f 380/2128/2144 484/2106/2121 482/2007/2022
f 1370/2074/2089 1459/2076/2091 1217/2129/2145
f 1456/2108/2123 1455/2109/2125 1278/2130/2146
f 1278/2131/2147 1454/2079/2148 1275/2132/2149
f 1115/2133/2150 1366/2134/2151 1045/2112/2128
f 1364/2135/2152 1361/2136/2153 1045/2112/2128
f 1361/2136/2153 1274/2019/2034 1045/2112/2128
f 1033/2137/2154 1102/2092/2107 1031/2113/2129
f 963/2138/2155 895/2096/2111 494/2060/2075
f 895/2096/2111 894/2058/2073 494/2060/2075
f 494/2060/2075 731/2115/2131 663/2139/2156
f 731/2115/2131 664/2140/2157 663/2139/2156
f 493/2141/2158 662/2098/2113 547/1911/1925
f 547/1911/1925 545/2002/2016 546/2142/2159
f 546/2142/2159 545/2002/2016 490/2143/2160
f 545/2002/2016 544/2099/2114 490/2143/2160
f 544/2099/2114 543/2118/2134 490/2143/2160
f 422/2120/2136 327/2144/2161 274/2121/2137
f 272/2145/2162 274/2121/2137 327/2144/2161
f 326/2103/2118 184/2069/2084 269/2146/2163
f 269/2146/2163 184/2069/2084 230/2147/2164
f 227/2127/2143 419/2126/2142 181/2124/2140
f 946/2043/2058 1370/2074/2089 1227/2148/2165
f 1227/2148/2165 1370/2074/2089 1217/2129/2145
f 1215/2149/2166 1367/2150/2167 1115/2133/2168
f 1159/2151/2169 1157/2152/2170 1112/2153/2171
f 965/2154/2172 964/2155/2173 818/2156/2174
f 818/2156/2174 964/2155/2173 494/2060/2075
f 964/2155/2173 963/2138/2155 494/2060/2075
f 547/1911/1925 546/2142/2159 493/2141/2158
f 546/2142/2159 490/2143/2160 492/2157/2175
f 491/2158/2176 489/2159/2177 382/2160/2178
f 382/2160/2178 274/2121/2137 137/2161/2179
f 274/2121/2137 272/2145/2162 273/2162/2180
f 272/2145/2162 327/2144/2161 271/2163/2181
f 327/2144/2161 270/2164/2182 271/2163/2181
f 230/2147/2164 184/2069/2084 185/2165/2183
f 184/2069/2084 135/1799/1807 62/2122/2138
f 7/2166/2184 60/2125/2141 95/2167/2185
f 95/2167/2185 60/2125/2141 266/2168/2186
f 60/2125/2141 181/2124/2140 266/2168/2186
f 266/2168/2186 181/2124/2140 322/2169/2187
f 322/2169/2187 181/2124/2140 323/2170/2188
f 181/2124/2140 419/2126/2142 323/2170/2188
f 323/2170/2188 419/2126/2142 379/2171/2189
f 419/2126/2142 380/2128/2144 481/2172/2190
f 481/2172/2190 380/2128/2144 482/2007/2022
f 655/2009/2024 946/2043/2058 945/2173/2191
f 1281/2174/2192 1278/2131/2147 1213/2175/2193
f 1278/2131/2147 1275/2132/2149 1213/2175/2193
f 1215/2149/2166 1115/2133/2168 1164/2176/2194
f 1045/2112/2128 1114/1996/2010 979/2177/2195
f 979/2177/2195 1114/1996/2010 977/2178/2196
f 1114/1996/2010 1043/2179/2197 977/2178/2196
f 1037/2180/2198 1035/2181/2199 967/2182/2200
f 1035/2181/2199 966/2183/2201 967/2182/2200
f 494/2060/2075 663/2139/2156 137/2161/2179
f 663/2139/2156 423/2184/2202 137/2161/2179
f 491/2158/2176 382/2160/2178 423/2184/2202
f 423/2184/2202 382/2160/2178 137/2161/2179
f 274/2121/2137 273/2162/2180 137/2161/2179
f 137/2161/2179 273/2162/2180 136/2185/2203
f 272/2145/2162 271/2163/2181 136/2185/2204
f 271/2163/2181 98/2186/2205 136/2185/2204
f 185/2165/2183 184/2069/2084 97/2187/2206
f 184/2069/2084 62/2122/2138 97/2187/2206
f 40/2188/2207 61/2189/2208 7/2166/2184
f 61/2189/2208 60/2125/2141 7/2166/2184
f 7/2166/2184 95/2167/2185 94/2190/2209
f 89/2191/2210 177/2192/2211 220/2193/2212
f 379/2171/2189 419/2126/2142 474/2194/2213
f 539/2195/2214 480/2196/2215 540/2197/2216
f 482/2007/2022 655/2009/2024 481/2172/2190
f 481/2172/2190 655/2009/2024 802/2198/2217
f 946/2043/2058 1227/2148/2165 1225/2199/2218
f 1218/2200/2219 1279/2201/2220 1166/2202/2221
f 1117/2203/2222 1213/2204/2223 1049/2205/2224
f 1165/2206/2225 1216/2207/2226 1162/2208/2227
f 1115/2133/2150 1045/2112/2128 1047/2209/2228
f 1045/2112/2128 980/2210/2229 1047/2209/2228
f 980/2210/2229 1045/2112/2128 979/2177/2195
f 1041/2211/2230 975/2212/2231 976/2213/2232
f 1039/2214/2233 968/2215/2234 974/2216/2235
f 974/2216/2235 968/2215/2234 970/2217/2236
f 971/2218/2237 969/2182/2238 898/2219/2239
f 818/2156/2174 494/2060/2075 665/2220/2240
f 99/2221/2241 136/2185/2204 98/2186/2205
f 41/2222/2242 40/2188/2207 7/2166/2184
f 39/2223/2243 7/2166/2184 59/2224/2244
f 7/2166/2184 94/2190/2209 59/2224/2244
f 84/2225/2245 89/2191/2210 220/2193/2212
f 220/2193/2212 177/2192/2211 259/2226/2246
f 177/2192/2211 222/2227/2247 259/2226/2246
f 317/2228/2248 260/2229/2249 262/2230/2250
f 318/2231/2251 261/2232/2252 264/2233/2253
f 478/2234/2254 539/2195/2255 596/2235/2254
f 802/2198/2217 655/2009/2024 884/2236/2256
f 884/2236/2256 655/2009/2024 943/2237/2257
f 655/2009/2024 945/2173/2191 943/2237/2257
f 945/2173/2191 946/2043/2058 1128/2238/2258
f 1128/2238/2258 946/2043/2058 1225/2199/2218
f 1169/2239/2259 1218/2200/2219 1166/2202/2221
f 1161/2240/2260 1116/2241/2261 981/2242/2262
f 981/2242/2262 1116/2241/2261 908/2243/2263
f 1115/2133/2150 1047/2209/2228 1048/2244/2264
f 1046/2245/2265 907/2246/2266 908/2243/2263
f 980/2210/2229 979/2177/2195 906/2247/2267
f 505/2248/2268 978/2249/2269 976/2213/2232
f 976/2213/2232 975/2212/2231 738/2250/2270
f 738/2250/2270 972/2217/2271 904/2251/2272
f 903/2251/2273 970/2217/2274 902/2252/2275
f 733/2253/2276 899/2254/2276 820/2255/2276
s 0
f 900/2254/2277 897/2256/2277 821/2255/2277
s 1
f 137/2161/2179 136/2185/2203 65/2257/2278
f 136/2185/2203 63/2258/2279 65/2257/2278
f 99/2221/2241 98/2186/2205 63/2258/2279
f 98/2186/2205 41/2222/2242 63/2258/2279
f 63/2258/2279 41/2222/2242 16/2259/2280
f 41/2222/2242 7/2166/2184 16/2259/2280
f 10/2260/2281 7/2166/2184 39/2223/2243
f 175/2261/2282 130/2262/2283 219/2263/2284
f 130/2262/2283 221/2264/2285 219/2263/2284
f 466/2265/2286 525/2266/2287 524/2267/2288
f 481/2172/2190 802/2198/2217 801/2268/2289
f 1006/2269/2290 1009/2270/2291 1056/2271/2292
f 1167/2272/2293 1117/2203/2222 1049/2205/2224
f 907/2246/2266 505/2248/2268 908/2243/2263
f 505/2248/2268 976/2213/2232 738/2250/2270
f 738/2250/2270 904/2251/2272 737/2273/2294
f 903/2251/2273 902/2252/2275 824/2274/2295
f 901/2254/2296 733/2275/2297 823/2276/2298
f 137/2161/2179 65/2257/2278 67/2277/2299
f 65/2257/2278 63/2258/2279 22/2278/2300
f 63/2258/2279 16/2259/2280 22/2278/2300
f 6/2279/2301 10/2280/2302 9/2281/2301
f 35/2282/2303 89/2283/2304 81/2284/2303
f 125/2285/2305 87/2286/2306 170/2287/2307
f 170/2287/2307 87/2286/2306 173/2288/2308
f 309/2289/2309 254/2290/2310 310/2291/2311
f 221/2264/2312 313/2292/2313 311/2293/2314
f 313/2292/2313 221/2264/2312 371/2294/2315
f 221/2264/2312 315/2295/2316 371/2294/2315
f 371/2294/2315 315/2295/2316 372/2296/2317
f 372/2296/2317 315/2295/2316 373/2297/2318
f 264/2233/2253 409/2298/2319 318/2231/2251
f 264/2233/2253 375/2299/2320 409/2298/2319
f 413/2300/2321 466/2265/2286 465/2301/2322
f 466/2265/2286 524/2267/2288 465/2301/2322
f 464/2302/2323 586/2303/2324 640/2304/2325
f 481/2172/2190 801/2268/2289 654/2305/2326
f 882/2306/2327 940/2307/2328 1061/2308/2329
f 940/2307/2328 1006/2269/2290 1061/2308/2329
f 1061/2308/2329 1006/2269/2290 1056/2271/2292
f 1009/2270/2291 1120/2309/2330 1056/2271/2292
f 1178/2310/2331 1176/2311/2332 1119/2312/2333
f 1119/2312/2333 1171/2313/2334 1118/2314/2335
f 1171/2313/2334 1169/2315/2336 1118/2314/2335
f 1169/2315/2336 1168/2316/2337 1118/2314/2335
f 1167/2272/2293 1049/2205/2224 1051/2317/2338
f 1050/2318/2339 981/2242/2262 982/2319/2340
f 982/2319/2340 981/2242/2262 825/2320/2341
f 981/2242/2262 908/2243/2263 825/2320/2341
f 908/2243/2263 505/2248/2268 825/2320/2341
f 505/2248/2268 738/2250/2270 737/2273/2294
f 604/2321/2342 665/2220/2240 494/2060/2075
f 328/2322/2343 494/2060/2075 137/2161/2179
f 328/2322/2343 137/2161/2179 186/2323/2344
f 186/2323/2344 67/2277/2299 100/2324/2345
f 66/2325/2346 64/2326/2347 44/2327/2348
f 64/2326/2347 25/2328/2349 44/2327/2348
f 171/2329/2350 172/2330/2351 123/2331/2352
f 172/2330/2351 215/2332/2353 123/2331/2352
f 310/2291/2311 363/2333/2354 309/2289/2309
f 398/2334/2355 365/2335/2356 399/2336/2357
f 310/2291/2311 367/2337/2358 363/2333/2354
f 464/2302/2323 640/2304/2325 461/2338/2359
f 714/2339/2360 882/2306/2327 1061/2308/2329
f 1056/2271/2292 1120/2309/2330 989/2340/2361
f 1120/2309/2330 1178/2310/2331 989/2340/2361
f 1178/2310/2331 1119/2312/2333 989/2340/2361
f 989/2340/2361 1119/2312/2333 1118/2314/2335
f 910/2341/2362 1051/2342/2363 986/2343/2364
f 505/2248/2268 737/2273/2294 504/2344/2365
f 604/2321/2342 494/2060/2075 498/2345/2366
f 494/2060/2075 328/2322/2343 498/2345/2366
f 137/2161/2179 67/2277/2299 186/2323/2344
f 138/2346/2367 101/2347/2368 102/2348/2369
f 101/2349/2370 42/2350/2371 68/2351/2372
f 68/2351/2372 42/2350/2371 45/2352/2373
f 43/2353/2374 12/2354/2375 17/2355/2375
f 123/2331/2352 215/2332/2353 168/2356/2376
f 215/2357/2377 252/2358/2378 213/2359/2379
f 213/2359/2379 252/2358/2378 306/2360/2380
f 308/2361/2381 364/2362/2382 307/2363/2383
f 307/2363/2383 364/2362/2382 451/2364/2384
f 451/2364/2384 364/2362/2382 452/2365/2385
f 398/2334/2355 399/2336/2357 454/2366/2386
f 453/2367/2387 363/2333/2388 455/2368/2389
f 363/2333/2388 400/2369/2390 455/2368/2389
f 400/2369/2390 456/2370/2391 455/2368/2389
f 458/2371/2392 373/2372/2393 461/2338/2359
f 373/2372/2393 464/2302/2323 461/2338/2359
f 462/2373/2394 577/2374/2395 634/2375/2396
f 634/2376/2397 702/2377/2397 701/2378/2397
f 870/2379/2398 703/2380/2399 790/2381/2400
f 709/2382/2401 652/2383/2402 881/2384/2403
f 652/2383/2402 1059/2385/2404 881/2384/2403
f 994/2386/2405 1058/2387/2406 992/2388/2407
f 988/2389/2408 910/2341/2362 986/2343/2364
f 986/2343/2364 1051/2342/2363 983/2390/2409
f 825/2320/2341 505/2248/2268 340/2391/2410
f 668/2392/2411 666/2393/2411 605/2394/2411
f 328/2322/2343 186/2323/2344 277/2395/2412
f 49/2396/2413 32/2397/2414 71/2398/2415
f 32/2397/2414 20/2399/2416 71/2398/2415
f 305/2400/2417 361/2401/2418 360/2402/2419
f 455/2368/2389 456/2370/2391 572/2403/2420
f 521/2404/2421 634/2376/2422 572/2403/2420
f 699/2405/2423 572/2403/2420 700/2406/2424
f 572/2403/2420 634/2376/2422 700/2406/2424
f 787/2407/2425 872/2408/2426 1000/2409/2427
f 709/2382/2401 881/2384/2403 879/2410/2428
f 879/2410/2428 881/2384/2403 994/2386/2405
f 881/2384/2403 1058/2387/2406 994/2386/2405
f 739/2411/2429 987/2412/2430 825/2320/2341
f 825/2320/2341 340/2391/2410 551/2413/2431
f 550/2414/2432 609/2415/2433 549/2416/2434
f 608/2417/2435 602/2418/2436 499/2419/2437
f 602/2418/2436 495/2420/2438 499/2419/2437
f 495/2420/2438 426/2421/2439 499/2419/2437
f 426/2421/2439 383/2422/2440 385/2423/2441
f 331/2424/2442 101/2347/2368 278/2425/2443
f 101/2347/2368 138/2346/2367 278/2425/2443
f 138/2346/2367 102/2348/2369 103/2426/2444
f 102/2348/2369 68/2351/2372 103/2426/2444
f 103/2426/2444 68/2351/2372 69/2427/2445
f 68/2351/2372 45/2352/2373 69/2427/2445
f 165/2428/2446 212/2429/2447 304/2430/2448
f 304/2430/2448 212/2429/2447 448/2431/2449
f 305/2400/2417 360/2402/2419 446/2432/2450
f 360/2402/2419 450/2433/2451 446/2432/2450
f 446/2432/2450 450/2433/2451 563/2434/2452
f 451/2364/2384 452/2365/2385 517/2435/2453
f 456/2370/2391 521/2404/2421 572/2403/2420
f 572/2403/2420 699/2405/2423 633/2436/2454
f 699/2405/2423 700/2406/2424 777/2437/2455
f 779/2438/2456 866/2439/2456 857/2440/2456
f 787/2407/2425 1000/2409/2427 997/2441/2457
f 913/2442/2458 937/2443/2459 878/2444/2460
f 827/2445/2461 911/2446/2462 826/2447/2463
f 911/2446/2462 910/2448/2464 826/2447/2463
f 910/2448/2464 909/2449/2465 826/2447/2463
f 739/2411/2429 825/2320/2341 551/2413/2431
f 387/2450/2466 503/2451/2467 434/2452/2468
f 503/2451/2467 502/2453/2469 434/2452/2468
s 0
f 432/2452/2470 500/2454/2470 430/2455/2470
s 1
f 499/2419/2437 426/2421/2439 385/2423/2441
f 385/2423/2441 383/2422/2440 335/2456/2471
f 383/2422/2440 331/2424/2442 335/2456/2471
f 331/2424/2442 278/2425/2443 335/2456/2471
f 103/2426/2444 69/2427/2445 104/2457/2472
f 195/2458/2473 245/2459/2474 248/2460/2474
f 248/2460/2475 301/2461/2476 300/2462/2477
f 354/2463/2478 302/2464/2479 350/2465/2480
f 444/2466/2481 394/2467/2482 449/2468/2483
f 563/2434/2452 450/2433/2451 629/2469/2484
f 569/2470/2485 573/2471/2486 695/2472/2487
f 859/2473/2488 787/2407/2425 927/2474/2489
f 787/2407/2425 997/2441/2457 927/2474/2489
f 878/2444/2460 912/2475/2490 747/2476/2491
f 827/2445/2461 826/2447/2463 742/2477/2492
f 742/2477/2492 826/2447/2463 740/2478/2493
f 505/2248/2268 504/2344/2365 340/2391/2410
f 504/2344/2365 388/2479/2494 340/2391/2410
f 434/2452/2468 431/2455/2495 387/2450/2466
f 431/2455/2495 338/2480/2496 387/2450/2466
f 387/2450/2466 338/2480/2496 284/2481/2497
s 0
f 337/2482/2498 334/2456/2498 281/2483/2498
s 1
f 188/2484/2499 139/2485/2500 236/2486/2501
f 139/2485/2500 191/2487/2502 236/2486/2501
f 191/2487/2502 143/2488/2503 144/2489/2504
f 144/2489/2504 148/2490/2505 198/2491/2506
f 248/2460/2475 300/2462/2477 243/2492/2507
f 244/2493/2508 353/2494/2508 299/2495/2508
f 350/2465/2480 302/2464/2479 393/2496/2509
f 695/2472/2487 573/2471/2486 697/2497/2510
f 573/2471/2486 575/2498/2511 697/2497/2510
f 841/2499/2512 927/2474/2489 836/2500/2513
f 927/2474/2489 997/2441/2457 836/2500/2513
f 916/2501/2514 913/2442/2458 830/2502/2515
f 878/2444/2460 747/2476/2491 913/2442/2458
f 912/2475/2490 827/2445/2461 747/2476/2491
f 747/2476/2491 827/2445/2461 745/2503/2516
f 745/2503/2516 827/2445/2461 742/2477/2492
f 743/2504/2517 741/2505/2518 551/2413/2431
f 741/2505/2518 739/2411/2429 551/2413/2431
f 388/2479/2494 287/2506/2519 340/2391/2410
f 339/2507/2520 188/2484/2499 236/2486/2501
f 344/2508/2521 288/2509/2522 238/2510/2523
f 237/2510/2524 236/2486/2501 193/2511/2525
f 236/2486/2501 191/2487/2502 193/2511/2525
f 191/2487/2502 144/2489/2504 193/2511/2525
f 144/2489/2504 198/2491/2506 193/2511/2525
f 449/2468/2483 562/2512/2526 444/2466/2481
f 563/2434/2452 629/2469/2484 625/2513/2527
f 629/2469/2484 764/2514/2528 625/2513/2527
f 690/2515/2529 625/2513/2527 764/2514/2528
f 690/2515/2529 772/2516/2530 921/2517/2531
f 842/2518/2532 919/2519/2533 675/2520/2534
f 919/2519/2533 840/2521/2535 675/2520/2534
f 830/2502/2515 913/2442/2458 747/2476/2491
f 749/2522/2536 746/2503/2537 672/2523/2538
f 746/2503/2537 744/2524/2539 672/2523/2538
f 743/2504/2517 551/2413/2431 671/2525/2540
f 435/2526/2541 551/2413/2431 340/2391/2410
f 340/2391/2410 287/2506/2519 342/2527/2542
f 286/2528/2543 288/2509/2522 344/2508/2521
f 344/2508/2521 238/2510/2523 239/2529/2544
f 238/2510/2523 194/2530/2545 239/2529/2544
f 239/2529/2544 194/2530/2545 240/2531/2546
f 194/2530/2545 296/2532/2547 240/2531/2546
f 292/2533/2548 349/2534/2549 348/2535/2550
f 350/2465/2480 393/2496/2509 348/2535/2550
f 393/2496/2509 439/2536/2551 348/2535/2550
f 348/2535/2550 439/2536/2551 437/2537/2552
f 444/2466/2481 562/2512/2526 692/2538/2553
f 772/2516/2530 690/2515/2529 763/2539/2554
f 689/2540/2555 922/2541/2555 848/2542/2555
f 755/2543/2556 842/2518/2532 675/2520/2534
f 841/2499/2512 836/2500/2513 752/2544/2557
f 613/2545/2558 833/2546/2559 673/2547/2560
f 833/2546/2559 838/2548/2561 673/2547/2560
f 838/2548/2561 831/2549/2562 673/2547/2560
f 832/2550/2563 828/2551/2564 750/2552/2565
f 829/2551/2566 749/2522/2536 750/2552/2565
f 748/2553/2567 671/2525/2540 673/2547/2560
f 673/2547/2560 671/2525/2540 613/2545/2558
f 613/2545/2558 671/2525/2540 612/2554/2568
f 612/2554/2568 671/2525/2540 551/2413/2431
f 343/2555/2569 345/2556/2570 289/2557/2571
f 345/2556/2570 239/2529/2572 289/2557/2571
f 289/2557/2571 239/2529/2572 290/2558/2573
f 239/2529/2572 241/2559/2574 290/2558/2573
f 292/2533/2548 348/2535/2550 390/2560/2575
f 348/2535/2550 437/2537/2552 390/2560/2575
f 764/2514/2528 763/2539/2554 690/2515/2529
f 676/2561/2576 753/2562/2577 614/2563/2578
f 435/2526/2541 340/2391/2410 289/2557/2571
f 340/2391/2410 343/2555/2569 289/2557/2571
f 346/2564/2579 437/2565/2580 389/2566/2581
f 559/2567/2582 444/2466/2481 623/2568/2583
f 444/2466/2481 692/2538/2553 623/2568/2583
f 692/2538/2553 689/2569/2584 623/2568/2583
f 755/2543/2556 675/2520/2534 677/2570/2585
f 436/2571/2586 613/2545/2587 551/2572/2588
f 553/2573/2589 435/2526/2541 289/2557/2571
f 755/2574/2590 676/2561/2576 617/2575/2591
f 617/2575/2591 676/2561/2576 614/2563/2578
f 551/2572/2588 553/2573/2589 436/2571/2586
f 553/2573/2589 289/2557/2571 436/2571/2586
f 437/2565/2580 617/2575/2591 389/2566/2581
f 389/2566/2581 617/2575/2591 614/2563/2578
l 5151 5335
l 5146 5148
l 4667 4673
l 5327 5498
l 4980 4986
l 4400 4402
l 4156 4271
l 4689 4692
l 3728 3870
l 3715 3717
l 3709 3711
l 3704 3706
l 3545 3856
l 5699 5701
l 4724 5022
l 4720 5019
l 3888 3986
l 3876 3878
l 3765 3899
l 5201 5203
l 4071 4074
l 3638 3807
l 3630 3798
l 3616 3781
l 3601 3764
l 3597 3599
l 3362 3367
l 3359 3363
l 5219 5242
l 4001 4078
l 3466 3614
l 3430 3584
l 3227 3397
l 3217 3394
l 3208 3377
l 3199 3369
l 4391 4509
l 4501 4657
l 4496 4499
l 5141 5142
l 5132 5325
l 4977 5157
l 4952 4985
l 4841 4844
l 4853 4865
l 4860 4876
l 3301 3461
l 3295 3459
l 3278 3281
l 3055 3226
l 3041 3198
l 5522 5526
l 5517 5590
l 4923 4929
l 4900 4926
l 4710 5006
l 3109 3283
l 3092 3269
l 3078 3253
l 3068 3239
l 2885 2888
l 2882 2883
l 2876 2881
l 4642 5130
l 5529 5597
l 5343 5531
l 5634 5637
l 4928 4944
l 2983 3136
l 2979 3132
l 2958 3123
l 2919 3091
l 2739 2871
l 2736 2869
l 2734 2735
l 4045 4144
l 4365 4366
l 4359 4485
l 4351 4358
l 4479 4487
l 5488 5491
l 2797 2968
l 2790 2954
l 2765 2920
l 2757 2913
l 2595 2723
l 4233 4343
l 5478 5546
l 5472 5474
l 2656 2777
l 2648 2650
l 2635 2763
l 2471 2472
l 4041 4136
l 4135 4252
l 4130 4242
l 5428 5430
l 5417 5440
l 5394 5419
l 5378 5379
l 2525 2665
l 5413 5437
l 5407 5409
l 5208 5231
l 4610 4811
l 4816 5113
l 4810 4812
l 4804 5100
l 5074 5278
l 5070 5272
l 5041 5214
l 4007 4091
l 2212 2214
l 2196 2194
l 2153 2333
l 4604 4803
l 5288 5291
l 5447 5448
l 5063 5453
l 4758 5059
l 2011 2161
l 4739 4744
l 1863 1866
l 1860 2001
l 4449 4789
l 4574 4741
l 3818 3930
l 1692 1760
l 4461 4599
l 4452 4456
l 1592 1685
l 4336 4439
l 4324 4436
l 4315 4317
l 1495 1497
l 1480 1583
l 4209 4319
l 3325 3500
l 4109 4217
l 4012 4104
l 2290 2460
l 2586 2589
l 1236 1310
l 3839 3954
l 3671 3828
l 1295 1307
l 1957 2109
l 2112 2118
l 3680 3681
l 3515 3673
l 1576 1670
l 1836 1970
l 1829 1958
l 2102 2103
l 2096 2268
l 1946 1948
l 2573 2581
l 3016 3175
l 3156 3157
l 2439 2444
l 2698 2840
l 2692 2834
l 1464 1573
l 1660 1667
l 1788 1897
l 1781 1895
l 1566 1661
l 1909 2069
l 2242 2418
l 2400 2405
l 1719 1721
l 1088 1147
l 2239 2240
l 2057 2059
l 1443 1445
l 1794 1900
l 1448 1542
l 1554 1643
l 1458 1563
l 1158 1160
l 1034 1036
l 1277 1460
l 1038 1108
l 132 133
l 92 93
l 314 316
l 1008 1062
l 584 647
l 589 649
l 1 3
l 38 56
l 174 217
l 8 18
l 639 706
l 50 54
l 77 120
l 782 865
l 786 873
l 116 121
l 122 169
l 161 211
l 798 880
l 427 496
l 424 428
l 208 249
l 518 571
l 861 931
l 1002 1005
l 233 234
l 105 109
l 513 565
l 567 631
l 854 925
l 560 626
l 696 770
l 438 511
l 751 834
l 509 557
l 619 681
l 555 616
l 2 4
l 5575 5582
l 5331 5333
l 5577 5583
l 5508 5512
l 4668 4675
l 4672 4677
l 4505 4508
l 4664 4666
l 4660 4663
l 4948 4981
l 3540 3543
l 4521 4685
l 4690 4695
l 3724 3726
l 3710 3714
l 4530 4696
l 5700 5703
l 4179 4181
l 4165 4167
l 4065 4176
l 5016 5196
l 3895 3901
l 3877 3980
l 3780 3909
l 3761 3893
l 3735 3738
l 4002 4083
l 3639 3808
l 3634 3636
l 3435 3753
l 3588 3750
l 3378 3382
l 4081 4084
l 3488 3635
l 3476 3620
l 3467 3617
l 3455 3607
l 3444 3445
l 3200 3373
l 4648 5330
l 5321 5326
l 5595 5665
l 5170 5352
l 4958 4962
l 4953 4983
l 4824 4838
l 4617 4621
l 4819 4837
l 4855 4857
l 4848 4861
l 4887 4891
l 4907 4922
l 4875 4906
l 4920 4930
l 4913 4916
l 4160 4278
l 5258 5260
l 3315 3483
l 3308 3475
l 3249 3420
l 3056 3229
l 3050 3218
l 3029 3188
l 4643 5131
l 5661 5669
l 5159 5161
l 4681 4684
l 4537 4715
l 3120 3304
l 4262 4385
l 4363 4651
l 5127 5320
l 5563 5652
l 5658 5691
l 5607 5624
l 5613 5625
l 5344 5523
l 5165 5348
l 5639 5676
l 5535 5638
l 4941 4970
l 5247 5270
l 2964 3126
l 2925 3097
l 2914 3086
l 2908 3081
l 4355 4357
l 5489 5565
l 5359 5541
l 5012 5190
l 2786 2953
l 2782 2942
l 2772 2774
l 2750 2751
l 2605 2737
l 2598 2722
l 4234 4236
l 4344 4350
l 4476 4628
l 4634 4635
l 5485 5557
l 5249 5251
l 2670 2676
l 2662 2663
l 2641 2647
l 2636 2642
l 2631 2632
l 5303 5365
l 2530 2533
l 2518 2519
l 2502 2652
l 4036 4131
l 5441 5462
l 3642 3810
l 2134 2137
l 2202 2204
l 2189 2191
l 2183 2344
l 2167 2173
l 2162 2164
l 2154 2332
l 5444 4759
l 5294 5403
l 5451 5455
l 2031 2187
l 2023 2025
l 1853 1990
l 4786 5084
l 4781 4782
l 4753 5057
l 1883 2036
l 1768 1864
l 1693 1695
l 4457 4596
l 1593 1598
l 1491 1587
l 1481 1485
l 3326 3329
l 1406 1482
l 1400 1403
l 4110 4214
l 3332 3509
l 1333 1402
l 1317 1319
l 4023 4026
l 3505 3663
l 1241 1316
l 2113 2288
l 2282 2457
l 1965 2125
l 3354 3534
l 3685 3686
l 1292 1300
l 1577 1671
l 1837 1971
l 1830 1962
l 1952 2110
l 3173 3350
l 1744 1838
l 1941 2105
l 2831 2996
l 1374 1466
l 2844 3010
l 2693 2697
l 2390 2551
l 1465 1467
l 1567 1662
l 1656 1741
l 1910 1913
l 2401 2557
l 1715 1789
l 2230 2407
l 2055 2056
l 1904 2061
l 1549 1642
l 1207 1273
l 469 527
l 475 534
l 222 261
l 1065 1122
l 819 896
l 58 90
l 376 414
l 801 883
l 1174 1226
l 410 412
l 585 638
l 23 26
l 402 404
l 783 785
l 28 33
l 707 794
l 231 276
l 454 518
l 463 523
l 930 933
l 425 429
l 112 152
l 117 163
l 162 207
l 209 251
l 778 863
l 106 145
l 693 694
l 774 776
l 923 926
l 917 918
l 242 298
l 561 627
l 920 998
l 839 919
l 674 754
l 684 685
l 620 688
l 759 761
l 678 758
l 5596 5612
l 5614 5619
l 5502 5579
l 5324 5574
l 5152 5507
l 4511 4671
l 4665 5147
l 5329 5500
l 5509 5513
l 4518 4678
l 4525 4526
l 4269 4272
l 3725 3729
l 3696 3858
l 4180 5702
l 4177 4178
l 4170 4288
l 4066 4175
l 4721 4723
l 5192 5220
l 5194 5224
l 3771 3904
l 3762 3892
l 3752 3755
l 3736 3739
l 3560 3567
l 3379 3386
l 3414 3565
l 3396 3538
l 3391 3395
l 4082 4190
l 3462 3613
l 3456 3458
l 3447 3450
l 3264 3434
l 3235 3413
l 3193 3368
l 3189 3364
l 4393 4513
l 4387 4504
l 5139 5140
l 5136 5328
l 5171 5353
l 4825 4840
l 4854 4868
l 4871 4889
l 4682 4973
l 5244 5261
l 3274 3276
l 3258 3425
l 3045 3206
l 2877 3038
l 4650 5135
l 5662 5674
l 5518 5594
l 4410 4536
l 4538 4539
l 3111 3284
l 3104 3105
l 3098 3101
l 5672 5688
l 5345 5524
l 5679 5683
l 5356 5540
l 4936 4965
l 2945 3119
l 2899 3072
l 2895 2898
l 2730 2731
l 4361 4362
l 4353 4360
l 4346 4482
l 4481 4638
l 5558 5649
l 5552 5646
l 2783 2944
l 2758 2915
l 4241 4345
l 5486 5559
l 5479 5548
l 2626 2760
l 5117 5314
l 5310 5315
l 5436 5473
l 5232 5238
l 2527 2667
l 2522 2526
l 2503 2505
l 4471 4625
l 5107 5108
l 5101 5307
l 5209 5234
l 3643 3811
l 2368 2531
l 2357 2364
l 2335 2499
l 2330 2495
l 2146 2320
l 4612 4615
l 2542 2820
l 2206 2211
l 2184 2348
l 2155 2158
l 1987 1992
l 4606 4809
l 5460 5469
l 5445 5465
l 5290 5401
l 5065 5456
l 4735 5048
l 2038 2216
l 2033 2200
l 2020 2172
l 2006 2157
l 4787 5083
l 4749 4750
l 1884 2037
l 4585 4588
l 1689 1690
l 1590 1686
l 4339 4462
l 4333 4438
l 1611 1707
l 1501 1589
l 1496 1588
l 1486 1489
l 4210 4313
l 3657 3660
l 4111 4211
l 3327 3501
l 1237 1239
l 1306 1308
l 2114 2281
l 2283 2454
l 3689 3844
l 3669 3516
l 1297 1382
l 1961 2122
l 2278 2284
l 1232 1302
l 1293 1301
l 2097 2266
l 2574 2576
l 2709 2854
l 1745 1827
l 3345 3526
l 1819 1821
l 2084 2251
l 3162 3163
l 1375 1471
l 3005 3008
l 2688 2825
l 2549 2687
l 2384 2547
l 1019 1085
l 1911 1915
l 1920 1924
l 1783 1786
l 2419 2421
l 2402 2555
l 1716 1718
l 2236 2410
l 2231 2235
l 954 958
l 1727 1797
l 1630 1632
l 1550 1641
l 1362 1365
l 178 180
l 1219 1284
l 1163 1214
l 223 263
l 225 320
l 415 417
l 88 91
l 377 416
l 591 594
l 1175 1177
l 1170 1221
l 735 736
l 13 27
l 34 37
l 82 127
l 368 370
l 52 78
l 124 128
l 784 867
l 868 871
l 610 611
l 603 607
l 29 46
l 72 76
l 934 1000
l 788 874
l 275 329
l 118 154
l 204 206
l 433 501
l 140 192
l 149 153
l 157 199
l 196 200
l 447 514
l 855 860
l 279 282
l 107 145
l 698 768
l 924 999
l 765 850
l 769 851
l 843 845
l 621 682
l 679 687
l 5153 4946
l 5332 5503
l 5510 5514
l 4674 5150
l 4512 4676
l 5571 5586
l 4974 5337
l 4982 4984
l 4273 4401
l 4405 4533
l 4063 4174
l 4722 4725
l 3993 3994
l 5017 5197
l 5193 5195
l 3791 3792
l 3776 3777
l 3737 3881
l 3561 3563
l 3547 3699
l 5024 5200
l 3593 3756
l 3573 3743
l 3440 3594
l 3427 3429
l 3424 3580
l 3190 3365
l 4498 4500
l 4949 4951
l 4834 4842
l 4826 4845
l 4622 4831
l 4843 4849
l 4869 4884
l 4856 4864
l 4886 4914
l 4895 4903
l 4189 4193
l 3316 3485
l 3063 3237
l 3051 3222
l 3031 3035
l 4644 4646
l 5567 5569
l 5659 5660
l 5603 5609
l 5525 5608
l 5357 5538
l 4960 4992
l 4937 4957
l 3122 3305
l 3076 3251
l 2887 2891
l 2884 3042
l 2878 3036
l 2873 2875
l 4261 4383
l 4641 5126
l 5564 5566
l 5530 5602
l 5346 5534
l 5636 5677
l 5629 5682
l 4924 4942
l 2985 3134
l 2978 3131
l 2959 2963
l 2946 3117
l 2921 3089
l 2906 3077
l 2738 2872
l 4367 4369
l 5173 5358
l 4997 4969
l 4943 4972
l 2815 2977
l 2802 2969
l 2800 2967
l 2793 2798
l 2761 2764
l 2609 2742
l 4042 4040
l 4251 4377
l 4235 4240
l 5480 5551
l 2672 2791
l 4137 4254
l 5118 5110
l 5308 5481
l 5429 5434
l 2532 2535
l 2321 2481
l 4037 4129
l 4629 4814
l 5408 5433
l 5271 5384
l 2369 2524
l 2362 2209
l 2358 2517
l 2350 2351
l 4806 4808
l 5442 5463
l 2215 2373
l 2207 2372
l 2203 2360
l 2193 2194
l 2176 2340
l 2169 2171
l 1988 2144
l 4607 4807
l 5066 5452
l 5049 5454
l 2024 2178
l 2016 2170
l 2013 2160
l 2000 2003
l 4795 5094
l 4778 5079
l 1870 2005
l 1770 1773
l 1694 1762
l 1754 1843
l 4442 4584
l 4010 4099
l 3820 3932
l 4223 4334
l 4218 4222
l 1505 1601
l 1328 1332
l 1325 1397
l 1321 1322
l 4017 4118
l 4014 4114
l 1314 1389
l 1973 1978
l 1238 1312
l 2121 2291
l 3842 3959
l 3833 3946
l 3518 3674
l 1832 1966
l 1824 1959
l 2098 2262
l 2445 2577
l 2571 2578
l 3525 3527
l 1943 1945
l 1937 2100
l 3013 3169
l 1813 1940
l 2250 2253
l 2684 2548
l 2545 2546
l 2695 2838
l 2423 2425
l 2556 2558
l 1806 1917
l 2243 2420
l 1717 1792
l 1736 1808
l 1627 1720
l 1556 1644
l 1107 1111
l 1040 1042
l 477 538
l 418 467
l 535 592
l 55 57
l 319 374
l 941 1007
l 1063 1121
l 1124 1127
l 83 85
l 216 218
l 256 257
l 403 406
l 408 411
l 642 708
l 984 1052
l 19 32
l 30 48
l 53 73
l 210 214
l 789 793
l 330 384
l 119 155
l 158 202
l 141 189
l 108 146
l 205 247
l 356 396
l 351 395
l 856 928
l 756 846
l 506 552
l 680 760
l 5499 5573
l 5578 5580
l 5336 5511
l 4986 4988
l 4274 4403
l 3701 3861
l 3691 3854
l 4406 4527
l 4172 5696
l 3984 3985
l 3977 4058
l 5018 5021
l 3900 3991
l 3891 3894
l 3794 3795
l 3759 3763
l 3757 3887
l 3548 3705
l 3611 3779
l 3598 3760
l 3393 3542
l 3477 3622
l 3457 3609
l 3441 3439
l 3432 3592
l 3219 3390
l 3214 3383
l 3202 3372
l 5589 5591
l 4975 4947
l 4961 4989
l 4472 4619
l 4835 4839
l 4863 4867
l 4872 4893
l 4902 4915
l 4896 4919
l 4677 4680
l 3317 3484
l 3297 3302
l 3275 3437
l 3058 3230
l 3047 3204
l 3032 3192
l 5668 5695
l 5519 5599
l 5537 5640
l 4938 4950
l 4925 4934
l 4707 5004
l 2879 3040
l 4146 4263
l 4483 4486
l 5689 5693
l 5626 5675
l 5630 5653
l 5643 5647
l 2916 3085
l 4374 4492
l 4354 4484
l 5318 5492
l 5542 5544
l 5174 5361
l 5253 5248
l 2794 2956
l 2788 2792
l 2773 2771
l 2755 2911
l 2610 2744
l 5178 5363
l 4998 5000
l 2673 2799
l 2649 2501
l 2470 2596
l 4630 4633
l 5119 5311
l 5425 5427
l 5393 5418
l 5229 5230
l 4195 4303
l 2528 2671
l 2512 2659
l 2508 2511
l 2504 2654
l 2493 2496
l 4034 4125
l 4613 4820
l 5114 5120
l 2359 2521
l 2331 2497
l 5077 5281
l 5038 5040
l 4093 4095
l 2208 2365
l 2198 2201
l 2179 2345
l 1989 2147
l 5091 5293
l 5458 5459
l 5067 5069
l 4737 5046
l 2029 2182
l 2019 2022
l 2014 2166
l 2008 2152
l 4466 4601
l 4796 4799
l 4783 5080
l 4779 4780
l 4570 4736
l 1871 2007
l 1862 2002
l 3927 3931
l 1771 1865
l 4459 4460
l 1591 1594
l 4205 4207
l 1484 1487
l 1410 1411
l 4116 4117
l 4113 4219
l 3328 3503
l 1329 1401
l 1311 1390
l 3945 3948
l 2116 2120
l 2285 2455
l 3836 3955
l 1299 1303
l 1967 1969
l 1233 1294
l 1833 1964
l 1825 1963
l 2104 2274
l 2092 2260
l 3338 3340
l 3014 3171
l 3341 3343
l 1378 1380
l 1814 1934
l 3004 3347
l 1291 1377
l 2833 2837
l 2696 2841
l 2046 2226
l 1658 1665
l 1912 1921
l 2067 2068
l 1785 1787
l 1568 1664
l 1802 1916
l 2233 2408
l 1723 1724
l 1652 1735
l 1533 1535
l 956 1022
l 1351 1449
l 1637 1638
l 1631 1729
l 728 810
l 716 719
l 1553 1557
l 1205 1269
l 1155 1210
l 1280 1368
l 420 476
l 179 224
l 226 265
l 526 580
l 471 473
l 536 595
l 530 581
l 1066 1123
l 1172 1223
l 734 822
l 5 11
l 643 648
l 80 126
l 405 407
l 36 51
l 634 576
l 705 791
l 990 1057
l 497 548
l 869 932
l 796 799
l 1001 1004
l 516 630
l 852 853
l 996 1003
l 352 355
l 564 628
l 771 849
l 285 341
l 757 844
l 691 762
l 5149 5154
l 5581 5574
l 4669 5155
l 4507 4510
l 4389 4506
l 4658 4659
l 5504 5584
l 4987 5168
l 4514 4517
l 4399 4686
l 3869 3974
l 3713 3860
l 4287 4290
l 4546 4547
l 3897 3990
l 4726 5023
l 3789 3916
l 3772 3775
l 3767 3606
l 3744 3882
l 3562 3568
l 3549 3703
l 3619 3785
l 3612 3778
l 3590 3749
l 3405 3551
l 3399 3544
l 3221 3398
l 3381 3537
l 3366 3370
l 5241 5259
l 3310 3625
l 3433 3587
l 3215 3389
l 3211 3380
l 3207 3376
l 3203 3374
l 4502 4661
l 4828 4829
l 4873 4888
l 4897 4912
l 3298 3470
l 3052 3223
l 3048 3201
l 3033 3034
l 4265 4392
l 4384 4388
l 4656 5138
l 5664 5694
l 5617 5667
l 5611 5671
l 4979 5160
l 4991 5172
l 4939 4955
l 5256 5266
l 3094 3273
l 3090 3265
l 3079 3252
l 2880 3037
l 2870 3030
l 2859 3024
l 5124 5133
l 5621 5673
l 5527 5610
l 5627 5681
l 5631 5655
l 5644 5657
l 5547 5687
l 4963 4993
l 4966 4968
l 2981 3133
l 2961 2966
l 2951 2957
l 2940 2943
l 2766 2924
l 2733 2864
l 4142 4260
l 4375 4493
l 4368 4372
l 5561 5651
l 5362 5543
l 2810 2975
l 2803 2806
l 2801 2971
l 2748 2900
l 2603 2606
l 4237 4352
l 4349 4475
l 5482 5553
l 5364 5476
l 5438 5470
l 2674 2787
l 2664 2666
l 2645 2767
l 2640 2646
l 2623 2628
l 2477 2479
l 4038 4140
l 4133 4138
l 4126 4236
l 4631 5121
l 5301 5304
l 5431 5471
l 5396 5422
l 5235 5252
l 2498 2643
l 2490 2622
l 5115 5116
l 5098 5099
l 5410 5435
l 2370 2529
l 2355 2356
l 2352 2514
l 2327 2489
l 4813 5111
l 4802 5097
l 5072 5076
l 2180 2342
l 2163 2336
l 4608 4611
l 1878 2030
l 2021 2177
l 4784 5081
l 4762 5064
l 4751 4754
l 1875 2028
l 1867 2012
l 1857 1997
l 1756 1757
l 1772 1872
l 3816 3819
l 3654 3817
l 1597 1691
l 4335 4440
l 1475 1476
l 4212 4322
l 1525 1616
l 1408 1483
l 1327 1398
l 1391 1392
l 4107 4112
l 3333 3510
l 1975 2128
l 3826 3942
l 1189 1247
l 1136 1243
l 3516 3825
l 2117 2279
l 2263 2267
l 3519 3675
l 1234 1304
l 1826 1831
l 2099 2269
l 2093 2258
l 2447 2580
l 1747 1835
l 1949 2108
l 2256 2449
l 2442 2446
l 3007 2843
l 2686 2824
l 2387 2393
l 1468 1663
l 806 1075
l 1923 2070
l 1569 1571
l 2424 2562
l 2234 2406
l 1901 2237
l 1446 1541
l 1266 1356
l 1546 1634
l 1208 1209
l 1104 1154
l 1032 1103
l 468 470
l 1010 1064
l 524 579
l 587 590
l 942 944
l 1125 1179
l 1173 1224
l 14 21
l 644 651
l 253 255
l 369 401
l 636 646
l 669 670
l 711 797
l 985 1053
l 31 47
l 74 115
l 459 522
l 701 700
l 780 862
l 164 203
l 250 303
l 357 359
l 515 566
l 574 632
l 936 938
l 875 939
l 338 386
l 142 190
l 150 156
l 201 246
l 280 332
l 858 929
l 293 295
l 391 441
l 766 767
l 624 686
l 558 622
l 5383 5385
l 5600 5604
l 5501 5576
l 5505 5585
l 5572 5587
l 4978 5338
l 3539 3541
l 4522 4524
l 3855 3964
l 3707 3862
l 3702 3859
l 3697 3857
l 4055 4059
l 3978 4057
l 3913 3914
l 3910 3911
l 3783 3786
l 3773 3906
l 3754 3758
l 3553 3716
l 3550 3708
l 3546 3695
l 3637 3640
l 3450 3605
l 3600 3602
l 3416 3564
l 3406 3552
l 3400 3402
l 3360 3371
l 3428 3585
l 3234 3236
l 3225 3403
l 3212 2889
l 3194 3196
l 4495 4497
l 5592 5598
l 4956 4959
l 4846 4852
l 4851 4866
l 4858 4870
l 4879 4881
l 4882 4885
l 4904 4908
l 4898 4932
l 4892 4894
l 4679 4683
l 3314 3482
l 3299 3303
l 3277 3279
l 3262 3266
l 3242 3246
l 3053 3057
l 3043 3197
l 3039 3195
l 5134 5323
l 5605 5616
l 5521 5593
l 5515 5520
l 5158 5341
l 5265 5269
l 3095 3271
l 3080 3254
l 2890 3049
l 2860 2862
l 5125 5129
l 5690 5692
l 5622 5670
l 5342 5347
l 5349 5351
l 5632 5678
l 5008 5185
l 2962 3127
l 2952 2955
l 2937 2938
l 2927 3099
l 2922 3093
l 4143 4145
l 5493 5496
l 5562 5654
l 5549 5550
l 2804 2972
l 2796 2970
l 4256 4258
l 4253 4257
l 4243 4356
l 5316 5494
l 5483 5554
l 5477 5545
l 5175 5179
l 2675 2795
l 2658 2660
l 2633 2638
l 2478 2602
l 4128 4248
l 4474 4477
l 4632 5123
l 5381 5382
l 2534 2536
l 2491 2492
l 4469 4473
l 5405 5426
l 5276 5366
l 5213 5215
l 2366 2520
l 2347 2507
l 2328 2329
l 4342 4467
l 2206 2363
l 2195 2197
l 2188 2190
l 2159 2334
l 1984 2138
l 5464 5467
l 5446 5466
l 5051 5449
l 5044 5050
l 4094 4096
l 2680 2819
l 2034 2205
l 4602 4801
l 4790 4791
l 4763 4768
l 1881 1882
l 1876 2027
l 1767 1861
l 4455 4458
l 4443 4587
l 4434 4435
l 1499 1500
l 4221 4329
l 3821 3822
l 3330 3504
l 1510 1511
l 1331 1399
l 3508 3665
l 2286 2119
l 3949 4024
l 3827 3829
l 1298 1384
l 2123 2126
l 1955 1960
l 2852 2853
l 3683 3843
l 1834 1839
l 2106 2276
l 3523 3529
l 1950 1953
l 2252 2254
l 2443 2570
l 3342 3528
l 1081 1141
l 1473 1474
l 1820 1951
l 1816 1944
l 2437 2572
l 2247 2440
l 2388 2396
l 1914 1919
l 1807 1809
l 1803 1918
l 2422 2560
l 1713 1784
l 1653 1738
l 1441 1532
l 1353 1355
l 718 721
l 1552 1555
l 659 660
l 1105 1156
l 1282 1283
l 1109 1113
l 421 479
l 131 176
l 528 529
l 472 533
l 531 588
l 1220 1222
l 1126 1180
l 15 24
l 583 641
l 653 712
l 362 365
l 637 704
l 645 710
l 713 800
l 1060 1055
l 75 79
l 606 667
l 70 114
l 460 520
l 781 864
l 792 795
l 110 151
l 159 166
l 358 397
l 876 877
l 235 283
l 442 445
l 773 775
l 837 915
l 832 914
l 754 835
l 507 556
l 554 615
l 5334 5506
l 3698 3700
l 4163 4286
l 4289 4413
l 4056 4166
l 3989 3902
l 3988 3896
l 3987 3889
l 3919 3998
l 3875 3979
l 3774 3905
l 3886 3589
l 3740 3742
l 3734 3880
l 3921 4003
l 3591 3436
l 3417 3566
l 3407 3409
l 3401 3404
l 3388 3392
l 3361 3375
l 3358 3191
l 5218 5245
l 4079 4191
l 3472 3474
l 3465 3469
l 3216 3220
l 3213 3385
l 4390 4516
l 5601 5618
l 4976 5166
l 4859 4878
l 4874 4905
l 4899 4933
l 5257 5267
l 3307 3309
l 3300 3468
l 3286 3289
l 3267 3270
l 3263 3268
l 3243 3245
l 3061 3233
l 3044 3205
l 3028 3187
l 4647 4649
l 5570 5663
l 4935 4954
l 3118 3306
l 3105 3280
l 3096 3102
l 3071 3244
l 2893 3060
l 4488 4645
l 5606 5620
l 5528 5615
l 5164 5350
l 5628 5680
l 5684 5686
l 5533 5635
l 5633 5648
l 5645 5656
l 2986 3137
l 2982 3135
l 2949 2950
l 2923 2928
l 2904 3074
l 4370 4490
l 4478 4637
l 5176 5360
l 2813 2814
l 2811 2976
l 2789 2960
l 2599 2726
l 4244 4246
l 4239 4348
l 2669 2785
l 2653 2770
l 2634 2760
l 2629 2759
l 2621 2625
l 4134 4255
l 5180 5302
l 5423 5424
l 4470 4614
l 4616 4623
l 4624 4626
l 5112 5312
l 5412 5414
l 5277 5367
l 3645 3647
l 2374 2539
l 2367 2371
l 2338 2341
l 2143 2322
l 4609 4817
l 4815 5109
l 4006 4089
l 3496 3646
l 2165 2174
l 1991 2148
l 5045 5068
l 5062 5450
l 2035 2040
l 2010 2168
l 4785 5086
l 4738 4743
l 1873 2015
l 1868 2009
l 4598 4800
l 4098 4100
l 3929 3933
l 4451 4453
l 1599 1687
l 1490 1584
l 1405 1407
l 2132 2296
l 4108 4220
l 3331 3507
l 1428 1526
l 1323 1393
l 3937 4013
l 1313 1315
l 2287 2289
l 2280 2459
l 1956 2115
l 2261 2272
l 2264 2270
l 2575 2579
l 3524 3530
l 1939 2101
l 1817 1942
l 2082 2255
l 2707 2846
l 1376 1472
l 1463 1572
l 1659 1739
l 1925 2073
l 1565 1570
l 1804 1805
l 2426 2561
l 1714 1790
l 1654 1657
l 2238 2413
l 1902 2060
l 1447 1450
l 1725 1726
l 1268 1271
l 1457 1561
l 1106 1153
l 1276 1369
l 1044 1110
l 220 258
l 532 537
l 905 973
l 321 378
l 578 582
l 593 650
l 86 129
l 312 366
l 635 701
l 187 232
l 457 519
l 991 1054
l 160 167
l 993 995
l 111 113
l 935 913
l 333 336
l 568 570
l 147 197
l 294 297
l 392 440
l 443 512
l 847 927
l 508 510
l 291 347
l 618 683
